transaction_id,agent_id,policy_id,transaction_type,transaction_date,commission_rate,commission_amount_shareholders_fund
AGX00000001,AGT0072,POL0002244,Renewal,2025-08-02,0.12,147.12
AGX00000002,AGT0066,POL0000336,Renewal,2025-03-09,0.13,147.86
AGX00000003,AGT0107,POL0000462,Renewal,2026-08-23,0.25,465.17
AGX00000004,AGT0144,POL0000373,New Business,2025-06-26,0.19,59.78
AGX00000005,AGT0005,POL0001619,New Business,2023-10-05,0.17,291.98
AGX00000006,AGT0059,POL0000697,Renewal,2024-02-12,0.24,117.45
AGX00000007,AGT0115,POL0002804,Renewal,2026-07-31,0.17,275.43
AGX00000008,AGT0057,POL0000587,Renewal,2023-08-01,0.22,168.0
AGX00000009,AGT0053,POL0004282,New Business,2026-06-29,0.07,135.5
AGX00000010,AGT0108,POL0002720,Renewal,2023-04-17,0.06,16.09
AGX00000011,AGT0074,POL0002015,New Business,2024-08-02,0.21,186.65
AGX00000012,AGT0111,POL0003705,Renewal,2025-12-23,0.14,63.31
AGX00000013,AGT0123,POL0002444,New Business,2026-03-13,0.13,170.4
AGX00000014,AGT0077,POL0000098,Renewal,2025-09-01,0.24,405.3
AGX00000015,AGT0054,POL0003625,New Business,2025-12-14,0.08,104.18
AGX00000016,AGT0127,POL0002752,Renewal,2025-05-19,0.21,374.38
AGX00000017,AGT0012,POL0002135,Renewal,2024-09-21,0.11,184.35
AGX00000018,AGT0077,POL0002838,New Business,2026-05-18,0.16,202.71
AGX00000019,AGT0131,POL0000944,New Business,2025-11-24,0.1,82.06
AGX00000020,AGT0093,POL0002655,New Business,2026-09-02,0.17,277.52
AGX00000021,AGT0028,POL0003155,New Business,2026-04-16,0.22,354.07
AGX00000022,AGT0036,POL0004117,Renewal,2026-02-17,0.23,79.44
AGX00000023,AGT0039,POL0000004,Renewal,2021-11-24,0.22,422.62
AGX00000024,AGT0072,POL0001626,Renewal,2023-06-13,0.1,190.57
AGX00000025,AGT0150,POL0001241,Renewal,2026-07-20,0.24,233.81
AGX00000026,AGT0150,POL0004565,New Business,2023-06-10,0.17,108.85
AGX00000027,AGT0083,POL0000769,Renewal,2025-11-29,0.15,203.82
AGX00000028,AGT0058,POL0004061,Renewal,2025-02-08,0.1,178.79
AGX00000029,AGT0121,POL0000363,Renewal,2025-10-16,0.12,82.46
AGX00000030,AGT0040,POL0002857,Renewal,2025-07-06,0.2,40.54
AGX00000031,AGT0110,POL0004699,Renewal,2024-01-31,0.23,268.91
AGX00000032,AGT0065,POL0002217,New Business,2026-06-08,0.15,86.51
AGX00000033,AGT0027,POL0002134,Renewal,2026-03-11,0.22,355.02
AGX00000034,AGT0042,POL0003440,Renewal,2024-02-11,0.14,191.14
AGX00000035,AGT0078,POL0000485,New Business,2022-10-28,0.23,195.63
AGX00000036,AGT0144,POL0000259,Renewal,2026-05-01,0.22,79.24
AGX00000037,AGT0020,POL0004970,New Business,2026-07-03,0.19,203.98
AGX00000038,AGT0144,POL0003642,Renewal,2026-07-28,0.15,154.53
AGX00000039,AGT0036,POL0000178,New Business,2026-01-16,0.19,156.01
AGX00000040,AGT0137,POL0004144,New Business,2025-05-18,0.2,343.66
AGX00000041,AGT0074,POL0002665,New Business,2026-05-12,0.21,268.35
AGX00000042,AGT0055,POL0002550,Renewal,2026-06-03,0.2,337.37
AGX00000043,AGT0095,POL0001338,Renewal,2025-10-26,0.18,349.9
AGX00000044,AGT0125,POL0002027,New Business,2025-11-05,0.22,26.12
AGX00000045,AGT0136,POL0001114,New Business,2026-08-21,0.23,29.81
AGX00000046,AGT0143,POL0000795,Renewal,2026-03-06,0.24,51.66
AGX00000047,AGT0063,POL0002357,Renewal,2026-07-12,0.07,18.97
AGX00000048,AGT0150,POL0000931,New Business,2026-07-15,0.15,81.96
AGX00000049,AGT0066,POL0000786,New Business,2026-03-15,0.17,222.89
AGX00000050,AGT0008,POL0004326,Renewal,2026-05-21,0.1,8.32
AGX00000051,AGT0045,POL0003400,New Business,2021-12-01,0.18,254.04
AGX00000052,AGT0005,POL0000120,Renewal,2026-04-16,0.14,72.59
AGX00000053,AGT0107,POL0000380,New Business,2026-08-19,0.12,17.41
AGX00000054,AGT0044,POL0002827,New Business,2025-09-06,0.24,213.65
AGX00000055,AGT0007,POL0003756,New Business,2025-03-06,0.15,12.66
AGX00000056,AGT0104,POL0002149,Renewal,2025-12-28,0.21,408.91
AGX00000057,AGT0126,POL0002644,Renewal,2025-10-09,0.12,238.32
AGX00000058,AGT0022,POL0001585,New Business,2023-12-20,0.08,111.82
AGX00000059,AGT0079,POL0002881,Renewal,2025-01-09,0.08,108.81
AGX00000060,AGT0020,POL0004625,New Business,2026-02-13,0.07,23.45
AGX00000061,AGT0131,POL0004009,Renewal,2026-02-10,0.06,74.73
AGX00000062,AGT0001,POL0004846,Renewal,2026-01-06,0.1,82.22
AGX00000063,AGT0095,POL0004135,New Business,2025-06-17,0.09,35.02
AGX00000064,AGT0079,POL0003608,Renewal,2023-03-06,0.16,85.82
AGX00000065,AGT0055,POL0001470,Renewal,2024-11-18,0.06,73.6
AGX00000066,AGT0060,POL0004185,Renewal,2026-08-30,0.2,349.56
AGX00000067,AGT0042,POL0001509,Renewal,2025-02-08,0.14,96.45
AGX00000068,AGT0150,POL0004795,Renewal,2024-07-30,0.19,249.81
AGX00000069,AGT0126,POL0004042,New Business,2025-12-02,0.13,59.38
AGX00000070,AGT0090,POL0000187,Renewal,2021-10-14,0.22,131.91
AGX00000071,AGT0149,POL0004336,Renewal,2023-11-29,0.22,163.9
AGX00000072,AGT0114,POL0003660,New Business,2024-10-13,0.19,347.43
AGX00000073,AGT0119,POL0003576,Renewal,2026-08-23,0.06,3.67
AGX00000074,AGT0114,POL0002151,Renewal,2026-02-23,0.24,204.21
AGX00000075,AGT0019,POL0004274,Renewal,2025-08-23,0.17,56.81
AGX00000076,AGT0072,POL0000183,New Business,2022-12-30,0.2,229.29
AGX00000077,AGT0089,POL0002912,New Business,2026-02-20,0.22,36.4
AGX00000078,AGT0018,POL0000828,New Business,2024-04-13,0.1,145.16
AGX00000079,AGT0014,POL0002440,Renewal,2022-04-06,0.09,64.29
AGX00000080,AGT0102,POL0001787,New Business,2026-08-11,0.2,375.79
AGX00000081,AGT0141,POL0003056,New Business,2023-09-02,0.22,406.64
AGX00000082,AGT0055,POL0003385,Renewal,2025-06-16,0.08,87.03
AGX00000083,AGT0091,POL0001354,Renewal,2025-01-01,0.06,111.4
AGX00000084,AGT0010,POL0000617,Renewal,2026-02-07,0.23,420.94
AGX00000085,AGT0092,POL0004452,New Business,2026-07-17,0.19,262.52
AGX00000086,AGT0015,POL0000633,Renewal,2026-06-07,0.06,4.48
AGX00000087,AGT0068,POL0004955,New Business,2026-02-12,0.16,145.54
AGX00000088,AGT0081,POL0000033,Renewal,2026-03-18,0.21,179.98
AGX00000089,AGT0137,POL0003120,Renewal,2025-08-15,0.18,308.92
AGX00000090,AGT0078,POL0001739,Renewal,2024-11-18,0.13,211.75
AGX00000091,AGT0130,POL0002083,New Business,2025-04-12,0.23,199.61
AGX00000092,AGT0063,POL0004310,Renewal,2024-08-26,0.12,35.37
AGX00000093,AGT0081,POL0004314,New Business,2026-08-02,0.13,221.91
AGX00000094,AGT0146,POL0004302,New Business,2026-06-15,0.19,318.69
AGX00000095,AGT0040,POL0001765,Renewal,2025-01-26,0.17,167.72
AGX00000096,AGT0143,POL0002453,New Business,2022-12-23,0.21,414.3
AGX00000097,AGT0088,POL0002958,Renewal,2024-10-22,0.15,131.88
AGX00000098,AGT0086,POL0003776,Renewal,2025-03-29,0.2,59.6
AGX00000099,AGT0100,POL0000515,New Business,2025-07-25,0.25,36.55
AGX00000100,AGT0102,POL0001300,Renewal,2026-01-13,0.12,209.76
AGX00000101,AGT0046,POL0001827,Renewal,2026-06-06,0.1,176.69
AGX00000102,AGT0027,POL0002041,Renewal,2025-09-04,0.16,267.67
AGX00000103,AGT0007,POL0000869,New Business,2022-07-21,0.15,191.97
AGX00000104,AGT0130,POL0001393,New Business,2024-08-16,0.07,7.17
AGX00000105,AGT0057,POL0001701,Renewal,2022-01-14,0.11,178.6
AGX00000106,AGT0149,POL0001984,Renewal,2025-10-04,0.07,18.51
AGX00000107,AGT0047,POL0001183,New Business,2026-06-18,0.1,170.21
AGX00000108,AGT0093,POL0001849,New Business,2025-04-01,0.22,410.07
AGX00000109,AGT0138,POL0002065,Renewal,2022-06-10,0.23,152.23
AGX00000110,AGT0014,POL0001725,Renewal,2025-06-10,0.24,230.38
AGX00000111,AGT0114,POL0004527,New Business,2022-12-28,0.06,67.32
AGX00000112,AGT0131,POL0000781,New Business,2025-11-29,0.2,347.7
AGX00000113,AGT0079,POL0000504,Renewal,2026-06-30,0.16,185.09
AGX00000114,AGT0067,POL0002555,Renewal,2024-01-18,0.16,278.06
AGX00000115,AGT0013,POL0004163,Renewal,2025-12-18,0.18,222.88
AGX00000116,AGT0074,POL0000865,Renewal,2024-11-22,0.12,32.85
AGX00000117,AGT0133,POL0003097,New Business,2025-03-02,0.19,165.35
AGX00000118,AGT0110,POL0003392,Renewal,2026-08-19,0.09,33.69
AGX00000119,AGT0092,POL0004452,Renewal,2026-08-12,0.2,276.33
AGX00000120,AGT0099,POL0001478,Renewal,2022-07-01,0.17,41.69
AGX00000121,AGT0011,POL0004206,New Business,2025-10-01,0.22,377.83
AGX00000122,AGT0135,POL0003880,New Business,2025-08-25,0.13,70.65
AGX00000123,AGT0147,POL0000707,New Business,2026-07-12,0.17,263.61
AGX00000124,AGT0077,POL0000893,Renewal,2025-08-20,0.13,113.19
AGX00000125,AGT0069,POL0002277,New Business,2023-09-01,0.12,78.65
AGX00000126,AGT0137,POL0003571,Renewal,2026-07-18,0.2,58.89
AGX00000127,AGT0052,POL0000450,New Business,2026-05-07,0.25,83.95
AGX00000128,AGT0011,POL0003587,Renewal,2024-09-05,0.16,52.4
AGX00000129,AGT0018,POL0004933,Renewal,2025-12-28,0.25,277.33
AGX00000130,AGT0012,POL0001398,New Business,2026-08-08,0.19,311.96
AGX00000131,AGT0140,POL0001345,Renewal,2026-07-02,0.06,48.22
AGX00000132,AGT0019,POL0001888,New Business,2026-03-27,0.17,159.37
AGX00000133,AGT0149,POL0000954,Renewal,2026-09-04,0.25,341.16
AGX00000134,AGT0142,POL0000759,Renewal,2026-01-27,0.15,127.07
AGX00000135,AGT0142,POL0000385,New Business,2026-01-21,0.09,98.95
AGX00000136,AGT0081,POL0004314,Renewal,2023-04-17,0.07,119.49
AGX00000137,AGT0098,POL0004458,Renewal,2023-08-22,0.13,166.13
AGX00000138,AGT0113,POL0001334,Renewal,2025-08-26,0.16,209.78
AGX00000139,AGT0089,POL0002990,New Business,2026-08-15,0.09,152.87
AGX00000140,AGT0126,POL0002644,New Business,2024-06-14,0.07,139.02
AGX00000141,AGT0003,POL0002709,Renewal,2022-02-09,0.11,34.5
AGX00000142,AGT0045,POL0001537,New Business,2026-06-13,0.22,128.17
AGX00000143,AGT0144,POL0003810,New Business,2026-03-09,0.11,11.16
AGX00000144,AGT0024,POL0003009,Renewal,2021-04-29,0.16,63.95
AGX00000145,AGT0074,POL0004290,Renewal,2025-01-08,0.11,204.25
AGX00000146,AGT0078,POL0003330,Renewal,2026-04-10,0.07,28.44
AGX00000147,AGT0084,POL0001994,Renewal,2025-05-03,0.12,238.65
AGX00000148,AGT0090,POL0004365,Renewal,2022-07-18,0.07,15.45
AGX00000149,AGT0077,POL0003770,New Business,2026-03-16,0.22,219.52
AGX00000150,AGT0110,POL0003323,Renewal,2026-08-31,0.11,36.05
AGX00000151,AGT0135,POL0002594,Renewal,2026-09-03,0.16,291.94
AGX00000152,AGT0128,POL0001930,New Business,2026-09-04,0.17,195.68
AGX00000153,AGT0044,POL0002362,Renewal,2025-07-16,0.06,10.54
AGX00000154,AGT0144,POL0001721,Renewal,2026-08-07,0.13,59.86
AGX00000155,AGT0134,POL0001169,Renewal,2022-07-20,0.2,210.73
AGX00000156,AGT0087,POL0004851,Renewal,2025-06-10,0.13,176.2
AGX00000157,AGT0062,POL0001961,New Business,2025-06-16,0.16,30.45
AGX00000158,AGT0023,POL0000077,Renewal,2022-03-20,0.24,196.23
AGX00000159,AGT0130,POL0000551,New Business,2025-08-31,0.18,282.26
AGX00000160,AGT0066,POL0000516,New Business,2024-11-17,0.2,339.53
AGX00000161,AGT0139,POL0003624,New Business,2025-01-17,0.2,383.94
AGX00000162,AGT0074,POL0003220,New Business,2025-09-18,0.06,103.76
AGX00000163,AGT0014,POL0002607,New Business,2026-07-28,0.19,237.64
AGX00000164,AGT0089,POL0000848,Renewal,2024-06-20,0.25,120.06
AGX00000165,AGT0073,POL0002877,New Business,2026-07-18,0.1,87.74
AGX00000166,AGT0069,POL0003763,Renewal,2025-04-10,0.16,178.2
AGX00000167,AGT0058,POL0002639,Renewal,2025-08-24,0.08,28.22
AGX00000168,AGT0021,POL0004883,Renewal,2023-09-17,0.19,95.2
AGX00000169,AGT0060,POL0003918,Renewal,2024-12-07,0.08,118.37
AGX00000170,AGT0053,POL0001050,Renewal,2026-06-06,0.22,162.23
AGX00000171,AGT0037,POL0001657,Renewal,2024-07-29,0.14,110.18
AGX00000172,AGT0034,POL0003172,New Business,2022-06-22,0.23,51.91
AGX00000173,AGT0116,POL0002419,Renewal,2026-02-27,0.13,207.65
AGX00000174,AGT0101,POL0001527,New Business,2026-03-06,0.06,71.51
AGX00000175,AGT0057,POL0001540,New Business,2024-10-03,0.06,46.12
AGX00000176,AGT0048,POL0000975,Renewal,2025-03-04,0.06,89.09
AGX00000177,AGT0007,POL0002537,New Business,2026-03-16,0.17,147.83
AGX00000178,AGT0045,POL0001658,New Business,2025-04-15,0.23,67.94
AGX00000179,AGT0029,POL0000903,New Business,2026-04-24,0.1,105.11
AGX00000180,AGT0031,POL0003621,New Business,2026-03-21,0.08,65.86
AGX00000181,AGT0041,POL0002355,Renewal,2023-06-16,0.23,52.54
AGX00000182,AGT0135,POL0004017,Renewal,2025-04-04,0.07,90.53
AGX00000183,AGT0089,POL0001040,Renewal,2026-01-10,0.22,227.19
AGX00000184,AGT0057,POL0001540,New Business,2024-02-20,0.11,84.56
AGX00000185,AGT0121,POL0002488,Renewal,2025-04-17,0.08,81.19
AGX00000186,AGT0138,POL0000160,Renewal,2025-03-22,0.11,183.57
AGX00000187,AGT0101,POL0000852,Renewal,2025-02-18,0.1,174.54
AGX00000188,AGT0071,POL0000985,Renewal,2025-08-07,0.06,64.85
AGX00000189,AGT0128,POL0003100,Renewal,2025-05-11,0.22,53.01
AGX00000190,AGT0142,POL0004329,Renewal,2026-09-05,0.11,130.34
AGX00000191,AGT0007,POL0003034,Renewal,2024-04-26,0.24,451.08
AGX00000192,AGT0145,POL0002401,Renewal,2023-12-11,0.24,368.88
AGX00000193,AGT0133,POL0000746,New Business,2023-08-23,0.13,138.54
AGX00000194,AGT0101,POL0001310,Renewal,2023-03-21,0.06,15.41
AGX00000195,AGT0011,POL0000110,New Business,2026-08-18,0.05,87.71
AGX00000196,AGT0051,POL0001070,New Business,2023-01-23,0.14,176.99
AGX00000197,AGT0093,POL0002181,New Business,2024-08-28,0.07,5.29
AGX00000198,AGT0060,POL0004157,Renewal,2023-07-03,0.17,202.56
AGX00000199,AGT0002,POL0003145,Renewal,2025-12-30,0.06,9.64
AGX00000200,AGT0047,POL0004027,New Business,2026-07-11,0.12,151.89
AGX00000201,AGT0004,POL0001710,Renewal,2023-08-31,0.1,56.89
AGX00000202,AGT0071,POL0004457,Renewal,2026-01-25,0.11,141.59
AGX00000203,AGT0106,POL0001845,Renewal,2024-02-29,0.05,87.08
AGX00000204,AGT0095,POL0003784,Renewal,2026-07-23,0.07,70.3
AGX00000205,AGT0001,POL0001076,New Business,2026-05-29,0.12,148.69
AGX00000206,AGT0046,POL0004923,New Business,2026-05-18,0.21,151.65
AGX00000207,AGT0104,POL0003695,New Business,2025-04-25,0.17,59.36
AGX00000208,AGT0083,POL0004709,Renewal,2025-03-10,0.14,105.56
AGX00000209,AGT0094,POL0000866,Renewal,2026-05-09,0.17,237.13
AGX00000210,AGT0038,POL0002681,Renewal,2024-04-15,0.17,31.33
AGX00000211,AGT0071,POL0004890,New Business,2026-04-17,0.16,282.47
AGX00000212,AGT0121,POL0001109,Renewal,2026-07-07,0.11,161.27
AGX00000213,AGT0007,POL0001813,Renewal,2021-08-14,0.14,242.02
AGX00000214,AGT0050,POL0001942,Renewal,2026-09-11,0.19,59.53
AGX00000215,AGT0032,POL0001597,New Business,2026-07-08,0.23,280.2
AGX00000216,AGT0043,POL0000840,Renewal,2025-03-13,0.2,27.34
AGX00000217,AGT0122,POL0004692,Renewal,2025-10-10,0.24,40.14
AGX00000218,AGT0005,POL0004312,Renewal,2025-04-28,0.1,131.71
AGX00000219,AGT0028,POL0001628,Renewal,2025-07-27,0.12,86.74
AGX00000220,AGT0087,POL0003475,New Business,2026-07-27,0.1,38.1
AGX00000221,AGT0008,POL0000573,Renewal,2026-09-03,0.05,98.17
AGX00000222,AGT0148,POL0004511,Renewal,2024-09-13,0.22,209.64
AGX00000223,AGT0149,POL0003786,Renewal,2025-08-09,0.17,301.14
AGX00000224,AGT0120,POL0001369,Renewal,2025-11-01,0.09,88.09
AGX00000225,AGT0076,POL0000768,Renewal,2024-10-12,0.21,276.31
AGX00000226,AGT0005,POL0001473,Renewal,2026-07-01,0.11,39.56
AGX00000227,AGT0011,POL0004568,Renewal,2022-06-14,0.24,19.64
AGX00000228,AGT0065,POL0002668,Renewal,2024-01-08,0.17,75.45
AGX00000229,AGT0024,POL0002670,Renewal,2026-07-30,0.12,183.56
AGX00000230,AGT0097,POL0001646,Renewal,2026-01-30,0.06,37.54
AGX00000231,AGT0056,POL0003932,Renewal,2024-04-07,0.21,79.91
AGX00000232,AGT0112,POL0003234,New Business,2024-05-03,0.17,232.05
AGX00000233,AGT0115,POL0004270,New Business,2024-09-11,0.07,99.77
AGX00000234,AGT0130,POL0000369,Renewal,2025-11-19,0.25,12.53
AGX00000235,AGT0132,POL0003468,New Business,2025-07-25,0.18,229.98
AGX00000236,AGT0074,POL0000122,Renewal,2025-09-16,0.16,97.83
AGX00000237,AGT0002,POL0003717,Renewal,2024-09-29,0.22,418.78
AGX00000238,AGT0004,POL0002164,Renewal,2022-09-04,0.1,108.76
AGX00000239,AGT0079,POL0002780,Renewal,2025-07-11,0.24,425.5
AGX00000240,AGT0125,POL0003003,Renewal,2026-04-15,0.06,5.64
AGX00000241,AGT0138,POL0000115,Renewal,2023-12-03,0.09,35.21
AGX00000242,AGT0041,POL0004548,New Business,2026-02-24,0.12,69.47
AGX00000243,AGT0051,POL0002633,Renewal,2025-09-08,0.06,7.12
AGX00000244,AGT0129,POL0001603,New Business,2024-04-10,0.17,260.53
AGX00000245,AGT0056,POL0004178,Renewal,2023-02-06,0.11,160.43
AGX00000246,AGT0144,POL0003425,New Business,2025-12-01,0.24,350.95
AGX00000247,AGT0141,POL0002194,New Business,2026-08-19,0.22,349.81
AGX00000248,AGT0114,POL0000237,New Business,2024-12-10,0.18,64.78
AGX00000249,AGT0139,POL0002533,Renewal,2026-07-16,0.08,103.13
AGX00000250,AGT0118,POL0003885,Renewal,2025-03-28,0.2,137.34
AGX00000251,AGT0002,POL0002965,New Business,2025-05-29,0.15,255.41
AGX00000252,AGT0075,POL0002311,Renewal,2025-10-18,0.25,324.74
AGX00000253,AGT0001,POL0002461,New Business,2022-08-15,0.18,249.61
AGX00000254,AGT0093,POL0000044,New Business,2024-09-09,0.13,197.9
AGX00000255,AGT0071,POL0000985,Renewal,2022-04-17,0.09,97.28
AGX00000256,AGT0049,POL0004462,Renewal,2024-05-07,0.15,224.66
AGX00000257,AGT0062,POL0004997,New Business,2026-03-13,0.2,260.01
AGX00000258,AGT0112,POL0004948,Renewal,2026-07-31,0.07,72.79
AGX00000259,AGT0089,POL0003630,Renewal,2026-03-19,0.06,13.08
AGX00000260,AGT0129,POL0000524,Renewal,2026-08-16,0.09,140.11
AGX00000261,AGT0039,POL0003692,New Business,2023-04-11,0.14,79.28
AGX00000262,AGT0106,POL0004110,Renewal,2026-08-17,0.1,145.29
AGX00000263,AGT0089,POL0001562,Renewal,2024-04-18,0.2,215.29
AGX00000264,AGT0045,POL0000686,Renewal,2024-03-21,0.23,385.44
AGX00000265,AGT0114,POL0003196,Renewal,2025-07-12,0.1,173.38
AGX00000266,AGT0010,POL0000641,Renewal,2024-10-27,0.06,9.52
AGX00000267,AGT0035,POL0001668,Renewal,2026-07-27,0.08,67.33
AGX00000268,AGT0117,POL0001277,Renewal,2023-12-02,0.19,76.43
AGX00000269,AGT0147,POL0004370,New Business,2025-08-22,0.13,241.33
AGX00000270,AGT0001,POL0001789,Renewal,2026-04-01,0.23,29.05
AGX00000271,AGT0023,POL0004500,Renewal,2025-08-03,0.12,160.22
AGX00000272,AGT0061,POL0001584,New Business,2025-09-30,0.17,76.23
AGX00000273,AGT0149,POL0001196,New Business,2025-10-03,0.17,165.33
AGX00000274,AGT0130,POL0002865,New Business,2024-07-30,0.18,146.97
AGX00000275,AGT0038,POL0004646,Renewal,2024-06-04,0.06,29.34
AGX00000276,AGT0066,POL0000025,Renewal,2026-07-24,0.12,76.17
AGX00000277,AGT0134,POL0001495,Renewal,2024-09-10,0.13,18.31
AGX00000278,AGT0139,POL0004317,Renewal,2025-06-29,0.09,14.34
AGX00000279,AGT0029,POL0000522,Renewal,2025-08-25,0.16,133.28
AGX00000280,AGT0116,POL0003226,New Business,2023-07-30,0.08,4.62
AGX00000281,AGT0080,POL0002232,New Business,2025-09-06,0.07,57.04
AGX00000282,AGT0121,POL0000736,Renewal,2024-08-16,0.21,339.06
AGX00000283,AGT0001,POL0000614,Renewal,2025-02-10,0.19,97.47
AGX00000284,AGT0034,POL0003777,New Business,2026-07-16,0.13,27.35
AGX00000285,AGT0080,POL0001529,Renewal,2025-05-29,0.14,272.71
AGX00000286,AGT0052,POL0004520,Renewal,2025-05-13,0.21,20.45
AGX00000287,AGT0031,POL0001895,Renewal,2022-04-09,0.25,205.53
AGX00000288,AGT0008,POL0004964,New Business,2025-06-01,0.22,345.73
AGX00000289,AGT0062,POL0000604,New Business,2025-05-25,0.21,303.12
AGX00000290,AGT0047,POL0002179,Renewal,2026-01-11,0.14,64.26
AGX00000291,AGT0111,POL0004573,New Business,2024-11-06,0.2,362.13
AGX00000292,AGT0033,POL0001609,New Business,2026-01-23,0.23,188.63
AGX00000293,AGT0001,POL0000511,Renewal,2023-07-01,0.23,104.36
AGX00000294,AGT0032,POL0003787,Renewal,2026-07-17,0.06,55.8
AGX00000295,AGT0037,POL0004832,Renewal,2024-02-03,0.07,21.28
AGX00000296,AGT0150,POL0004811,Renewal,2022-07-23,0.09,160.48
AGX00000297,AGT0126,POL0002874,New Business,2025-09-08,0.18,60.11
AGX00000298,AGT0076,POL0004356,Renewal,2026-01-18,0.07,81.8
AGX00000299,AGT0044,POL0001229,New Business,2023-10-20,0.16,271.05
AGX00000300,AGT0078,POL0000254,Renewal,2026-08-06,0.24,434.71
AGX00000301,AGT0126,POL0000379,Renewal,2025-08-22,0.06,103.58
AGX00000302,AGT0117,POL0004630,Renewal,2024-04-03,0.14,112.37
AGX00000303,AGT0002,POL0001093,New Business,2025-08-17,0.13,118.72
AGX00000304,AGT0040,POL0002433,Renewal,2025-02-26,0.22,336.71
AGX00000305,AGT0017,POL0004041,New Business,2025-06-11,0.18,163.46
AGX00000306,AGT0071,POL0002243,Renewal,2023-07-22,0.06,8.82
AGX00000307,AGT0014,POL0001725,New Business,2023-09-19,0.2,191.98
AGX00000308,AGT0149,POL0000752,Renewal,2026-01-03,0.19,356.54
AGX00000309,AGT0110,POL0004415,New Business,2024-08-04,0.09,133.26
AGX00000310,AGT0050,POL0004960,Renewal,2026-08-14,0.16,191.33
AGX00000311,AGT0026,POL0002215,New Business,2023-05-09,0.2,316.74
AGX00000312,AGT0089,POL0002990,Renewal,2026-04-19,0.15,254.78
AGX00000313,AGT0027,POL0003755,New Business,2023-03-16,0.15,117.34
AGX00000314,AGT0104,POL0002887,New Business,2024-04-22,0.21,176.87
AGX00000315,AGT0056,POL0003209,New Business,2023-07-05,0.21,355.57
AGX00000316,AGT0111,POL0004966,New Business,2024-03-13,0.09,65.31
AGX00000317,AGT0054,POL0004104,Renewal,2023-12-23,0.09,31.66
AGX00000318,AGT0025,POL0001623,Renewal,2026-08-19,0.18,331.39
AGX00000319,AGT0014,POL0001725,New Business,2026-04-04,0.06,57.6
AGX00000320,AGT0104,POL0002318,Renewal,2022-01-12,0.17,198.31
AGX00000321,AGT0010,POL0001740,Renewal,2026-06-29,0.21,285.67
AGX00000322,AGT0127,POL0003872,Renewal,2024-08-27,0.05,72.4
AGX00000323,AGT0008,POL0004896,Renewal,2026-02-21,0.11,36.35
AGX00000324,AGT0131,POL0001604,Renewal,2025-09-08,0.09,163.73
AGX00000325,AGT0021,POL0002538,New Business,2023-08-26,0.23,303.66
AGX00000326,AGT0130,POL0004737,Renewal,2026-07-09,0.16,225.8
AGX00000327,AGT0100,POL0004297,Renewal,2021-12-09,0.18,65.23
AGX00000328,AGT0091,POL0001553,New Business,2024-04-24,0.23,87.56
AGX00000329,AGT0032,POL0003304,Renewal,2026-04-22,0.22,260.19
AGX00000330,AGT0002,POL0003723,Renewal,2026-01-03,0.24,94.18
AGX00000331,AGT0003,POL0004841,New Business,2025-03-05,0.11,89.96
AGX00000332,AGT0134,POL0000929,Renewal,2021-12-28,0.23,399.59
AGX00000333,AGT0134,POL0002851,Renewal,2026-01-25,0.21,155.78
AGX00000334,AGT0089,POL0000166,New Business,2024-04-13,0.12,48.84
AGX00000335,AGT0124,POL0001572,New Business,2025-01-19,0.16,228.64
AGX00000336,AGT0035,POL0003351,Renewal,2025-09-12,0.09,81.17
AGX00000337,AGT0135,POL0000163,Renewal,2026-08-28,0.13,151.03
AGX00000338,AGT0018,POL0000565,Renewal,2025-11-06,0.17,173.68
AGX00000339,AGT0146,POL0001072,New Business,2026-04-07,0.2,212.67
AGX00000340,AGT0109,POL0001086,Renewal,2024-12-02,0.18,265.29
AGX00000341,AGT0043,POL0003874,Renewal,2024-06-30,0.09,137.43
AGX00000342,AGT0077,POL0003765,New Business,2025-08-25,0.11,112.1
AGX00000343,AGT0021,POL0004069,Renewal,2023-06-25,0.11,15.73
AGX00000344,AGT0014,POL0001972,Renewal,2025-02-24,0.17,11.82
AGX00000345,AGT0028,POL0003903,New Business,2025-06-24,0.1,17.53
AGX00000346,AGT0040,POL0001329,New Business,2022-10-23,0.15,86.83
AGX00000347,AGT0008,POL0004077,Renewal,2024-10-23,0.17,196.03
AGX00000348,AGT0123,POL0002111,Renewal,2025-11-13,0.19,16.31
AGX00000349,AGT0099,POL0003148,Renewal,2021-04-06,0.13,190.0
AGX00000350,AGT0084,POL0002327,New Business,2025-09-30,0.17,14.8
AGX00000351,AGT0069,POL0004535,Renewal,2022-12-26,0.2,270.35
AGX00000352,AGT0063,POL0001574,Renewal,2024-12-18,0.18,188.4
AGX00000353,AGT0013,POL0002035,New Business,2025-12-30,0.06,56.28
AGX00000354,AGT0099,POL0003483,Renewal,2026-06-16,0.24,195.22
AGX00000355,AGT0084,POL0002068,Renewal,2025-08-02,0.16,311.81
AGX00000356,AGT0012,POL0001717,Renewal,2025-05-18,0.21,181.28
AGX00000357,AGT0077,POL0003200,Renewal,2024-03-08,0.13,192.49
AGX00000358,AGT0098,POL0004435,Renewal,2026-06-02,0.24,456.49
AGX00000359,AGT0041,POL0001475,Renewal,2023-06-21,0.1,162.4
AGX00000360,AGT0095,POL0002060,New Business,2023-06-03,0.21,377.47
AGX00000361,AGT0093,POL0000044,New Business,2024-12-11,0.07,106.56
AGX00000362,AGT0020,POL0002046,Renewal,2024-03-04,0.08,14.55
AGX00000363,AGT0020,POL0003071,Renewal,2021-08-25,0.18,68.57
AGX00000364,AGT0060,POL0002895,Renewal,2026-08-16,0.13,159.2
AGX00000365,AGT0017,POL0000715,New Business,2026-02-24,0.21,85.8
AGX00000366,AGT0112,POL0001348,New Business,2022-10-23,0.12,65.27
AGX00000367,AGT0016,POL0000588,New Business,2026-03-16,0.14,214.61
AGX00000368,AGT0017,POL0000976,New Business,2026-06-24,0.18,167.66
AGX00000369,AGT0103,POL0004867,New Business,2023-09-26,0.23,92.15
AGX00000370,AGT0084,POL0001284,New Business,2025-11-22,0.15,36.99
AGX00000371,AGT0121,POL0001109,Renewal,2026-08-26,0.19,278.56
AGX00000372,AGT0075,POL0004032,Renewal,2025-12-21,0.12,30.95
AGX00000373,AGT0142,POL0004303,New Business,2024-03-29,0.08,52.61
AGX00000374,AGT0052,POL0003823,Renewal,2026-02-16,0.09,148.43
AGX00000375,AGT0072,POL0004090,New Business,2024-12-15,0.2,55.97
AGX00000376,AGT0069,POL0002170,New Business,2025-01-02,0.18,25.15
AGX00000377,AGT0143,POL0001790,Renewal,2025-03-18,0.06,71.19
AGX00000378,AGT0011,POL0003995,New Business,2026-07-17,0.14,21.85
AGX00000379,AGT0053,POL0001612,Renewal,2025-07-17,0.19,192.77
AGX00000380,AGT0030,POL0000959,New Business,2024-01-20,0.12,29.64
AGX00000381,AGT0019,POL0004636,Renewal,2025-02-18,0.25,37.05
AGX00000382,AGT0123,POL0002199,Renewal,2026-08-18,0.09,72.72
AGX00000383,AGT0100,POL0001394,Renewal,2025-02-20,0.22,71.86
AGX00000384,AGT0021,POL0003943,Renewal,2024-09-30,0.07,4.99
AGX00000385,AGT0125,POL0002921,New Business,2026-05-17,0.12,132.53
AGX00000386,AGT0024,POL0000718,Renewal,2023-01-13,0.24,354.28
AGX00000387,AGT0077,POL0003696,New Business,2024-12-02,0.2,367.85
AGX00000388,AGT0150,POL0000820,Renewal,2024-11-03,0.11,70.93
AGX00000389,AGT0074,POL0003974,New Business,2026-08-28,0.16,240.54
AGX00000390,AGT0005,POL0004280,Renewal,2026-08-04,0.09,68.5
AGX00000391,AGT0118,POL0002893,Renewal,2024-03-09,0.19,257.76
AGX00000392,AGT0109,POL0001221,New Business,2024-03-03,0.16,22.0
AGX00000393,AGT0114,POL0002522,Renewal,2026-09-10,0.09,71.99
AGX00000394,AGT0051,POL0003463,New Business,2023-12-26,0.17,303.53
AGX00000395,AGT0046,POL0000942,Renewal,2025-12-30,0.08,116.72
AGX00000396,AGT0046,POL0001256,Renewal,2026-09-08,0.16,61.18
AGX00000397,AGT0027,POL0001350,New Business,2023-03-05,0.11,209.75
AGX00000398,AGT0015,POL0001582,Renewal,2025-06-14,0.15,109.46
AGX00000399,AGT0075,POL0002383,Renewal,2023-11-18,0.08,80.11
AGX00000400,AGT0130,POL0000328,Renewal,2026-01-27,0.19,161.6
AGX00000401,AGT0086,POL0003578,Renewal,2025-08-19,0.13,253.35
AGX00000402,AGT0144,POL0003425,New Business,2025-10-28,0.2,292.46
AGX00000403,AGT0020,POL0000792,Renewal,2026-02-25,0.15,166.25
AGX00000404,AGT0089,POL0002814,New Business,2024-05-17,0.14,137.59
AGX00000405,AGT0108,POL0003549,Renewal,2026-08-23,0.22,273.05
AGX00000406,AGT0137,POL0004144,Renewal,2025-05-04,0.08,137.46
AGX00000407,AGT0131,POL0000342,New Business,2025-09-06,0.06,79.15
AGX00000408,AGT0122,POL0000803,New Business,2024-07-30,0.2,361.48
AGX00000409,AGT0131,POL0000781,New Business,2026-06-07,0.17,295.54
AGX00000410,AGT0037,POL0002937,Renewal,2026-05-18,0.08,122.99
AGX00000411,AGT0097,POL0002460,Renewal,2026-05-05,0.11,83.77
AGX00000412,AGT0054,POL0001975,New Business,2024-03-06,0.14,263.43
AGX00000413,AGT0043,POL0001468,Renewal,2023-11-19,0.07,125.33
AGX00000414,AGT0148,POL0000372,New Business,2021-05-15,0.16,251.84
AGX00000415,AGT0093,POL0001681,New Business,2026-09-08,0.23,360.18
AGX00000416,AGT0047,POL0003354,Renewal,2023-07-31,0.2,130.39
AGX00000417,AGT0083,POL0004813,New Business,2026-06-16,0.21,11.94
AGX00000418,AGT0008,POL0000215,Renewal,2022-11-25,0.1,18.5
AGX00000419,AGT0032,POL0000650,New Business,2026-07-01,0.13,166.53
AGX00000420,AGT0140,POL0003054,Renewal,2026-03-07,0.1,77.09
AGX00000421,AGT0019,POL0003606,New Business,2026-02-23,0.08,58.6
AGX00000422,AGT0095,POL0001328,Renewal,2026-02-19,0.2,208.94
AGX00000423,AGT0003,POL0002714,Renewal,2024-05-08,0.12,23.56
AGX00000424,AGT0105,POL0000056,Renewal,2022-10-01,0.1,61.41
AGX00000425,AGT0127,POL0002646,Renewal,2023-09-11,0.08,68.86
AGX00000426,AGT0074,POL0002586,Renewal,2026-03-03,0.2,28.12
AGX00000427,AGT0108,POL0004084,Renewal,2026-07-10,0.15,284.79
AGX00000428,AGT0130,POL0001625,Renewal,2025-09-20,0.25,203.74
AGX00000429,AGT0133,POL0003075,New Business,2026-07-17,0.14,142.96
AGX00000430,AGT0005,POL0004312,Renewal,2026-05-18,0.24,316.09
AGX00000431,AGT0120,POL0004096,New Business,2026-02-08,0.23,15.33
AGX00000432,AGT0084,POL0003177,New Business,2026-06-03,0.2,57.97
AGX00000433,AGT0050,POL0001730,Renewal,2025-05-13,0.14,8.82
AGX00000434,AGT0133,POL0000559,Renewal,2026-04-24,0.06,64.36
AGX00000435,AGT0052,POL0002372,Renewal,2026-06-04,0.23,112.54
AGX00000436,AGT0034,POL0003035,Renewal,2024-12-15,0.23,335.81
AGX00000437,AGT0098,POL0003584,Renewal,2025-09-06,0.1,114.97
AGX00000438,AGT0009,POL0000712,Renewal,2024-07-12,0.09,12.04
AGX00000439,AGT0089,POL0001840,New Business,2026-07-27,0.25,157.49
AGX00000440,AGT0119,POL0000696,New Business,2026-07-19,0.1,41.91
AGX00000441,AGT0024,POL0004633,New Business,2024-07-06,0.09,14.67
AGX00000442,AGT0102,POL0001502,New Business,2024-12-18,0.23,154.96
AGX00000443,AGT0080,POL0002245,New Business,2025-12-11,0.14,69.22
AGX00000444,AGT0089,POL0003672,Renewal,2022-01-30,0.25,491.8
AGX00000445,AGT0005,POL0003824,Renewal,2025-08-17,0.06,55.46
AGX00000446,AGT0010,POL0000191,Renewal,2026-01-29,0.08,44.91
AGX00000447,AGT0134,POL0003492,Renewal,2024-04-27,0.07,113.92
AGX00000448,AGT0148,POL0002086,New Business,2026-05-20,0.21,385.38
AGX00000449,AGT0038,POL0002858,Renewal,2024-06-07,0.12,50.64
AGX00000450,AGT0007,POL0002537,Renewal,2026-08-01,0.1,86.96
AGX00000451,AGT0090,POL0004366,New Business,2023-03-03,0.1,154.17
AGX00000452,AGT0083,POL0000769,New Business,2026-01-16,0.23,312.53
AGX00000453,AGT0116,POL0001777,New Business,2026-01-09,0.2,390.64
AGX00000454,AGT0101,POL0001450,New Business,2024-02-09,0.17,71.35
AGX00000455,AGT0104,POL0000051,Renewal,2023-04-24,0.19,178.49
AGX00000456,AGT0075,POL0001420,New Business,2026-07-18,0.21,224.7
AGX00000457,AGT0084,POL0003348,Renewal,2026-07-09,0.07,123.12
AGX00000458,AGT0048,POL0002692,Renewal,2026-08-10,0.13,151.09
AGX00000459,AGT0135,POL0004194,Renewal,2026-07-13,0.15,250.6
AGX00000460,AGT0142,POL0004884,Renewal,2022-11-30,0.19,298.75
AGX00000461,AGT0119,POL0003515,Renewal,2024-12-08,0.22,199.73
AGX00000462,AGT0071,POL0003724,New Business,2025-03-26,0.11,43.45
AGX00000463,AGT0072,POL0004902,Renewal,2025-12-26,0.21,77.96
AGX00000464,AGT0146,POL0001220,Renewal,2023-07-16,0.1,76.84
AGX00000465,AGT0021,POL0001828,Renewal,2023-12-19,0.2,396.4
AGX00000466,AGT0027,POL0004278,New Business,2026-08-30,0.23,15.55
AGX00000467,AGT0125,POL0001288,New Business,2026-08-09,0.12,38.92
AGX00000468,AGT0114,POL0001645,New Business,2026-08-19,0.08,136.98
AGX00000469,AGT0022,POL0003806,Renewal,2023-06-17,0.07,12.27
AGX00000470,AGT0046,POL0001256,Renewal,2026-05-04,0.14,53.53
AGX00000471,AGT0095,POL0001906,New Business,2026-09-06,0.21,189.61
AGX00000472,AGT0125,POL0003709,Renewal,2023-02-13,0.22,182.68
AGX00000473,AGT0009,POL0002691,Renewal,2026-07-23,0.17,34.92
AGX00000474,AGT0075,POL0004559,New Business,2025-09-25,0.16,224.91
AGX00000475,AGT0044,POL0003907,Renewal,2026-03-27,0.2,54.71
AGX00000476,AGT0127,POL0004665,Renewal,2026-07-14,0.17,103.75
AGX00000477,AGT0030,POL0004900,Renewal,2026-07-24,0.06,54.66
AGX00000478,AGT0042,POL0000114,Renewal,2026-03-17,0.1,42.47
AGX00000479,AGT0050,POL0000159,Renewal,2022-01-09,0.17,103.33
AGX00000480,AGT0051,POL0003643,New Business,2026-07-22,0.23,111.61
AGX00000481,AGT0037,POL0001657,Renewal,2024-09-02,0.24,188.89
AGX00000482,AGT0009,POL0000712,New Business,2023-08-16,0.08,10.7
AGX00000483,AGT0037,POL0001164,New Business,2024-09-26,0.18,292.64
AGX00000484,AGT0093,POL0001784,Renewal,2026-08-25,0.23,402.84
AGX00000485,AGT0026,POL0002725,New Business,2022-09-14,0.14,258.91
AGX00000486,AGT0116,POL0003665,New Business,2024-07-18,0.12,177.6
AGX00000487,AGT0045,POL0003486,Renewal,2023-09-11,0.08,82.9
AGX00000488,AGT0073,POL0001195,Renewal,2024-03-19,0.25,20.64
AGX00000489,AGT0079,POL0004277,New Business,2026-03-07,0.08,73.71
AGX00000490,AGT0080,POL0001317,New Business,2022-12-23,0.2,370.97
AGX00000491,AGT0137,POL0001969,New Business,2026-06-11,0.21,172.52
AGX00000492,AGT0046,POL0002801,Renewal,2026-04-06,0.12,134.49
AGX00000493,AGT0056,POL0002273,Renewal,2026-07-05,0.25,59.08
AGX00000494,AGT0080,POL0002232,Renewal,2024-12-06,0.09,73.34
AGX00000495,AGT0089,POL0000361,Renewal,2026-07-03,0.12,198.16
AGX00000496,AGT0120,POL0001520,New Business,2025-05-12,0.07,130.72
AGX00000497,AGT0029,POL0000313,Renewal,2026-01-12,0.06,88.12
AGX00000498,AGT0020,POL0002008,Renewal,2026-04-10,0.13,214.35
AGX00000499,AGT0102,POL0002023,Renewal,2023-11-17,0.15,12.92
AGX00000500,AGT0090,POL0004366,Renewal,2022-12-28,0.12,185.01
AGX00000501,AGT0071,POL0002964,Renewal,2026-04-26,0.21,313.79
AGX00000502,AGT0080,POL0002232,Renewal,2026-08-07,0.06,48.89
AGX00000503,AGT0073,POL0001945,Renewal,2025-12-06,0.25,350.72
AGX00000504,AGT0072,POL0001971,Renewal,2023-10-08,0.14,150.45
AGX00000505,AGT0123,POL0002444,New Business,2026-05-27,0.13,170.4
AGX00000506,AGT0031,POL0002368,Renewal,2024-03-07,0.2,338.8
AGX00000507,AGT0126,POL0001365,New Business,2025-08-09,0.14,18.21
AGX00000508,AGT0067,POL0002555,Renewal,2023-11-20,0.19,330.2
AGX00000509,AGT0120,POL0001520,New Business,2025-05-14,0.09,168.06
AGX00000510,AGT0149,POL0004046,New Business,2025-08-14,0.07,131.01
AGX00000511,AGT0008,POL0001586,Renewal,2025-04-11,0.15,292.34
AGX00000512,AGT0097,POL0002460,Renewal,2026-07-30,0.25,190.38
AGX00000513,AGT0130,POL0004656,Renewal,2025-05-20,0.11,96.0
AGX00000514,AGT0079,POL0003347,Renewal,2023-10-19,0.13,151.74
AGX00000515,AGT0121,POL0000736,Renewal,2025-08-23,0.16,258.33
AGX00000516,AGT0099,POL0004248,New Business,2025-04-15,0.12,171.62
AGX00000517,AGT0088,POL0004643,New Business,2021-11-13,0.16,245.94
AGX00000518,AGT0149,POL0001308,New Business,2024-03-11,0.17,187.03
AGX00000519,AGT0052,POL0000679,New Business,2024-11-12,0.13,257.73
AGX00000520,AGT0088,POL0000364,Renewal,2024-07-18,0.16,46.88
AGX00000521,AGT0133,POL0003097,Renewal,2024-03-31,0.13,113.13
AGX00000522,AGT0122,POL0003605,New Business,2026-05-16,0.21,237.69
AGX00000523,AGT0054,POL0000475,New Business,2026-08-25,0.11,161.07
AGX00000524,AGT0088,POL0002958,New Business,2026-01-06,0.21,184.63
AGX00000525,AGT0132,POL0002306,New Business,2023-09-15,0.08,22.43
AGX00000526,AGT0132,POL0003468,Renewal,2025-05-16,0.21,268.31
AGX00000527,AGT0091,POL0002405,New Business,2025-09-30,0.09,159.14
AGX00000528,AGT0044,POL0002044,New Business,2026-04-23,0.12,211.45
AGX00000529,AGT0066,POL0001531,New Business,2025-08-20,0.21,48.12
AGX00000530,AGT0096,POL0000391,Renewal,2025-11-15,0.19,324.84
AGX00000531,AGT0060,POL0001769,Renewal,2025-02-21,0.1,65.84
AGX00000532,AGT0038,POL0004687,Renewal,2026-05-19,0.17,86.4
AGX00000533,AGT0145,POL0003964,New Business,2024-10-16,0.21,26.5
AGX00000534,AGT0139,POL0004539,New Business,2024-11-05,0.22,91.68
AGX00000535,AGT0148,POL0004378,Renewal,2025-09-24,0.17,9.11
AGX00000536,AGT0031,POL0002113,Renewal,2021-01-19,0.09,126.77
AGX00000537,AGT0064,POL0000593,New Business,2026-05-30,0.17,272.79
AGX00000538,AGT0008,POL0004931,Renewal,2026-08-08,0.14,202.29
AGX00000539,AGT0106,POL0003536,Renewal,2026-05-28,0.2,187.61
AGX00000540,AGT0089,POL0000600,Renewal,2024-05-02,0.06,102.88
AGX00000541,AGT0118,POL0002636,Renewal,2024-05-16,0.22,116.6
AGX00000542,AGT0052,POL0000679,New Business,2024-11-29,0.06,118.95
AGX00000543,AGT0009,POL0001120,New Business,2025-02-27,0.19,89.38
AGX00000544,AGT0072,POL0003514,Renewal,2026-01-02,0.2,163.35
AGX00000545,AGT0074,POL0004913,Renewal,2026-04-14,0.22,26.27
AGX00000546,AGT0080,POL0004358,Renewal,2026-06-11,0.18,251.36
AGX00000547,AGT0094,POL0003068,New Business,2025-09-21,0.15,99.1
AGX00000548,AGT0043,POL0000586,Renewal,2025-04-17,0.08,39.58
AGX00000549,AGT0078,POL0001036,Renewal,2026-06-22,0.14,168.54
AGX00000550,AGT0084,POL0004509,Renewal,2022-12-09,0.17,97.37
AGX00000551,AGT0140,POL0003529,Renewal,2021-04-16,0.15,215.75
AGX00000552,AGT0071,POL0002243,New Business,2024-06-14,0.24,35.28
AGX00000553,AGT0124,POL0002693,Renewal,2023-10-15,0.14,209.31
AGX00000554,AGT0032,POL0004406,New Business,2026-06-05,0.1,58.79
AGX00000555,AGT0142,POL0004167,New Business,2025-02-28,0.19,17.3
AGX00000556,AGT0027,POL0000833,Renewal,2025-09-06,0.11,45.84
AGX00000557,AGT0007,POL0004555,Renewal,2023-08-25,0.24,130.99
AGX00000558,AGT0041,POL0001373,Renewal,2026-02-26,0.22,292.09
AGX00000559,AGT0033,POL0000202,New Business,2026-06-02,0.21,342.61
AGX00000560,AGT0058,POL0000319,Renewal,2024-11-10,0.18,337.2
AGX00000561,AGT0066,POL0004343,Renewal,2026-05-13,0.25,48.04
AGX00000562,AGT0121,POL0001894,Renewal,2025-06-26,0.09,158.38
AGX00000563,AGT0113,POL0000367,Renewal,2021-04-12,0.1,118.93
AGX00000564,AGT0026,POL0004894,Renewal,2026-01-04,0.07,86.94
AGX00000565,AGT0089,POL0001820,New Business,2026-05-15,0.07,64.51
AGX00000566,AGT0146,POL0002700,New Business,2026-02-13,0.17,282.78
AGX00000567,AGT0012,POL0003795,Renewal,2024-06-11,0.1,11.99
AGX00000568,AGT0113,POL0004564,New Business,2024-08-27,0.15,200.53
AGX00000569,AGT0086,POL0000702,New Business,2023-03-03,0.24,274.98
AGX00000570,AGT0048,POL0003600,New Business,2026-01-16,0.1,181.09
AGX00000571,AGT0070,POL0004999,New Business,2022-11-29,0.11,208.03
AGX00000572,AGT0115,POL0003459,Renewal,2025-10-09,0.14,233.79
AGX00000573,AGT0113,POL0003565,New Business,2024-07-04,0.21,239.73
AGX00000574,AGT0140,POL0000227,New Business,2025-07-07,0.15,211.96
AGX00000575,AGT0002,POL0004250,Renewal,2024-08-23,0.1,197.88
AGX00000576,AGT0074,POL0000972,New Business,2025-05-13,0.16,181.58
AGX00000577,AGT0083,POL0003737,Renewal,2025-06-14,0.06,97.71
AGX00000578,AGT0042,POL0002485,Renewal,2025-12-12,0.11,18.57
AGX00000579,AGT0132,POL0000612,Renewal,2026-01-25,0.22,196.43
AGX00000580,AGT0067,POL0002939,Renewal,2026-07-06,0.19,261.31
AGX00000581,AGT0092,POL0000494,Renewal,2026-02-23,0.17,339.95
AGX00000582,AGT0119,POL0000734,Renewal,2024-11-01,0.08,53.82
AGX00000583,AGT0147,POL0003803,New Business,2023-02-03,0.11,51.29
AGX00000584,AGT0119,POL0000696,Renewal,2026-03-30,0.09,37.72
AGX00000585,AGT0086,POL0000969,New Business,2025-01-18,0.21,46.96
AGX00000586,AGT0130,POL0000328,Renewal,2025-05-09,0.2,170.1
AGX00000587,AGT0026,POL0003604,Renewal,2025-03-22,0.24,259.26
AGX00000588,AGT0049,POL0001025,Renewal,2026-03-18,0.11,34.91
AGX00000589,AGT0081,POL0000033,Renewal,2026-03-03,0.06,51.42
AGX00000590,AGT0141,POL0000896,New Business,2024-10-02,0.15,252.75
AGX00000591,AGT0016,POL0000155,New Business,2025-03-19,0.06,67.05
AGX00000592,AGT0013,POL0004972,Renewal,2026-04-23,0.17,274.57
AGX00000593,AGT0089,POL0001840,Renewal,2024-09-05,0.13,81.89
AGX00000594,AGT0085,POL0004857,Renewal,2026-04-11,0.23,29.28
AGX00000595,AGT0118,POL0001236,Renewal,2025-06-13,0.09,66.23
AGX00000596,AGT0101,POL0004742,New Business,2025-02-07,0.15,225.41
AGX00000597,AGT0021,POL0004103,New Business,2026-02-03,0.08,102.25
AGX00000598,AGT0063,POL0003278,Renewal,2026-09-06,0.1,46.91
AGX00000599,AGT0041,POL0004156,Renewal,2025-09-19,0.23,293.28
AGX00000600,AGT0069,POL0000064,New Business,2022-02-08,0.11,62.07
AGX00000601,AGT0051,POL0004467,Renewal,2026-08-07,0.21,396.02
AGX00000602,AGT0076,POL0003779,Renewal,2026-06-25,0.12,60.39
AGX00000603,AGT0105,POL0001893,Renewal,2025-09-28,0.19,356.93
AGX00000604,AGT0093,POL0004905,New Business,2026-07-02,0.12,73.9
AGX00000605,AGT0068,POL0002826,Renewal,2023-07-21,0.11,24.71
AGX00000606,AGT0145,POL0001165,Renewal,2022-04-28,0.22,279.81
AGX00000607,AGT0021,POL0003433,Renewal,2025-08-21,0.08,110.77
AGX00000608,AGT0124,POL0004013,Renewal,2025-05-22,0.18,265.69
AGX00000609,AGT0053,POL0002366,Renewal,2025-11-07,0.24,182.57
AGX00000610,AGT0095,POL0001231,New Business,2023-05-10,0.07,84.16
AGX00000611,AGT0101,POL0003967,Renewal,2024-09-26,0.1,161.23
AGX00000612,AGT0103,POL0000209,Renewal,2026-05-27,0.21,164.55
AGX00000613,AGT0080,POL0004240,Renewal,2023-09-18,0.09,119.09
AGX00000614,AGT0139,POL0001053,New Business,2025-06-27,0.22,137.34
AGX00000615,AGT0004,POL0002164,New Business,2023-02-17,0.15,163.14
AGX00000616,AGT0064,POL0000521,Renewal,2023-04-05,0.25,480.85
AGX00000617,AGT0020,POL0002928,Renewal,2026-06-10,0.07,21.56
AGX00000618,AGT0012,POL0002270,Renewal,2024-07-28,0.1,26.95
AGX00000619,AGT0047,POL0001061,New Business,2025-12-23,0.24,412.05
AGX00000620,AGT0115,POL0001995,Renewal,2026-06-01,0.18,67.83
AGX00000621,AGT0017,POL0000067,New Business,2025-07-15,0.06,46.4
AGX00000622,AGT0130,POL0002250,Renewal,2025-04-28,0.16,45.78
AGX00000623,AGT0091,POL0000918,Renewal,2026-06-15,0.2,335.77
AGX00000624,AGT0131,POL0002051,Renewal,2024-02-02,0.16,294.17
AGX00000625,AGT0006,POL0000248,New Business,2026-05-21,0.19,192.31
AGX00000626,AGT0142,POL0001016,New Business,2024-08-06,0.25,256.04
AGX00000627,AGT0077,POL0001593,Renewal,2023-01-24,0.07,39.6
AGX00000628,AGT0106,POL0001179,New Business,2025-08-07,0.11,112.9
AGX00000629,AGT0014,POL0000800,New Business,2022-07-13,0.18,333.73
AGX00000630,AGT0116,POL0000804,New Business,2026-08-20,0.15,261.44
AGX00000631,AGT0074,POL0004682,New Business,2025-02-24,0.07,102.43
AGX00000632,AGT0072,POL0001971,New Business,2024-01-04,0.15,161.2
AGX00000633,AGT0061,POL0003860,New Business,2023-04-18,0.17,160.7
AGX00000634,AGT0030,POL0002359,Renewal,2023-05-03,0.18,154.49
AGX00000635,AGT0079,POL0002192,Renewal,2026-04-30,0.16,117.18
AGX00000636,AGT0022,POL0004783,New Business,2023-11-26,0.15,47.72
AGX00000637,AGT0065,POL0004028,New Business,2024-10-06,0.09,93.78
AGX00000638,AGT0108,POL0000153,Renewal,2022-04-22,0.06,81.4
AGX00000639,AGT0111,POL0003467,Renewal,2026-07-04,0.05,43.27
AGX00000640,AGT0084,POL0003704,Renewal,2022-07-31,0.08,77.69
AGX00000641,AGT0016,POL0002777,New Business,2026-08-31,0.17,149.33
AGX00000642,AGT0030,POL0004180,Renewal,2025-10-16,0.12,74.04
AGX00000643,AGT0024,POL0004798,Renewal,2026-03-04,0.16,22.07
AGX00000644,AGT0017,POL0002315,Renewal,2021-03-15,0.11,54.94
AGX00000645,AGT0067,POL0001551,Renewal,2026-05-14,0.1,122.88
AGX00000646,AGT0091,POL0000164,New Business,2024-07-26,0.21,283.76
AGX00000647,AGT0060,POL0000988,New Business,2025-10-03,0.1,186.42
AGX00000648,AGT0015,POL0003434,Renewal,2026-05-01,0.1,17.95
AGX00000649,AGT0142,POL0001376,Renewal,2024-09-10,0.05,18.82
AGX00000650,AGT0106,POL0002508,Renewal,2025-07-22,0.22,337.4
AGX00000651,AGT0093,POL0004905,New Business,2026-08-03,0.11,67.74
AGX00000652,AGT0127,POL0004674,New Business,2026-06-23,0.15,58.98
AGX00000653,AGT0020,POL0000885,Renewal,2026-05-05,0.18,138.13
AGX00000654,AGT0134,POL0001675,New Business,2026-07-25,0.24,280.37
AGX00000655,AGT0139,POL0004539,Renewal,2025-09-09,0.23,95.85
AGX00000656,AGT0017,POL0000067,New Business,2025-06-20,0.18,139.2
AGX00000657,AGT0066,POL0001531,Renewal,2024-12-23,0.23,52.7
AGX00000658,AGT0128,POL0000535,New Business,2024-03-22,0.13,207.08
AGX00000659,AGT0032,POL0000650,Renewal,2026-01-02,0.1,128.1
AGX00000660,AGT0011,POL0001185,Renewal,2024-03-19,0.17,167.33
AGX00000661,AGT0067,POL0004586,Renewal,2026-03-05,0.23,46.6
AGX00000662,AGT0130,POL0004128,Renewal,2025-05-18,0.24,161.75
AGX00000663,AGT0114,POL0001161,New Business,2024-12-18,0.07,107.46
AGX00000664,AGT0129,POL0003863,New Business,2024-08-31,0.13,248.44
AGX00000665,AGT0041,POL0001887,Renewal,2026-04-03,0.13,127.35
AGX00000666,AGT0126,POL0002935,Renewal,2026-08-19,0.07,13.23
AGX00000667,AGT0025,POL0001022,New Business,2025-08-03,0.22,47.71
AGX00000668,AGT0143,POL0001790,Renewal,2023-02-02,0.08,94.93
AGX00000669,AGT0036,POL0000055,Renewal,2024-12-24,0.06,109.46
AGX00000670,AGT0056,POL0003932,Renewal,2026-06-10,0.21,79.91
AGX00000671,AGT0038,POL0002681,New Business,2025-01-28,0.09,16.59
AGX00000672,AGT0020,POL0004956,New Business,2026-07-18,0.08,94.08
AGX00000673,AGT0021,POL0001535,New Business,2025-11-30,0.24,312.24
AGX00000674,AGT0079,POL0003289,Renewal,2026-01-13,0.19,328.8
AGX00000675,AGT0033,POL0002743,New Business,2026-01-06,0.22,257.21
AGX00000676,AGT0086,POL0001706,New Business,2024-05-27,0.05,60.14
AGX00000677,AGT0118,POL0001953,Renewal,2025-05-21,0.16,175.68
AGX00000678,AGT0108,POL0002367,Renewal,2026-07-24,0.15,15.46
AGX00000679,AGT0039,POL0004598,New Business,2025-12-06,0.09,162.26
AGX00000680,AGT0074,POL0002015,Renewal,2024-10-13,0.1,88.88
AGX00000681,AGT0062,POL0004874,New Business,2022-01-18,0.17,253.76
AGX00000682,AGT0111,POL0003531,New Business,2022-03-03,0.15,268.32
AGX00000683,AGT0032,POL0004821,Renewal,2026-07-24,0.17,95.37
AGX00000684,AGT0073,POL0001815,Renewal,2026-04-20,0.08,108.04
AGX00000685,AGT0074,POL0002376,New Business,2025-12-28,0.12,125.54
AGX00000686,AGT0056,POL0000224,New Business,2023-04-14,0.23,454.78
AGX00000687,AGT0039,POL0001699,Renewal,2023-08-26,0.05,17.88
AGX00000688,AGT0076,POL0003559,Renewal,2026-01-04,0.18,300.6
AGX00000689,AGT0034,POL0001439,Renewal,2025-12-31,0.07,96.0
AGX00000690,AGT0125,POL0000529,Renewal,2026-02-22,0.1,101.09
AGX00000691,AGT0132,POL0001621,New Business,2024-05-07,0.21,354.09
AGX00000692,AGT0053,POL0001496,New Business,2023-07-08,0.24,305.48
AGX00000693,AGT0019,POL0003606,Renewal,2023-12-26,0.23,168.46
AGX00000694,AGT0031,POL0002159,Renewal,2026-03-21,0.15,169.32
AGX00000695,AGT0010,POL0002441,New Business,2021-12-20,0.1,137.44
AGX00000696,AGT0002,POL0001116,Renewal,2025-09-28,0.08,37.24
AGX00000697,AGT0032,POL0004582,Renewal,2023-03-05,0.13,131.63
AGX00000698,AGT0111,POL0004065,Renewal,2026-06-06,0.17,333.52
AGX00000699,AGT0074,POL0002498,New Business,2023-01-06,0.07,52.01
AGX00000700,AGT0146,POL0001909,Renewal,2023-10-27,0.11,191.05
AGX00000701,AGT0011,POL0004881,New Business,2026-02-24,0.07,134.11
AGX00000702,AGT0061,POL0000345,Renewal,2024-01-20,0.15,127.95
AGX00000703,AGT0038,POL0003585,Renewal,2025-02-13,0.25,268.17
AGX00000704,AGT0085,POL0004618,New Business,2024-05-09,0.13,166.11
AGX00000705,AGT0115,POL0000956,Renewal,2024-04-17,0.14,262.42
AGX00000706,AGT0142,POL0003480,Renewal,2025-09-16,0.24,33.39
AGX00000707,AGT0101,POL0001211,New Business,2026-08-06,0.19,329.98
AGX00000708,AGT0135,POL0000258,Renewal,2023-09-17,0.13,13.93
AGX00000709,AGT0122,POL0003605,New Business,2023-05-24,0.15,169.78
AGX00000710,AGT0042,POL0003117,Renewal,2023-09-28,0.23,455.18
AGX00000711,AGT0003,POL0004988,Renewal,2023-11-03,0.17,30.21
AGX00000712,AGT0122,POL0002446,Renewal,2024-06-13,0.21,238.73
AGX00000713,AGT0025,POL0004961,New Business,2025-05-29,0.12,200.23
AGX00000714,AGT0069,POL0003852,Renewal,2022-06-11,0.15,55.92
AGX00000715,AGT0048,POL0003198,New Business,2026-08-13,0.13,76.55
AGX00000716,AGT0085,POL0004187,New Business,2024-04-08,0.1,102.31
AGX00000717,AGT0004,POL0000247,New Business,2021-12-17,0.17,42.21
AGX00000718,AGT0132,POL0000431,Renewal,2025-08-26,0.22,397.52
AGX00000719,AGT0016,POL0002999,New Business,2023-06-15,0.12,67.7
AGX00000720,AGT0129,POL0003863,Renewal,2025-06-29,0.22,420.44
AGX00000721,AGT0122,POL0004692,New Business,2026-04-05,0.1,16.73
AGX00000722,AGT0125,POL0003194,New Business,2026-07-14,0.16,76.94
AGX00000723,AGT0087,POL0000640,Renewal,2026-08-19,0.06,45.03
AGX00000724,AGT0073,POL0004397,New Business,2025-10-29,0.08,21.81
AGX00000725,AGT0120,POL0003263,Renewal,2026-07-19,0.19,302.45
AGX00000726,AGT0087,POL0004833,New Business,2023-07-18,0.15,141.11
AGX00000727,AGT0057,POL0003152,Renewal,2026-07-22,0.07,70.8
AGX00000728,AGT0114,POL0000486,Renewal,2025-05-01,0.2,49.69
AGX00000729,AGT0044,POL0002339,Renewal,2023-12-17,0.11,139.83
AGX00000730,AGT0009,POL0001198,New Business,2025-04-15,0.14,208.81
AGX00000731,AGT0019,POL0001888,New Business,2024-12-21,0.11,103.12
AGX00000732,AGT0031,POL0003178,Renewal,2026-07-01,0.19,346.39
AGX00000733,AGT0097,POL0002460,Renewal,2026-05-31,0.13,99.0
AGX00000734,AGT0117,POL0004739,New Business,2024-02-06,0.21,90.42
AGX00000735,AGT0002,POL0001485,Renewal,2025-12-03,0.05,11.84
AGX00000736,AGT0089,POL0003961,Renewal,2026-04-30,0.16,24.0
AGX00000737,AGT0043,POL0004433,Renewal,2025-07-11,0.14,102.97
AGX00000738,AGT0062,POL0000858,New Business,2025-04-04,0.2,234.61
AGX00000739,AGT0029,POL0000649,Renewal,2025-02-28,0.11,54.06
AGX00000740,AGT0111,POL0002295,Renewal,2026-06-18,0.16,212.96
AGX00000741,AGT0052,POL0001683,Renewal,2025-03-30,0.1,42.51
AGX00000742,AGT0001,POL0003288,Renewal,2026-07-30,0.07,94.39
AGX00000743,AGT0144,POL0001589,New Business,2026-08-24,0.15,38.9
AGX00000744,AGT0042,POL0002905,Renewal,2022-09-25,0.2,30.38
AGX00000745,AGT0054,POL0003998,New Business,2025-11-11,0.11,191.28
AGX00000746,AGT0092,POL0000847,New Business,2022-02-16,0.18,98.4
AGX00000747,AGT0021,POL0004883,New Business,2026-05-21,0.12,60.13
AGX00000748,AGT0069,POL0000449,New Business,2024-03-01,0.12,193.6
AGX00000749,AGT0092,POL0003946,New Business,2025-06-11,0.24,199.18
AGX00000750,AGT0014,POL0003089,Renewal,2022-12-26,0.07,16.11
AGX00000751,AGT0060,POL0003918,Renewal,2025-07-16,0.18,266.33
AGX00000752,AGT0140,POL0003054,Renewal,2025-06-11,0.13,100.22
AGX00000753,AGT0095,POL0003255,New Business,2026-08-31,0.18,312.24
AGX00000754,AGT0047,POL0002033,New Business,2024-08-05,0.09,45.31
AGX00000755,AGT0144,POL0003425,Renewal,2025-10-21,0.09,131.61
AGX00000756,AGT0105,POL0001951,New Business,2026-07-04,0.14,130.21
AGX00000757,AGT0127,POL0001596,Renewal,2025-12-29,0.07,54.78
AGX00000758,AGT0105,POL0001432,Renewal,2024-06-13,0.18,21.51
AGX00000759,AGT0008,POL0000432,New Business,2025-11-25,0.09,145.96
AGX00000760,AGT0125,POL0000645,Renewal,2024-07-22,0.12,129.37
AGX00000761,AGT0115,POL0002790,Renewal,2024-03-13,0.2,371.61
AGX00000762,AGT0035,POL0002860,New Business,2023-02-15,0.18,151.58
AGX00000763,AGT0063,POL0001051,New Business,2026-08-09,0.21,342.51
AGX00000764,AGT0073,POL0003959,Renewal,2025-08-13,0.21,231.75
AGX00000765,AGT0058,POL0003270,New Business,2026-05-30,0.2,155.83
AGX00000766,AGT0118,POL0001401,New Business,2025-12-31,0.06,54.21
AGX00000767,AGT0067,POL0001800,New Business,2021-06-03,0.23,78.16
AGX00000768,AGT0060,POL0001691,Renewal,2023-12-28,0.13,72.73
AGX00000769,AGT0045,POL0004768,New Business,2026-04-03,0.11,191.17
AGX00000770,AGT0140,POL0004151,New Business,2022-11-13,0.14,275.1
AGX00000771,AGT0070,POL0002989,New Business,2024-08-21,0.06,16.13
AGX00000772,AGT0150,POL0004690,New Business,2024-04-18,0.12,87.93
AGX00000773,AGT0099,POL0004235,New Business,2026-05-14,0.13,143.5
AGX00000774,AGT0116,POL0004424,New Business,2023-12-17,0.25,300.49
AGX00000775,AGT0051,POL0002386,Renewal,2021-05-05,0.14,203.26
AGX00000776,AGT0020,POL0002153,New Business,2024-06-10,0.1,132.41
AGX00000777,AGT0116,POL0000861,New Business,2026-01-06,0.23,157.75
AGX00000778,AGT0031,POL0001139,Renewal,2025-04-14,0.06,105.24
AGX00000779,AGT0139,POL0003387,Renewal,2024-08-29,0.19,201.63
AGX00000780,AGT0051,POL0003463,Renewal,2026-03-09,0.24,428.51
AGX00000781,AGT0070,POL0001158,New Business,2024-11-14,0.13,202.44
AGX00000782,AGT0141,POL0000731,New Business,2023-07-11,0.22,294.42
AGX00000783,AGT0110,POL0002669,New Business,2026-07-18,0.24,335.01
AGX00000784,AGT0128,POL0001996,New Business,2025-11-12,0.06,70.86
AGX00000785,AGT0023,POL0003796,Renewal,2025-05-15,0.13,142.08
AGX00000786,AGT0050,POL0000783,New Business,2026-08-11,0.2,357.36
AGX00000787,AGT0115,POL0002790,New Business,2025-03-14,0.19,353.03
AGX00000788,AGT0020,POL0003925,New Business,2026-08-19,0.13,13.87
AGX00000789,AGT0024,POL0004798,Renewal,2026-02-21,0.09,12.42
AGX00000790,AGT0073,POL0004100,Renewal,2024-03-24,0.18,319.47
AGX00000791,AGT0110,POL0004207,New Business,2026-04-04,0.16,317.08
AGX00000792,AGT0134,POL0002576,New Business,2023-09-11,0.07,56.85
AGX00000793,AGT0147,POL0003659,New Business,2025-09-09,0.22,233.1
AGX00000794,AGT0018,POL0004814,New Business,2024-08-30,0.08,86.91
AGX00000795,AGT0055,POL0003385,Renewal,2026-08-10,0.14,152.29
AGX00000796,AGT0134,POL0001823,New Business,2025-03-18,0.06,22.29
AGX00000797,AGT0043,POL0000406,New Business,2025-06-18,0.09,50.56
AGX00000798,AGT0023,POL0001296,Renewal,2023-07-18,0.21,41.54
AGX00000799,AGT0055,POL0003385,Renewal,2025-09-30,0.21,228.44
AGX00000800,AGT0108,POL0003411,New Business,2025-05-29,0.1,100.59
AGX00000801,AGT0010,POL0001795,New Business,2024-05-27,0.21,402.47
AGX00000802,AGT0136,POL0001727,New Business,2024-03-12,0.22,23.68
AGX00000803,AGT0017,POL0000715,New Business,2025-06-05,0.14,57.2
AGX00000804,AGT0146,POL0002590,Renewal,2023-02-16,0.14,190.89
AGX00000805,AGT0085,POL0000591,Renewal,2025-02-04,0.12,220.91
AGX00000806,AGT0095,POL0000281,Renewal,2025-11-04,0.07,93.26
AGX00000807,AGT0085,POL0000916,New Business,2021-08-27,0.2,77.36
AGX00000808,AGT0098,POL0002521,Renewal,2025-11-08,0.24,371.88
AGX00000809,AGT0133,POL0002922,Renewal,2026-07-22,0.16,148.47
AGX00000810,AGT0009,POL0002691,New Business,2026-08-15,0.07,14.38
AGX00000811,AGT0115,POL0003175,Renewal,2023-11-30,0.08,112.88
AGX00000812,AGT0113,POL0003374,Renewal,2026-02-09,0.18,270.8
AGX00000813,AGT0022,POL0004348,New Business,2024-10-09,0.18,113.21
AGX00000814,AGT0033,POL0000205,Renewal,2026-04-24,0.24,68.57
AGX00000815,AGT0112,POL0000940,New Business,2023-07-19,0.24,307.55
AGX00000816,AGT0011,POL0000110,New Business,2025-06-18,0.18,315.76
AGX00000817,AGT0108,POL0004245,New Business,2024-08-04,0.21,300.54
AGX00000818,AGT0068,POL0001144,Renewal,2025-09-19,0.18,335.47
AGX00000819,AGT0125,POL0003709,Renewal,2023-02-25,0.07,58.12
AGX00000820,AGT0091,POL0000076,Renewal,2025-08-21,0.12,148.37
AGX00000821,AGT0010,POL0003417,New Business,2026-01-23,0.25,455.39
AGX00000822,AGT0008,POL0002523,Renewal,2026-04-29,0.07,82.73
AGX00000823,AGT0145,POL0001461,Renewal,2026-08-28,0.17,197.08
AGX00000824,AGT0052,POL0001683,Renewal,2022-07-27,0.17,72.27
AGX00000825,AGT0050,POL0001201,New Business,2024-04-20,0.16,106.5
AGX00000826,AGT0014,POL0000567,New Business,2025-12-07,0.22,202.9
AGX00000827,AGT0107,POL0002980,Renewal,2025-09-17,0.08,154.75
AGX00000828,AGT0131,POL0003955,Renewal,2025-08-05,0.07,124.67
AGX00000829,AGT0134,POL0002271,Renewal,2026-02-25,0.09,120.84
AGX00000830,AGT0041,POL0001869,Renewal,2023-07-27,0.11,177.71
AGX00000831,AGT0122,POL0002109,Renewal,2025-11-22,0.11,135.58
AGX00000832,AGT0025,POL0004536,Renewal,2025-10-19,0.08,100.82
AGX00000833,AGT0141,POL0004578,New Business,2022-10-16,0.11,144.04
AGX00000834,AGT0106,POL0004051,New Business,2022-01-26,0.2,58.86
AGX00000835,AGT0054,POL0003782,Renewal,2026-07-03,0.11,86.62
AGX00000836,AGT0045,POL0001405,New Business,2026-08-02,0.07,60.59
AGX00000837,AGT0110,POL0003323,New Business,2026-07-01,0.15,49.16
AGX00000838,AGT0133,POL0002525,Renewal,2026-07-31,0.19,76.23
AGX00000839,AGT0131,POL0000186,Renewal,2024-06-22,0.16,281.87
AGX00000840,AGT0057,POL0000106,New Business,2025-11-10,0.2,162.27
AGX00000841,AGT0038,POL0000021,New Business,2026-09-05,0.17,158.67
AGX00000842,AGT0119,POL0002457,New Business,2022-06-02,0.15,160.77
AGX00000843,AGT0017,POL0003058,Renewal,2026-08-07,0.2,304.09
AGX00000844,AGT0003,POL0002591,New Business,2026-01-04,0.14,148.9
AGX00000845,AGT0096,POL0004391,New Business,2024-03-21,0.07,31.51
AGX00000846,AGT0045,POL0002504,Renewal,2025-07-11,0.16,147.7
AGX00000847,AGT0014,POL0004599,Renewal,2025-09-12,0.2,306.23
AGX00000848,AGT0090,POL0003919,New Business,2025-03-26,0.11,192.9
AGX00000849,AGT0033,POL0001601,New Business,2025-11-12,0.2,14.9
AGX00000850,AGT0034,POL0002233,Renewal,2024-03-03,0.05,88.8
AGX00000851,AGT0026,POL0002215,New Business,2024-06-16,0.14,221.72
AGX00000852,AGT0060,POL0000599,New Business,2024-12-31,0.05,24.4
AGX00000853,AGT0097,POL0004098,Renewal,2022-06-04,0.17,285.88
AGX00000854,AGT0054,POL0000602,New Business,2023-04-17,0.23,115.75
AGX00000855,AGT0069,POL0002629,Renewal,2025-12-24,0.21,157.96
AGX00000856,AGT0140,POL0002308,Renewal,2026-09-08,0.14,170.37
AGX00000857,AGT0124,POL0001145,New Business,2022-08-21,0.06,109.62
AGX00000858,AGT0062,POL0004997,Renewal,2026-07-21,0.08,104.0
AGX00000859,AGT0071,POL0000268,New Business,2023-01-15,0.13,42.56
AGX00000860,AGT0143,POL0000176,Renewal,2026-07-27,0.14,151.61
AGX00000861,AGT0112,POL0001874,Renewal,2025-10-22,0.11,133.03
AGX00000862,AGT0047,POL0002682,New Business,2026-09-11,0.08,138.93
AGX00000863,AGT0054,POL0004104,Renewal,2026-05-25,0.2,70.36
AGX00000864,AGT0001,POL0000112,Renewal,2024-07-29,0.17,156.04
AGX00000865,AGT0014,POL0001725,New Business,2025-08-02,0.18,172.79
AGX00000866,AGT0144,POL0000373,Renewal,2025-04-17,0.21,66.07
AGX00000867,AGT0007,POL0000869,Renewal,2024-12-27,0.12,153.58
AGX00000868,AGT0059,POL0002382,New Business,2025-11-30,0.14,274.29
AGX00000869,AGT0048,POL0000108,New Business,2026-08-31,0.09,56.49
AGX00000870,AGT0105,POL0000366,New Business,2025-11-29,0.09,107.88
AGX00000871,AGT0073,POL0000761,New Business,2026-04-08,0.09,59.53
AGX00000872,AGT0087,POL0004757,Renewal,2022-09-04,0.14,73.15
AGX00000873,AGT0140,POL0002204,New Business,2026-08-28,0.12,157.85
AGX00000874,AGT0034,POL0003101,New Business,2025-10-04,0.2,93.72
AGX00000875,AGT0144,POL0000259,New Business,2026-08-27,0.1,36.02
AGX00000876,AGT0096,POL0002875,Renewal,2026-03-07,0.12,230.36
AGX00000877,AGT0010,POL0000474,Renewal,2026-06-24,0.1,73.35
AGX00000878,AGT0008,POL0001993,Renewal,2025-11-23,0.06,45.3
AGX00000879,AGT0030,POL0000214,Renewal,2025-02-27,0.07,10.33
AGX00000880,AGT0098,POL0000436,New Business,2026-08-28,0.17,177.12
AGX00000881,AGT0121,POL0002751,Renewal,2024-04-14,0.21,186.32
AGX00000882,AGT0014,POL0002168,New Business,2026-07-14,0.08,138.11
AGX00000883,AGT0084,POL0003934,New Business,2026-05-22,0.07,80.4
AGX00000884,AGT0109,POL0000251,New Business,2025-12-25,0.16,261.46
AGX00000885,AGT0122,POL0002109,New Business,2025-07-04,0.05,61.63
AGX00000886,AGT0142,POL0004694,Renewal,2023-02-25,0.14,158.23
AGX00000887,AGT0053,POL0001852,Renewal,2026-01-08,0.22,89.69
AGX00000888,AGT0021,POL0000100,New Business,2026-05-09,0.05,20.78
AGX00000889,AGT0031,POL0002216,Renewal,2026-07-29,0.17,245.33
AGX00000890,AGT0062,POL0002371,Renewal,2026-01-11,0.13,150.25
AGX00000891,AGT0097,POL0003092,Renewal,2022-08-02,0.06,31.06
AGX00000892,AGT0072,POL0001626,Renewal,2025-12-09,0.15,285.86
AGX00000893,AGT0029,POL0002926,New Business,2026-02-12,0.24,129.16
AGX00000894,AGT0047,POL0004173,New Business,2024-05-07,0.18,142.29
AGX00000895,AGT0108,POL0003773,New Business,2024-12-30,0.08,38.9
AGX00000896,AGT0054,POL0001624,New Business,2022-04-19,0.2,198.93
AGX00000897,AGT0109,POL0004525,New Business,2026-03-10,0.16,131.59
AGX00000898,AGT0102,POL0003284,Renewal,2026-05-20,0.16,288.9
AGX00000899,AGT0008,POL0000215,New Business,2022-10-02,0.22,40.7
AGX00000900,AGT0111,POL0003754,New Business,2025-01-15,0.08,91.97
AGX00000901,AGT0001,POL0003106,New Business,2026-08-19,0.13,59.67
AGX00000902,AGT0028,POL0002909,New Business,2025-12-22,0.09,64.25
AGX00000903,AGT0011,POL0002459,Renewal,2026-09-08,0.1,119.67
AGX00000904,AGT0098,POL0003012,New Business,2025-02-14,0.24,188.32
AGX00000905,AGT0033,POL0000279,Renewal,2024-03-20,0.2,291.23
AGX00000906,AGT0012,POL0003532,Renewal,2025-10-04,0.15,167.87
AGX00000907,AGT0046,POL0002934,Renewal,2025-08-13,0.1,67.44
AGX00000908,AGT0012,POL0002919,Renewal,2022-08-24,0.11,182.85
AGX00000909,AGT0003,POL0004977,Renewal,2023-12-01,0.11,126.93
AGX00000910,AGT0086,POL0000333,Renewal,2022-11-18,0.2,149.33
AGX00000911,AGT0132,POL0000796,Renewal,2026-08-18,0.14,261.15
AGX00000912,AGT0136,POL0002558,New Business,2026-04-05,0.17,241.34
AGX00000913,AGT0106,POL0000010,Renewal,2025-05-14,0.19,165.38
AGX00000914,AGT0149,POL0002923,New Business,2024-09-04,0.19,21.76
AGX00000915,AGT0122,POL0003325,New Business,2026-01-07,0.21,327.93
AGX00000916,AGT0064,POL0003352,New Business,2024-07-20,0.09,23.64
AGX00000917,AGT0129,POL0002513,Renewal,2024-09-08,0.14,133.45
AGX00000918,AGT0093,POL0002787,Renewal,2025-08-18,0.13,118.96
AGX00000919,AGT0081,POL0002514,Renewal,2023-07-23,0.18,27.18
AGX00000920,AGT0077,POL0002694,Renewal,2023-06-27,0.16,143.95
AGX00000921,AGT0060,POL0000531,Renewal,2025-10-31,0.12,83.21
AGX00000922,AGT0046,POL0002978,New Business,2025-03-27,0.09,121.0
AGX00000923,AGT0148,POL0001250,Renewal,2024-04-02,0.07,75.23
AGX00000924,AGT0110,POL0000455,Renewal,2026-01-04,0.2,355.82
AGX00000925,AGT0124,POL0000290,Renewal,2025-03-09,0.08,73.05
AGX00000926,AGT0131,POL0001340,New Business,2025-10-18,0.07,54.06
AGX00000927,AGT0087,POL0000260,New Business,2023-11-21,0.19,99.85
AGX00000928,AGT0126,POL0000263,New Business,2025-12-11,0.14,19.47
AGX00000929,AGT0084,POL0000238,Renewal,2023-06-15,0.1,130.5
AGX00000930,AGT0002,POL0000203,Renewal,2026-02-07,0.21,12.31
AGX00000931,AGT0026,POL0002695,New Business,2025-01-08,0.22,319.49
AGX00000932,AGT0007,POL0004831,Renewal,2026-01-13,0.12,216.99
AGX00000933,AGT0046,POL0004769,Renewal,2022-05-29,0.13,68.84
AGX00000934,AGT0047,POL0001660,New Business,2025-09-23,0.13,174.27
AGX00000935,AGT0008,POL0000549,Renewal,2025-04-08,0.24,143.0
AGX00000936,AGT0149,POL0000954,Renewal,2024-06-17,0.21,286.57
AGX00000937,AGT0093,POL0001342,Renewal,2026-08-10,0.25,55.41
AGX00000938,AGT0104,POL0003328,Renewal,2026-01-20,0.13,93.21
AGX00000939,AGT0146,POL0003271,New Business,2024-03-19,0.08,62.28
AGX00000940,AGT0053,POL0001234,Renewal,2026-08-30,0.19,298.85
AGX00000941,AGT0050,POL0000159,Renewal,2022-05-04,0.09,54.7
AGX00000942,AGT0063,POL0001480,New Business,2024-11-26,0.2,245.59
AGX00000943,AGT0079,POL0002780,Renewal,2025-12-21,0.13,230.48
AGX00000944,AGT0056,POL0002273,New Business,2026-01-16,0.24,56.72
AGX00000945,AGT0030,POL0002177,Renewal,2022-06-14,0.13,221.66
AGX00000946,AGT0107,POL0001830,Renewal,2022-08-30,0.12,238.52
AGX00000947,AGT0042,POL0004048,Renewal,2026-09-08,0.13,42.09
AGX00000948,AGT0052,POL0003367,New Business,2025-12-29,0.14,263.75
AGX00000949,AGT0144,POL0002945,Renewal,2026-04-29,0.14,83.69
AGX00000950,AGT0049,POL0001687,Renewal,2026-01-17,0.14,119.81
AGX00000951,AGT0121,POL0002553,Renewal,2025-12-22,0.2,216.31
AGX00000952,AGT0134,POL0003023,New Business,2023-04-16,0.09,55.74
AGX00000953,AGT0136,POL0002524,Renewal,2025-05-05,0.21,234.47
AGX00000954,AGT0049,POL0000357,Renewal,2026-08-11,0.16,167.87
AGX00000955,AGT0030,POL0003794,New Business,2024-04-02,0.08,10.26
AGX00000956,AGT0078,POL0000405,New Business,2026-09-11,0.1,37.69
AGX00000957,AGT0035,POL0001613,New Business,2026-06-07,0.06,92.14
AGX00000958,AGT0107,POL0003775,New Business,2026-06-10,0.12,25.86
AGX00000959,AGT0072,POL0004399,New Business,2024-03-31,0.1,8.68
AGX00000960,AGT0072,POL0001298,Renewal,2026-08-28,0.23,105.52
AGX00000961,AGT0139,POL0004785,Renewal,2026-06-06,0.2,260.2
AGX00000962,AGT0050,POL0002711,New Business,2022-01-02,0.13,173.28
AGX00000963,AGT0149,POL0002955,New Business,2025-07-07,0.06,93.93
AGX00000964,AGT0007,POL0002276,New Business,2024-01-06,0.06,66.07
AGX00000965,AGT0008,POL0003878,Renewal,2025-07-25,0.13,71.74
AGX00000966,AGT0132,POL0000612,Renewal,2022-08-13,0.1,89.29
AGX00000967,AGT0110,POL0004059,New Business,2022-10-29,0.17,314.91
AGX00000968,AGT0069,POL0004469,Renewal,2025-12-06,0.21,316.04
AGX00000969,AGT0042,POL0004048,New Business,2026-08-31,0.14,45.33
AGX00000970,AGT0012,POL0003532,New Business,2026-07-31,0.09,100.72
AGX00000971,AGT0089,POL0004521,Renewal,2026-09-06,0.08,34.63
AGX00000972,AGT0098,POL0000974,New Business,2022-02-03,0.15,201.19
AGX00000973,AGT0123,POL0002444,Renewal,2026-02-17,0.18,235.94
AGX00000974,AGT0146,POL0003524,Renewal,2025-07-07,0.15,190.61
AGX00000975,AGT0027,POL0000643,Renewal,2026-04-19,0.08,91.96
AGX00000976,AGT0110,POL0004697,Renewal,2025-06-23,0.22,404.9
AGX00000977,AGT0092,POL0004262,New Business,2025-03-19,0.05,27.22
AGX00000978,AGT0075,POL0001420,Renewal,2025-09-28,0.07,74.9
AGX00000979,AGT0078,POL0003330,Renewal,2026-03-23,0.11,44.7
AGX00000980,AGT0044,POL0000713,New Business,2024-02-13,0.19,61.12
AGX00000981,AGT0057,POL0001003,New Business,2023-03-05,0.16,139.84
AGX00000982,AGT0073,POL0004387,Renewal,2026-03-16,0.19,310.86
AGX00000983,AGT0105,POL0000084,Renewal,2025-11-24,0.07,101.59
AGX00000984,AGT0100,POL0004198,Renewal,2024-09-26,0.17,331.47
AGX00000985,AGT0028,POL0003155,New Business,2026-04-10,0.09,144.85
AGX00000986,AGT0073,POL0004321,New Business,2025-07-08,0.16,96.89
AGX00000987,AGT0115,POL0001995,New Business,2026-04-17,0.22,82.9
AGX00000988,AGT0087,POL0003740,Renewal,2023-04-14,0.07,28.01
AGX00000989,AGT0070,POL0004273,New Business,2022-08-31,0.06,13.33
AGX00000990,AGT0032,POL0004406,Renewal,2024-03-08,0.17,99.95
AGX00000991,AGT0055,POL0001491,Renewal,2025-11-29,0.14,109.71
AGX00000992,AGT0130,POL0000328,Renewal,2024-11-30,0.07,59.54
AGX00000993,AGT0133,POL0000444,Renewal,2026-07-09,0.14,9.14
AGX00000994,AGT0025,POL0004961,Renewal,2025-02-17,0.24,400.47
AGX00000995,AGT0031,POL0003275,New Business,2026-08-17,0.11,166.51
AGX00000996,AGT0016,POL0002566,New Business,2024-09-20,0.12,212.35
AGX00000997,AGT0043,POL0002606,Renewal,2025-09-23,0.16,111.63
AGX00000998,AGT0096,POL0004588,New Business,2025-04-25,0.05,56.89
AGX00000999,AGT0005,POL0000562,Renewal,2025-05-21,0.1,110.67
AGX00001000,AGT0058,POL0004936,New Business,2025-09-20,0.06,67.77
AGX00001001,AGT0090,POL0003919,New Business,2025-05-21,0.2,350.72
AGX00001002,AGT0023,POL0000217,Renewal,2025-12-05,0.19,127.56
AGX00001003,AGT0064,POL0002754,New Business,2025-12-21,0.08,88.2
AGX00001004,AGT0005,POL0004312,Renewal,2024-11-20,0.1,131.71
AGX00001005,AGT0150,POL0001935,Renewal,2026-04-13,0.18,69.45
AGX00001006,AGT0009,POL0003049,New Business,2021-11-04,0.16,76.76
AGX00001007,AGT0015,POL0003772,Renewal,2022-04-30,0.15,299.41
AGX00001008,AGT0096,POL0000730,New Business,2023-05-19,0.1,69.33
AGX00001009,AGT0065,POL0004028,Renewal,2023-06-04,0.14,145.88
AGX00001010,AGT0008,POL0002840,New Business,2021-08-10,0.14,108.45
AGX00001011,AGT0066,POL0001073,Renewal,2026-05-06,0.18,82.23
AGX00001012,AGT0037,POL0000081,New Business,2024-06-10,0.16,131.82
AGX00001013,AGT0027,POL0000050,New Business,2023-08-21,0.19,187.85
AGX00001014,AGT0012,POL0000990,Renewal,2026-04-19,0.12,111.74
AGX00001015,AGT0130,POL0002846,Renewal,2026-05-14,0.06,104.48
AGX00001016,AGT0110,POL0004059,Renewal,2023-03-23,0.05,92.62
AGX00001017,AGT0045,POL0000375,New Business,2024-11-06,0.11,74.94
AGX00001018,AGT0117,POL0001018,Renewal,2025-05-22,0.18,21.19
AGX00001019,AGT0124,POL0000290,Renewal,2022-08-18,0.08,73.05
AGX00001020,AGT0036,POL0004959,Renewal,2026-08-17,0.1,170.45
AGX00001021,AGT0086,POL0004952,New Business,2023-04-15,0.09,11.18
AGX00001022,AGT0092,POL0004452,Renewal,2026-06-14,0.16,221.07
AGX00001023,AGT0024,POL0000718,Renewal,2023-05-23,0.12,177.14
AGX00001024,AGT0138,POL0002331,Renewal,2025-03-31,0.08,7.04
AGX00001025,AGT0043,POL0002439,Renewal,2025-03-11,0.14,265.37
AGX00001026,AGT0068,POL0003689,Renewal,2026-08-20,0.18,15.7
AGX00001027,AGT0066,POL0002070,New Business,2024-01-15,0.13,240.93
AGX00001028,AGT0021,POL0001150,Renewal,2022-04-12,0.23,236.98
AGX00001029,AGT0048,POL0000173,Renewal,2025-03-02,0.18,162.42
AGX00001030,AGT0045,POL0004442,Renewal,2026-06-04,0.09,11.89
AGX00001031,AGT0054,POL0004298,Renewal,2024-02-13,0.25,422.19
AGX00001032,AGT0060,POL0003024,Renewal,2026-06-17,0.12,77.64
AGX00001033,AGT0113,POL0003671,Renewal,2023-11-08,0.25,13.98
AGX00001034,AGT0014,POL0000799,New Business,2025-05-20,0.1,141.38
AGX00001035,AGT0099,POL0001986,New Business,2022-07-28,0.09,33.7
AGX00001036,AGT0099,POL0004600,New Business,2026-07-02,0.2,128.96
AGX00001037,AGT0044,POL0001415,New Business,2025-12-29,0.23,173.77
AGX00001038,AGT0146,POL0002360,Renewal,2026-07-08,0.16,281.57
AGX00001039,AGT0002,POL0003423,Renewal,2026-04-10,0.07,90.7
AGX00001040,AGT0007,POL0001052,Renewal,2024-07-01,0.16,142.83
AGX00001041,AGT0120,POL0004490,Renewal,2022-03-04,0.08,58.66
AGX00001042,AGT0023,POL0002554,New Business,2022-01-16,0.14,237.05
AGX00001043,AGT0108,POL0003549,Renewal,2023-02-16,0.2,248.23
AGX00001044,AGT0137,POL0004063,New Business,2025-05-01,0.25,424.83
AGX00001045,AGT0044,POL0003169,Renewal,2026-08-09,0.05,62.72
AGX00001046,AGT0067,POL0003841,New Business,2025-01-18,0.24,371.29
AGX00001047,AGT0101,POL0001411,New Business,2026-06-22,0.1,80.05
AGX00001048,AGT0118,POL0004812,Renewal,2023-11-01,0.08,40.91
AGX00001049,AGT0077,POL0000041,Renewal,2026-06-10,0.23,393.09
AGX00001050,AGT0086,POL0003758,Renewal,2024-01-28,0.19,144.48
AGX00001051,AGT0017,POL0004974,New Business,2024-12-12,0.16,258.69
AGX00001052,AGT0001,POL0002511,New Business,2026-04-10,0.14,233.43
AGX00001053,AGT0129,POL0000823,New Business,2024-03-19,0.12,110.37
AGX00001054,AGT0137,POL0000241,New Business,2026-05-14,0.1,168.53
AGX00001055,AGT0082,POL0001571,New Business,2023-04-13,0.16,184.04
AGX00001056,AGT0112,POL0000038,New Business,2025-07-10,0.16,150.87
AGX00001057,AGT0044,POL0004991,Renewal,2026-03-12,0.11,169.1
AGX00001058,AGT0093,POL0000765,New Business,2026-02-14,0.23,199.02
AGX00001059,AGT0083,POL0000095,Renewal,2023-05-14,0.19,350.65
AGX00001060,AGT0002,POL0001001,Renewal,2022-08-13,0.14,125.24
AGX00001061,AGT0098,POL0000353,Renewal,2023-08-24,0.14,180.13
AGX00001062,AGT0049,POL0004763,Renewal,2024-04-25,0.05,88.23
AGX00001063,AGT0006,POL0001106,Renewal,2026-04-09,0.18,190.95
AGX00001064,AGT0103,POL0001762,New Business,2026-08-19,0.21,59.79
AGX00001065,AGT0134,POL0000929,Renewal,2026-04-13,0.19,330.09
AGX00001066,AGT0025,POL0004575,Renewal,2022-08-11,0.1,198.16
AGX00001067,AGT0041,POL0001869,Renewal,2023-11-23,0.13,210.02
AGX00001068,AGT0072,POL0001728,Renewal,2026-04-28,0.2,304.18
AGX00001069,AGT0115,POL0001797,Renewal,2022-05-13,0.23,420.8
AGX00001070,AGT0081,POL0002514,New Business,2026-03-22,0.06,9.06
AGX00001071,AGT0089,POL0001562,Renewal,2024-04-07,0.18,193.76
AGX00001072,AGT0120,POL0004751,Renewal,2024-02-02,0.11,218.03
AGX00001073,AGT0131,POL0000781,New Business,2025-11-29,0.13,226.0
AGX00001074,AGT0143,POL0000795,New Business,2025-10-24,0.25,53.81
AGX00001075,AGT0025,POL0000727,New Business,2026-03-12,0.09,9.32
AGX00001076,AGT0033,POL0000202,Renewal,2023-07-25,0.16,261.03
AGX00001077,AGT0072,POL0000148,Renewal,2022-11-04,0.12,202.95
AGX00001078,AGT0140,POL0003371,New Business,2026-07-18,0.12,43.55
AGX00001079,AGT0023,POL0003027,Renewal,2025-12-17,0.14,72.94
AGX00001080,AGT0095,POL0003140,Renewal,2026-08-09,0.1,10.22
AGX00001081,AGT0001,POL0001076,New Business,2025-09-07,0.24,297.38
AGX00001082,AGT0040,POL0001933,Renewal,2026-07-23,0.18,100.65
AGX00001083,AGT0094,POL0002705,Renewal,2026-07-18,0.1,53.25
AGX00001084,AGT0009,POL0001198,New Business,2025-07-26,0.07,104.4
AGX00001085,AGT0101,POL0001839,Renewal,2023-07-22,0.16,158.94
AGX00001086,AGT0006,POL0003915,New Business,2022-09-30,0.23,419.61
AGX00001087,AGT0143,POL0002850,New Business,2024-04-17,0.08,27.93
AGX00001088,AGT0070,POL0001979,New Business,2024-10-05,0.21,343.83
AGX00001089,AGT0130,POL0004128,New Business,2024-11-17,0.13,87.62
AGX00001090,AGT0096,POL0003768,New Business,2025-09-27,0.08,137.54
AGX00001091,AGT0136,POL0001727,Renewal,2023-11-15,0.23,24.76
AGX00001092,AGT0102,POL0004029,Renewal,2023-04-15,0.13,193.36
AGX00001093,AGT0033,POL0003599,Renewal,2024-01-21,0.06,58.83
AGX00001094,AGT0042,POL0002092,New Business,2023-03-14,0.07,19.95
AGX00001095,AGT0033,POL0000584,New Business,2026-02-22,0.2,115.38
AGX00001096,AGT0149,POL0001962,New Business,2025-03-25,0.19,100.67
AGX00001097,AGT0068,POL0002903,New Business,2021-08-24,0.24,238.95
AGX00001098,AGT0089,POL0002990,Renewal,2026-06-26,0.09,152.87
AGX00001099,AGT0142,POL0001714,Renewal,2026-04-17,0.17,93.19
AGX00001100,AGT0095,POL0001231,New Business,2023-05-25,0.05,60.11
AGX00001101,AGT0088,POL0001029,New Business,2024-10-07,0.21,122.51
AGX00001102,AGT0079,POL0002621,Renewal,2025-10-17,0.16,287.64
AGX00001103,AGT0084,POL0003379,New Business,2025-06-15,0.11,135.67
AGX00001104,AGT0099,POL0001170,Renewal,2024-04-30,0.24,446.42
AGX00001105,AGT0141,POL0002194,Renewal,2026-02-22,0.13,206.71
AGX00001106,AGT0076,POL0002596,New Business,2022-06-12,0.19,238.36
AGX00001107,AGT0122,POL0002109,New Business,2023-10-24,0.22,271.16
AGX00001108,AGT0090,POL0000231,New Business,2026-07-20,0.2,38.72
AGX00001109,AGT0008,POL0003979,Renewal,2026-08-23,0.17,65.87
AGX00001110,AGT0042,POL0002497,Renewal,2023-03-19,0.12,150.08
AGX00001111,AGT0133,POL0001674,Renewal,2026-05-28,0.14,272.51
AGX00001112,AGT0010,POL0000621,Renewal,2025-09-19,0.13,242.5
AGX00001113,AGT0126,POL0000379,New Business,2024-10-10,0.24,414.32
AGX00001114,AGT0056,POL0001037,Renewal,2024-02-28,0.06,111.88
AGX00001115,AGT0098,POL0004458,Renewal,2021-09-28,0.09,115.01
AGX00001116,AGT0100,POL0004986,New Business,2026-02-22,0.09,164.1
AGX00001117,AGT0039,POL0001755,Renewal,2024-12-05,0.18,284.3
AGX00001118,AGT0080,POL0002949,Renewal,2023-12-11,0.13,191.8
AGX00001119,AGT0068,POL0003375,Renewal,2023-02-14,0.22,64.5
AGX00001120,AGT0016,POL0002781,New Business,2022-08-19,0.2,330.1
AGX00001121,AGT0009,POL0000810,Renewal,2025-07-10,0.15,156.42
AGX00001122,AGT0057,POL0000668,New Business,2026-05-23,0.19,288.67
AGX00001123,AGT0103,POL0002845,New Business,2025-05-28,0.19,248.08
AGX00001124,AGT0057,POL0003594,Renewal,2026-06-01,0.15,265.09
AGX00001125,AGT0030,POL0000561,New Business,2024-02-18,0.18,330.42
AGX00001126,AGT0136,POL0000484,Renewal,2025-08-17,0.11,91.83
AGX00001127,AGT0102,POL0000943,Renewal,2026-05-24,0.12,163.53
AGX00001128,AGT0030,POL0004222,New Business,2024-05-29,0.21,178.31
AGX00001129,AGT0027,POL0004258,Renewal,2024-12-03,0.14,221.12
AGX00001130,AGT0077,POL0002772,New Business,2025-06-03,0.15,212.97
AGX00001131,AGT0091,POL0000076,Renewal,2023-11-06,0.2,247.28
AGX00001132,AGT0015,POL0000390,New Business,2026-07-24,0.13,171.72
AGX00001133,AGT0011,POL0000514,Renewal,2024-08-03,0.07,28.83
AGX00001134,AGT0023,POL0003431,Renewal,2026-07-18,0.22,169.29
AGX00001135,AGT0126,POL0002874,New Business,2025-08-20,0.1,33.39
AGX00001136,AGT0133,POL0003097,New Business,2024-08-23,0.15,130.54
AGX00001137,AGT0149,POL0001308,Renewal,2024-08-07,0.14,154.02
AGX00001138,AGT0061,POL0003984,Renewal,2025-05-05,0.07,47.4
AGX00001139,AGT0105,POL0001695,Renewal,2025-06-27,0.17,182.37
AGX00001140,AGT0010,POL0002218,Renewal,2023-08-30,0.1,195.33
AGX00001141,AGT0149,POL0004609,Renewal,2025-07-03,0.13,85.14
AGX00001142,AGT0133,POL0002313,New Business,2025-12-09,0.05,7.39
AGX00001143,AGT0066,POL0000971,Renewal,2026-03-28,0.21,94.81
AGX00001144,AGT0099,POL0002853,Renewal,2022-03-07,0.09,101.65
AGX00001145,AGT0044,POL0003134,Renewal,2025-01-09,0.22,335.38
AGX00001146,AGT0002,POL0002769,New Business,2023-09-06,0.21,319.87
AGX00001147,AGT0098,POL0003730,Renewal,2024-12-15,0.13,233.69
AGX00001148,AGT0009,POL0001198,Renewal,2025-02-03,0.23,343.04
AGX00001149,AGT0074,POL0000376,New Business,2024-06-03,0.23,352.62
AGX00001150,AGT0102,POL0004029,New Business,2022-11-18,0.14,208.24
AGX00001151,AGT0131,POL0003318,Renewal,2026-09-07,0.12,135.34
AGX00001152,AGT0068,POL0000433,Renewal,2023-12-17,0.2,315.44
AGX00001153,AGT0029,POL0001583,New Business,2026-07-16,0.25,173.78
AGX00001154,AGT0069,POL0003512,Renewal,2025-11-08,0.2,277.26
AGX00001155,AGT0016,POL0002566,Renewal,2024-09-30,0.05,88.48
AGX00001156,AGT0146,POL0004767,Renewal,2025-11-27,0.08,5.15
AGX00001157,AGT0140,POL0003371,New Business,2026-01-05,0.06,21.78
AGX00001158,AGT0031,POL0002977,New Business,2022-09-25,0.09,167.58
AGX00001159,AGT0043,POL0000662,Renewal,2026-05-09,0.1,18.81
AGX00001160,AGT0093,POL0000213,New Business,2023-05-27,0.18,94.6
AGX00001161,AGT0110,POL0004817,New Business,2025-07-22,0.11,183.28
AGX00001162,AGT0107,POL0000656,New Business,2023-11-17,0.1,65.8
AGX00001163,AGT0022,POL0001307,New Business,2026-01-21,0.12,85.93
AGX00001164,AGT0034,POL0003160,New Business,2022-04-01,0.05,12.27
AGX00001165,AGT0141,POL0003056,Renewal,2023-08-19,0.11,203.32
AGX00001166,AGT0050,POL0004267,Renewal,2021-04-11,0.06,110.03
AGX00001167,AGT0019,POL0001726,New Business,2024-04-03,0.08,93.29
AGX00001168,AGT0052,POL0004589,Renewal,2026-06-01,0.14,14.6
AGX00001169,AGT0032,POL0000546,Renewal,2022-11-01,0.24,454.89
AGX00001170,AGT0018,POL0004532,New Business,2024-08-15,0.09,82.76
AGX00001171,AGT0104,POL0000051,Renewal,2026-02-26,0.06,56.36
AGX00001172,AGT0134,POL0002690,New Business,2024-04-27,0.17,191.76
AGX00001173,AGT0074,POL0004579,Renewal,2024-08-02,0.05,22.11
AGX00001174,AGT0094,POL0000564,New Business,2023-01-25,0.17,35.77
AGX00001175,AGT0110,POL0003037,Renewal,2024-10-15,0.21,33.37
AGX00001176,AGT0026,POL0003800,Renewal,2024-03-19,0.08,58.99
AGX00001177,AGT0084,POL0000606,New Business,2021-11-20,0.15,214.8
AGX00001178,AGT0005,POL0001619,New Business,2024-08-13,0.14,240.45
AGX00001179,AGT0126,POL0000898,New Business,2023-10-24,0.07,61.97
AGX00001180,AGT0048,POL0002916,Renewal,2024-05-01,0.12,19.68
AGX00001181,AGT0125,POL0002652,Renewal,2022-05-12,0.23,443.09
AGX00001182,AGT0060,POL0002895,Renewal,2026-02-13,0.11,134.71
AGX00001183,AGT0071,POL0000985,New Business,2025-08-07,0.24,259.42
AGX00001184,AGT0043,POL0000662,New Business,2026-02-24,0.06,11.28
AGX00001185,AGT0144,POL0003014,Renewal,2025-01-06,0.11,158.43
AGX00001186,AGT0059,POL0001363,Renewal,2024-11-18,0.23,325.1
AGX00001187,AGT0049,POL0004776,New Business,2026-06-14,0.13,99.34
AGX00001188,AGT0094,POL0001932,New Business,2026-05-29,0.12,147.04
AGX00001189,AGT0048,POL0000103,New Business,2024-10-26,0.24,204.33
AGX00001190,AGT0033,POL0001934,New Business,2024-03-03,0.16,278.22
AGX00001191,AGT0082,POL0001387,Renewal,2026-04-07,0.16,81.68
AGX00001192,AGT0040,POL0000492,New Business,2025-03-10,0.07,46.17
AGX00001193,AGT0118,POL0001953,Renewal,2026-01-16,0.23,252.54
AGX00001194,AGT0126,POL0000379,Renewal,2025-09-16,0.09,155.37
AGX00001195,AGT0081,POL0001879,Renewal,2024-09-15,0.12,213.34
AGX00001196,AGT0070,POL0000116,New Business,2025-10-03,0.14,59.58
AGX00001197,AGT0003,POL0003239,New Business,2023-10-05,0.05,74.36
AGX00001198,AGT0113,POL0004124,New Business,2025-10-23,0.13,181.36
AGX00001199,AGT0121,POL0001708,New Business,2025-09-10,0.23,256.24
AGX00001200,AGT0036,POL0000311,New Business,2026-05-24,0.07,115.86
AGX00001201,AGT0126,POL0001027,Renewal,2024-11-13,0.06,46.24
AGX00001202,AGT0092,POL0003044,Renewal,2025-11-15,0.2,398.11
AGX00001203,AGT0010,POL0002643,Renewal,2026-01-24,0.25,366.25
AGX00001204,AGT0109,POL0004091,New Business,2026-02-21,0.15,218.82
AGX00001205,AGT0148,POL0001000,New Business,2025-09-10,0.07,82.07
AGX00001206,AGT0062,POL0001961,New Business,2025-09-21,0.23,43.78
AGX00001207,AGT0126,POL0000898,Renewal,2026-07-13,0.11,97.38
AGX00001208,AGT0026,POL0003604,Renewal,2026-08-04,0.23,248.45
AGX00001209,AGT0103,POL0004873,Renewal,2026-07-11,0.16,300.23
AGX00001210,AGT0073,POL0004321,Renewal,2026-07-31,0.14,84.78
AGX00001211,AGT0065,POL0004028,Renewal,2023-06-09,0.06,62.52
AGX00001212,AGT0014,POL0003357,Renewal,2024-05-21,0.14,38.62
AGX00001213,AGT0010,POL0003417,New Business,2025-06-14,0.1,182.16
AGX00001214,AGT0016,POL0004654,Renewal,2025-01-10,0.21,196.65
AGX00001215,AGT0135,POL0001926,Renewal,2025-01-31,0.19,348.99
AGX00001216,AGT0119,POL0002269,New Business,2025-10-25,0.08,100.14
AGX00001217,AGT0117,POL0003408,New Business,2024-10-29,0.16,218.88
AGX00001218,AGT0008,POL0002840,Renewal,2022-03-20,0.2,154.93
AGX00001219,AGT0076,POL0003517,New Business,2025-07-17,0.18,11.67
AGX00001220,AGT0030,POL0004374,New Business,2023-06-16,0.06,64.68
AGX00001221,AGT0120,POL0000216,Renewal,2026-01-04,0.13,151.46
AGX00001222,AGT0073,POL0003131,New Business,2026-02-08,0.11,88.06
AGX00001223,AGT0063,POL0003190,Renewal,2023-07-02,0.1,168.36
AGX00001224,AGT0093,POL0001681,Renewal,2025-08-17,0.21,328.86
AGX00001225,AGT0079,POL0002605,Renewal,2023-04-27,0.1,148.1
AGX00001226,AGT0100,POL0004297,Renewal,2022-08-05,0.25,90.6
AGX00001227,AGT0146,POL0004161,New Business,2026-08-30,0.17,98.82
AGX00001228,AGT0147,POL0001336,Renewal,2026-04-02,0.17,327.84
AGX00001229,AGT0132,POL0003897,Renewal,2025-03-12,0.11,175.97
AGX00001230,AGT0121,POL0001671,New Business,2026-06-16,0.14,169.34
AGX00001231,AGT0116,POL0004424,Renewal,2024-02-10,0.19,228.37
AGX00001232,AGT0007,POL0003756,New Business,2026-01-19,0.21,17.73
AGX00001233,AGT0144,POL0004114,Renewal,2023-04-17,0.2,35.06
AGX00001234,AGT0065,POL0001349,New Business,2026-05-16,0.18,210.3
AGX00001235,AGT0147,POL0004216,Renewal,2025-02-10,0.23,418.26
AGX00001236,AGT0112,POL0003653,New Business,2024-09-24,0.21,81.96
AGX00001237,AGT0014,POL0000415,Renewal,2025-12-11,0.1,95.35
AGX00001238,AGT0087,POL0002510,New Business,2023-09-28,0.15,206.3
AGX00001239,AGT0030,POL0002177,Renewal,2023-01-08,0.2,341.02
AGX00001240,AGT0008,POL0001779,New Business,2024-10-18,0.2,62.02
AGX00001241,AGT0031,POL0004513,Renewal,2023-12-06,0.08,73.84
AGX00001242,AGT0060,POL0003949,New Business,2026-01-05,0.15,214.91
AGX00001243,AGT0088,POL0003879,Renewal,2026-07-29,0.23,357.86
AGX00001244,AGT0147,POL0002502,Renewal,2026-05-30,0.09,118.86
AGX00001245,AGT0031,POL0003681,Renewal,2026-04-28,0.16,27.66
AGX00001246,AGT0083,POL0004709,New Business,2024-02-24,0.08,60.32
AGX00001247,AGT0088,POL0002484,New Business,2026-03-30,0.17,158.58
AGX00001248,AGT0116,POL0003665,New Business,2024-08-19,0.12,177.6
AGX00001249,AGT0063,POL0004816,New Business,2023-10-27,0.22,62.58
AGX00001250,AGT0015,POL0002304,Renewal,2022-08-13,0.22,203.78
AGX00001251,AGT0143,POL0002430,New Business,2026-07-13,0.15,267.25
AGX00001252,AGT0133,POL0003336,New Business,2024-06-09,0.2,132.45
AGX00001253,AGT0106,POL0003759,New Business,2023-11-16,0.23,440.02
AGX00001254,AGT0039,POL0004743,Renewal,2024-09-27,0.16,240.54
AGX00001255,AGT0107,POL0003069,New Business,2026-01-22,0.19,225.51
AGX00001256,AGT0128,POL0000611,Renewal,2021-10-22,0.1,144.03
AGX00001257,AGT0074,POL0002767,Renewal,2025-11-15,0.12,48.06
AGX00001258,AGT0002,POL0003717,Renewal,2025-06-15,0.08,152.28
AGX00001259,AGT0106,POL0001622,Renewal,2021-11-23,0.18,309.79
AGX00001260,AGT0102,POL0001440,New Business,2024-12-24,0.22,198.11
AGX00001261,AGT0101,POL0000257,Renewal,2025-11-02,0.22,377.66
AGX00001262,AGT0112,POL0001558,New Business,2025-01-30,0.13,150.94
AGX00001263,AGT0131,POL0001340,New Business,2025-05-11,0.05,38.62
AGX00001264,AGT0014,POL0001725,Renewal,2024-06-29,0.25,239.98
AGX00001265,AGT0074,POL0001774,Renewal,2026-01-29,0.13,117.8
AGX00001266,AGT0057,POL0000034,Renewal,2023-05-01,0.24,74.91
AGX00001267,AGT0087,POL0002012,New Business,2024-09-07,0.2,31.38
AGX00001268,AGT0119,POL0001105,New Business,2025-01-23,0.23,187.19
AGX00001269,AGT0118,POL0004571,Renewal,2026-09-05,0.13,122.42
AGX00001270,AGT0021,POL0003853,Renewal,2022-01-30,0.11,24.75
AGX00001271,AGT0014,POL0004849,New Business,2026-08-24,0.18,195.01
AGX00001272,AGT0138,POL0004727,New Business,2023-08-29,0.07,10.88
AGX00001273,AGT0106,POL0004214,Renewal,2025-08-10,0.1,62.37
AGX00001274,AGT0131,POL0003582,New Business,2026-08-07,0.19,60.71
AGX00001275,AGT0035,POL0004797,Renewal,2026-01-28,0.25,292.5
AGX00001276,AGT0132,POL0001621,New Business,2025-01-18,0.15,252.92
AGX00001277,AGT0076,POL0000314,Renewal,2023-05-24,0.15,58.43
AGX00001278,AGT0012,POL0002270,Renewal,2021-09-13,0.22,59.29
AGX00001279,AGT0063,POL0000773,New Business,2026-05-15,0.17,18.19
AGX00001280,AGT0140,POL0002193,New Business,2025-11-01,0.19,362.34
AGX00001281,AGT0143,POL0000338,Renewal,2025-10-31,0.2,110.7
AGX00001282,AGT0142,POL0001359,New Business,2025-12-01,0.22,295.76
AGX00001283,AGT0026,POL0000310,New Business,2023-10-03,0.11,85.35
AGX00001284,AGT0022,POL0000288,Renewal,2023-11-06,0.14,146.02
AGX00001285,AGT0012,POL0002135,Renewal,2025-10-16,0.14,234.63
AGX00001286,AGT0016,POL0004363,Renewal,2025-03-04,0.17,82.88
AGX00001287,AGT0139,POL0000568,Renewal,2023-12-05,0.25,273.1
AGX00001288,AGT0092,POL0002184,Renewal,2024-10-17,0.21,270.57
AGX00001289,AGT0100,POL0002452,Renewal,2026-08-12,0.17,116.04
AGX00001290,AGT0046,POL0004769,Renewal,2021-11-01,0.2,105.91
AGX00001291,AGT0126,POL0001365,New Business,2025-08-06,0.18,23.41
AGX00001292,AGT0101,POL0000646,Renewal,2025-06-27,0.09,77.56
AGX00001293,AGT0088,POL0002285,New Business,2022-07-17,0.09,177.76
AGX00001294,AGT0092,POL0000417,New Business,2022-08-04,0.06,32.19
AGX00001295,AGT0014,POL0002607,New Business,2026-08-27,0.13,162.6
AGX00001296,AGT0121,POL0002784,New Business,2024-08-28,0.07,12.78
AGX00001297,AGT0066,POL0002238,New Business,2026-05-07,0.12,47.22
AGX00001298,AGT0041,POL0002330,Renewal,2024-09-10,0.09,8.59
AGX00001299,AGT0064,POL0003410,New Business,2026-02-19,0.16,19.21
AGX00001300,AGT0052,POL0002390,Renewal,2025-07-15,0.24,181.89
AGX00001301,AGT0068,POL0001173,Renewal,2026-06-04,0.11,61.51
AGX00001302,AGT0082,POL0003110,New Business,2023-01-29,0.05,27.38
AGX00001303,AGT0051,POL0004467,New Business,2026-03-06,0.2,377.16
AGX00001304,AGT0106,POL0004868,Renewal,2025-11-07,0.08,39.69
AGX00001305,AGT0085,POL0002799,Renewal,2024-02-02,0.18,30.91
AGX00001306,AGT0075,POL0003454,Renewal,2026-04-21,0.15,34.25
AGX00001307,AGT0079,POL0000616,Renewal,2025-08-30,0.15,181.73
AGX00001308,AGT0036,POL0000311,Renewal,2026-08-13,0.24,397.24
AGX00001309,AGT0034,POL0003777,Renewal,2026-08-05,0.17,35.76
AGX00001310,AGT0055,POL0002346,Renewal,2025-04-18,0.18,143.54
AGX00001311,AGT0150,POL0003118,Renewal,2026-07-01,0.13,259.89
AGX00001312,AGT0145,POL0003964,Renewal,2024-11-19,0.12,15.14
AGX00001313,AGT0042,POL0004048,New Business,2026-08-23,0.23,74.46
AGX00001314,AGT0003,POL0002709,Renewal,2021-06-02,0.12,37.64
AGX00001315,AGT0018,POL0000919,Renewal,2026-06-29,0.06,61.56
AGX00001316,AGT0034,POL0004266,Renewal,2025-08-16,0.12,77.95
AGX00001317,AGT0133,POL0002313,New Business,2025-10-21,0.2,29.56
AGX00001318,AGT0054,POL0000001,Renewal,2022-12-07,0.22,243.0
AGX00001319,AGT0006,POL0004483,Renewal,2022-02-19,0.2,370.44
AGX00001320,AGT0084,POL0002831,New Business,2024-06-29,0.16,104.83
AGX00001321,AGT0023,POL0003796,New Business,2025-06-08,0.24,262.31
AGX00001322,AGT0067,POL0002797,New Business,2026-02-08,0.06,33.65
AGX00001323,AGT0060,POL0000150,Renewal,2026-06-06,0.21,308.19
AGX00001324,AGT0024,POL0002670,Renewal,2024-12-27,0.1,152.97
AGX00001325,AGT0094,POL0004313,New Business,2026-05-20,0.17,243.17
AGX00001326,AGT0073,POL0001195,New Business,2025-09-28,0.12,9.91
AGX00001327,AGT0011,POL0002114,Renewal,2024-01-13,0.21,357.37
AGX00001328,AGT0090,POL0002869,New Business,2023-04-03,0.1,167.37
AGX00001329,AGT0056,POL0000973,New Business,2025-06-30,0.07,13.67
AGX00001330,AGT0075,POL0004522,New Business,2025-10-08,0.07,6.49
AGX00001331,AGT0029,POL0001222,New Business,2026-06-04,0.16,67.01
AGX00001332,AGT0082,POL0003285,New Business,2026-02-12,0.13,95.45
AGX00001333,AGT0067,POL0003329,Renewal,2026-02-09,0.25,119.28
AGX00001334,AGT0008,POL0004326,New Business,2026-05-05,0.13,10.82
AGX00001335,AGT0059,POL0000518,New Business,2025-07-21,0.15,17.21
AGX00001336,AGT0123,POL0000873,Renewal,2025-04-04,0.09,104.22
AGX00001337,AGT0044,POL0002657,Renewal,2026-06-19,0.09,132.65
AGX00001338,AGT0021,POL0001828,Renewal,2024-09-24,0.22,436.04
AGX00001339,AGT0108,POL0004941,New Business,2026-06-29,0.07,115.2
AGX00001340,AGT0150,POL0000992,New Business,2026-02-15,0.18,163.9
AGX00001341,AGT0008,POL0000426,Renewal,2023-09-04,0.07,117.57
AGX00001342,AGT0121,POL0002488,Renewal,2025-08-20,0.17,172.53
AGX00001343,AGT0132,POL0002802,Renewal,2025-02-28,0.06,92.46
AGX00001344,AGT0149,POL0002936,Renewal,2025-04-06,0.2,287.46
AGX00001345,AGT0109,POL0000035,Renewal,2021-09-27,0.07,126.3
AGX00001346,AGT0024,POL0002490,New Business,2026-07-09,0.18,280.39
AGX00001347,AGT0136,POL0004967,Renewal,2025-07-31,0.23,219.04
AGX00001348,AGT0035,POL0004220,New Business,2025-04-12,0.2,192.7
AGX00001349,AGT0126,POL0000379,New Business,2024-11-01,0.06,103.58
AGX00001350,AGT0058,POL0001068,Renewal,2023-02-12,0.08,122.11
AGX00001351,AGT0044,POL0004991,New Business,2026-04-30,0.13,199.85
AGX00001352,AGT0040,POL0001329,Renewal,2024-09-26,0.07,40.52
AGX00001353,AGT0061,POL0000282,New Business,2025-10-09,0.06,103.51
AGX00001354,AGT0113,POL0002307,Renewal,2026-01-21,0.13,210.14
AGX00001355,AGT0107,POL0000462,Renewal,2026-07-19,0.21,390.74
AGX00001356,AGT0024,POL0002815,New Business,2023-03-19,0.24,272.85
AGX00001357,AGT0036,POL0001412,Renewal,2022-10-01,0.1,102.53
AGX00001358,AGT0092,POL0001149,Renewal,2026-06-12,0.06,51.53
AGX00001359,AGT0115,POL0003141,Renewal,2025-08-21,0.17,94.98
AGX00001360,AGT0082,POL0003110,New Business,2023-11-09,0.21,115.01
AGX00001361,AGT0099,POL0001478,Renewal,2025-06-17,0.21,51.5
AGX00001362,AGT0047,POL0003316,New Business,2024-12-05,0.22,182.69
AGX00001363,AGT0005,POL0004809,Renewal,2025-08-02,0.05,73.87
AGX00001364,AGT0093,POL0001784,New Business,2026-07-26,0.15,262.72
AGX00001365,AGT0106,POL0000010,Renewal,2024-09-15,0.09,78.34
AGX00001366,AGT0068,POL0004307,Renewal,2026-01-08,0.23,42.7
AGX00001367,AGT0049,POL0001522,Renewal,2023-04-05,0.17,161.14
AGX00001368,AGT0093,POL0001031,Renewal,2025-04-01,0.22,156.64
AGX00001369,AGT0101,POL0002729,Renewal,2024-10-19,0.21,206.73
AGX00001370,AGT0076,POL0003848,New Business,2025-10-03,0.11,49.68
AGX00001371,AGT0070,POL0003741,Renewal,2026-05-21,0.1,53.28
AGX00001372,AGT0068,POL0003168,New Business,2023-11-30,0.16,214.97
AGX00001373,AGT0102,POL0000663,New Business,2024-02-15,0.07,99.44
AGX00001374,AGT0012,POL0004428,Renewal,2022-09-19,0.23,139.06
AGX00001375,AGT0030,POL0004254,New Business,2026-05-05,0.1,70.32
AGX00001376,AGT0100,POL0000242,Renewal,2026-05-15,0.16,46.94
AGX00001377,AGT0023,POL0002554,Renewal,2021-11-19,0.24,406.38
AGX00001378,AGT0020,POL0000791,Renewal,2026-04-25,0.14,7.36
AGX00001379,AGT0112,POL0003234,Renewal,2024-05-01,0.18,245.7
AGX00001380,AGT0055,POL0002346,Renewal,2026-03-05,0.13,103.67
AGX00001381,AGT0105,POL0001764,Renewal,2022-06-09,0.12,74.68
AGX00001382,AGT0122,POL0003828,Renewal,2025-08-30,0.06,71.03
AGX00001383,AGT0015,POL0000029,Renewal,2024-05-22,0.13,175.75
AGX00001384,AGT0140,POL0002975,New Business,2025-04-22,0.13,83.23
AGX00001385,AGT0067,POL0002939,New Business,2026-07-18,0.1,137.53
AGX00001386,AGT0078,POL0000405,Renewal,2026-08-31,0.07,26.39
AGX00001387,AGT0061,POL0000210,Renewal,2024-07-06,0.2,246.83
AGX00001388,AGT0106,POL0003536,Renewal,2026-07-30,0.17,159.47
AGX00001389,AGT0086,POL0004346,Renewal,2026-08-06,0.25,351.28
AGX00001390,AGT0029,POL0000185,Renewal,2021-10-26,0.13,33.95
AGX00001391,AGT0092,POL0004540,Renewal,2024-07-25,0.15,14.79
AGX00001392,AGT0030,POL0002676,New Business,2025-11-29,0.1,152.99
AGX00001393,AGT0089,POL0003630,Renewal,2026-09-04,0.13,28.35
AGX00001394,AGT0118,POL0001953,Renewal,2025-05-29,0.21,230.58
AGX00001395,AGT0003,POL0003656,Renewal,2023-01-06,0.11,64.76
AGX00001396,AGT0096,POL0000995,New Business,2025-01-12,0.12,79.44
AGX00001397,AGT0116,POL0002089,Renewal,2026-05-13,0.1,161.55
AGX00001398,AGT0111,POL0001733,Renewal,2026-03-15,0.14,272.98
AGX00001399,AGT0011,POL0002114,Renewal,2024-03-17,0.17,289.3
AGX00001400,AGT0108,POL0001796,New Business,2024-04-06,0.15,35.94
AGX00001401,AGT0023,POL0003287,New Business,2026-04-15,0.15,59.55
AGX00001402,AGT0105,POL0001432,Renewal,2025-04-02,0.21,25.1
AGX00001403,AGT0109,POL0000035,Renewal,2021-08-11,0.11,198.47
AGX00001404,AGT0123,POL0002111,New Business,2025-11-12,0.2,17.17
AGX00001405,AGT0092,POL0004597,Renewal,2025-11-13,0.13,27.67
AGX00001406,AGT0110,POL0003987,Renewal,2026-05-19,0.12,153.79
AGX00001407,AGT0063,POL0003302,Renewal,2026-08-31,0.14,72.33
AGX00001408,AGT0073,POL0001195,Renewal,2023-11-16,0.16,13.21
AGX00001409,AGT0133,POL0003386,New Business,2026-06-16,0.06,72.59
AGX00001410,AGT0099,POL0001742,Renewal,2026-07-10,0.13,128.0
AGX00001411,AGT0043,POL0000577,New Business,2025-10-29,0.12,193.68
AGX00001412,AGT0095,POL0004714,New Business,2023-12-28,0.15,60.27
AGX00001413,AGT0082,POL0003332,Renewal,2025-07-29,0.09,169.08
AGX00001414,AGT0149,POL0003901,Renewal,2023-10-28,0.12,185.8
AGX00001415,AGT0026,POL0000508,Renewal,2023-07-13,0.23,108.55
AGX00001416,AGT0120,POL0004123,New Business,2026-01-10,0.21,377.27
AGX00001417,AGT0089,POL0003961,Renewal,2026-08-09,0.23,34.49
AGX00001418,AGT0106,POL0003156,Renewal,2024-09-11,0.16,115.65
AGX00001419,AGT0004,POL0001559,Renewal,2025-12-15,0.13,166.88
AGX00001420,AGT0066,POL0002532,Renewal,2025-12-09,0.05,18.86
AGX00001421,AGT0037,POL0004177,Renewal,2026-08-04,0.1,109.16
AGX00001422,AGT0002,POL0003145,Renewal,2026-04-24,0.2,32.12
AGX00001423,AGT0101,POL0003766,Renewal,2026-03-24,0.09,121.13
AGX00001424,AGT0069,POL0001119,New Business,2025-04-03,0.08,82.4
AGX00001425,AGT0047,POL0002534,New Business,2023-05-29,0.1,152.67
AGX00001426,AGT0072,POL0001686,New Business,2024-01-23,0.16,221.57
AGX00001427,AGT0103,POL0001743,Renewal,2026-02-08,0.07,6.4
AGX00001428,AGT0094,POL0004446,New Business,2026-05-28,0.18,211.83
AGX00001429,AGT0120,POL0002202,Renewal,2025-09-06,0.17,162.36
AGX00001430,AGT0031,POL0003427,Renewal,2025-09-28,0.22,427.14
AGX00001431,AGT0140,POL0002394,Renewal,2023-07-11,0.23,344.69
AGX00001432,AGT0104,POL0004563,Renewal,2026-07-29,0.21,122.37
AGX00001433,AGT0072,POL0003577,Renewal,2022-07-16,0.14,20.7
AGX00001434,AGT0066,POL0004837,Renewal,2023-07-22,0.09,23.81
AGX00001435,AGT0009,POL0001654,New Business,2021-10-17,0.13,238.8
AGX00001436,AGT0130,POL0004656,Renewal,2022-09-15,0.13,113.46
AGX00001437,AGT0121,POL0001083,Renewal,2026-07-20,0.09,161.71
AGX00001438,AGT0106,POL0000062,Renewal,2024-06-03,0.16,83.9
AGX00001439,AGT0144,POL0001589,New Business,2026-05-16,0.09,23.34
AGX00001440,AGT0041,POL0001644,Renewal,2024-02-11,0.13,244.74
AGX00001441,AGT0061,POL0000345,Renewal,2023-07-31,0.19,162.07
AGX00001442,AGT0044,POL0003702,Renewal,2026-05-11,0.23,62.04
AGX00001443,AGT0004,POL0003447,Renewal,2026-08-11,0.25,91.18
AGX00001444,AGT0060,POL0003690,Renewal,2025-06-03,0.17,29.82
AGX00001445,AGT0132,POL0002650,Renewal,2026-09-09,0.05,34.96
AGX00001446,AGT0021,POL0002768,Renewal,2025-07-17,0.07,119.11
AGX00001447,AGT0020,POL0003694,New Business,2023-11-17,0.13,56.27
AGX00001448,AGT0003,POL0004988,Renewal,2026-01-06,0.05,8.89
AGX00001449,AGT0091,POL0001514,Renewal,2022-10-30,0.12,113.85
AGX00001450,AGT0026,POL0000421,New Business,2024-07-28,0.09,141.93
AGX00001451,AGT0105,POL0000729,Renewal,2025-12-26,0.23,154.06
AGX00001452,AGT0124,POL0001392,New Business,2025-12-16,0.22,61.54
AGX00001453,AGT0107,POL0000324,Renewal,2024-11-29,0.08,89.22
AGX00001454,AGT0109,POL0001587,New Business,2026-07-03,0.14,11.74
AGX00001455,AGT0008,POL0002523,Renewal,2024-07-25,0.15,177.28
AGX00001456,AGT0080,POL0002143,Renewal,2025-12-09,0.16,117.18
AGX00001457,AGT0081,POL0002626,New Business,2023-02-19,0.12,164.64
AGX00001458,AGT0110,POL0000962,Renewal,2025-06-20,0.11,158.5
AGX00001459,AGT0051,POL0002633,Renewal,2024-09-19,0.19,22.55
AGX00001460,AGT0024,POL0004543,Renewal,2025-01-12,0.22,140.89
AGX00001461,AGT0106,POL0001032,Renewal,2024-07-05,0.07,101.64
AGX00001462,AGT0025,POL0001937,Renewal,2026-07-02,0.12,26.96
AGX00001463,AGT0104,POL0002203,New Business,2025-09-15,0.24,60.82
AGX00001464,AGT0120,POL0004490,Renewal,2022-07-05,0.16,117.33
AGX00001465,AGT0008,POL0002901,New Business,2025-09-03,0.14,187.69
AGX00001466,AGT0044,POL0001974,Renewal,2025-05-23,0.24,303.89
AGX00001467,AGT0143,POL0003099,Renewal,2024-07-08,0.2,107.5
AGX00001468,AGT0102,POL0000890,Renewal,2026-08-25,0.2,15.33
AGX00001469,AGT0077,POL0003634,Renewal,2025-06-14,0.1,22.09
AGX00001470,AGT0068,POL0002930,Renewal,2025-05-06,0.18,112.11
AGX00001471,AGT0129,POL0004561,Renewal,2025-12-21,0.12,57.06
AGX00001472,AGT0030,POL0003731,Renewal,2026-03-08,0.15,54.78
AGX00001473,AGT0134,POL0001169,New Business,2023-01-02,0.1,105.36
AGX00001474,AGT0027,POL0004258,Renewal,2025-01-11,0.06,94.77
AGX00001475,AGT0137,POL0002492,Renewal,2025-01-08,0.06,92.58
AGX00001476,AGT0108,POL0004148,New Business,2026-05-15,0.21,346.97
AGX00001477,AGT0056,POL0004402,Renewal,2023-11-06,0.08,137.9
AGX00001478,AGT0032,POL0000441,Renewal,2023-10-20,0.1,61.52
AGX00001479,AGT0144,POL0004700,New Business,2025-09-21,0.07,94.97
AGX00001480,AGT0022,POL0001611,Renewal,2026-08-17,0.11,167.16
AGX00001481,AGT0045,POL0002504,Renewal,2024-07-23,0.21,193.85
AGX00001482,AGT0043,POL0000329,Renewal,2025-01-12,0.08,137.06
AGX00001483,AGT0039,POL0002673,New Business,2026-04-13,0.08,28.37
AGX00001484,AGT0118,POL0002544,Renewal,2022-12-31,0.08,43.88
AGX00001485,AGT0119,POL0000520,New Business,2023-11-15,0.18,148.38
AGX00001486,AGT0052,POL0002390,New Business,2026-01-20,0.1,75.79
AGX00001487,AGT0128,POL0000407,New Business,2025-08-06,0.22,436.62
AGX00001488,AGT0101,POL0001594,Renewal,2025-09-17,0.15,177.85
AGX00001489,AGT0111,POL0000841,Renewal,2023-08-26,0.24,361.03
AGX00001490,AGT0024,POL0000998,New Business,2024-09-25,0.19,326.7
AGX00001491,AGT0144,POL0000928,Renewal,2026-04-14,0.09,21.32
AGX00001492,AGT0126,POL0004042,New Business,2024-02-08,0.17,77.65
AGX00001493,AGT0051,POL0000262,Renewal,2026-01-01,0.11,40.93
AGX00001494,AGT0117,POL0000467,New Business,2025-01-04,0.13,68.84
AGX00001495,AGT0032,POL0002721,New Business,2025-11-01,0.22,91.13
AGX00001496,AGT0133,POL0001650,New Business,2026-08-05,0.21,304.8
AGX00001497,AGT0063,POL0000939,New Business,2026-06-19,0.2,334.47
AGX00001498,AGT0096,POL0000576,Renewal,2026-07-27,0.25,91.24
AGX00001499,AGT0027,POL0001704,Renewal,2025-12-04,0.17,62.48
AGX00001500,AGT0020,POL0001536,New Business,2024-07-07,0.06,30.8
AGX00001501,AGT0024,POL0003009,Renewal,2021-10-01,0.23,91.93
AGX00001502,AGT0081,POL0004314,Renewal,2023-12-07,0.2,341.4
AGX00001503,AGT0091,POL0002405,New Business,2024-12-11,0.06,106.09
AGX00001504,AGT0111,POL0003216,Renewal,2026-06-14,0.1,43.83
AGX00001505,AGT0016,POL0004654,New Business,2024-10-10,0.08,74.91
AGX00001506,AGT0037,POL0002811,Renewal,2026-08-19,0.24,310.52
AGX00001507,AGT0072,POL0001728,New Business,2026-01-26,0.19,288.97
AGX00001508,AGT0132,POL0004140,New Business,2025-05-13,0.23,360.18
AGX00001509,AGT0099,POL0001170,New Business,2024-05-09,0.24,446.42
AGX00001510,AGT0021,POL0004106,Renewal,2026-06-19,0.1,122.38
AGX00001511,AGT0079,POL0002640,Renewal,2025-03-18,0.11,59.75
AGX00001512,AGT0027,POL0000643,New Business,2026-05-15,0.24,275.89
AGX00001513,AGT0080,POL0004965,New Business,2023-01-15,0.2,167.29
AGX00001514,AGT0113,POL0002578,New Business,2025-06-27,0.16,172.18
AGX00001515,AGT0005,POL0001698,Renewal,2025-05-25,0.09,41.24
AGX00001516,AGT0020,POL0000509,New Business,2024-12-05,0.05,67.9
AGX00001517,AGT0048,POL0000273,Renewal,2026-02-11,0.18,333.26
AGX00001518,AGT0068,POL0000853,Renewal,2025-07-02,0.1,192.96
AGX00001519,AGT0134,POL0001169,Renewal,2025-09-01,0.21,221.26
AGX00001520,AGT0065,POL0004764,New Business,2023-01-05,0.07,39.09
AGX00001521,AGT0098,POL0002696,Renewal,2025-06-07,0.08,139.63
AGX00001522,AGT0087,POL0001361,Renewal,2023-08-21,0.21,205.76
AGX00001523,AGT0006,POL0002503,New Business,2024-09-25,0.08,72.0
AGX00001524,AGT0092,POL0003946,New Business,2025-08-13,0.25,207.48
AGX00001525,AGT0107,POL0003248,Renewal,2026-02-28,0.22,317.14
AGX00001526,AGT0086,POL0004024,New Business,2026-06-24,0.23,285.13
AGX00001527,AGT0070,POL0001203,New Business,2026-05-06,0.21,49.77
AGX00001528,AGT0085,POL0003268,Renewal,2025-10-29,0.18,74.74
AGX00001529,AGT0065,POL0002794,New Business,2026-08-19,0.14,113.06
AGX00001530,AGT0064,POL0003353,New Business,2024-02-08,0.16,318.97
AGX00001531,AGT0111,POL0003216,New Business,2026-01-08,0.18,78.89
AGX00001532,AGT0012,POL0003795,Renewal,2025-03-06,0.08,9.6
AGX00001533,AGT0001,POL0000446,Renewal,2025-01-11,0.11,118.23
AGX00001534,AGT0143,POL0000338,Renewal,2026-06-12,0.13,71.96
AGX00001535,AGT0062,POL0003861,Renewal,2026-01-07,0.19,198.0
AGX00001536,AGT0063,POL0001574,New Business,2024-05-22,0.11,115.14
AGX00001537,AGT0096,POL0002875,New Business,2025-01-28,0.15,287.95
AGX00001538,AGT0086,POL0000969,New Business,2026-08-16,0.2,44.72
AGX00001539,AGT0012,POL0002209,Renewal,2026-03-24,0.09,49.68
AGX00001540,AGT0143,POL0003485,Renewal,2023-09-12,0.06,47.71
AGX00001541,AGT0053,POL0002323,Renewal,2025-04-24,0.12,194.6
AGX00001542,AGT0110,POL0004292,New Business,2026-03-30,0.09,67.42
AGX00001543,AGT0041,POL0000144,New Business,2025-08-21,0.09,174.94
AGX00001544,AGT0083,POL0000592,New Business,2025-01-04,0.12,42.95
AGX00001545,AGT0120,POL0000105,Renewal,2023-08-27,0.15,90.28
AGX00001546,AGT0082,POL0002130,Renewal,2022-02-26,0.05,62.98
AGX00001547,AGT0070,POL0002500,Renewal,2023-11-05,0.17,52.6
AGX00001548,AGT0098,POL0003902,Renewal,2025-05-31,0.22,179.57
AGX00001549,AGT0132,POL0000500,Renewal,2025-09-19,0.15,245.52
AGX00001550,AGT0125,POL0003748,New Business,2025-03-29,0.08,107.9
AGX00001551,AGT0150,POL0000913,Renewal,2021-11-26,0.09,61.51
AGX00001552,AGT0042,POL0002092,New Business,2026-06-15,0.16,45.59
AGX00001553,AGT0126,POL0002953,Renewal,2024-06-28,0.17,168.91
AGX00001554,AGT0085,POL0002961,Renewal,2023-07-18,0.05,71.71
AGX00001555,AGT0106,POL0004214,Renewal,2025-03-23,0.22,137.21
AGX00001556,AGT0132,POL0003214,New Business,2023-12-05,0.2,380.86
AGX00001557,AGT0091,POL0003595,Renewal,2025-08-15,0.1,47.56
AGX00001558,AGT0023,POL0003510,Renewal,2021-04-15,0.1,55.37
AGX00001559,AGT0008,POL0004326,New Business,2026-05-16,0.17,14.15
AGX00001560,AGT0081,POL0002514,New Business,2024-09-24,0.22,33.22
AGX00001561,AGT0126,POL0004551,Renewal,2025-06-09,0.22,74.52
AGX00001562,AGT0087,POL0004580,Renewal,2022-08-28,0.14,165.22
AGX00001563,AGT0027,POL0003927,Renewal,2026-03-02,0.19,72.66
AGX00001564,AGT0095,POL0004714,Renewal,2026-03-15,0.22,88.4
AGX00001565,AGT0146,POL0002562,Renewal,2024-12-06,0.16,280.96
AGX00001566,AGT0032,POL0001871,Renewal,2026-08-29,0.17,89.85
AGX00001567,AGT0014,POL0002261,New Business,2026-05-20,0.12,6.78
AGX00001568,AGT0131,POL0000302,New Business,2026-06-21,0.22,327.72
AGX00001569,AGT0055,POL0002268,Renewal,2026-01-11,0.18,339.21
AGX00001570,AGT0050,POL0003171,New Business,2025-06-10,0.15,136.97
AGX00001571,AGT0149,POL0001282,Renewal,2026-08-23,0.18,200.94
AGX00001572,AGT0144,POL0000933,Renewal,2025-05-18,0.05,26.01
AGX00001573,AGT0137,POL0003495,New Business,2024-11-16,0.22,125.87
AGX00001574,AGT0134,POL0002271,New Business,2026-05-04,0.13,174.55
AGX00001575,AGT0033,POL0003416,Renewal,2026-08-29,0.1,127.44
AGX00001576,AGT0135,POL0004479,Renewal,2024-01-16,0.13,241.51
AGX00001577,AGT0107,POL0002980,Renewal,2024-06-26,0.16,309.5
AGX00001578,AGT0063,POL0001574,Renewal,2024-03-08,0.2,209.34
AGX00001579,AGT0018,POL0000716,Renewal,2024-05-14,0.16,177.97
AGX00001580,AGT0114,POL0000237,New Business,2023-10-13,0.15,53.98
AGX00001581,AGT0133,POL0002313,Renewal,2026-02-03,0.21,31.04
AGX00001582,AGT0002,POL0002427,New Business,2025-03-19,0.07,105.11
AGX00001583,AGT0018,POL0003055,Renewal,2025-09-12,0.19,194.83
AGX00001584,AGT0146,POL0003646,New Business,2026-01-16,0.24,92.75
AGX00001585,AGT0116,POL0000036,Renewal,2026-04-10,0.08,119.5
AGX00001586,AGT0146,POL0001220,Renewal,2025-06-20,0.07,53.79
AGX00001587,AGT0006,POL0002738,New Business,2026-06-23,0.08,144.12
AGX00001588,AGT0037,POL0003710,Renewal,2025-11-12,0.21,274.16
AGX00001589,AGT0015,POL0003612,Renewal,2022-02-28,0.18,23.07
AGX00001590,AGT0040,POL0004724,Renewal,2022-04-18,0.22,400.2
AGX00001591,AGT0083,POL0001505,New Business,2025-02-10,0.12,20.19
AGX00001592,AGT0136,POL0002524,Renewal,2026-08-31,0.06,66.99
AGX00001593,AGT0133,POL0000193,New Business,2025-03-07,0.06,111.56
AGX00001594,AGT0058,POL0002639,New Business,2025-03-07,0.15,52.91
AGX00001595,AGT0141,POL0000731,New Business,2025-10-11,0.09,120.45
AGX00001596,AGT0116,POL0003226,Renewal,2024-01-25,0.15,8.66
AGX00001597,AGT0025,POL0004575,New Business,2021-05-14,0.23,455.76
AGX00001598,AGT0030,POL0001919,Renewal,2023-02-13,0.1,148.35
AGX00001599,AGT0125,POL0001400,Renewal,2023-12-27,0.13,192.38
AGX00001600,AGT0138,POL0002017,Renewal,2022-10-14,0.17,322.26
AGX00001601,AGT0132,POL0002802,New Business,2025-12-11,0.25,385.27
AGX00001602,AGT0064,POL0003939,Renewal,2025-07-10,0.23,69.25
AGX00001603,AGT0037,POL0004784,Renewal,2023-07-21,0.21,347.47
AGX00001604,AGT0041,POL0003494,Renewal,2024-05-26,0.13,16.05
AGX00001605,AGT0077,POL0002686,Renewal,2024-07-18,0.21,369.81
AGX00001606,AGT0010,POL0002218,New Business,2024-08-23,0.11,214.86
AGX00001607,AGT0106,POL0003982,New Business,2025-07-11,0.19,68.54
AGX00001608,AGT0008,POL0004225,Renewal,2025-01-11,0.17,90.79
AGX00001609,AGT0037,POL0004611,New Business,2023-08-24,0.15,207.53
AGX00001610,AGT0067,POL0000824,Renewal,2026-05-31,0.24,166.74
AGX00001611,AGT0058,POL0003509,Renewal,2022-02-18,0.12,223.57
AGX00001612,AGT0136,POL0003359,Renewal,2024-05-04,0.18,334.17
AGX00001613,AGT0047,POL0001878,Renewal,2023-10-24,0.24,65.56
AGX00001614,AGT0072,POL0001707,New Business,2026-08-03,0.15,268.18
AGX00001615,AGT0015,POL0000029,Renewal,2025-03-10,0.06,81.11
AGX00001616,AGT0098,POL0000974,Renewal,2022-07-30,0.18,241.43
AGX00001617,AGT0028,POL0003590,Renewal,2025-08-21,0.15,89.07
AGX00001618,AGT0095,POL0000682,New Business,2026-08-29,0.24,338.42
AGX00001619,AGT0041,POL0002520,Renewal,2026-03-23,0.09,137.71
AGX00001620,AGT0147,POL0000983,New Business,2026-01-14,0.1,177.03
AGX00001621,AGT0041,POL0004407,New Business,2023-06-10,0.07,114.38
AGX00001622,AGT0015,POL0004257,New Business,2025-12-31,0.13,254.11
AGX00001623,AGT0042,POL0003366,New Business,2025-02-25,0.24,315.32
AGX00001624,AGT0043,POL0002249,Renewal,2026-04-19,0.23,142.27
AGX00001625,AGT0040,POL0000622,Renewal,2023-08-14,0.16,157.33
AGX00001626,AGT0042,POL0001509,New Business,2023-10-14,0.23,158.46
AGX00001627,AGT0134,POL0002302,New Business,2022-12-24,0.06,10.68
AGX00001628,AGT0043,POL0002381,Renewal,2026-06-21,0.09,79.08
AGX00001629,AGT0092,POL0001149,Renewal,2026-08-20,0.19,163.17
AGX00001630,AGT0029,POL0003162,New Business,2022-04-01,0.14,161.6
AGX00001631,AGT0017,POL0003022,Renewal,2025-05-05,0.22,346.62
AGX00001632,AGT0018,POL0004389,Renewal,2024-11-25,0.07,128.45
AGX00001633,AGT0116,POL0002333,Renewal,2024-08-18,0.15,65.4
AGX00001634,AGT0130,POL0003430,New Business,2026-09-07,0.23,102.41
AGX00001635,AGT0060,POL0000599,Renewal,2024-07-02,0.18,87.85
AGX00001636,AGT0072,POL0004371,Renewal,2022-09-02,0.24,421.83
AGX00001637,AGT0075,POL0002016,Renewal,2023-07-22,0.07,137.32
AGX00001638,AGT0022,POL0000377,Renewal,2022-01-05,0.18,77.75
AGX00001639,AGT0092,POL0003036,New Business,2026-04-19,0.11,133.22
AGX00001640,AGT0032,POL0000546,New Business,2022-01-06,0.1,189.54
AGX00001641,AGT0081,POL0004228,New Business,2025-08-08,0.13,72.66
AGX00001642,AGT0120,POL0002424,Renewal,2025-05-23,0.21,226.25
AGX00001643,AGT0074,POL0003203,New Business,2025-07-07,0.21,198.15
AGX00001644,AGT0043,POL0001547,Renewal,2024-03-11,0.12,25.54
AGX00001645,AGT0122,POL0001191,New Business,2026-04-24,0.14,251.13
AGX00001646,AGT0065,POL0002517,Renewal,2026-06-08,0.06,34.93
AGX00001647,AGT0044,POL0002147,New Business,2026-08-23,0.05,37.03
AGX00001648,AGT0096,POL0002464,New Business,2026-04-22,0.07,58.9
AGX00001649,AGT0100,POL0004286,New Business,2026-02-19,0.2,219.88
AGX00001650,AGT0046,POL0003070,New Business,2026-09-03,0.11,11.64
AGX00001651,AGT0020,POL0004701,Renewal,2026-08-22,0.07,106.19
AGX00001652,AGT0147,POL0000707,Renewal,2026-08-14,0.24,372.16
AGX00001653,AGT0068,POL0003436,Renewal,2024-09-22,0.17,93.31
AGX00001654,AGT0036,POL0000274,Renewal,2024-08-26,0.09,82.12
AGX00001655,AGT0066,POL0001525,Renewal,2026-01-04,0.05,89.45
AGX00001656,AGT0066,POL0000786,Renewal,2026-02-20,0.08,104.89
AGX00001657,AGT0060,POL0002411,New Business,2024-12-17,0.14,259.23
AGX00001658,AGT0089,POL0001783,Renewal,2026-09-11,0.22,26.01
AGX00001659,AGT0121,POL0001083,New Business,2026-08-19,0.23,413.27
AGX00001660,AGT0024,POL0000924,New Business,2024-01-27,0.11,189.21
AGX00001661,AGT0024,POL0000184,New Business,2026-04-05,0.06,33.6
AGX00001662,AGT0078,POL0004746,Renewal,2026-09-05,0.12,46.48
AGX00001663,AGT0096,POL0002875,New Business,2025-11-06,0.12,230.36
AGX00001664,AGT0139,POL0004317,Renewal,2025-07-15,0.12,19.12
AGX00001665,AGT0078,POL0000932,New Business,2026-05-05,0.07,112.73
AGX00001666,AGT0133,POL0004629,New Business,2023-07-20,0.19,162.82
AGX00001667,AGT0035,POL0000842,Renewal,2025-06-21,0.17,269.6
AGX00001668,AGT0117,POL0004630,Renewal,2026-01-07,0.18,144.48
AGX00001669,AGT0147,POL0003663,Renewal,2026-07-02,0.14,117.07
AGX00001670,AGT0107,POL0001605,New Business,2026-04-19,0.22,308.11
AGX00001671,AGT0058,POL0004171,New Business,2026-07-21,0.16,24.4
AGX00001672,AGT0134,POL0000097,Renewal,2025-12-20,0.08,108.36
AGX00001673,AGT0041,POL0003215,New Business,2026-04-14,0.2,359.68
AGX00001674,AGT0085,POL0002961,Renewal,2024-09-13,0.06,86.05
AGX00001675,AGT0080,POL0003778,Renewal,2026-05-03,0.08,10.72
AGX00001676,AGT0083,POL0002052,New Business,2023-07-05,0.13,171.76
AGX00001677,AGT0085,POL0002672,Renewal,2026-01-08,0.25,143.91
AGX00001678,AGT0064,POL0001630,Renewal,2022-08-07,0.16,204.98
AGX00001679,AGT0001,POL0001123,Renewal,2025-08-28,0.06,44.91
AGX00001680,AGT0139,POL0001403,Renewal,2026-08-23,0.11,31.66
AGX00001681,AGT0143,POL0000119,Renewal,2025-12-22,0.08,22.36
AGX00001682,AGT0125,POL0004938,Renewal,2026-02-05,0.23,23.56
AGX00001683,AGT0129,POL0001184,Renewal,2026-04-21,0.07,134.2
AGX00001684,AGT0001,POL0001618,Renewal,2025-05-22,0.08,123.55
AGX00001685,AGT0041,POL0001511,New Business,2025-03-27,0.23,16.38
AGX00001686,AGT0073,POL0000136,New Business,2025-06-27,0.21,54.73
AGX00001687,AGT0041,POL0003215,New Business,2025-02-11,0.18,323.71
AGX00001688,AGT0043,POL0000445,Renewal,2026-04-29,0.15,118.65
AGX00001689,AGT0150,POL0003843,New Business,2023-12-30,0.07,84.24
AGX00001690,AGT0135,POL0000461,Renewal,2025-02-08,0.05,45.27
AGX00001691,AGT0125,POL0003748,New Business,2025-04-25,0.12,161.85
AGX00001692,AGT0025,POL0001623,Renewal,2026-01-13,0.23,423.44
AGX00001693,AGT0008,POL0000624,Renewal,2025-11-23,0.05,4.23
AGX00001694,AGT0057,POL0000228,New Business,2024-11-18,0.14,208.91
AGX00001695,AGT0131,POL0004796,Renewal,2023-06-02,0.09,74.01
AGX00001696,AGT0016,POL0002999,New Business,2024-11-06,0.2,112.83
AGX00001697,AGT0024,POL0004633,New Business,2026-05-06,0.09,14.67
AGX00001698,AGT0024,POL0004420,Renewal,2025-06-21,0.16,77.6
AGX00001699,AGT0059,POL0001481,Renewal,2026-03-28,0.07,100.04
AGX00001700,AGT0131,POL0000944,New Business,2026-07-01,0.09,73.85
AGX00001701,AGT0003,POL0000362,Renewal,2025-05-04,0.06,34.82
AGX00001702,AGT0008,POL0001555,New Business,2024-02-06,0.22,312.3
AGX00001703,AGT0001,POL0001060,Renewal,2025-08-03,0.08,138.1
AGX00001704,AGT0050,POL0002281,Renewal,2022-11-09,0.25,55.73
AGX00001705,AGT0074,POL0004579,Renewal,2026-08-13,0.18,79.58
AGX00001706,AGT0111,POL0000277,New Business,2024-05-29,0.11,127.98
AGX00001707,AGT0146,POL0003646,Renewal,2025-02-05,0.08,30.92
AGX00001708,AGT0019,POL0002038,Renewal,2026-07-17,0.08,27.24
AGX00001709,AGT0045,POL0000686,New Business,2022-06-16,0.25,418.95
AGX00001710,AGT0026,POL0002207,Renewal,2025-06-10,0.08,97.1
AGX00001711,AGT0032,POL0004461,Renewal,2026-09-06,0.09,156.64
AGX00001712,AGT0036,POL0001330,Renewal,2026-08-03,0.19,20.0
AGX00001713,AGT0079,POL0002621,New Business,2024-01-05,0.16,287.64
AGX00001714,AGT0014,POL0000800,Renewal,2021-06-23,0.23,426.43
AGX00001715,AGT0014,POL0000831,Renewal,2026-08-09,0.22,203.84
AGX00001716,AGT0138,POL0002225,Renewal,2025-09-18,0.07,25.84
AGX00001717,AGT0145,POL0000470,Renewal,2025-04-07,0.11,183.56
AGX00001718,AGT0122,POL0001191,New Business,2026-04-15,0.08,143.5
AGX00001719,AGT0121,POL0001083,New Business,2026-06-08,0.11,197.65
AGX00001720,AGT0109,POL0004342,Renewal,2026-03-08,0.08,69.85
AGX00001721,AGT0016,POL0002777,Renewal,2026-08-02,0.08,70.27
AGX00001722,AGT0110,POL0004697,New Business,2026-07-10,0.24,441.71
AGX00001723,AGT0066,POL0002238,New Business,2026-02-01,0.14,55.09
AGX00001724,AGT0111,POL0000862,New Business,2026-09-03,0.24,479.06
AGX00001725,AGT0051,POL0003575,New Business,2025-09-05,0.09,67.91
AGX00001726,AGT0080,POL0003343,Renewal,2024-05-30,0.11,89.69
AGX00001727,AGT0072,POL0003514,New Business,2026-05-02,0.2,163.35
AGX00001728,AGT0060,POL0004185,Renewal,2026-07-23,0.12,209.74
AGX00001729,AGT0022,POL0000285,Renewal,2026-06-21,0.24,128.41
AGX00001730,AGT0096,POL0004391,Renewal,2023-07-12,0.18,81.02
AGX00001731,AGT0031,POL0001791,Renewal,2024-03-27,0.15,138.38
AGX00001732,AGT0078,POL0000306,Renewal,2025-08-29,0.24,369.9
AGX00001733,AGT0122,POL0003213,Renewal,2025-03-23,0.15,71.93
AGX00001734,AGT0074,POL0003593,New Business,2024-11-14,0.11,168.55
AGX00001735,AGT0067,POL0000381,Renewal,2026-03-02,0.22,119.85
AGX00001736,AGT0003,POL0000585,New Business,2026-08-21,0.16,203.46
AGX00001737,AGT0056,POL0003715,Renewal,2021-09-24,0.23,321.59
AGX00001738,AGT0107,POL0000130,New Business,2026-03-27,0.05,10.59
AGX00001739,AGT0111,POL0003216,Renewal,2026-05-16,0.21,92.03
AGX00001740,AGT0063,POL0002357,Renewal,2026-09-09,0.19,51.49
AGX00001741,AGT0104,POL0004296,Renewal,2026-04-24,0.17,31.82
AGX00001742,AGT0135,POL0002740,Renewal,2026-07-11,0.19,302.95
AGX00001743,AGT0095,POL0000069,Renewal,2026-01-24,0.16,40.83
AGX00001744,AGT0105,POL0004650,New Business,2025-11-15,0.18,200.71
AGX00001745,AGT0095,POL0001464,Renewal,2025-03-29,0.1,147.81
AGX00001746,AGT0017,POL0002835,New Business,2022-06-15,0.06,104.12
AGX00001747,AGT0030,POL0004900,New Business,2024-12-23,0.1,91.1
AGX00001748,AGT0108,POL0002568,New Business,2023-12-10,0.19,190.18
AGX00001749,AGT0044,POL0003067,Renewal,2024-12-04,0.16,73.91
AGX00001750,AGT0077,POL0001593,New Business,2024-07-11,0.14,79.2
AGX00001751,AGT0038,POL0004687,Renewal,2026-06-12,0.13,66.07
AGX00001752,AGT0028,POL0002854,New Business,2021-11-17,0.19,368.27
AGX00001753,AGT0131,POL0001952,New Business,2026-09-02,0.22,136.02
AGX00001754,AGT0144,POL0004213,Renewal,2024-10-09,0.07,78.88
AGX00001755,AGT0115,POL0001024,Renewal,2024-09-06,0.23,444.79
AGX00001756,AGT0077,POL0004679,Renewal,2025-12-05,0.13,54.31
AGX00001757,AGT0144,POL0004717,New Business,2024-05-25,0.1,105.67
AGX00001758,AGT0025,POL0000506,New Business,2025-05-19,0.09,54.77
AGX00001759,AGT0124,POL0001343,Renewal,2026-06-27,0.12,71.64
AGX00001760,AGT0089,POL0003961,New Business,2026-06-05,0.24,35.99
AGX00001761,AGT0021,POL0003433,Renewal,2026-08-11,0.17,235.38
AGX00001762,AGT0148,POL0004232,Renewal,2024-11-28,0.07,71.81
AGX00001763,AGT0070,POL0000941,New Business,2026-09-04,0.09,104.65
AGX00001764,AGT0006,POL0002723,Renewal,2026-04-26,0.08,130.93
AGX00001765,AGT0034,POL0000728,Renewal,2025-05-04,0.06,113.61
AGX00001766,AGT0024,POL0002746,Renewal,2025-07-21,0.21,16.38
AGX00001767,AGT0067,POL0000093,Renewal,2024-09-12,0.11,60.8
AGX00001768,AGT0112,POL0002785,New Business,2024-02-05,0.17,252.01
AGX00001769,AGT0087,POL0003938,Renewal,2026-03-29,0.07,87.75
AGX00001770,AGT0140,POL0001678,Renewal,2025-06-01,0.12,160.68
AGX00001771,AGT0101,POL0000646,Renewal,2025-08-27,0.16,137.88
AGX00001772,AGT0100,POL0004445,New Business,2026-08-07,0.2,133.0
AGX00001773,AGT0052,POL0000232,New Business,2024-05-19,0.08,138.48
AGX00001774,AGT0131,POL0004009,Renewal,2025-05-15,0.05,62.28
AGX00001775,AGT0014,POL0003520,Renewal,2023-12-24,0.16,168.24
AGX00001776,AGT0010,POL0003986,New Business,2023-02-20,0.08,52.84
AGX00001777,AGT0064,POL0000593,Renewal,2026-07-19,0.12,192.56
AGX00001778,AGT0139,POL0004094,Renewal,2024-01-27,0.21,165.32
AGX00001779,AGT0002,POL0001001,Renewal,2022-07-06,0.17,152.07
AGX00001780,AGT0028,POL0002399,New Business,2023-01-24,0.15,49.7
AGX00001781,AGT0006,POL0003767,Renewal,2022-01-02,0.16,315.74
AGX00001782,AGT0113,POL0004131,New Business,2022-06-27,0.24,236.34
AGX00001783,AGT0136,POL0000703,Renewal,2022-09-20,0.16,225.96
AGX00001784,AGT0043,POL0002660,Renewal,2022-04-25,0.09,68.66
AGX00001785,AGT0022,POL0000857,Renewal,2026-04-12,0.09,116.15
AGX00001786,AGT0121,POL0001046,Renewal,2026-01-10,0.16,233.56
AGX00001787,AGT0141,POL0002241,New Business,2026-08-18,0.08,140.85
AGX00001788,AGT0071,POL0003724,Renewal,2023-07-11,0.21,82.96
AGX00001789,AGT0005,POL0004932,New Business,2025-10-23,0.06,119.37
AGX00001790,AGT0146,POL0003524,Renewal,2022-02-23,0.13,165.19
AGX00001791,AGT0127,POL0002615,Renewal,2025-10-16,0.08,118.66
AGX00001792,AGT0145,POL0003964,Renewal,2025-12-01,0.21,26.5
AGX00001793,AGT0074,POL0000386,Renewal,2026-08-14,0.08,99.67
AGX00001794,AGT0082,POL0004134,New Business,2026-05-18,0.21,22.01
AGX00001795,AGT0017,POL0000715,New Business,2025-07-05,0.08,32.69
AGX00001796,AGT0058,POL0001804,New Business,2026-06-13,0.24,383.74
AGX00001797,AGT0015,POL0000294,New Business,2024-01-10,0.15,225.35
AGX00001798,AGT0015,POL0001761,Renewal,2025-06-26,0.05,97.46
AGX00001799,AGT0067,POL0001648,Renewal,2024-04-20,0.06,50.74
AGX00001800,AGT0128,POL0003884,New Business,2026-02-22,0.24,120.86
AGX00001801,AGT0147,POL0001102,New Business,2023-07-26,0.14,253.64
AGX00001802,AGT0113,POL0003671,New Business,2024-09-20,0.23,12.86
AGX00001803,AGT0021,POL0002625,New Business,2026-01-18,0.16,91.32
AGX00001804,AGT0144,POL0002945,New Business,2025-10-30,0.08,47.82
AGX00001805,AGT0065,POL0003678,New Business,2026-04-24,0.1,166.92
AGX00001806,AGT0100,POL0004265,New Business,2026-06-26,0.25,424.37
AGX00001807,AGT0080,POL0001599,New Business,2026-07-20,0.09,126.94
AGX00001808,AGT0022,POL0002155,New Business,2023-02-03,0.16,105.62
AGX00001809,AGT0143,POL0004552,Renewal,2026-03-03,0.07,113.22
AGX00001810,AGT0086,POL0000969,Renewal,2026-07-13,0.11,24.6
AGX00001811,AGT0112,POL0001213,Renewal,2026-04-18,0.1,158.59
AGX00001812,AGT0125,POL0002921,Renewal,2024-09-29,0.21,231.93
AGX00001813,AGT0057,POL0000013,Renewal,2025-04-27,0.15,195.78
AGX00001814,AGT0039,POL0004067,New Business,2026-02-26,0.14,206.83
AGX00001815,AGT0037,POL0003610,Renewal,2025-01-14,0.07,105.21
AGX00001816,AGT0087,POL0000138,New Business,2024-04-02,0.07,33.75
AGX00001817,AGT0057,POL0001122,New Business,2023-09-01,0.16,288.47
AGX00001818,AGT0145,POL0002408,Renewal,2025-10-22,0.21,139.27
AGX00001819,AGT0099,POL0001262,New Business,2026-02-15,0.18,74.5
AGX00001820,AGT0136,POL0004200,Renewal,2021-10-16,0.13,62.47
AGX00001821,AGT0017,POL0000715,New Business,2024-12-24,0.06,24.52
AGX00001822,AGT0002,POL0003789,Renewal,2025-06-10,0.13,189.3
AGX00001823,AGT0063,POL0000298,New Business,2022-03-07,0.12,209.9
AGX00001824,AGT0008,POL0000264,New Business,2025-07-17,0.18,243.1
AGX00001825,AGT0019,POL0001512,New Business,2024-01-22,0.19,341.24
AGX00001826,AGT0088,POL0002997,Renewal,2022-10-23,0.24,185.59
AGX00001827,AGT0086,POL0003238,Renewal,2024-07-19,0.17,185.62
AGX00001828,AGT0038,POL0004775,Renewal,2025-06-01,0.16,200.22
AGX00001829,AGT0060,POL0000599,Renewal,2024-09-25,0.24,117.13
AGX00001830,AGT0074,POL0001445,Renewal,2026-05-29,0.09,154.5
AGX00001831,AGT0053,POL0003686,New Business,2026-07-24,0.14,30.45
AGX00001832,AGT0083,POL0003737,Renewal,2026-06-28,0.23,374.54
AGX00001833,AGT0031,POL0003275,Renewal,2025-05-31,0.09,136.23
AGX00001834,AGT0103,POL0003876,Renewal,2026-08-07,0.07,9.7
AGX00001835,AGT0121,POL0000363,New Business,2026-01-25,0.18,123.69
AGX00001836,AGT0016,POL0002280,Renewal,2025-11-10,0.1,107.95
AGX00001837,AGT0026,POL0004441,New Business,2026-06-02,0.15,55.76
AGX00001838,AGT0100,POL0004075,New Business,2025-01-10,0.17,289.12
AGX00001839,AGT0139,POL0000700,Renewal,2025-06-06,0.23,370.94
AGX00001840,AGT0141,POL0004578,New Business,2022-07-20,0.2,261.9
AGX00001841,AGT0145,POL0004340,Renewal,2023-06-17,0.13,240.34
AGX00001842,AGT0131,POL0003365,Renewal,2026-02-27,0.2,81.97
AGX00001843,AGT0090,POL0003839,New Business,2022-01-30,0.06,111.93
AGX00001844,AGT0103,POL0004867,New Business,2024-03-22,0.07,28.05
AGX00001845,AGT0021,POL0001535,Renewal,2026-08-29,0.2,260.2
AGX00001846,AGT0071,POL0004272,New Business,2026-04-30,0.08,122.23
AGX00001847,AGT0047,POL0001108,New Business,2026-09-10,0.19,17.99
AGX00001848,AGT0144,POL0000615,New Business,2024-08-11,0.23,141.19
AGX00001849,AGT0144,POL0001167,Renewal,2025-01-08,0.1,134.67
AGX00001850,AGT0033,POL0004971,New Business,2022-10-06,0.2,253.96
AGX00001851,AGT0093,POL0004083,Renewal,2025-05-26,0.18,104.07
AGX00001852,AGT0146,POL0004161,New Business,2024-08-20,0.14,81.38
AGX00001853,AGT0062,POL0001910,Renewal,2022-12-26,0.07,15.03
AGX00001854,AGT0015,POL0001761,Renewal,2025-04-04,0.14,272.88
AGX00001855,AGT0029,POL0004585,New Business,2024-11-25,0.2,158.03
AGX00001856,AGT0098,POL0003230,New Business,2022-12-21,0.11,182.95
AGX00001857,AGT0090,POL0003627,New Business,2026-04-22,0.16,32.49
AGX00001858,AGT0032,POL0004169,New Business,2024-03-04,0.13,63.72
AGX00001859,AGT0111,POL0000420,New Business,2025-03-18,0.08,53.88
AGX00001860,AGT0120,POL0003802,Renewal,2022-05-05,0.11,92.63
AGX00001861,AGT0112,POL0001874,Renewal,2025-12-06,0.23,278.15
AGX00001862,AGT0035,POL0002907,New Business,2025-01-15,0.13,117.47
AGX00001863,AGT0079,POL0003347,Renewal,2023-10-14,0.2,233.44
AGX00001864,AGT0043,POL0000400,Renewal,2026-03-03,0.21,226.21
AGX00001865,AGT0073,POL0002877,Renewal,2023-07-20,0.05,43.87
AGX00001866,AGT0083,POL0001799,Renewal,2026-06-11,0.24,303.05
AGX00001867,AGT0071,POL0001358,Renewal,2026-06-06,0.18,331.26
AGX00001868,AGT0099,POL0003483,Renewal,2024-11-25,0.06,48.81
AGX00001869,AGT0131,POL0003582,New Business,2026-08-18,0.24,76.68
AGX00001870,AGT0095,POL0001977,New Business,2025-11-07,0.05,69.18
AGX00001871,AGT0028,POL0003125,Renewal,2024-10-12,0.24,118.18
AGX00001872,AGT0089,POL0001013,New Business,2026-02-21,0.07,10.11
AGX00001873,AGT0030,POL0001493,New Business,2025-01-27,0.11,66.56
AGX00001874,AGT0124,POL0000290,Renewal,2023-11-29,0.13,118.71
AGX00001875,AGT0129,POL0000758,Renewal,2023-09-23,0.24,285.25
AGX00001876,AGT0061,POL0000594,New Business,2026-09-06,0.23,344.18
AGX00001877,AGT0141,POL0000543,Renewal,2026-08-31,0.17,30.93
AGX00001878,AGT0150,POL0002855,Renewal,2025-06-10,0.24,445.01
AGX00001879,AGT0067,POL0003233,New Business,2024-03-30,0.09,52.09
AGX00001880,AGT0111,POL0004711,Renewal,2025-12-02,0.07,23.69
AGX00001881,AGT0081,POL0002971,New Business,2023-12-14,0.11,41.6
AGX00001882,AGT0101,POL0000257,Renewal,2026-02-23,0.13,223.16
AGX00001883,AGT0095,POL0004135,Renewal,2023-04-29,0.1,38.91
AGX00001884,AGT0021,POL0004866,New Business,2026-01-14,0.15,126.78
AGX00001885,AGT0087,POL0002384,New Business,2026-08-30,0.1,138.81
AGX00001886,AGT0130,POL0002250,Renewal,2024-07-28,0.05,14.31
AGX00001887,AGT0033,POL0001180,Renewal,2026-07-25,0.07,97.94
AGX00001888,AGT0125,POL0003469,New Business,2021-07-02,0.14,195.62
AGX00001889,AGT0017,POL0002404,New Business,2025-12-24,0.13,124.1
AGX00001890,AGT0058,POL0000139,Renewal,2023-10-16,0.17,115.3
AGX00001891,AGT0092,POL0001367,New Business,2026-02-16,0.06,28.34
AGX00001892,AGT0039,POL0002189,New Business,2026-09-02,0.2,87.49
AGX00001893,AGT0092,POL0002396,Renewal,2026-03-15,0.14,109.66
AGX00001894,AGT0001,POL0003005,Renewal,2026-09-03,0.1,163.33
AGX00001895,AGT0148,POL0004378,New Business,2025-07-08,0.06,3.21
AGX00001896,AGT0080,POL0001599,Renewal,2022-08-01,0.12,169.26
AGX00001897,AGT0125,POL0003748,Renewal,2024-08-11,0.16,215.8
AGX00001898,AGT0039,POL0004444,Renewal,2026-05-11,0.06,36.79
AGX00001899,AGT0144,POL0003810,Renewal,2026-07-18,0.23,23.34
AGX00001900,AGT0092,POL0000417,Renewal,2023-07-14,0.18,96.56
AGX00001901,AGT0095,POL0003962,Renewal,2026-05-23,0.06,69.05
AGX00001902,AGT0112,POL0002416,Renewal,2021-12-04,0.12,86.6
AGX00001903,AGT0113,POL0003374,New Business,2025-09-21,0.23,346.02
AGX00001904,AGT0066,POL0000947,Renewal,2024-03-30,0.17,49.94
AGX00001905,AGT0013,POL0004972,Renewal,2023-10-04,0.22,355.33
AGX00001906,AGT0034,POL0003570,New Business,2025-10-01,0.21,326.59
AGX00001907,AGT0114,POL0004120,Renewal,2022-06-10,0.1,61.97
AGX00001908,AGT0102,POL0000469,New Business,2026-05-11,0.16,208.1
AGX00001909,AGT0129,POL0002144,Renewal,2022-03-18,0.21,252.38
AGX00001910,AGT0060,POL0000531,New Business,2026-04-10,0.16,110.95
AGX00001911,AGT0095,POL0001939,Renewal,2025-02-12,0.06,102.24
AGX00001912,AGT0010,POL0001374,New Business,2025-06-28,0.07,28.07
AGX00001913,AGT0090,POL0003137,Renewal,2026-08-08,0.24,44.34
AGX00001914,AGT0032,POL0002293,Renewal,2023-06-10,0.2,53.51
AGX00001915,AGT0057,POL0000131,Renewal,2025-02-16,0.07,83.73
AGX00001916,AGT0006,POL0001723,Renewal,2024-12-12,0.19,228.39
AGX00001917,AGT0111,POL0002388,New Business,2026-08-13,0.21,142.93
AGX00001918,AGT0038,POL0000430,Renewal,2024-12-06,0.13,210.58
AGX00001919,AGT0028,POL0004969,Renewal,2026-03-27,0.24,31.08
AGX00001920,AGT0077,POL0004541,Renewal,2022-06-09,0.22,422.82
AGX00001921,AGT0004,POL0002219,Renewal,2026-06-05,0.23,206.46
AGX00001922,AGT0125,POL0000958,Renewal,2026-04-18,0.2,257.5
AGX00001923,AGT0126,POL0003294,Renewal,2022-03-12,0.14,135.43
AGX00001924,AGT0080,POL0004965,New Business,2024-08-03,0.13,108.74
AGX00001925,AGT0071,POL0001435,Renewal,2025-03-24,0.17,112.55
AGX00001926,AGT0002,POL0004593,New Business,2025-12-19,0.05,49.93
AGX00001927,AGT0001,POL0002100,Renewal,2023-12-08,0.14,233.07
AGX00001928,AGT0012,POL0004574,New Business,2026-08-19,0.09,174.5
AGX00001929,AGT0067,POL0001608,New Business,2024-03-05,0.08,56.14
AGX00001930,AGT0099,POL0001875,Renewal,2026-06-25,0.21,342.73
AGX00001931,AGT0052,POL0001683,Renewal,2026-03-03,0.08,34.01
AGX00001932,AGT0081,POL0002067,Renewal,2025-12-21,0.21,118.42
AGX00001933,AGT0093,POL0004404,Renewal,2026-03-27,0.19,278.44
AGX00001934,AGT0064,POL0002754,New Business,2024-02-04,0.23,253.59
AGX00001935,AGT0144,POL0004909,Renewal,2024-09-17,0.06,63.89
AGX00001936,AGT0134,POL0000293,New Business,2023-03-03,0.18,54.96
AGX00001937,AGT0067,POL0001999,New Business,2025-02-14,0.15,260.74
AGX00001938,AGT0086,POL0002584,New Business,2023-05-25,0.06,97.25
AGX00001939,AGT0110,POL0004963,New Business,2022-02-15,0.21,130.2
AGX00001940,AGT0150,POL0004690,New Business,2024-11-14,0.22,161.21
AGX00001941,AGT0008,POL0000843,Renewal,2024-12-22,0.07,67.82
AGX00001942,AGT0133,POL0000559,New Business,2026-08-23,0.13,139.46
AGX00001943,AGT0095,POL0003140,New Business,2026-01-02,0.19,19.41
AGX00001944,AGT0137,POL0001494,Renewal,2026-07-18,0.19,177.04
AGX00001945,AGT0128,POL0001713,New Business,2026-08-02,0.14,260.92
AGX00001946,AGT0130,POL0004237,New Business,2022-09-10,0.24,101.43
AGX00001947,AGT0125,POL0000645,Renewal,2024-07-01,0.15,161.71
AGX00001948,AGT0071,POL0001358,Renewal,2026-05-17,0.08,147.23
AGX00001949,AGT0052,POL0002476,New Business,2026-06-21,0.13,259.18
AGX00001950,AGT0096,POL0004405,New Business,2023-10-28,0.1,181.14
AGX00001951,AGT0093,POL0000765,New Business,2024-10-11,0.19,164.41
AGX00001952,AGT0079,POL0001521,New Business,2025-06-04,0.1,5.82
AGX00001953,AGT0066,POL0002073,Renewal,2023-03-06,0.24,29.51
AGX00001954,AGT0142,POL0001998,Renewal,2026-01-14,0.14,133.83
AGX00001955,AGT0031,POL0003681,New Business,2026-03-19,0.16,27.66
AGX00001956,AGT0133,POL0003873,New Business,2024-06-04,0.08,45.8
AGX00001957,AGT0149,POL0002955,New Business,2025-01-03,0.07,109.58
AGX00001958,AGT0116,POL0004918,Renewal,2025-05-19,0.11,200.37
AGX00001959,AGT0095,POL0004388,Renewal,2026-03-17,0.09,110.91
AGX00001960,AGT0085,POL0000745,Renewal,2026-07-15,0.12,212.82
AGX00001961,AGT0136,POL0002491,Renewal,2026-01-12,0.14,117.93
AGX00001962,AGT0104,POL0002283,Renewal,2026-01-13,0.17,150.92
AGX00001963,AGT0085,POL0000074,Renewal,2024-02-04,0.09,52.14
AGX00001964,AGT0121,POL0001109,Renewal,2026-05-27,0.16,234.57
AGX00001965,AGT0087,POL0002012,New Business,2025-05-10,0.13,20.4
AGX00001966,AGT0073,POL0004036,Renewal,2026-01-03,0.24,435.37
AGX00001967,AGT0148,POL0001250,Renewal,2025-04-16,0.19,204.19
AGX00001968,AGT0068,POL0004287,Renewal,2025-08-04,0.12,195.45
AGX00001969,AGT0092,POL0002006,Renewal,2024-06-06,0.06,115.88
AGX00001970,AGT0063,POL0000773,Renewal,2025-10-01,0.13,13.91
AGX00001971,AGT0091,POL0001659,New Business,2022-07-21,0.12,232.16
AGX00001972,AGT0106,POL0004214,Renewal,2024-12-12,0.11,68.6
AGX00001973,AGT0044,POL0001259,Renewal,2025-09-05,0.16,189.3
AGX00001974,AGT0135,POL0004514,Renewal,2026-04-01,0.14,125.37
AGX00001975,AGT0014,POL0001982,New Business,2025-03-15,0.09,135.72
AGX00001976,AGT0078,POL0002458,Renewal,2024-01-15,0.21,334.29
AGX00001977,AGT0030,POL0003189,New Business,2026-06-01,0.05,12.18
AGX00001978,AGT0103,POL0003834,Renewal,2025-09-04,0.23,238.19
AGX00001979,AGT0021,POL0001289,Renewal,2023-08-05,0.13,61.38
AGX00001980,AGT0147,POL0000753,New Business,2024-12-12,0.17,254.07
AGX00001981,AGT0003,POL0002195,New Business,2024-11-30,0.18,351.48
AGX00001982,AGT0027,POL0004748,New Business,2023-04-20,0.07,14.36
AGX00001983,AGT0058,POL0002639,Renewal,2026-08-26,0.09,31.75
AGX00001984,AGT0080,POL0004606,Renewal,2026-02-03,0.13,154.16
AGX00001985,AGT0064,POL0002631,New Business,2025-08-22,0.23,128.65
AGX00001986,AGT0041,POL0003167,New Business,2026-09-06,0.25,202.86
AGX00001987,AGT0016,POL0003989,Renewal,2026-08-17,0.06,58.17
AGX00001988,AGT0002,POL0001407,New Business,2025-09-08,0.08,138.34
AGX00001989,AGT0101,POL0003766,Renewal,2026-05-05,0.15,201.89
AGX00001990,AGT0052,POL0000875,Renewal,2024-09-11,0.09,50.48
AGX00001991,AGT0140,POL0004151,New Business,2024-09-04,0.21,412.65
AGX00001992,AGT0101,POL0002739,Renewal,2025-06-16,0.1,164.16
AGX00001993,AGT0139,POL0004264,Renewal,2026-04-17,0.24,283.22
AGX00001994,AGT0127,POL0000253,Renewal,2024-05-01,0.2,162.5
AGX00001995,AGT0033,POL0003416,Renewal,2026-02-26,0.21,267.63
AGX00001996,AGT0114,POL0000922,Renewal,2026-08-08,0.07,97.26
AGX00001997,AGT0049,POL0002466,Renewal,2026-07-25,0.17,95.64
AGX00001998,AGT0041,POL0001373,New Business,2024-03-05,0.22,292.09
AGX00001999,AGT0068,POL0004287,Renewal,2022-06-13,0.17,276.89
AGX00002000,AGT0041,POL0003146,New Business,2023-12-09,0.11,28.73
AGX00002001,AGT0091,POL0003831,New Business,2023-10-26,0.07,57.64
AGX00002002,AGT0098,POL0003993,New Business,2025-11-15,0.05,83.96
AGX00002003,AGT0049,POL0001522,New Business,2023-06-06,0.12,113.75
AGX00002004,AGT0058,POL0003270,Renewal,2026-04-05,0.11,85.71
AGX00002005,AGT0142,POL0001280,Renewal,2024-04-18,0.15,147.75
AGX00002006,AGT0059,POL0002724,New Business,2022-12-13,0.1,88.56
AGX00002007,AGT0100,POL0004075,Renewal,2024-08-11,0.21,357.15
AGX00002008,AGT0066,POL0002070,Renewal,2024-02-25,0.16,296.52
AGX00002009,AGT0023,POL0001178,New Business,2024-01-07,0.07,34.05
AGX00002010,AGT0031,POL0002113,Renewal,2021-03-25,0.2,281.71
AGX00002011,AGT0051,POL0001579,New Business,2025-11-18,0.06,80.8
AGX00002012,AGT0049,POL0002141,Renewal,2026-06-02,0.25,417.38
AGX00002013,AGT0124,POL0002693,Renewal,2023-07-21,0.2,299.01
AGX00002014,AGT0077,POL0001859,Renewal,2025-07-12,0.15,142.29
AGX00002015,AGT0067,POL0003233,Renewal,2026-06-01,0.08,46.3
AGX00002016,AGT0018,POL0002361,New Business,2026-08-24,0.23,54.94
AGX00002017,AGT0083,POL0001554,New Business,2026-05-10,0.12,171.83
AGX00002018,AGT0063,POL0001908,Renewal,2026-02-21,0.22,240.4
AGX00002019,AGT0052,POL0004520,Renewal,2025-12-02,0.12,11.68
AGX00002020,AGT0001,POL0004204,New Business,2026-03-17,0.12,75.94
AGX00002021,AGT0078,POL0000306,Renewal,2025-05-27,0.18,277.43
AGX00002022,AGT0045,POL0001537,New Business,2026-01-21,0.08,46.61
AGX00002023,AGT0065,POL0001822,New Business,2025-05-10,0.18,176.39
AGX00002024,AGT0086,POL0000702,Renewal,2024-07-15,0.13,148.95
AGX00002025,AGT0043,POL0004732,Renewal,2022-07-15,0.21,115.67
AGX00002026,AGT0099,POL0002856,Renewal,2024-05-19,0.19,130.59
AGX00002027,AGT0050,POL0004463,Renewal,2026-02-20,0.2,84.9
AGX00002028,AGT0096,POL0000794,Renewal,2026-08-10,0.08,90.84
AGX00002029,AGT0036,POL0004172,New Business,2024-12-10,0.2,247.74
AGX00002030,AGT0002,POL0004593,Renewal,2025-08-14,0.22,219.7
AGX00002031,AGT0139,POL0004785,New Business,2026-09-04,0.07,91.07
AGX00002032,AGT0089,POL0002317,New Business,2026-07-07,0.09,50.83
AGX00002033,AGT0120,POL0000105,New Business,2026-06-04,0.12,72.22
AGX00002034,AGT0115,POL0000956,Renewal,2024-12-20,0.21,393.63
AGX00002035,AGT0089,POL0004347,Renewal,2023-01-16,0.16,13.75
AGX00002036,AGT0058,POL0004903,New Business,2026-01-04,0.06,78.01
AGX00002037,AGT0031,POL0003456,Renewal,2026-02-19,0.23,299.45
AGX00002038,AGT0147,POL0001413,New Business,2024-11-29,0.16,30.03
AGX00002039,AGT0020,POL0002008,Renewal,2026-07-05,0.18,296.79
AGX00002040,AGT0032,POL0002081,Renewal,2023-05-16,0.24,375.59
AGX00002041,AGT0005,POL0004312,New Business,2023-11-25,0.15,197.56
AGX00002042,AGT0114,POL0002759,Renewal,2025-03-22,0.09,125.5
AGX00002043,AGT0117,POL0000540,New Business,2026-01-01,0.24,171.78
AGX00002044,AGT0037,POL0000548,Renewal,2026-05-30,0.12,166.15
AGX00002045,AGT0105,POL0001432,Renewal,2025-09-03,0.21,25.1
AGX00002046,AGT0006,POL0004645,New Business,2025-12-20,0.17,248.89
AGX00002047,AGT0150,POL0003118,Renewal,2026-05-20,0.17,339.86
AGX00002048,AGT0009,POL0000261,Renewal,2024-07-24,0.14,225.32
AGX00002049,AGT0128,POL0004380,New Business,2025-10-26,0.07,16.11
AGX00002050,AGT0082,POL0002407,New Business,2026-04-12,0.24,232.35
AGX00002051,AGT0065,POL0004914,New Business,2023-06-28,0.07,122.46
AGX00002052,AGT0109,POL0000031,Renewal,2024-10-29,0.12,186.33
AGX00002053,AGT0027,POL0003729,Renewal,2026-06-29,0.22,16.38
AGX00002054,AGT0140,POL0002308,New Business,2025-07-10,0.14,170.37
AGX00002055,AGT0063,POL0001735,Renewal,2026-05-12,0.23,78.54
AGX00002056,AGT0093,POL0002771,New Business,2024-02-03,0.09,27.22
AGX00002057,AGT0029,POL0003370,Renewal,2023-08-24,0.22,84.28
AGX00002058,AGT0115,POL0003286,New Business,2025-06-18,0.07,63.79
AGX00002059,AGT0039,POL0000801,New Business,2025-05-25,0.19,278.67
AGX00002060,AGT0121,POL0002946,Renewal,2026-02-13,0.09,50.98
AGX00002061,AGT0099,POL0001262,Renewal,2023-03-02,0.23,95.2
AGX00002062,AGT0089,POL0002912,New Business,2025-02-02,0.17,28.13
AGX00002063,AGT0044,POL0001974,Renewal,2026-06-06,0.17,215.26
AGX00002064,AGT0098,POL0003584,Renewal,2025-05-30,0.19,218.45
AGX00002065,AGT0145,POL0003474,New Business,2026-02-01,0.22,41.73
AGX00002066,AGT0121,POL0001005,Renewal,2021-10-20,0.25,245.53
AGX00002067,AGT0039,POL0000356,New Business,2023-01-12,0.07,111.75
AGX00002068,AGT0066,POL0001055,New Business,2022-09-14,0.19,145.23
AGX00002069,AGT0123,POL0002088,New Business,2025-01-04,0.17,254.29
AGX00002070,AGT0091,POL0003929,New Business,2026-08-22,0.22,23.04
AGX00002071,AGT0134,POL0004976,New Business,2023-02-26,0.21,197.08
AGX00002072,AGT0007,POL0002537,Renewal,2026-04-20,0.18,156.53
AGX00002073,AGT0103,POL0002706,Renewal,2024-05-23,0.19,376.81
AGX00002074,AGT0143,POL0002850,Renewal,2023-10-15,0.17,59.35
AGX00002075,AGT0145,POL0004062,Renewal,2024-09-01,0.11,206.28
AGX00002076,AGT0105,POL0003847,Renewal,2022-06-12,0.16,112.87
AGX00002077,AGT0069,POL0003512,Renewal,2024-04-11,0.23,318.85
AGX00002078,AGT0044,POL0000344,New Business,2023-08-23,0.24,468.12
AGX00002079,AGT0012,POL0000990,New Business,2026-05-01,0.11,102.43
AGX00002080,AGT0117,POL0004021,New Business,2022-02-06,0.19,190.3
AGX00002081,AGT0087,POL0003254,Renewal,2026-07-01,0.2,40.5
AGX00002082,AGT0067,POL0002939,Renewal,2025-10-12,0.06,82.52
AGX00002083,AGT0080,POL0004602,Renewal,2024-08-15,0.2,312.09
AGX00002084,AGT0048,POL0000834,Renewal,2023-11-29,0.19,268.3
AGX00002085,AGT0049,POL0004462,Renewal,2024-07-19,0.09,134.8
AGX00002086,AGT0012,POL0002741,New Business,2025-05-19,0.15,206.04
AGX00002087,AGT0032,POL0000694,Renewal,2026-05-25,0.16,242.2
AGX00002088,AGT0030,POL0002177,Renewal,2021-05-07,0.08,136.41
AGX00002089,AGT0131,POL0000965,New Business,2023-04-15,0.06,5.67
AGX00002090,AGT0033,POL0002559,New Business,2026-08-29,0.13,234.73
AGX00002091,AGT0110,POL0002198,New Business,2024-07-15,0.17,265.34
AGX00002092,AGT0088,POL0003360,New Business,2023-07-02,0.14,81.01
AGX00002093,AGT0015,POL0003612,Renewal,2022-02-14,0.11,14.1
AGX00002094,AGT0046,POL0003164,New Business,2024-11-08,0.18,37.63
AGX00002095,AGT0001,POL0003288,New Business,2026-06-06,0.23,310.14
AGX00002096,AGT0105,POL0004546,New Business,2024-06-07,0.18,301.7
AGX00002097,AGT0146,POL0004767,New Business,2025-06-03,0.2,12.88
AGX00002098,AGT0086,POL0002718,New Business,2025-01-14,0.22,344.95
AGX00002099,AGT0042,POL0004048,Renewal,2026-08-24,0.21,67.99
AGX00002100,AGT0115,POL0003286,New Business,2024-01-03,0.1,91.13
AGX00002101,AGT0119,POL0001105,Renewal,2025-01-08,0.12,97.67
AGX00002102,AGT0093,POL0004829,New Business,2025-08-27,0.13,58.44
AGX00002103,AGT0100,POL0001684,New Business,2024-11-09,0.2,44.58
AGX00002104,AGT0089,POL0004475,New Business,2025-05-17,0.18,251.06
AGX00002105,AGT0028,POL0000667,Renewal,2025-05-26,0.14,10.31
AGX00002106,AGT0107,POL0001281,Renewal,2026-08-31,0.23,362.33
AGX00002107,AGT0078,POL0001260,New Business,2021-02-20,0.12,199.95
AGX00002108,AGT0142,POL0000385,Renewal,2025-10-20,0.1,109.95
AGX00002109,AGT0030,POL0002177,New Business,2024-10-22,0.18,306.92
AGX00002110,AGT0112,POL0003859,New Business,2023-10-30,0.25,414.15
AGX00002111,AGT0110,POL0000199,New Business,2023-12-31,0.21,231.39
AGX00002112,AGT0074,POL0003151,New Business,2023-12-27,0.16,306.83
AGX00002113,AGT0116,POL0001673,Renewal,2025-06-16,0.2,280.81
AGX00002114,AGT0148,POL0002412,Renewal,2026-02-02,0.09,95.47
AGX00002115,AGT0043,POL0000577,Renewal,2026-04-24,0.25,403.51
AGX00002116,AGT0148,POL0000784,New Business,2021-06-26,0.2,392.53
AGX00002117,AGT0131,POL0002795,Renewal,2024-02-09,0.21,106.47
AGX00002118,AGT0073,POL0001141,Renewal,2022-09-29,0.11,193.01
AGX00002119,AGT0111,POL0003377,Renewal,2022-07-13,0.08,20.3
AGX00002120,AGT0049,POL0004664,New Business,2023-10-18,0.12,92.28
AGX00002121,AGT0073,POL0003991,Renewal,2025-06-23,0.24,37.81
AGX00002122,AGT0144,POL0002385,Renewal,2026-07-20,0.06,70.91
AGX00002123,AGT0007,POL0004018,New Business,2026-06-16,0.09,24.59
AGX00002124,AGT0131,POL0001492,Renewal,2025-02-04,0.11,56.65
AGX00002125,AGT0047,POL0004379,Renewal,2026-08-16,0.19,348.2
AGX00002126,AGT0084,POL0003129,Renewal,2023-07-14,0.18,65.18
AGX00002127,AGT0111,POL0002341,Renewal,2026-08-02,0.17,33.42
AGX00002128,AGT0102,POL0001197,Renewal,2025-11-14,0.19,93.68
AGX00002129,AGT0105,POL0003572,Renewal,2026-07-13,0.21,333.12
AGX00002130,AGT0144,POL0002945,Renewal,2026-06-22,0.17,101.62
AGX00002131,AGT0136,POL0003797,New Business,2026-05-13,0.12,116.49
AGX00002132,AGT0124,POL0000198,New Business,2025-05-10,0.23,307.27
AGX00002133,AGT0068,POL0001133,Renewal,2026-03-08,0.07,61.27
AGX00002134,AGT0105,POL0003491,Renewal,2025-05-29,0.1,153.63
AGX00002135,AGT0130,POL0001924,Renewal,2025-08-23,0.13,67.85
AGX00002136,AGT0146,POL0001072,New Business,2026-04-06,0.22,233.94
AGX00002137,AGT0094,POL0002705,New Business,2025-10-12,0.07,37.28
AGX00002138,AGT0054,POL0001975,Renewal,2023-01-10,0.13,244.61
AGX00002139,AGT0112,POL0002425,Renewal,2025-07-05,0.18,334.56
AGX00002140,AGT0147,POL0002502,Renewal,2026-05-20,0.24,316.97
AGX00002141,AGT0107,POL0001581,New Business,2026-07-10,0.09,169.39
AGX00002142,AGT0103,POL0002581,Renewal,2026-06-01,0.14,238.99
AGX00002143,AGT0133,POL0000444,Renewal,2026-07-21,0.15,9.79
AGX00002144,AGT0043,POL0000877,Renewal,2026-05-28,0.17,46.95
AGX00002145,AGT0011,POL0004568,New Business,2022-04-08,0.14,11.46
AGX00002146,AGT0100,POL0001614,Renewal,2024-12-28,0.1,59.91
AGX00002147,AGT0091,POL0003929,New Business,2026-08-29,0.12,12.57
AGX00002148,AGT0018,POL0002361,New Business,2025-09-12,0.23,54.94
AGX00002149,AGT0142,POL0000759,New Business,2025-12-05,0.06,50.83
AGX00002150,AGT0082,POL0002221,New Business,2023-01-11,0.08,97.58
AGX00002151,AGT0054,POL0003998,Renewal,2025-08-04,0.08,139.11
AGX00002152,AGT0148,POL0002294,Renewal,2024-06-28,0.17,289.4
AGX00002153,AGT0110,POL0003900,Renewal,2022-11-19,0.09,78.13
AGX00002154,AGT0138,POL0002065,Renewal,2025-04-25,0.23,152.23
AGX00002155,AGT0076,POL0004418,New Business,2023-03-08,0.1,162.46
AGX00002156,AGT0117,POL0000540,New Business,2026-06-09,0.06,42.95
AGX00002157,AGT0120,POL0002603,New Business,2026-05-30,0.17,253.13
AGX00002158,AGT0050,POL0004667,Renewal,2022-09-23,0.09,143.68
AGX00002159,AGT0117,POL0000467,New Business,2026-02-12,0.11,58.25
AGX00002160,AGT0012,POL0002630,Renewal,2026-08-02,0.11,193.14
AGX00002161,AGT0146,POL0001162,Renewal,2026-08-02,0.18,298.5
AGX00002162,AGT0142,POL0004870,New Business,2025-08-30,0.23,346.0
AGX00002163,AGT0043,POL0004533,Renewal,2021-05-17,0.13,74.79
AGX00002164,AGT0093,POL0003262,New Business,2022-09-15,0.25,206.22
AGX00002165,AGT0012,POL0001398,New Business,2026-08-27,0.19,311.96
AGX00002166,AGT0104,POL0001542,New Business,2024-03-13,0.15,15.02
AGX00002167,AGT0025,POL0001623,Renewal,2024-11-29,0.25,460.26
AGX00002168,AGT0080,POL0000226,Renewal,2023-11-06,0.14,157.98
AGX00002169,AGT0095,POL0003244,Renewal,2026-06-23,0.06,75.17
AGX00002170,AGT0051,POL0001313,Renewal,2022-08-22,0.09,134.17
AGX00002171,AGT0023,POL0003968,Renewal,2026-07-25,0.1,102.5
AGX00002172,AGT0077,POL0002694,New Business,2026-07-09,0.16,143.95
AGX00002173,AGT0031,POL0000453,Renewal,2025-11-26,0.11,74.83
AGX00002174,AGT0095,POL0004472,Renewal,2021-04-11,0.11,181.21
AGX00002175,AGT0044,POL0002827,New Business,2025-06-05,0.15,133.53
AGX00002176,AGT0092,POL0003384,New Business,2026-05-28,0.23,416.77
AGX00002177,AGT0071,POL0001370,New Business,2026-03-08,0.13,127.25
AGX00002178,AGT0066,POL0003081,Renewal,2026-09-01,0.16,250.21
AGX00002179,AGT0047,POL0001183,Renewal,2025-07-10,0.18,306.38
AGX00002180,AGT0009,POL0001198,Renewal,2026-04-21,0.18,268.46
AGX00002181,AGT0024,POL0004798,New Business,2025-11-16,0.13,17.93
AGX00002182,AGT0025,POL0004485,New Business,2026-02-23,0.08,88.87
AGX00002183,AGT0150,POL0000931,Renewal,2026-02-22,0.08,43.71
AGX00002184,AGT0012,POL0000990,New Business,2024-05-10,0.18,167.61
AGX00002185,AGT0032,POL0004605,Renewal,2026-04-06,0.1,86.83
AGX00002186,AGT0039,POL0002312,New Business,2026-05-01,0.12,28.47
AGX00002187,AGT0079,POL0000616,New Business,2025-03-02,0.07,84.81
AGX00002188,AGT0137,POL0002756,Renewal,2026-07-13,0.08,76.39
AGX00002189,AGT0149,POL0001364,New Business,2022-07-23,0.05,53.2
AGX00002190,AGT0016,POL0003085,New Business,2024-05-13,0.23,126.96
AGX00002191,AGT0107,POL0002948,Renewal,2026-06-26,0.15,103.36
AGX00002192,AGT0081,POL0001312,Renewal,2025-06-16,0.25,27.66
AGX00002193,AGT0121,POL0001513,Renewal,2025-12-29,0.14,18.32
AGX00002194,AGT0125,POL0000146,New Business,2025-05-01,0.06,27.76
AGX00002195,AGT0011,POL0004939,Renewal,2024-10-03,0.14,274.59
AGX00002196,AGT0094,POL0002160,New Business,2022-12-04,0.12,90.8
AGX00002197,AGT0030,POL0000308,Renewal,2026-07-06,0.17,173.76
AGX00002198,AGT0056,POL0001861,New Business,2024-02-13,0.17,11.64
AGX00002199,AGT0093,POL0000213,New Business,2026-04-16,0.14,73.58
AGX00002200,AGT0110,POL0002414,Renewal,2024-08-08,0.09,123.96
AGX00002201,AGT0013,POL0003917,New Business,2026-06-23,0.17,31.94
AGX00002202,AGT0068,POL0002903,New Business,2021-12-08,0.12,119.47
AGX00002203,AGT0029,POL0001976,Renewal,2026-07-27,0.16,308.79
AGX00002204,AGT0082,POL0000352,Renewal,2022-03-28,0.06,6.18
AGX00002205,AGT0116,POL0003718,Renewal,2024-09-14,0.19,60.0
AGX00002206,AGT0014,POL0003045,New Business,2026-07-06,0.13,88.02
AGX00002207,AGT0064,POL0001600,Renewal,2023-09-18,0.07,36.44
AGX00002208,AGT0128,POL0004115,Renewal,2025-10-21,0.25,84.61
AGX00002209,AGT0011,POL0001004,Renewal,2023-04-08,0.22,258.31
AGX00002210,AGT0040,POL0004055,Renewal,2026-08-21,0.22,92.46
AGX00002211,AGT0074,POL0003203,New Business,2024-10-26,0.07,66.05
AGX00002212,AGT0016,POL0003322,Renewal,2025-05-03,0.08,100.5
AGX00002213,AGT0057,POL0004045,Renewal,2023-12-11,0.24,87.49
AGX00002214,AGT0050,POL0001297,Renewal,2023-12-12,0.15,25.83
AGX00002215,AGT0113,POL0004131,New Business,2023-08-08,0.1,98.48
AGX00002216,AGT0122,POL0004692,Renewal,2026-06-07,0.23,38.47
AGX00002217,AGT0008,POL0002131,New Business,2026-09-02,0.13,59.49
AGX00002218,AGT0075,POL0004924,Renewal,2022-01-18,0.24,434.96
AGX00002219,AGT0050,POL0002822,New Business,2024-11-08,0.12,83.16
AGX00002220,AGT0066,POL0002976,New Business,2022-11-30,0.22,181.77
AGX00002221,AGT0071,POL0003724,New Business,2024-06-29,0.14,55.3
AGX00002222,AGT0097,POL0004592,Renewal,2025-09-25,0.08,119.12
AGX00002223,AGT0081,POL0001653,Renewal,2024-07-15,0.21,358.34
AGX00002224,AGT0032,POL0000694,New Business,2026-01-14,0.22,333.03
AGX00002225,AGT0048,POL0000834,New Business,2025-10-17,0.06,84.73
AGX00002226,AGT0063,POL0003278,Renewal,2026-09-03,0.06,28.15
AGX00002227,AGT0143,POL0003193,New Business,2022-12-09,0.07,122.49
AGX00002228,AGT0118,POL0003904,Renewal,2023-11-08,0.22,344.85
AGX00002229,AGT0008,POL0002523,New Business,2024-07-16,0.11,130.01
AGX00002230,AGT0106,POL0001026,Renewal,2026-06-10,0.25,406.36
AGX00002231,AGT0028,POL0002854,New Business,2021-01-10,0.16,310.12
AGX00002232,AGT0015,POL0002058,Renewal,2026-07-31,0.25,366.62
AGX00002233,AGT0089,POL0004398,Renewal,2023-06-19,0.09,78.04
AGX00002234,AGT0057,POL0003594,New Business,2026-04-18,0.22,388.8
AGX00002235,AGT0100,POL0002338,New Business,2025-07-22,0.21,321.5
AGX00002236,AGT0107,POL0003361,New Business,2022-08-09,0.25,14.32
AGX00002237,AGT0138,POL0001501,Renewal,2022-11-12,0.08,129.3
AGX00002238,AGT0008,POL0000966,Renewal,2025-12-20,0.06,96.35
AGX00002239,AGT0147,POL0004421,New Business,2023-01-27,0.17,47.55
AGX00002240,AGT0036,POL0002190,Renewal,2026-06-28,0.12,148.68
AGX00002241,AGT0079,POL0004904,Renewal,2026-05-17,0.17,218.73
AGX00002242,AGT0148,POL0001263,New Business,2022-03-02,0.08,52.7
AGX00002243,AGT0143,POL0002430,Renewal,2026-08-14,0.06,106.9
AGX00002244,AGT0070,POL0002989,Renewal,2024-07-18,0.23,61.82
AGX00002245,AGT0059,POL0004333,New Business,2025-09-19,0.1,21.35
AGX00002246,AGT0049,POL0000739,Renewal,2025-12-31,0.17,207.26
AGX00002247,AGT0002,POL0003235,New Business,2024-09-08,0.2,237.4
AGX00002248,AGT0022,POL0000422,Renewal,2026-02-10,0.19,66.08
AGX00002249,AGT0026,POL0000011,New Business,2025-11-07,0.12,9.11
AGX00002250,AGT0068,POL0003436,New Business,2024-10-01,0.1,54.89
AGX00002251,AGT0076,POL0003848,Renewal,2026-06-19,0.14,63.23
AGX00002252,AGT0124,POL0000316,Renewal,2023-12-17,0.21,138.75
AGX00002253,AGT0060,POL0000354,New Business,2026-02-13,0.16,62.06
AGX00002254,AGT0126,POL0001365,Renewal,2025-10-25,0.06,7.8
AGX00002255,AGT0034,POL0003101,Renewal,2025-07-21,0.17,79.66
AGX00002256,AGT0125,POL0001400,New Business,2025-11-24,0.13,192.38
AGX00002257,AGT0092,POL0000417,New Business,2024-10-04,0.09,48.28
AGX00002258,AGT0096,POL0001454,Renewal,2026-07-22,0.17,27.19
AGX00002259,AGT0023,POL0000217,New Business,2025-09-07,0.12,80.56
AGX00002260,AGT0042,POL0000935,Renewal,2025-12-25,0.16,35.0
AGX00002261,AGT0073,POL0000136,New Business,2026-07-19,0.23,59.94
AGX00002262,AGT0125,POL0003928,Renewal,2025-11-26,0.16,256.66
AGX00002263,AGT0146,POL0004302,Renewal,2026-01-17,0.18,301.92
AGX00002264,AGT0069,POL0003763,Renewal,2025-09-21,0.16,178.2
AGX00002265,AGT0026,POL0003845,New Business,2024-05-18,0.23,361.64
AGX00002266,AGT0086,POL0002718,Renewal,2023-10-01,0.09,141.12
AGX00002267,AGT0014,POL0003045,New Business,2026-08-06,0.19,128.64
AGX00002268,AGT0042,POL0000537,New Business,2024-09-15,0.25,201.17
AGX00002269,AGT0060,POL0000354,Renewal,2025-11-30,0.19,73.7
AGX00002270,AGT0045,POL0003051,Renewal,2023-01-17,0.16,246.98
AGX00002271,AGT0077,POL0002694,Renewal,2026-09-09,0.2,179.94
AGX00002272,AGT0046,POL0004923,Renewal,2026-09-03,0.25,180.53
AGX00002273,AGT0134,POL0002321,Renewal,2024-04-17,0.18,197.91
AGX00002274,AGT0107,POL0003013,Renewal,2026-07-03,0.11,122.2
AGX00002275,AGT0148,POL0002086,Renewal,2022-01-24,0.1,183.51
AGX00002276,AGT0066,POL0004683,Renewal,2022-04-19,0.21,100.9
AGX00002277,AGT0005,POL0003566,Renewal,2023-07-21,0.06,55.16
AGX00002278,AGT0150,POL0000913,New Business,2024-10-07,0.25,170.86
AGX00002279,AGT0135,POL0004990,New Business,2026-09-05,0.17,112.82
AGX00002280,AGT0064,POL0003352,New Business,2026-07-29,0.05,13.13
AGX00002281,AGT0043,POL0001468,Renewal,2022-11-22,0.19,340.17
AGX00002282,AGT0011,POL0003995,Renewal,2026-04-17,0.15,23.41
AGX00002283,AGT0040,POL0001433,New Business,2024-12-01,0.12,55.64
AGX00002284,AGT0112,POL0003882,New Business,2024-03-14,0.24,311.08
AGX00002285,AGT0023,POL0003811,Renewal,2026-06-19,0.08,155.09
AGX00002286,AGT0039,POL0002312,Renewal,2026-09-07,0.17,40.33
AGX00002287,AGT0136,POL0000703,Renewal,2021-11-23,0.2,282.45
AGX00002288,AGT0111,POL0003461,New Business,2024-10-21,0.14,142.46
AGX00002289,AGT0106,POL0003156,Renewal,2025-07-07,0.1,72.28
AGX00002290,AGT0146,POL0003319,Renewal,2021-05-03,0.21,247.58
AGX00002291,AGT0009,POL0000261,New Business,2026-04-24,0.08,128.75
AGX00002292,AGT0057,POL0001736,Renewal,2026-07-19,0.09,150.16
AGX00002293,AGT0125,POL0000529,Renewal,2026-03-17,0.19,192.07
AGX00002294,AGT0103,POL0004080,Renewal,2026-06-06,0.11,148.68
AGX00002295,AGT0026,POL0004501,New Business,2026-06-30,0.14,238.92
AGX00002296,AGT0150,POL0000955,New Business,2024-02-13,0.19,275.32
AGX00002297,AGT0051,POL0003575,Renewal,2024-07-06,0.24,181.08
AGX00002298,AGT0090,POL0002378,New Business,2021-11-15,0.2,300.21
AGX00002299,AGT0010,POL0003986,Renewal,2024-10-07,0.23,151.9
AGX00002300,AGT0131,POL0001340,Renewal,2025-10-04,0.16,123.58
AGX00002301,AGT0111,POL0000841,Renewal,2024-05-30,0.23,345.99
AGX00002302,AGT0064,POL0004856,Renewal,2025-05-20,0.17,285.15
AGX00002303,AGT0068,POL0004752,New Business,2026-01-19,0.18,301.74
AGX00002304,AGT0054,POL0000602,Renewal,2021-12-07,0.18,90.59
AGX00002305,AGT0005,POL0000120,New Business,2026-04-04,0.19,98.52
AGX00002306,AGT0040,POL0002966,Renewal,2025-07-16,0.12,75.44
AGX00002307,AGT0112,POL0001192,Renewal,2024-09-01,0.06,3.9
AGX00002308,AGT0107,POL0000699,New Business,2025-01-14,0.25,468.94
AGX00002309,AGT0016,POL0002765,Renewal,2026-04-22,0.22,173.05
AGX00002310,AGT0028,POL0004226,Renewal,2024-04-21,0.14,185.71
AGX00002311,AGT0108,POL0004895,Renewal,2026-06-09,0.22,98.28
AGX00002312,AGT0066,POL0000625,Renewal,2025-12-18,0.24,219.53
AGX00002313,AGT0008,POL0003878,New Business,2025-05-06,0.19,104.85
AGX00002314,AGT0127,POL0002013,New Business,2025-12-04,0.19,127.54
AGX00002315,AGT0004,POL0001254,Renewal,2023-09-04,0.23,206.48
AGX00002316,AGT0139,POL0004844,Renewal,2022-08-21,0.06,8.02
AGX00002317,AGT0039,POL0000388,Renewal,2026-08-12,0.14,159.22
AGX00002318,AGT0014,POL0000175,Renewal,2026-06-01,0.18,140.13
AGX00002319,AGT0056,POL0003185,New Business,2025-02-22,0.13,206.63
AGX00002320,AGT0135,POL0004194,Renewal,2025-11-14,0.22,367.54
AGX00002321,AGT0043,POL0001547,New Business,2024-05-16,0.07,14.9
AGX00002322,AGT0077,POL0001593,Renewal,2024-04-18,0.08,45.26
AGX00002323,AGT0122,POL0004026,Renewal,2026-07-26,0.1,101.84
AGX00002324,AGT0041,POL0004929,Renewal,2026-01-25,0.11,152.52
AGX00002325,AGT0076,POL0002596,Renewal,2025-02-10,0.16,200.73
AGX00002326,AGT0106,POL0001032,Renewal,2023-09-24,0.1,145.2
AGX00002327,AGT0076,POL0004304,Renewal,2026-09-07,0.21,174.99
AGX00002328,AGT0106,POL0004868,Renewal,2024-04-16,0.13,64.49
AGX00002329,AGT0058,POL0002764,Renewal,2025-11-05,0.07,110.64
AGX00002330,AGT0123,POL0004554,Renewal,2026-05-06,0.25,48.23
AGX00002331,AGT0134,POL0000097,New Business,2024-06-24,0.07,94.82
AGX00002332,AGT0041,POL0000961,Renewal,2023-07-23,0.2,153.38
AGX00002333,AGT0015,POL0001729,Renewal,2025-02-26,0.06,18.81
AGX00002334,AGT0012,POL0002728,Renewal,2026-04-10,0.21,270.91
AGX00002335,AGT0027,POL0000050,Renewal,2025-12-22,0.06,59.32
AGX00002336,AGT0003,POL0000362,New Business,2025-06-11,0.22,127.68
AGX00002337,AGT0101,POL0002739,New Business,2025-05-07,0.12,197.0
AGX00002338,AGT0137,POL0002310,New Business,2024-07-08,0.24,469.42
AGX00002339,AGT0124,POL0003202,New Business,2025-08-10,0.24,422.49
AGX00002340,AGT0037,POL0000548,New Business,2025-10-27,0.06,83.08
AGX00002341,AGT0074,POL0001135,New Business,2025-03-03,0.08,83.63
AGX00002342,AGT0033,POL0003599,New Business,2023-06-26,0.09,88.25
AGX00002343,AGT0126,POL0001318,Renewal,2024-01-30,0.11,91.84
AGX00002344,AGT0006,POL0003915,Renewal,2025-10-05,0.16,291.91
AGX00002345,AGT0148,POL0002086,Renewal,2025-04-27,0.05,91.76
AGX00002346,AGT0108,POL0003522,New Business,2024-11-25,0.14,192.8
AGX00002347,AGT0068,POL0000853,New Business,2024-07-26,0.14,270.15
AGX00002348,AGT0120,POL0004096,Renewal,2026-07-30,0.11,7.33
AGX00002349,AGT0104,POL0003328,Renewal,2026-04-15,0.1,71.7
AGX00002350,AGT0022,POL0001611,Renewal,2026-06-19,0.07,106.38
AGX00002351,AGT0019,POL0003785,New Business,2025-02-23,0.06,36.97
AGX00002352,AGT0097,POL0003335,Renewal,2023-03-10,0.2,186.82
AGX00002353,AGT0139,POL0004539,Renewal,2024-04-27,0.07,29.17
AGX00002354,AGT0012,POL0004223,New Business,2026-08-19,0.09,87.16
AGX00002355,AGT0132,POL0002306,New Business,2026-02-18,0.22,61.69
AGX00002356,AGT0127,POL0003372,New Business,2025-02-15,0.18,51.16
AGX00002357,AGT0101,POL0000881,New Business,2024-08-04,0.09,31.54
AGX00002358,AGT0136,POL0000691,Renewal,2024-09-20,0.16,30.96
AGX00002359,AGT0049,POL0003752,Renewal,2025-07-19,0.16,176.77
AGX00002360,AGT0128,POL0002731,New Business,2026-03-10,0.25,104.65
AGX00002361,AGT0083,POL0000095,Renewal,2024-07-10,0.07,129.19
AGX00002362,AGT0019,POL0003001,Renewal,2025-05-19,0.19,41.05
AGX00002363,AGT0031,POL0002159,Renewal,2026-07-04,0.13,146.75
AGX00002364,AGT0041,POL0004781,Renewal,2025-11-18,0.14,73.81
AGX00002365,AGT0102,POL0002023,Renewal,2023-10-31,0.08,6.89
AGX00002366,AGT0022,POL0002155,Renewal,2022-08-29,0.13,85.82
AGX00002367,AGT0129,POL0003598,Renewal,2023-06-16,0.05,17.05
AGX00002368,AGT0077,POL0003200,Renewal,2025-07-14,0.08,118.46
AGX00002369,AGT0146,POL0002807,New Business,2025-04-08,0.09,127.12
AGX00002370,AGT0066,POL0000947,Renewal,2022-02-14,0.16,47.0
AGX00002371,AGT0032,POL0000546,New Business,2022-01-15,0.16,303.26
AGX00002372,AGT0036,POL0000079,New Business,2026-01-28,0.11,211.19
AGX00002373,AGT0119,POL0002457,Renewal,2022-12-09,0.24,257.24
AGX00002374,AGT0029,POL0004408,Renewal,2026-09-06,0.24,246.96
AGX00002375,AGT0061,POL0000345,New Business,2024-05-01,0.12,102.36
AGX00002376,AGT0072,POL0001627,Renewal,2023-10-08,0.23,285.58
AGX00002377,AGT0092,POL0000847,New Business,2022-02-02,0.22,120.26
AGX00002378,AGT0132,POL0002802,New Business,2024-08-03,0.21,323.62
AGX00002379,AGT0034,POL0004736,Renewal,2026-03-07,0.11,165.94
AGX00002380,AGT0068,POL0003689,Renewal,2026-07-30,0.06,5.23
AGX00002381,AGT0125,POL0003194,New Business,2024-08-01,0.17,81.75
AGX00002382,AGT0028,POL0000776,New Business,2026-06-03,0.22,404.69
AGX00002383,AGT0034,POL0004736,Renewal,2025-04-01,0.11,165.94
AGX00002384,AGT0037,POL0000017,New Business,2026-07-01,0.08,100.39
AGX00002385,AGT0125,POL0002123,New Business,2025-07-26,0.1,191.06
AGX00002386,AGT0011,POL0004206,Renewal,2024-04-08,0.13,223.26
AGX00002387,AGT0126,POL0000451,Renewal,2025-05-04,0.22,268.27
AGX00002388,AGT0029,POL0003162,New Business,2023-05-17,0.05,57.71
AGX00002389,AGT0046,POL0001651,New Business,2025-03-06,0.13,90.29
AGX00002390,AGT0134,POL0001675,Renewal,2025-11-13,0.2,233.64
AGX00002391,AGT0113,POL0003601,New Business,2025-07-08,0.17,252.53
AGX00002392,AGT0109,POL0003722,Renewal,2026-06-29,0.1,185.5
AGX00002393,AGT0056,POL0002941,Renewal,2021-07-22,0.22,97.24
AGX00002394,AGT0014,POL0003820,Renewal,2024-05-31,0.13,31.88
AGX00002395,AGT0129,POL0001603,New Business,2025-02-03,0.1,153.25
AGX00002396,AGT0059,POL0001481,New Business,2025-11-13,0.09,128.63
AGX00002397,AGT0056,POL0003185,Renewal,2024-01-06,0.2,317.89
AGX00002398,AGT0095,POL0004388,New Business,2026-03-23,0.06,73.94
AGX00002399,AGT0130,POL0004656,New Business,2024-09-16,0.12,104.73
AGX00002400,AGT0127,POL0004431,Renewal,2025-12-18,0.2,332.21
AGX00002401,AGT0073,POL0004100,Renewal,2023-10-03,0.16,283.98
AGX00002402,AGT0014,POL0004916,New Business,2025-05-07,0.15,275.81
AGX00002403,AGT0050,POL0001088,Renewal,2026-03-23,0.16,276.94
AGX00002404,AGT0080,POL0003778,New Business,2025-03-13,0.2,26.8
AGX00002405,AGT0143,POL0004552,Renewal,2026-04-11,0.17,274.95
AGX00002406,AGT0068,POL0001144,Renewal,2025-07-22,0.21,391.39
AGX00002407,AGT0123,POL0004053,New Business,2026-08-25,0.11,202.9
AGX00002408,AGT0031,POL0004079,Renewal,2024-08-12,0.21,390.87
AGX00002409,AGT0049,POL0001687,Renewal,2026-03-26,0.13,111.25
AGX00002410,AGT0112,POL0000952,New Business,2026-02-05,0.23,428.92
AGX00002411,AGT0012,POL0001295,Renewal,2024-09-22,0.06,114.36
AGX00002412,AGT0063,POL0001966,New Business,2024-05-30,0.23,442.81
AGX00002413,AGT0100,POL0002338,New Business,2025-02-02,0.25,382.74
AGX00002414,AGT0059,POL0002272,New Business,2022-05-19,0.14,39.93
AGX00002415,AGT0068,POL0001327,New Business,2026-05-25,0.06,31.67
AGX00002416,AGT0118,POL0002210,Renewal,2023-04-16,0.08,68.97
AGX00002417,AGT0024,POL0002815,New Business,2023-01-26,0.17,193.27
AGX00002418,AGT0057,POL0002783,New Business,2025-07-15,0.09,144.1
AGX00002419,AGT0088,POL0000147,New Business,2021-10-31,0.23,301.29
AGX00002420,AGT0057,POL0002369,New Business,2025-07-14,0.1,162.98
AGX00002421,AGT0139,POL0000644,Renewal,2024-10-16,0.19,162.45
AGX00002422,AGT0126,POL0004230,Renewal,2026-04-10,0.05,16.88
AGX00002423,AGT0099,POL0001923,Renewal,2026-06-28,0.13,109.46
AGX00002424,AGT0017,POL0002507,Renewal,2026-03-26,0.24,340.13
AGX00002425,AGT0037,POL0003502,New Business,2024-04-09,0.17,140.8
AGX00002426,AGT0105,POL0001764,Renewal,2022-07-26,0.24,149.37
AGX00002427,AGT0078,POL0000530,Renewal,2025-05-22,0.17,174.36
AGX00002428,AGT0047,POL0004379,New Business,2026-06-14,0.09,164.94
AGX00002429,AGT0046,POL0001651,Renewal,2025-08-15,0.06,41.67
AGX00002430,AGT0073,POL0000488,Renewal,2024-11-10,0.19,201.49
AGX00002431,AGT0137,POL0001969,New Business,2025-10-21,0.24,197.17
AGX00002432,AGT0134,POL0004512,New Business,2025-11-11,0.24,425.96
AGX00002433,AGT0054,POL0000887,Renewal,2026-03-10,0.13,63.81
AGX00002434,AGT0100,POL0000864,New Business,2025-07-27,0.15,269.74
AGX00002435,AGT0045,POL0001964,New Business,2024-08-14,0.05,6.19
AGX00002436,AGT0123,POL0002071,New Business,2024-09-23,0.24,357.26
AGX00002437,AGT0041,POL0002355,Renewal,2023-10-19,0.17,38.83
AGX00002438,AGT0110,POL0004292,Renewal,2026-01-27,0.11,82.4
AGX00002439,AGT0082,POL0002022,Renewal,2024-06-24,0.15,202.23
AGX00002440,AGT0008,POL0004896,Renewal,2023-07-02,0.13,42.95
AGX00002441,AGT0018,POL0001331,Renewal,2024-09-12,0.24,69.78
AGX00002442,AGT0034,POL0003101,Renewal,2024-04-22,0.13,60.92
AGX00002443,AGT0063,POL0003818,Renewal,2021-11-17,0.13,81.55
AGX00002444,AGT0060,POL0003024,Renewal,2026-05-18,0.17,109.99
AGX00002445,AGT0123,POL0003926,Renewal,2025-07-29,0.15,99.95
AGX00002446,AGT0077,POL0004411,New Business,2025-03-28,0.24,12.21
AGX00002447,AGT0104,POL0004022,Renewal,2025-02-22,0.18,186.96
AGX00002448,AGT0085,POL0002842,New Business,2026-08-25,0.22,124.57
AGX00002449,AGT0135,POL0004810,New Business,2026-08-23,0.24,452.21
AGX00002450,AGT0080,POL0002418,Renewal,2026-05-28,0.07,77.03
AGX00002451,AGT0012,POL0002040,Renewal,2022-02-14,0.11,11.8
AGX00002452,AGT0110,POL0001286,New Business,2026-08-23,0.21,150.81
AGX00002453,AGT0137,POL0004496,Renewal,2022-09-14,0.2,354.45
AGX00002454,AGT0024,POL0002387,Renewal,2023-05-11,0.11,153.06
AGX00002455,AGT0016,POL0001705,Renewal,2025-10-21,0.14,16.93
AGX00002456,AGT0035,POL0001047,New Business,2025-12-17,0.15,169.97
AGX00002457,AGT0139,POL0004613,New Business,2023-02-17,0.22,165.91
AGX00002458,AGT0092,POL0003613,Renewal,2023-07-06,0.25,276.62
AGX00002459,AGT0125,POL0001288,Renewal,2026-07-31,0.08,25.94
AGX00002460,AGT0062,POL0001910,New Business,2026-04-24,0.12,25.77
AGX00002461,AGT0039,POL0000388,New Business,2026-05-17,0.18,204.71
AGX00002462,AGT0145,POL0000301,Renewal,2026-01-25,0.12,103.19
AGX00002463,AGT0131,POL0000781,New Business,2026-08-23,0.15,260.77
AGX00002464,AGT0008,POL0000549,New Business,2025-03-02,0.21,125.13
AGX00002465,AGT0008,POL0002901,Renewal,2025-04-13,0.07,93.85
AGX00002466,AGT0011,POL0000110,Renewal,2024-02-20,0.16,280.68
AGX00002467,AGT0029,POL0000313,Renewal,2026-08-14,0.14,205.61
AGX00002468,AGT0024,POL0002746,New Business,2025-09-05,0.12,9.36
AGX00002469,AGT0096,POL0004405,New Business,2024-04-20,0.24,434.75
AGX00002470,AGT0035,POL0001360,Renewal,2022-03-21,0.05,96.57
AGX00002471,AGT0079,POL0001243,Renewal,2024-05-15,0.08,73.93
AGX00002472,AGT0067,POL0003841,Renewal,2025-06-03,0.07,108.29
AGX00002473,AGT0099,POL0002077,Renewal,2022-11-23,0.18,243.32
AGX00002474,AGT0095,POL0004388,New Business,2026-07-17,0.08,98.59
AGX00002475,AGT0023,POL0003457,Renewal,2025-10-06,0.1,43.22
AGX00002476,AGT0072,POL0001627,Renewal,2025-08-26,0.08,99.33
AGX00002477,AGT0072,POL0001971,Renewal,2023-03-27,0.07,75.22
AGX00002478,AGT0020,POL0000885,Renewal,2026-04-21,0.06,46.04
AGX00002479,AGT0094,POL0001113,Renewal,2022-02-05,0.23,293.14
AGX00002480,AGT0076,POL0000768,Renewal,2022-10-10,0.15,197.36
AGX00002481,AGT0150,POL0000931,Renewal,2025-08-20,0.09,49.18
AGX00002482,AGT0030,POL0003807,Renewal,2023-08-11,0.25,209.07
AGX00002483,AGT0007,POL0004400,Renewal,2025-11-17,0.21,351.13
AGX00002484,AGT0047,POL0002037,New Business,2026-09-04,0.11,135.87
AGX00002485,AGT0123,POL0002938,New Business,2024-01-29,0.18,202.74
AGX00002486,AGT0002,POL0000808,New Business,2026-01-24,0.23,250.81
AGX00002487,AGT0087,POL0004757,Renewal,2025-08-28,0.17,88.83
AGX00002488,AGT0057,POL0003253,New Business,2025-10-12,0.18,252.35
AGX00002489,AGT0110,POL0003303,New Business,2025-12-14,0.22,227.85
AGX00002490,AGT0071,POL0002832,Renewal,2021-12-28,0.16,258.8
AGX00002491,AGT0008,POL0001075,New Business,2026-07-08,0.05,85.33
AGX00002492,AGT0096,POL0000048,Renewal,2026-08-22,0.25,262.99
AGX00002493,AGT0003,POL0003977,New Business,2025-08-13,0.08,93.62
AGX00002494,AGT0115,POL0002790,New Business,2025-01-09,0.1,185.81
AGX00002495,AGT0050,POL0004267,Renewal,2023-05-06,0.1,183.38
AGX00002496,AGT0127,POL0002032,Renewal,2024-10-17,0.24,100.68
AGX00002497,AGT0086,POL0000005,Renewal,2025-12-09,0.11,30.06
AGX00002498,AGT0040,POL0002857,New Business,2025-11-13,0.15,30.41
AGX00002499,AGT0042,POL0003538,Renewal,2023-01-23,0.15,35.66
AGX00002500,AGT0003,POL0003222,Renewal,2023-03-05,0.12,127.19
AGX00002501,AGT0029,POL0000903,Renewal,2024-11-17,0.18,189.2
AGX00002502,AGT0012,POL0004428,Renewal,2023-04-30,0.1,60.46
AGX00002503,AGT0091,POL0000243,Renewal,2025-11-29,0.25,46.61
AGX00002504,AGT0040,POL0004724,Renewal,2022-04-11,0.15,272.86
AGX00002505,AGT0111,POL0004224,Renewal,2021-08-27,0.24,315.43
AGX00002506,AGT0022,POL0002155,New Business,2022-05-29,0.15,99.02
AGX00002507,AGT0116,POL0002419,Renewal,2025-10-19,0.06,95.84
AGX00002508,AGT0090,POL0003251,Renewal,2026-08-25,0.07,41.65
AGX00002509,AGT0107,POL0000130,Renewal,2026-07-11,0.19,40.25
AGX00002510,AGT0058,POL0002764,New Business,2026-06-11,0.2,316.11
AGX00002511,AGT0085,POL0002078,Renewal,2025-03-09,0.06,68.15
AGX00002512,AGT0019,POL0002079,Renewal,2023-02-03,0.08,150.65
AGX00002513,AGT0106,POL0000910,Renewal,2025-04-07,0.12,238.24
AGX00002514,AGT0142,POL0002136,New Business,2026-09-04,0.24,92.4
AGX00002515,AGT0008,POL0000573,Renewal,2026-08-23,0.06,117.8
AGX00002516,AGT0124,POL0001343,Renewal,2026-06-30,0.15,89.55
AGX00002517,AGT0022,POL0001585,Renewal,2022-11-29,0.23,321.48
AGX00002518,AGT0066,POL0001844,Renewal,2023-05-31,0.13,8.8
AGX00002519,AGT0079,POL0003369,Renewal,2025-03-18,0.15,155.73
AGX00002520,AGT0147,POL0001990,New Business,2024-04-19,0.23,161.5
AGX00002521,AGT0116,POL0002932,Renewal,2025-10-26,0.06,94.09
AGX00002522,AGT0028,POL0003125,Renewal,2023-12-17,0.17,83.71
AGX00002523,AGT0076,POL0001023,Renewal,2023-09-08,0.19,372.74
AGX00002524,AGT0139,POL0001981,New Business,2025-06-14,0.14,83.48
AGX00002525,AGT0147,POL0004216,New Business,2024-10-12,0.19,345.52
AGX00002526,AGT0033,POL0001934,Renewal,2024-09-19,0.16,278.22
AGX00002527,AGT0146,POL0000676,Renewal,2026-06-04,0.11,27.76
AGX00002528,AGT0108,POL0003522,Renewal,2024-02-17,0.2,275.43
AGX00002529,AGT0102,POL0004455,Renewal,2026-06-11,0.24,426.92
AGX00002530,AGT0007,POL0004367,Renewal,2025-12-18,0.22,57.11
AGX00002531,AGT0045,POL0004825,Renewal,2025-10-26,0.16,78.7
AGX00002532,AGT0014,POL0000054,Renewal,2023-08-26,0.14,117.36
AGX00002533,AGT0140,POL0004151,Renewal,2026-04-11,0.13,255.45
AGX00002534,AGT0071,POL0000735,New Business,2024-02-18,0.07,9.01
AGX00002535,AGT0084,POL0003096,New Business,2024-09-12,0.06,3.22
AGX00002536,AGT0137,POL0003120,Renewal,2026-04-11,0.06,102.97
AGX00002537,AGT0022,POL0000434,New Business,2025-08-04,0.16,232.02
AGX00002538,AGT0068,POL0004752,New Business,2024-08-21,0.21,352.03
AGX00002539,AGT0075,POL0004522,New Business,2025-08-20,0.21,19.47
AGX00002540,AGT0150,POL0003093,Renewal,2025-03-21,0.11,23.22
AGX00002541,AGT0136,POL0001114,Renewal,2026-04-12,0.06,7.78
AGX00002542,AGT0116,POL0004918,New Business,2025-07-02,0.17,309.67
AGX00002543,AGT0048,POL0001805,New Business,2026-06-09,0.12,220.69
AGX00002544,AGT0114,POL0004590,New Business,2024-12-07,0.07,133.47
AGX00002545,AGT0110,POL0003719,New Business,2026-04-09,0.2,318.76
AGX00002546,AGT0092,POL0000157,Renewal,2025-12-12,0.12,41.37
AGX00002547,AGT0124,POL0000626,New Business,2026-06-15,0.24,227.96
AGX00002548,AGT0034,POL0003172,Renewal,2026-07-15,0.11,24.83
AGX00002549,AGT0125,POL0002685,Renewal,2024-12-30,0.15,183.41
AGX00002550,AGT0028,POL0002344,New Business,2025-07-29,0.24,249.2
AGX00002551,AGT0064,POL0003939,Renewal,2025-06-01,0.17,51.18
AGX00002552,AGT0137,POL0004750,Renewal,2025-08-05,0.17,85.74
AGX00002553,AGT0032,POL0003210,Renewal,2025-08-17,0.14,92.03
AGX00002554,AGT0036,POL0002506,Renewal,2026-08-28,0.1,135.33
AGX00002555,AGT0069,POL0004154,Renewal,2026-06-09,0.07,23.34
AGX00002556,AGT0036,POL0001643,Renewal,2026-07-12,0.12,15.73
AGX00002557,AGT0033,POL0003416,New Business,2025-08-05,0.24,305.86
AGX00002558,AGT0086,POL0004416,Renewal,2024-08-14,0.06,82.23
AGX00002559,AGT0124,POL0000316,Renewal,2024-03-27,0.25,165.18
AGX00002560,AGT0002,POL0000554,Renewal,2025-08-07,0.05,96.4
AGX00002561,AGT0136,POL0000691,Renewal,2025-02-04,0.19,36.76
AGX00002562,AGT0106,POL0001136,Renewal,2022-04-11,0.14,257.46
AGX00002563,AGT0082,POL0000920,Renewal,2024-11-27,0.18,212.57
AGX00002564,AGT0068,POL0001144,Renewal,2025-06-23,0.16,298.2
AGX00002565,AGT0114,POL0003310,Renewal,2023-11-19,0.24,201.15
AGX00002566,AGT0043,POL0002249,Renewal,2026-04-06,0.08,49.49
AGX00002567,AGT0070,POL0001382,Renewal,2026-08-07,0.21,335.33
AGX00002568,AGT0071,POL0004928,Renewal,2026-07-18,0.2,361.52
AGX00002569,AGT0006,POL0001723,New Business,2024-05-03,0.17,204.35
AGX00002570,AGT0051,POL0003544,Renewal,2026-08-01,0.19,125.08
AGX00002571,AGT0122,POL0001191,New Business,2026-03-14,0.19,340.82
AGX00002572,AGT0126,POL0004596,New Business,2026-05-30,0.18,80.69
AGX00002573,AGT0089,POL0001820,Renewal,2024-11-20,0.21,193.53
AGX00002574,AGT0107,POL0003361,Renewal,2022-08-23,0.17,9.74
AGX00002575,AGT0130,POL0004301,Renewal,2026-07-19,0.07,108.66
AGX00002576,AGT0097,POL0003923,New Business,2026-04-23,0.12,148.57
AGX00002577,AGT0106,POL0004110,Renewal,2023-05-15,0.09,130.76
AGX00002578,AGT0041,POL0000953,New Business,2025-04-12,0.16,174.23
AGX00002579,AGT0038,POL0002858,New Business,2025-04-28,0.16,67.52
AGX00002580,AGT0041,POL0000040,New Business,2025-03-25,0.16,286.81
AGX00002581,AGT0112,POL0002416,Renewal,2022-01-06,0.21,151.55
AGX00002582,AGT0085,POL0002078,Renewal,2026-01-26,0.22,249.9
AGX00002583,AGT0084,POL0002988,New Business,2026-01-19,0.14,246.43
AGX00002584,AGT0065,POL0004291,New Business,2026-01-04,0.05,81.77
AGX00002585,AGT0069,POL0001119,Renewal,2026-02-15,0.19,195.7
AGX00002586,AGT0073,POL0002877,New Business,2021-12-11,0.09,78.96
AGX00002587,AGT0087,POL0001518,Renewal,2025-10-17,0.09,81.54
AGX00002588,AGT0147,POL0004447,New Business,2026-04-07,0.21,341.65
AGX00002589,AGT0129,POL0002144,Renewal,2022-01-25,0.24,288.43
AGX00002590,AGT0008,POL0000997,Renewal,2024-11-10,0.22,93.81
AGX00002591,AGT0078,POL0002458,Renewal,2026-07-26,0.06,95.51
AGX00002592,AGT0018,POL0004532,Renewal,2026-04-23,0.06,55.18
AGX00002593,AGT0083,POL0002667,New Business,2026-02-16,0.23,362.12
AGX00002594,AGT0059,POL0002272,Renewal,2024-10-14,0.09,25.67
AGX00002595,AGT0038,POL0000430,New Business,2026-04-26,0.11,178.19
AGX00002596,AGT0091,POL0000243,New Business,2026-07-20,0.13,24.24
AGX00002597,AGT0128,POL0001700,Renewal,2025-08-21,0.12,148.43
AGX00002598,AGT0025,POL0000124,New Business,2022-10-10,0.08,76.49
AGX00002599,AGT0109,POL0001817,Renewal,2025-10-19,0.16,275.3
AGX00002600,AGT0084,POL0003143,New Business,2025-02-05,0.06,48.0
AGX00002601,AGT0110,POL0004963,New Business,2023-02-01,0.22,136.4
AGX00002602,AGT0135,POL0000461,Renewal,2026-04-17,0.17,153.91
AGX00002603,AGT0049,POL0003674,New Business,2022-10-22,0.08,126.26
AGX00002604,AGT0001,POL0003288,Renewal,2026-07-29,0.06,80.91
AGX00002605,AGT0004,POL0002219,Renewal,2026-08-01,0.08,71.81
AGX00002606,AGT0032,POL0002081,Renewal,2022-05-27,0.1,156.49
AGX00002607,AGT0051,POL0002816,Renewal,2021-10-07,0.13,122.15
AGX00002608,AGT0090,POL0001378,New Business,2023-08-23,0.22,31.2
AGX00002609,AGT0106,POL0000010,Renewal,2024-08-09,0.19,165.38
AGX00002610,AGT0067,POL0003466,New Business,2024-12-16,0.14,255.76
AGX00002611,AGT0091,POL0000738,Renewal,2024-06-23,0.2,242.54
AGX00002612,AGT0013,POL0003218,Renewal,2026-03-11,0.1,48.34
AGX00002613,AGT0101,POL0002299,New Business,2024-02-16,0.2,145.8
AGX00002614,AGT0100,POL0004015,New Business,2026-04-16,0.24,475.92
AGX00002615,AGT0010,POL0001550,Renewal,2022-10-19,0.15,226.15
AGX00002616,AGT0069,POL0000064,Renewal,2022-02-22,0.22,124.13
AGX00002617,AGT0132,POL0002127,Renewal,2024-06-09,0.15,225.02
AGX00002618,AGT0060,POL0002050,Renewal,2026-06-01,0.2,354.11
AGX00002619,AGT0134,POL0004330,New Business,2024-07-23,0.2,278.56
AGX00002620,AGT0047,POL0002129,Renewal,2026-02-25,0.22,348.5
AGX00002621,AGT0122,POL0002717,New Business,2025-09-23,0.19,107.99
AGX00002622,AGT0081,POL0004228,Renewal,2025-08-04,0.15,83.84
AGX00002623,AGT0099,POL0001262,Renewal,2026-01-06,0.13,53.81
AGX00002624,AGT0116,POL0000032,Renewal,2025-11-08,0.24,66.56
AGX00002625,AGT0052,POL0003823,New Business,2026-03-06,0.2,329.84
AGX00002626,AGT0131,POL0002051,Renewal,2023-05-26,0.14,257.4
AGX00002627,AGT0136,POL0001578,New Business,2022-04-08,0.13,213.15
AGX00002628,AGT0075,POL0002148,New Business,2025-09-10,0.21,373.97
AGX00002629,AGT0148,POL0002120,Renewal,2026-05-27,0.13,206.85
AGX00002630,AGT0104,POL0000767,Renewal,2026-09-06,0.08,135.47
AGX00002631,AGT0121,POL0000363,Renewal,2025-10-28,0.07,48.1
AGX00002632,AGT0109,POL0001148,Renewal,2026-08-23,0.16,296.17
AGX00002633,AGT0044,POL0004853,Renewal,2026-08-18,0.07,111.78
AGX00002634,AGT0091,POL0000909,Renewal,2024-04-30,0.08,47.81
AGX00002635,AGT0078,POL0002212,Renewal,2026-08-03,0.14,248.37
AGX00002636,AGT0055,POL0004957,Renewal,2026-06-18,0.12,227.01
AGX00002637,AGT0103,POL0001239,Renewal,2026-01-12,0.09,175.87
AGX00002638,AGT0033,POL0000502,New Business,2026-05-24,0.09,169.29
AGX00002639,AGT0059,POL0001824,New Business,2025-04-06,0.05,53.82
AGX00002640,AGT0022,POL0002837,New Business,2022-04-12,0.09,78.31
AGX00002641,AGT0027,POL0000989,New Business,2026-02-10,0.24,166.43
AGX00002642,AGT0138,POL0001885,Renewal,2025-09-10,0.08,22.17
AGX00002643,AGT0111,POL0000862,Renewal,2026-06-09,0.06,119.76
AGX00002644,AGT0037,POL0000548,New Business,2025-12-27,0.17,235.38
AGX00002645,AGT0111,POL0002985,New Business,2026-01-11,0.21,360.23
AGX00002646,AGT0038,POL0002681,Renewal,2024-06-04,0.18,33.17
AGX00002647,AGT0007,POL0000908,New Business,2025-05-03,0.18,184.44
AGX00002648,AGT0132,POL0000134,New Business,2026-05-31,0.19,343.3
AGX00002649,AGT0048,POL0000108,Renewal,2026-01-25,0.14,87.88
AGX00002650,AGT0087,POL0001442,New Business,2024-09-28,0.21,382.79
AGX00002651,AGT0034,POL0003172,New Business,2025-07-12,0.12,27.08
AGX00002652,AGT0130,POL0004656,Renewal,2023-05-29,0.08,69.82
AGX00002653,AGT0058,POL0004376,Renewal,2025-06-23,0.22,399.76
AGX00002654,AGT0145,POL0003675,Renewal,2025-10-11,0.24,373.73
AGX00002655,AGT0087,POL0002402,New Business,2023-07-23,0.22,341.92
AGX00002656,AGT0013,POL0000295,Renewal,2025-10-19,0.06,92.06
AGX00002657,AGT0050,POL0003373,Renewal,2026-07-23,0.14,129.03
AGX00002658,AGT0043,POL0000400,Renewal,2025-05-18,0.19,204.66
AGX00002659,AGT0145,POL0000970,Renewal,2026-07-14,0.1,37.94
AGX00002660,AGT0003,POL0000325,Renewal,2023-10-22,0.22,276.9
AGX00002661,AGT0087,POL0001442,Renewal,2023-03-26,0.13,236.97
AGX00002662,AGT0084,POL0000525,Renewal,2022-01-16,0.08,67.69
AGX00002663,AGT0025,POL0004071,New Business,2024-12-19,0.24,13.52
AGX00002664,AGT0079,POL0004904,Renewal,2026-09-05,0.13,167.26
AGX00002665,AGT0093,POL0003262,Renewal,2022-08-26,0.24,197.97
AGX00002666,AGT0138,POL0004979,New Business,2025-12-22,0.1,64.08
AGX00002667,AGT0078,POL0004121,Renewal,2022-06-09,0.15,203.33
AGX00002668,AGT0112,POL0002416,Renewal,2025-04-01,0.21,151.55
AGX00002669,AGT0102,POL0002075,New Business,2025-03-10,0.09,7.82
AGX00002670,AGT0053,POL0002348,Renewal,2026-03-13,0.22,132.13
AGX00002671,AGT0099,POL0001923,Renewal,2026-06-01,0.09,75.78
AGX00002672,AGT0029,POL0000654,Renewal,2024-07-04,0.22,95.94
AGX00002673,AGT0029,POL0004087,Renewal,2026-07-04,0.13,187.0
AGX00002674,AGT0076,POL0001508,Renewal,2023-09-21,0.09,118.65
AGX00002675,AGT0123,POL0002071,Renewal,2025-04-27,0.19,282.83
AGX00002676,AGT0093,POL0001385,New Business,2026-03-08,0.18,322.94
AGX00002677,AGT0087,POL0001965,Renewal,2026-08-19,0.12,155.55
AGX00002678,AGT0086,POL0002680,New Business,2022-12-25,0.18,179.29
AGX00002679,AGT0102,POL0001787,Renewal,2026-02-24,0.06,112.74
AGX00002680,AGT0138,POL0001885,Renewal,2025-06-04,0.2,55.42
AGX00002681,AGT0055,POL0001491,New Business,2022-10-03,0.18,141.05
AGX00002682,AGT0040,POL0001988,Renewal,2026-06-30,0.22,51.54
AGX00002683,AGT0027,POL0001292,New Business,2025-03-25,0.13,219.76
AGX00002684,AGT0040,POL0002551,Renewal,2023-07-25,0.13,206.14
AGX00002685,AGT0149,POL0000660,New Business,2024-05-09,0.25,120.96
AGX00002686,AGT0111,POL0002515,New Business,2025-03-02,0.14,42.8
AGX00002687,AGT0043,POL0000547,Renewal,2026-08-25,0.23,95.56
AGX00002688,AGT0118,POL0001171,Renewal,2026-04-23,0.24,317.01
AGX00002689,AGT0104,POL0002805,Renewal,2024-04-02,0.23,410.33
AGX00002690,AGT0077,POL0000296,New Business,2026-01-19,0.15,126.87
AGX00002691,AGT0026,POL0001500,New Business,2024-05-30,0.24,428.77
AGX00002692,AGT0082,POL0002981,Renewal,2025-06-22,0.08,71.25
AGX00002693,AGT0037,POL0000017,Renewal,2026-05-14,0.25,313.73
AGX00002694,AGT0068,POL0003168,New Business,2021-12-09,0.17,228.41
AGX00002695,AGT0022,POL0004348,Renewal,2024-09-27,0.22,138.37
AGX00002696,AGT0002,POL0001006,Renewal,2026-07-21,0.16,56.2
AGX00002697,AGT0041,POL0001567,New Business,2022-05-07,0.18,240.54
AGX00002698,AGT0147,POL0003808,Renewal,2025-10-16,0.24,135.52
AGX00002699,AGT0059,POL0000497,Renewal,2025-09-09,0.2,202.07
AGX00002700,AGT0011,POL0004206,New Business,2022-12-08,0.09,154.57
AGX00002701,AGT0107,POL0000130,Renewal,2026-02-08,0.12,25.42
AGX00002702,AGT0077,POL0001593,New Business,2026-01-08,0.23,130.11
AGX00002703,AGT0102,POL0000177,New Business,2026-01-18,0.1,140.22
AGX00002704,AGT0139,POL0001270,Renewal,2026-09-03,0.07,127.71
AGX00002705,AGT0038,POL0002501,Renewal,2026-02-20,0.19,199.95
AGX00002706,AGT0080,POL0004602,Renewal,2024-05-02,0.2,312.09
AGX00002707,AGT0050,POL0004983,Renewal,2024-01-04,0.2,224.76
AGX00002708,AGT0004,POL0004847,Renewal,2025-08-02,0.11,80.46
AGX00002709,AGT0002,POL0000808,Renewal,2026-01-28,0.05,54.52
AGX00002710,AGT0118,POL0002753,Renewal,2026-08-24,0.12,6.24
AGX00002711,AGT0104,POL0004466,Renewal,2026-08-18,0.11,134.5
AGX00002712,AGT0097,POL0000151,Renewal,2026-04-08,0.25,459.07
AGX00002713,AGT0099,POL0001875,Renewal,2026-08-11,0.07,114.24
AGX00002714,AGT0006,POL0000906,New Business,2022-05-07,0.08,98.78
AGX00002715,AGT0085,POL0002443,Renewal,2025-03-02,0.13,38.99
AGX00002716,AGT0027,POL0003755,Renewal,2022-06-13,0.09,70.4
AGX00002717,AGT0118,POL0004196,Renewal,2025-02-20,0.07,111.61
AGX00002718,AGT0097,POL0002456,New Business,2026-09-08,0.23,285.51
AGX00002719,AGT0035,POL0001773,New Business,2024-07-22,0.07,99.26
AGX00002720,AGT0103,POL0002091,Renewal,2026-09-10,0.09,81.99
AGX00002721,AGT0067,POL0003025,Renewal,2023-01-02,0.15,28.07
AGX00002722,AGT0049,POL0001798,Renewal,2024-01-19,0.21,299.46
AGX00002723,AGT0042,POL0000935,Renewal,2025-06-15,0.15,32.82
AGX00002724,AGT0014,POL0001972,New Business,2024-10-11,0.19,13.21
AGX00002725,AGT0121,POL0001513,Renewal,2025-11-23,0.16,20.93
AGX00002726,AGT0004,POL0002176,Renewal,2026-05-12,0.17,280.81
AGX00002727,AGT0045,POL0002489,New Business,2024-03-28,0.24,318.09
AGX00002728,AGT0064,POL0003352,Renewal,2024-05-15,0.24,63.04
AGX00002729,AGT0134,POL0002271,Renewal,2026-08-04,0.13,174.55
AGX00002730,AGT0058,POL0004376,New Business,2026-06-08,0.08,145.37
AGX00002731,AGT0035,POL0000842,Renewal,2025-05-23,0.17,269.6
AGX00002732,AGT0115,POL0003331,New Business,2024-02-14,0.06,75.76
AGX00002733,AGT0012,POL0002135,New Business,2026-09-08,0.13,217.87
AGX00002734,AGT0105,POL0000419,New Business,2026-01-10,0.17,37.66
AGX00002735,AGT0150,POL0001639,Renewal,2025-05-14,0.08,125.2
AGX00002736,AGT0147,POL0004459,Renewal,2023-05-16,0.15,43.54
AGX00002737,AGT0093,POL0002183,New Business,2026-09-03,0.24,250.75
AGX00002738,AGT0070,POL0003741,Renewal,2026-09-10,0.12,63.94
AGX00002739,AGT0069,POL0002952,New Business,2025-03-12,0.24,196.41
AGX00002740,AGT0071,POL0004425,New Business,2026-06-23,0.16,69.61
AGX00002741,AGT0120,POL0002202,Renewal,2023-01-25,0.09,85.96
AGX00002742,AGT0069,POL0000064,Renewal,2022-11-17,0.07,39.5
AGX00002743,AGT0053,POL0004926,New Business,2026-09-04,0.1,185.62
AGX00002744,AGT0125,POL0002588,New Business,2023-01-28,0.18,317.87
AGX00002745,AGT0098,POL0003584,Renewal,2024-11-11,0.09,103.48
AGX00002746,AGT0031,POL0002900,Renewal,2024-12-27,0.18,154.8
AGX00002747,AGT0039,POL0004251,New Business,2023-09-10,0.11,137.06
AGX00002748,AGT0016,POL0000155,Renewal,2025-03-30,0.16,178.8
AGX00002749,AGT0115,POL0004610,Renewal,2025-03-26,0.19,25.57
AGX00002750,AGT0014,POL0000800,New Business,2024-07-09,0.23,426.43
AGX00002751,AGT0127,POL0004417,Renewal,2026-03-25,0.07,115.3
AGX00002752,AGT0069,POL0001978,Renewal,2023-08-11,0.24,263.32
AGX00002753,AGT0098,POL0002126,Renewal,2026-02-25,0.21,299.18
AGX00002754,AGT0046,POL0001333,Renewal,2024-01-11,0.08,126.31
AGX00002755,AGT0139,POL0004317,New Business,2025-04-22,0.19,30.28
AGX00002756,AGT0059,POL0003895,Renewal,2025-06-18,0.25,313.3
AGX00002757,AGT0028,POL0000776,Renewal,2026-07-18,0.07,128.76
AGX00002758,AGT0026,POL0002695,Renewal,2025-02-09,0.23,334.02
AGX00002759,AGT0089,POL0003630,New Business,2025-06-10,0.08,17.45
AGX00002760,AGT0044,POL0002730,Renewal,2022-02-04,0.07,8.62
AGX00002761,AGT0076,POL0000657,Renewal,2024-11-02,0.22,357.06
AGX00002762,AGT0044,POL0001283,Renewal,2026-05-17,0.09,53.55
AGX00002763,AGT0128,POL0000754,Renewal,2025-01-18,0.23,239.06
AGX00002764,AGT0053,POL0001496,New Business,2023-09-29,0.25,318.21
AGX00002765,AGT0054,POL0000475,Renewal,2024-09-24,0.24,351.43
AGX00002766,AGT0006,POL0001347,Renewal,2025-01-08,0.19,17.17
AGX00002767,AGT0072,POL0004560,Renewal,2025-05-06,0.14,78.96
AGX00002768,AGT0008,POL0000432,Renewal,2025-10-05,0.15,243.26
AGX00002769,AGT0088,POL0003421,Renewal,2026-08-17,0.2,285.22
AGX00002770,AGT0091,POL0000435,Renewal,2025-02-19,0.16,19.01
AGX00002771,AGT0136,POL0004385,New Business,2026-08-20,0.09,104.16
AGX00002772,AGT0026,POL0000631,Renewal,2026-09-06,0.24,383.87
AGX00002773,AGT0086,POL0002727,Renewal,2023-11-10,0.2,213.11
AGX00002774,AGT0050,POL0004820,Renewal,2024-01-01,0.1,125.71
AGX00002775,AGT0129,POL0003227,Renewal,2022-08-20,0.1,180.25
AGX00002776,AGT0012,POL0003311,Renewal,2024-10-11,0.14,138.63
AGX00002777,AGT0099,POL0003483,New Business,2026-07-17,0.1,81.34
AGX00002778,AGT0108,POL0002367,Renewal,2026-08-31,0.15,15.46
AGX00002779,AGT0144,POL0000091,New Business,2024-08-04,0.19,340.59
AGX00002780,AGT0117,POL0002090,New Business,2026-07-04,0.23,168.75
AGX00002781,AGT0092,POL0000847,New Business,2021-08-03,0.11,60.13
AGX00002782,AGT0105,POL0001432,Renewal,2026-03-20,0.13,15.54
AGX00002783,AGT0065,POL0003299,New Business,2025-08-10,0.13,113.45
AGX00002784,AGT0008,POL0002583,Renewal,2024-02-03,0.16,100.69
AGX00002785,AGT0112,POL0001174,Renewal,2026-07-16,0.15,18.15
AGX00002786,AGT0101,POL0000760,New Business,2026-05-04,0.25,121.8
AGX00002787,AGT0127,POL0002013,New Business,2026-03-04,0.11,73.84
AGX00002788,AGT0079,POL0002561,New Business,2025-10-30,0.08,104.59
AGX00002789,AGT0131,POL0004009,Renewal,2025-10-19,0.13,161.92
AGX00002790,AGT0129,POL0001603,New Business,2025-01-02,0.23,352.49
AGX00002791,AGT0027,POL0004787,Renewal,2025-01-19,0.11,92.71
AGX00002792,AGT0036,POL0004172,Renewal,2024-01-27,0.21,260.13
AGX00002793,AGT0091,POL0001514,New Business,2022-02-26,0.2,189.75
AGX00002794,AGT0109,POL0001335,New Business,2025-02-04,0.17,96.52
AGX00002795,AGT0102,POL0002956,Renewal,2026-02-05,0.22,166.08
AGX00002796,AGT0083,POL0001505,Renewal,2024-04-16,0.17,28.6
AGX00002797,AGT0132,POL0001460,Renewal,2026-08-06,0.06,39.69
AGX00002798,AGT0047,POL0002682,New Business,2026-09-04,0.08,138.93
AGX00002799,AGT0078,POL0000306,Renewal,2025-12-08,0.19,292.84
AGX00002800,AGT0005,POL0003914,New Business,2023-07-03,0.06,59.19
AGX00002801,AGT0025,POL0003053,Renewal,2026-06-14,0.05,85.67
AGX00002802,AGT0062,POL0002432,Renewal,2022-10-28,0.18,148.53
AGX00002803,AGT0007,POL0002276,Renewal,2025-04-12,0.22,242.26
AGX00002804,AGT0070,POL0004273,New Business,2023-04-26,0.19,42.22
AGX00002805,AGT0005,POL0003623,Renewal,2024-09-22,0.22,230.04
AGX00002806,AGT0148,POL0003833,New Business,2023-03-21,0.1,36.0
AGX00002807,AGT0116,POL0002419,New Business,2024-11-02,0.17,271.55
AGX00002808,AGT0077,POL0003770,Renewal,2026-06-22,0.06,59.87
AGX00002809,AGT0114,POL0002151,Renewal,2025-10-20,0.21,178.68
AGX00002810,AGT0079,POL0003369,New Business,2024-02-25,0.11,114.2
AGX00002811,AGT0127,POL0004417,New Business,2023-10-23,0.17,280.01
AGX00002812,AGT0022,POL0000466,Renewal,2024-04-29,0.12,91.28
AGX00002813,AGT0105,POL0003847,New Business,2023-05-19,0.21,148.14
AGX00002814,AGT0146,POL0004721,Renewal,2026-08-05,0.23,27.74
AGX00002815,AGT0124,POL0004384,Renewal,2024-05-01,0.11,150.78
AGX00002816,AGT0019,POL0001726,Renewal,2025-05-11,0.18,209.91
AGX00002817,AGT0051,POL0004467,Renewal,2026-08-15,0.16,301.73
AGX00002818,AGT0092,POL0001367,Renewal,2025-06-28,0.1,47.23
AGX00002819,AGT0114,POL0002522,Renewal,2026-09-04,0.13,103.99
AGX00002820,AGT0117,POL0004147,Renewal,2025-01-27,0.21,28.76
AGX00002821,AGT0032,POL0004821,Renewal,2026-08-28,0.08,44.88
AGX00002822,AGT0091,POL0000243,New Business,2024-03-24,0.12,22.37
AGX00002823,AGT0100,POL0001684,Renewal,2024-07-20,0.17,37.89
AGX00002824,AGT0113,POL0000536,New Business,2024-05-17,0.1,110.86
AGX00002825,AGT0021,POL0004703,Renewal,2026-05-01,0.19,311.28
AGX00002826,AGT0094,POL0001113,New Business,2022-03-30,0.14,178.44
AGX00002827,AGT0148,POL0001000,New Business,2025-03-17,0.22,257.93
AGX00002828,AGT0135,POL0004479,New Business,2023-12-15,0.18,334.39
AGX00002829,AGT0031,POL0004372,Renewal,2024-11-14,0.06,22.66
AGX00002830,AGT0085,POL0000916,Renewal,2021-05-30,0.21,81.23
AGX00002831,AGT0118,POL0001171,New Business,2026-07-15,0.12,158.5
AGX00002832,AGT0054,POL0003625,New Business,2026-05-13,0.1,130.23
AGX00002833,AGT0088,POL0004502,New Business,2025-09-11,0.17,154.01
AGX00002834,AGT0077,POL0001593,New Business,2025-06-08,0.18,101.83
AGX00002835,AGT0147,POL0000880,New Business,2026-01-07,0.23,374.59
AGX00002836,AGT0011,POL0002883,Renewal,2026-08-13,0.09,37.84
AGX00002837,AGT0077,POL0001063,New Business,2025-07-02,0.2,243.49
AGX00002838,AGT0029,POL0003162,New Business,2021-11-09,0.15,173.14
AGX00002839,AGT0084,POL0001176,New Business,2026-07-16,0.13,225.89
AGX00002840,AGT0033,POL0000584,Renewal,2024-03-06,0.14,80.77
AGX00002841,AGT0147,POL0001325,New Business,2024-07-09,0.23,209.88
AGX00002842,AGT0082,POL0003102,Renewal,2026-09-09,0.1,36.83
AGX00002843,AGT0138,POL0003540,New Business,2025-08-09,0.11,68.84
AGX00002844,AGT0144,POL0004534,Renewal,2026-07-26,0.09,165.78
AGX00002845,AGT0069,POL0004658,Renewal,2023-04-05,0.18,24.43
AGX00002846,AGT0100,POL0001425,Renewal,2023-03-25,0.24,317.76
AGX00002847,AGT0079,POL0001521,Renewal,2024-10-30,0.08,4.65
AGX00002848,AGT0030,POL0000214,Renewal,2026-01-19,0.22,32.48
AGX00002849,AGT0127,POL0000253,Renewal,2025-07-16,0.11,89.38
AGX00002850,AGT0046,POL0004923,Renewal,2026-07-05,0.15,108.32
AGX00002851,AGT0099,POL0003128,New Business,2025-09-03,0.18,90.6
AGX00002852,AGT0003,POL0003222,New Business,2022-11-17,0.2,211.98
AGX00002853,AGT0117,POL0004339,Renewal,2026-03-27,0.06,115.48
AGX00002854,AGT0137,POL0002358,New Business,2026-06-18,0.24,266.8
AGX00002855,AGT0148,POL0000784,New Business,2021-04-24,0.07,137.39
AGX00002856,AGT0053,POL0003211,Renewal,2022-12-11,0.1,91.76
AGX00002857,AGT0123,POL0004426,Renewal,2024-12-12,0.05,41.78
AGX00002858,AGT0133,POL0004470,Renewal,2023-07-18,0.23,114.75
AGX00002859,AGT0050,POL0001730,Renewal,2023-05-03,0.1,6.3
AGX00002860,AGT0103,POL0002581,Renewal,2024-11-08,0.08,136.57
AGX00002861,AGT0016,POL0002227,New Business,2026-05-05,0.1,114.78
AGX00002862,AGT0109,POL0001817,New Business,2025-11-27,0.13,223.68
AGX00002863,AGT0113,POL0000047,New Business,2023-02-20,0.22,135.2
AGX00002864,AGT0148,POL0002614,Renewal,2026-07-08,0.16,191.11
AGX00002865,AGT0082,POL0003285,Renewal,2022-08-23,0.16,117.48
AGX00002866,AGT0095,POL0002060,Renewal,2023-05-22,0.08,143.8
AGX00002867,AGT0080,POL0004602,New Business,2026-05-20,0.06,93.63
AGX00002868,AGT0096,POL0004614,New Business,2022-05-09,0.09,162.91
AGX00002869,AGT0115,POL0001462,Renewal,2026-02-11,0.15,11.19
AGX00002870,AGT0077,POL0000968,Renewal,2025-02-27,0.17,172.33
AGX00002871,AGT0070,POL0003269,Renewal,2023-08-01,0.11,201.95
AGX00002872,AGT0063,POL0001480,Renewal,2024-01-21,0.05,61.4
AGX00002873,AGT0072,POL0001971,Renewal,2024-01-22,0.13,139.7
AGX00002874,AGT0130,POL0004237,Renewal,2023-01-02,0.14,59.17
AGX00002875,AGT0061,POL0003105,New Business,2026-05-21,0.18,339.98
AGX00002876,AGT0030,POL0000308,Renewal,2026-04-03,0.2,204.42
AGX00002877,AGT0121,POL0004723,New Business,2024-03-22,0.12,167.59
AGX00002878,AGT0065,POL0004239,Renewal,2026-05-20,0.22,98.12
AGX00002879,AGT0071,POL0001370,Renewal,2023-01-05,0.17,166.4
AGX00002880,AGT0149,POL0000825,New Business,2024-10-08,0.09,5.25
AGX00002881,AGT0123,POL0004426,New Business,2026-06-05,0.22,183.85
AGX00002882,AGT0033,POL0003219,Renewal,2025-09-11,0.13,162.65
AGX00002883,AGT0129,POL0000448,New Business,2024-08-12,0.09,89.61
AGX00002884,AGT0011,POL0000110,New Business,2026-05-15,0.17,298.22
AGX00002885,AGT0034,POL0002423,New Business,2025-08-28,0.11,197.92
AGX00002886,AGT0115,POL0003175,Renewal,2024-01-12,0.14,197.55
AGX00002887,AGT0072,POL0000979,Renewal,2026-01-31,0.18,189.45
AGX00002888,AGT0140,POL0004517,New Business,2025-11-30,0.14,115.92
AGX00002889,AGT0053,POL0000889,New Business,2026-08-13,0.1,191.05
AGX00002890,AGT0104,POL0003328,New Business,2023-07-24,0.1,71.7
AGX00002891,AGT0069,POL0004535,Renewal,2026-05-19,0.2,270.35
AGX00002892,AGT0147,POL0003808,Renewal,2026-06-05,0.14,79.05
AGX00002893,AGT0108,POL0004148,Renewal,2025-02-01,0.06,99.13
AGX00002894,AGT0018,POL0002604,Renewal,2022-12-26,0.24,183.42
AGX00002895,AGT0097,POL0000111,Renewal,2024-04-12,0.06,101.14
AGX00002896,AGT0092,POL0004058,Renewal,2025-05-09,0.21,335.5
AGX00002897,AGT0032,POL0004461,Renewal,2026-09-04,0.09,156.64
AGX00002898,AGT0047,POL0003906,Renewal,2024-05-29,0.17,52.0
AGX00002899,AGT0109,POL0000807,Renewal,2025-01-05,0.19,356.82
AGX00002900,AGT0089,POL0000526,Renewal,2025-10-16,0.25,196.47
AGX00002901,AGT0145,POL0000301,Renewal,2026-07-02,0.14,120.39
AGX00002902,AGT0062,POL0003628,New Business,2026-02-18,0.09,117.54
AGX00002903,AGT0009,POL0001488,Renewal,2021-08-05,0.16,84.25
AGX00002904,AGT0145,POL0004062,New Business,2025-11-28,0.2,375.05
AGX00002905,AGT0090,POL0003550,Renewal,2025-12-16,0.15,34.61
AGX00002906,AGT0133,POL0003173,Renewal,2025-09-14,0.18,158.28
AGX00002907,AGT0045,POL0004349,Renewal,2023-05-14,0.16,231.83
AGX00002908,AGT0028,POL0004226,Renewal,2025-05-17,0.12,159.18
AGX00002909,AGT0097,POL0002456,New Business,2025-01-19,0.17,211.03
AGX00002910,AGT0139,POL0004720,New Business,2025-01-23,0.07,72.5
AGX00002911,AGT0149,POL0004046,Renewal,2024-09-18,0.1,187.15
AGX00002912,AGT0098,POL0003230,Renewal,2023-10-05,0.15,249.48
AGX00002913,AGT0134,POL0001366,New Business,2024-05-15,0.22,394.54
AGX00002914,AGT0105,POL0004335,New Business,2026-06-05,0.12,128.48
AGX00002915,AGT0062,POL0003542,Renewal,2024-03-22,0.05,31.63
AGX00002916,AGT0071,POL0000268,Renewal,2022-11-13,0.24,78.57
AGX00002917,AGT0103,POL0004867,New Business,2023-10-13,0.17,68.11
AGX00002918,AGT0086,POL0000969,New Business,2025-01-08,0.13,29.07
AGX00002919,AGT0097,POL0001384,New Business,2026-08-14,0.1,181.33
AGX00002920,AGT0078,POL0004121,New Business,2022-11-03,0.24,325.33
AGX00002921,AGT0129,POL0000758,Renewal,2023-09-16,0.06,71.31
AGX00002922,AGT0106,POL0003982,Renewal,2026-05-14,0.05,18.04
AGX00002923,AGT0136,POL0001727,Renewal,2023-12-30,0.15,16.15
AGX00002924,AGT0023,POL0000733,New Business,2025-11-06,0.15,181.78
AGX00002925,AGT0043,POL0001561,New Business,2023-09-25,0.16,25.76
AGX00002926,AGT0004,POL0002176,New Business,2026-08-26,0.12,198.22
AGX00002927,AGT0122,POL0003828,New Business,2026-08-24,0.24,284.14
AGX00002928,AGT0060,POL0004160,Renewal,2026-06-23,0.08,139.32
AGX00002929,AGT0078,POL0004121,New Business,2022-02-19,0.05,67.78
AGX00002930,AGT0082,POL0003521,New Business,2025-09-08,0.06,13.34
AGX00002931,AGT0029,POL0004087,Renewal,2026-06-14,0.1,143.85
AGX00002932,AGT0137,POL0001958,Renewal,2025-12-31,0.07,44.78
AGX00002933,AGT0035,POL0000817,Renewal,2026-06-12,0.14,49.28
AGX00002934,AGT0043,POL0003726,Renewal,2024-06-14,0.25,166.13
AGX00002935,AGT0046,POL0000946,Renewal,2025-12-13,0.14,213.06
AGX00002936,AGT0062,POL0003564,Renewal,2022-05-28,0.12,134.88
AGX00002937,AGT0010,POL0002218,Renewal,2024-08-02,0.18,351.59
AGX00002938,AGT0092,POL0004262,Renewal,2026-04-28,0.22,119.75
AGX00002939,AGT0036,POL0003597,Renewal,2025-10-24,0.08,122.88
AGX00002940,AGT0148,POL0004794,Renewal,2024-05-15,0.16,38.24
AGX00002941,AGT0041,POL0001567,Renewal,2021-10-13,0.23,307.36
AGX00002942,AGT0110,POL0004963,Renewal,2026-04-28,0.2,124.0
AGX00002943,AGT0050,POL0004503,New Business,2024-09-21,0.06,91.88
AGX00002944,AGT0016,POL0003396,Renewal,2025-12-27,0.23,274.95
AGX00002945,AGT0012,POL0002741,Renewal,2024-10-29,0.09,123.62
AGX00002946,AGT0007,POL0002276,Renewal,2024-02-20,0.1,110.12
AGX00002947,AGT0112,POL0001348,Renewal,2025-03-24,0.13,70.71
AGX00002948,AGT0132,POL0002802,New Business,2026-01-08,0.18,277.39
AGX00002949,AGT0145,POL0003964,New Business,2024-07-05,0.2,25.24
AGX00002950,AGT0141,POL0000731,Renewal,2023-01-10,0.23,307.8
AGX00002951,AGT0047,POL0004360,Renewal,2023-10-27,0.25,120.98
AGX00002952,AGT0091,POL0002024,Renewal,2024-04-29,0.22,164.78
AGX00002953,AGT0033,POL0000205,New Business,2026-08-09,0.18,51.43
AGX00002954,AGT0140,POL0003924,Renewal,2026-06-04,0.16,275.32
AGX00002955,AGT0097,POL0002292,New Business,2026-05-05,0.16,188.58
AGX00002956,AGT0092,POL0002115,New Business,2023-10-26,0.1,95.12
AGX00002957,AGT0028,POL0003241,New Business,2022-01-22,0.22,66.21
AGX00002958,AGT0110,POL0004526,New Business,2024-08-24,0.06,94.34
AGX00002959,AGT0035,POL0004797,Renewal,2026-02-16,0.24,280.8
AGX00002960,AGT0064,POL0001332,Renewal,2025-12-20,0.23,23.95
AGX00002961,AGT0004,POL0003493,Renewal,2026-07-06,0.07,21.62
AGX00002962,AGT0085,POL0004187,New Business,2024-04-28,0.14,143.24
AGX00002963,AGT0150,POL0000685,New Business,2025-04-10,0.22,433.81
AGX00002964,AGT0104,POL0004466,Renewal,2026-08-19,0.1,122.27
AGX00002965,AGT0060,POL0003690,New Business,2024-10-11,0.07,12.28
AGX00002966,AGT0103,POL0003066,Renewal,2026-06-27,0.23,457.9
AGX00002967,AGT0059,POL0001363,Renewal,2024-09-21,0.2,282.69
AGX00002968,AGT0030,POL0003614,Renewal,2022-04-06,0.13,114.15
AGX00002969,AGT0072,POL0003685,New Business,2024-08-10,0.23,414.76
AGX00002970,AGT0056,POL0003487,Renewal,2021-02-12,0.15,158.93
AGX00002971,AGT0107,POL0000699,New Business,2025-05-08,0.05,93.79
AGX00002972,AGT0123,POL0001474,New Business,2026-03-30,0.07,110.94
AGX00002973,AGT0010,POL0001374,New Business,2026-08-10,0.1,40.1
AGX00002974,AGT0020,POL0002415,Renewal,2026-04-19,0.22,117.99
AGX00002975,AGT0002,POL0000143,New Business,2025-08-11,0.1,122.8
AGX00002976,AGT0050,POL0001942,New Business,2026-07-03,0.18,56.4
AGX00002977,AGT0134,POL0002302,New Business,2022-12-10,0.15,26.7
AGX00002978,AGT0076,POL0003507,New Business,2025-11-05,0.13,193.57
AGX00002979,AGT0073,POL0001945,New Business,2024-02-24,0.12,168.35
AGX00002980,AGT0088,POL0001570,Renewal,2026-07-10,0.12,19.77
AGX00002981,AGT0031,POL0003275,New Business,2026-06-06,0.14,211.92
AGX00002982,AGT0029,POL0004057,New Business,2024-08-21,0.14,29.31
AGX00002983,AGT0064,POL0001332,New Business,2021-07-23,0.18,18.75
AGX00002984,AGT0050,POL0004960,Renewal,2026-08-28,0.13,155.46
AGX00002985,AGT0021,POL0002609,New Business,2026-08-23,0.09,147.72
AGX00002986,AGT0080,POL0002745,New Business,2023-09-05,0.08,22.35
AGX00002987,AGT0096,POL0002902,New Business,2024-12-27,0.12,215.06
AGX00002988,AGT0110,POL0003346,Renewal,2026-03-05,0.19,325.38
AGX00002989,AGT0025,POL0004071,New Business,2026-04-28,0.07,3.94
AGX00002990,AGT0063,POL0003302,New Business,2026-04-01,0.24,123.99
AGX00002991,AGT0027,POL0000797,Renewal,2022-10-28,0.12,45.91
AGX00002992,AGT0124,POL0000626,Renewal,2025-02-14,0.19,180.47
AGX00002993,AGT0053,POL0003750,New Business,2024-07-29,0.11,134.73
AGX00002994,AGT0125,POL0004244,Renewal,2026-02-21,0.18,148.27
AGX00002995,AGT0009,POL0002691,New Business,2025-03-16,0.16,32.86
AGX00002996,AGT0108,POL0001862,Renewal,2026-09-06,0.2,233.05
AGX00002997,AGT0048,POL0000834,New Business,2026-01-20,0.06,84.73
AGX00002998,AGT0116,POL0000751,New Business,2025-08-01,0.19,115.02
AGX00002999,AGT0034,POL0004549,New Business,2024-11-01,0.18,32.79
AGX00003000,AGT0046,POL0003070,New Business,2026-02-02,0.15,15.87
AGX00003001,AGT0049,POL0003153,Renewal,2024-07-04,0.13,24.46
AGX00003002,AGT0128,POL0001700,New Business,2026-06-11,0.06,74.21
AGX00003003,AGT0110,POL0003303,New Business,2023-09-20,0.1,103.57
AGX00003004,AGT0055,POL0000904,Renewal,2024-07-06,0.09,81.62
AGX00003005,AGT0066,POL0002238,New Business,2025-11-04,0.22,86.57
AGX00003006,AGT0005,POL0003868,New Business,2022-06-21,0.09,124.45
AGX00003007,AGT0033,POL0004860,Renewal,2024-12-11,0.17,14.0
AGX00003008,AGT0078,POL0001260,Renewal,2021-09-01,0.23,383.24
AGX00003009,AGT0077,POL0000063,Renewal,2024-07-12,0.07,28.84
AGX00003010,AGT0078,POL0001260,Renewal,2022-01-13,0.14,233.28
AGX00003011,AGT0128,POL0000104,Renewal,2026-09-02,0.15,106.11
AGX00003012,AGT0004,POL0003133,New Business,2026-08-30,0.22,42.69
AGX00003013,AGT0148,POL0000168,New Business,2026-07-30,0.06,52.83
AGX00003014,AGT0043,POL0002326,Renewal,2026-06-26,0.22,391.03
AGX00003015,AGT0045,POL0004349,Renewal,2022-08-17,0.23,333.25
AGX00003016,AGT0078,POL0002095,Renewal,2026-01-07,0.21,336.67
AGX00003017,AGT0085,POL0002842,Renewal,2026-08-04,0.24,135.89
AGX00003018,AGT0147,POL0002536,New Business,2024-05-25,0.13,23.3
AGX00003019,AGT0032,POL0001597,Renewal,2026-07-06,0.16,194.92
AGX00003020,AGT0105,POL0003847,New Business,2023-07-06,0.15,105.82
AGX00003021,AGT0149,POL0001196,New Business,2026-02-09,0.14,136.15
AGX00003022,AGT0026,POL0001664,Renewal,2026-04-03,0.22,135.49
AGX00003023,AGT0093,POL0001031,New Business,2025-03-14,0.07,49.84
AGX00003024,AGT0081,POL0002954,Renewal,2026-08-21,0.1,41.15
AGX00003025,AGT0146,POL0003271,Renewal,2024-11-21,0.1,77.85
AGX00003026,AGT0098,POL0000353,Renewal,2023-06-28,0.25,321.66
AGX00003027,AGT0080,POL0001741,Renewal,2022-05-19,0.17,334.34
AGX00003028,AGT0061,POL0003105,Renewal,2026-05-20,0.08,151.1
AGX00003029,AGT0100,POL0004445,Renewal,2026-06-20,0.16,106.4
AGX00003030,AGT0093,POL0002320,Renewal,2025-04-02,0.13,113.64
AGX00003031,AGT0065,POL0003299,Renewal,2025-11-07,0.06,52.36
AGX00003032,AGT0146,POL0004721,Renewal,2026-05-22,0.24,28.94
AGX00003033,AGT0062,POL0001399,Renewal,2026-08-28,0.09,169.23
AGX00003034,AGT0073,POL0004397,Renewal,2026-05-22,0.12,32.72
AGX00003035,AGT0012,POL0003682,Renewal,2024-09-29,0.22,318.08
AGX00003036,AGT0115,POL0003889,Renewal,2023-07-28,0.1,170.96
AGX00003037,AGT0020,POL0002435,Renewal,2025-10-16,0.25,298.99
AGX00003038,AGT0094,POL0003026,New Business,2025-07-29,0.11,143.36
AGX00003039,AGT0116,POL0000861,Renewal,2025-03-11,0.24,164.6
AGX00003040,AGT0047,POL0000370,Renewal,2023-08-15,0.2,201.64
AGX00003041,AGT0089,POL0000361,Renewal,2025-07-23,0.22,363.29
AGX00003042,AGT0102,POL0001502,Renewal,2021-01-29,0.14,94.32
AGX00003043,AGT0047,POL0002682,New Business,2026-09-05,0.13,225.77
AGX00003044,AGT0106,POL0003536,New Business,2026-09-01,0.2,187.61
AGX00003045,AGT0029,POL0004585,New Business,2026-02-05,0.22,173.84
AGX00003046,AGT0006,POL0004483,New Business,2021-12-18,0.15,277.83
AGX00003047,AGT0007,POL0001469,Renewal,2025-05-23,0.18,147.34
AGX00003048,AGT0099,POL0002734,Renewal,2023-10-12,0.12,137.49
AGX00003049,AGT0001,POL0001076,New Business,2025-02-04,0.17,210.65
AGX00003050,AGT0085,POL0004637,New Business,2026-04-05,0.17,329.44
AGX00003051,AGT0002,POL0001428,Renewal,2026-08-27,0.17,152.41
AGX00003052,AGT0013,POL0003390,New Business,2022-07-24,0.2,149.47
AGX00003053,AGT0047,POL0003579,New Business,2026-08-01,0.11,67.73
AGX00003054,AGT0134,POL0001495,Renewal,2024-08-26,0.18,25.35
AGX00003055,AGT0133,POL0004155,Renewal,2026-08-22,0.12,235.53
AGX00003056,AGT0112,POL0004294,Renewal,2025-07-10,0.23,48.89
AGX00003057,AGT0124,POL0001079,New Business,2021-03-31,0.22,371.04
AGX00003058,AGT0074,POL0000284,Renewal,2022-04-07,0.15,217.61
AGX00003059,AGT0075,POL0003648,New Business,2026-05-22,0.22,185.05
AGX00003060,AGT0080,POL0001529,New Business,2026-05-08,0.12,233.75
AGX00003061,AGT0116,POL0001138,Renewal,2025-09-01,0.16,147.35
AGX00003062,AGT0110,POL0000455,New Business,2026-09-09,0.22,391.4
AGX00003063,AGT0065,POL0001689,Renewal,2026-01-03,0.06,24.7
AGX00003064,AGT0093,POL0002787,Renewal,2024-12-06,0.08,73.2
AGX00003065,AGT0005,POL0001294,Renewal,2021-05-11,0.19,96.52
AGX00003066,AGT0074,POL0001774,New Business,2026-01-25,0.19,172.17
AGX00003067,AGT0091,POL0003929,Renewal,2026-08-23,0.25,26.18
AGX00003068,AGT0144,POL0004534,Renewal,2026-07-18,0.21,386.82
AGX00003069,AGT0120,POL0003139,New Business,2021-08-10,0.18,130.9
AGX00003070,AGT0117,POL0002960,New Business,2026-02-22,0.13,237.84
AGX00003071,AGT0008,POL0004000,Renewal,2026-03-15,0.24,210.45
AGX00003072,AGT0117,POL0004021,Renewal,2022-03-11,0.11,110.18
AGX00003073,AGT0108,POL0004895,Renewal,2025-11-11,0.22,98.28
AGX00003074,AGT0081,POL0004906,Renewal,2026-07-28,0.24,445.39
AGX00003075,AGT0057,POL0000737,New Business,2022-09-02,0.19,315.84
AGX00003076,AGT0096,POL0002902,New Business,2022-05-09,0.14,250.91
AGX00003077,AGT0082,POL0002407,Renewal,2026-09-03,0.19,183.94
AGX00003078,AGT0078,POL0004746,New Business,2025-07-10,0.24,92.95
AGX00003079,AGT0041,POL0001475,Renewal,2025-05-27,0.15,243.6
AGX00003080,AGT0106,POL0001607,Renewal,2026-07-19,0.22,254.96
AGX00003081,AGT0104,POL0001542,New Business,2024-02-08,0.12,12.02
AGX00003082,AGT0090,POL0003837,Renewal,2026-08-05,0.17,242.36
AGX00003083,AGT0065,POL0001689,Renewal,2023-09-11,0.11,45.27
AGX00003084,AGT0122,POL0004118,Renewal,2024-07-13,0.16,259.9
AGX00003085,AGT0025,POL0002429,Renewal,2023-11-10,0.23,100.12
AGX00003086,AGT0006,POL0000906,New Business,2023-01-04,0.18,222.26
AGX00003087,AGT0085,POL0004660,New Business,2023-04-08,0.19,370.08
AGX00003088,AGT0148,POL0000575,Renewal,2023-07-01,0.15,139.11
AGX00003089,AGT0121,POL0002553,Renewal,2026-05-02,0.1,108.16
AGX00003090,AGT0017,POL0002662,New Business,2026-01-25,0.22,113.9
AGX00003091,AGT0149,POL0001151,New Business,2025-12-26,0.16,182.46
AGX00003092,AGT0091,POL0000620,Renewal,2022-11-13,0.07,135.48
AGX00003093,AGT0145,POL0001165,Renewal,2024-08-26,0.11,139.91
AGX00003094,AGT0106,POL0000169,Renewal,2022-07-16,0.1,64.83
AGX00003095,AGT0121,POL0002946,New Business,2026-08-02,0.15,84.97
AGX00003096,AGT0144,POL0002945,Renewal,2026-01-04,0.05,29.89
AGX00003097,AGT0094,POL0002251,Renewal,2024-03-29,0.18,108.75
AGX00003098,AGT0092,POL0000811,Renewal,2026-01-05,0.11,91.47
AGX00003099,AGT0040,POL0001433,Renewal,2024-10-17,0.07,32.46
AGX00003100,AGT0093,POL0002181,Renewal,2025-07-02,0.2,15.13
AGX00003101,AGT0056,POL0002549,Renewal,2025-11-27,0.08,86.56
AGX00003102,AGT0127,POL0000253,Renewal,2026-02-22,0.19,154.38
AGX00003103,AGT0018,POL0002140,Renewal,2024-11-02,0.11,23.28
AGX00003104,AGT0090,POL0000330,New Business,2024-03-20,0.12,122.9
AGX00003105,AGT0041,POL0003494,New Business,2024-05-20,0.19,23.45
AGX00003106,AGT0136,POL0000703,Renewal,2025-07-24,0.13,183.6
AGX00003107,AGT0093,POL0001681,Renewal,2025-07-31,0.17,266.22
AGX00003108,AGT0005,POL0004422,Renewal,2024-10-19,0.06,5.37
AGX00003109,AGT0001,POL0001076,Renewal,2025-04-01,0.25,309.77
AGX00003110,AGT0053,POL0003744,Renewal,2026-04-04,0.23,312.63
AGX00003111,AGT0005,POL0003824,New Business,2026-04-29,0.07,64.7
AGX00003112,AGT0132,POL0002509,New Business,2025-12-19,0.23,147.27
AGX00003113,AGT0041,POL0002355,Renewal,2023-12-30,0.11,25.13
AGX00003114,AGT0020,POL0000885,New Business,2023-12-21,0.09,69.06
AGX00003115,AGT0099,POL0004338,Renewal,2025-09-22,0.12,41.65
AGX00003116,AGT0053,POL0001028,New Business,2022-03-03,0.21,347.05
AGX00003117,AGT0046,POL0001256,Renewal,2026-05-29,0.23,87.94
AGX00003118,AGT0111,POL0004224,Renewal,2021-12-30,0.07,92.0
AGX00003119,AGT0092,POL0000741,New Business,2022-07-07,0.15,299.22
AGX00003120,AGT0065,POL0004876,Renewal,2026-08-17,0.16,96.13
AGX00003121,AGT0086,POL0004346,New Business,2025-06-09,0.2,281.02
AGX00003122,AGT0066,POL0003397,Renewal,2026-04-19,0.21,240.5
AGX00003123,AGT0138,POL0003266,New Business,2024-04-14,0.06,77.72
AGX00003124,AGT0121,POL0000787,Renewal,2026-08-08,0.14,130.68
AGX00003125,AGT0073,POL0004085,New Business,2024-04-11,0.21,416.19
AGX00003126,AGT0071,POL0004528,Renewal,2023-02-24,0.13,116.14
AGX00003127,AGT0001,POL0003893,New Business,2023-12-10,0.12,236.29
AGX00003128,AGT0100,POL0004075,Renewal,2025-06-13,0.09,153.06
AGX00003129,AGT0103,POL0004867,Renewal,2023-06-10,0.11,44.07
AGX00003130,AGT0037,POL0003610,Renewal,2025-12-21,0.17,255.51
AGX00003131,AGT0147,POL0000880,New Business,2025-12-03,0.21,342.02
AGX00003132,AGT0091,POL0000152,Renewal,2025-04-16,0.05,45.78
AGX00003133,AGT0095,POL0001906,New Business,2026-07-28,0.05,45.14
AGX00003134,AGT0021,POL0000320,New Business,2024-08-22,0.22,172.78
AGX00003135,AGT0041,POL0000779,New Business,2026-03-30,0.19,281.7
AGX00003136,AGT0030,POL0004506,New Business,2026-06-08,0.08,28.05
AGX00003137,AGT0024,POL0000066,Renewal,2025-03-18,0.14,176.76
AGX00003138,AGT0043,POL0000078,New Business,2026-08-08,0.15,146.14
AGX00003139,AGT0001,POL0001703,Renewal,2026-02-07,0.13,218.7
AGX00003140,AGT0063,POL0001966,Renewal,2025-10-22,0.09,173.27
AGX00003141,AGT0133,POL0002525,New Business,2025-11-19,0.18,72.22
AGX00003142,AGT0068,POL0003574,New Business,2025-07-28,0.2,161.19
AGX00003143,AGT0020,POL0000837,Renewal,2021-05-04,0.05,63.78
AGX00003144,AGT0006,POL0000884,Renewal,2025-03-03,0.18,48.32
AGX00003145,AGT0140,POL0003054,New Business,2025-04-15,0.08,61.67
AGX00003146,AGT0042,POL0003538,New Business,2023-12-31,0.08,19.02
AGX00003147,AGT0016,POL0002750,Renewal,2025-02-02,0.22,179.88
AGX00003148,AGT0019,POL0001595,Renewal,2025-06-03,0.13,43.1
AGX00003149,AGT0142,POL0004303,Renewal,2024-09-17,0.22,144.69
AGX00003150,AGT0070,POL0001158,New Business,2025-06-26,0.2,311.44
AGX00003151,AGT0004,POL0002219,New Business,2026-06-27,0.05,44.88
AGX00003152,AGT0077,POL0004450,Renewal,2025-08-28,0.18,158.59
AGX00003153,AGT0109,POL0001086,Renewal,2024-01-09,0.09,132.64
AGX00003154,AGT0104,POL0001528,Renewal,2025-02-19,0.06,12.06
AGX00003155,AGT0026,POL0003680,Renewal,2026-07-30,0.09,19.13
AGX00003156,AGT0079,POL0001543,Renewal,2026-06-27,0.24,311.5
AGX00003157,AGT0073,POL0004628,Renewal,2026-09-04,0.09,144.18
AGX00003158,AGT0083,POL0000769,New Business,2026-03-29,0.14,190.24
AGX00003159,AGT0040,POL0000457,Renewal,2024-01-12,0.13,28.27
AGX00003160,AGT0098,POL0003584,Renewal,2024-05-19,0.08,91.98
AGX00003161,AGT0038,POL0000949,New Business,2026-03-22,0.22,154.72
AGX00003162,AGT0134,POL0000293,Renewal,2023-08-24,0.16,48.85
AGX00003163,AGT0133,POL0003873,Renewal,2025-07-09,0.13,74.42
AGX00003164,AGT0092,POL0000847,New Business,2022-03-06,0.15,82.0
AGX00003165,AGT0036,POL0000233,New Business,2025-09-09,0.05,11.73
AGX00003166,AGT0047,POL0002037,Renewal,2026-08-01,0.11,135.87
AGX00003167,AGT0136,POL0003359,New Business,2026-07-11,0.05,92.82
AGX00003168,AGT0116,POL0000036,New Business,2025-02-10,0.24,358.49
AGX00003169,AGT0046,POL0001827,Renewal,2026-07-11,0.14,247.37
AGX00003170,AGT0148,POL0002904,Renewal,2024-12-16,0.25,299.03
AGX00003171,AGT0074,POL0004682,Renewal,2023-12-15,0.17,248.76
AGX00003172,AGT0071,POL0002832,Renewal,2021-09-27,0.17,274.98
AGX00003173,AGT0027,POL0000642,New Business,2024-03-28,0.21,167.03
AGX00003174,AGT0105,POL0003572,New Business,2026-08-31,0.23,364.85
AGX00003175,AGT0053,POL0000742,New Business,2025-08-11,0.15,200.34
AGX00003176,AGT0115,POL0001995,Renewal,2026-02-05,0.1,37.68
AGX00003177,AGT0006,POL0003204,New Business,2024-11-14,0.2,293.95
AGX00003178,AGT0080,POL0002418,New Business,2024-06-01,0.06,66.03
AGX00003179,AGT0013,POL0001507,Renewal,2026-08-02,0.21,113.08
AGX00003180,AGT0008,POL0004225,Renewal,2025-06-12,0.19,101.47
AGX00003181,AGT0149,POL0001962,New Business,2026-05-01,0.08,42.39
AGX00003182,AGT0132,POL0002127,New Business,2024-09-10,0.24,360.03
AGX00003183,AGT0138,POL0002171,Renewal,2026-09-02,0.13,214.97
AGX00003184,AGT0035,POL0002791,Renewal,2026-05-09,0.06,58.99
AGX00003185,AGT0020,POL0001536,Renewal,2024-05-29,0.15,77.01
AGX00003186,AGT0063,POL0002899,Renewal,2025-08-24,0.21,297.26
AGX00003187,AGT0029,POL0004327,Renewal,2026-08-11,0.21,397.41
AGX00003188,AGT0087,POL0001682,New Business,2026-03-05,0.06,9.27
AGX00003189,AGT0074,POL0001602,New Business,2026-02-14,0.13,88.54
AGX00003190,AGT0005,POL0001931,New Business,2022-11-06,0.16,310.52
AGX00003191,AGT0104,POL0001017,Renewal,2025-11-30,0.13,77.6
AGX00003192,AGT0101,POL0004742,Renewal,2026-06-20,0.24,360.66
AGX00003193,AGT0134,POL0002321,New Business,2024-07-20,0.12,131.94
AGX00003194,AGT0029,POL0000903,Renewal,2025-09-05,0.17,178.69
AGX00003195,AGT0073,POL0000597,Renewal,2025-06-30,0.13,72.36
AGX00003196,AGT0108,POL0000856,Renewal,2026-01-25,0.14,166.07
AGX00003197,AGT0106,POL0002235,New Business,2026-04-25,0.1,16.02
AGX00003198,AGT0131,POL0000965,New Business,2026-02-05,0.25,23.64
AGX00003199,AGT0141,POL0004465,Renewal,2022-08-25,0.24,265.98
AGX00003200,AGT0112,POL0000952,Renewal,2026-01-09,0.06,111.89
AGX00003201,AGT0028,POL0002833,New Business,2026-01-18,0.18,182.25
AGX00003202,AGT0061,POL0003753,New Business,2022-11-22,0.09,144.76
AGX00003203,AGT0011,POL0002459,Renewal,2026-06-07,0.22,263.27
AGX00003204,AGT0118,POL0004812,Renewal,2026-04-28,0.14,71.59
AGX00003205,AGT0057,POL0003344,Renewal,2025-12-07,0.13,9.17
AGX00003206,AGT0089,POL0000361,Renewal,2025-01-28,0.15,247.7
AGX00003207,AGT0018,POL0000519,New Business,2022-05-03,0.07,65.01
AGX00003208,AGT0001,POL0001703,Renewal,2024-08-13,0.21,353.29
AGX00003209,AGT0024,POL0002003,Renewal,2026-05-27,0.07,29.72
AGX00003210,AGT0028,POL0004747,New Business,2024-07-28,0.15,172.83
AGX00003211,AGT0103,POL0003834,Renewal,2026-06-17,0.15,155.34
AGX00003212,AGT0129,POL0001745,New Business,2024-10-15,0.1,11.18
AGX00003213,AGT0109,POL0000035,New Business,2021-07-04,0.15,270.65
AGX00003214,AGT0079,POL0000732,Renewal,2026-03-17,0.14,71.16
AGX00003215,AGT0150,POL0004583,Renewal,2026-07-16,0.1,13.11
AGX00003216,AGT0098,POL0003993,New Business,2026-02-11,0.15,251.87
AGX00003217,AGT0040,POL0003217,New Business,2025-01-21,0.12,104.44
AGX00003218,AGT0030,POL0001919,Renewal,2023-07-06,0.16,237.36
AGX00003219,AGT0107,POL0000130,New Business,2026-01-19,0.19,40.25
AGX00003220,AGT0057,POL0003152,Renewal,2024-03-20,0.13,131.49
AGX00003221,AGT0133,POL0002045,New Business,2026-01-26,0.12,49.48
AGX00003222,AGT0100,POL0000864,Renewal,2025-04-07,0.1,179.83
AGX00003223,AGT0018,POL0002242,Renewal,2026-08-29,0.23,264.36
AGX00003224,AGT0073,POL0004508,Renewal,2025-02-06,0.08,67.25
AGX00003225,AGT0024,POL0000219,New Business,2025-02-16,0.06,98.04
AGX00003226,AGT0089,POL0003830,Renewal,2026-07-22,0.21,400.54
AGX00003227,AGT0103,POL0003066,Renewal,2026-04-12,0.16,318.54
AGX00003228,AGT0029,POL0001976,Renewal,2026-04-27,0.16,308.79
AGX00003229,AGT0059,POL0001824,Renewal,2024-05-15,0.09,96.87
AGX00003230,AGT0132,POL0001228,New Business,2023-09-18,0.17,114.89
AGX00003231,AGT0063,POL0000297,Renewal,2023-05-03,0.11,174.7
AGX00003232,AGT0004,POL0002164,Renewal,2023-06-12,0.21,228.4
AGX00003233,AGT0100,POL0001394,Renewal,2025-11-15,0.24,78.39
AGX00003234,AGT0030,POL0000959,New Business,2026-06-22,0.12,29.64
AGX00003235,AGT0116,POL0004861,Renewal,2026-08-06,0.1,79.08
AGX00003236,AGT0082,POL0002002,New Business,2025-10-15,0.12,145.72
AGX00003237,AGT0014,POL0000175,Renewal,2026-04-29,0.12,93.42
AGX00003238,AGT0129,POL0003179,New Business,2026-04-18,0.22,158.82
AGX00003239,AGT0025,POL0004961,New Business,2026-08-13,0.05,83.43
AGX00003240,AGT0058,POL0002775,Renewal,2025-08-28,0.14,276.78
AGX00003241,AGT0022,POL0000466,Renewal,2024-09-25,0.13,98.88
AGX00003242,AGT0014,POL0003261,Renewal,2023-06-11,0.15,65.44
AGX00003243,AGT0038,POL0000629,Renewal,2024-01-20,0.11,113.56
AGX00003244,AGT0090,POL0001890,Renewal,2021-05-15,0.12,81.74
AGX00003245,AGT0086,POL0003776,Renewal,2024-11-08,0.22,65.56
AGX00003246,AGT0107,POL0001940,New Business,2024-04-09,0.21,289.85
AGX00003247,AGT0141,POL0003031,Renewal,2026-08-10,0.25,343.3
AGX00003248,AGT0111,POL0002388,Renewal,2023-06-30,0.14,95.29
AGX00003249,AGT0072,POL0003514,Renewal,2026-05-21,0.2,163.35
AGX00003250,AGT0006,POL0003976,New Business,2024-07-12,0.14,132.84
AGX00003251,AGT0098,POL0004458,New Business,2024-12-16,0.06,76.67
AGX00003252,AGT0079,POL0004843,Renewal,2025-07-28,0.13,107.22
AGX00003253,AGT0062,POL0002482,Renewal,2025-05-12,0.21,384.34
AGX00003254,AGT0043,POL0000400,Renewal,2025-04-15,0.25,269.29
AGX00003255,AGT0013,POL0004163,New Business,2025-01-18,0.25,309.55
AGX00003256,AGT0143,POL0003505,New Business,2025-03-02,0.18,175.49
AGX00003257,AGT0078,POL0000530,New Business,2026-07-25,0.17,174.36
AGX00003258,AGT0070,POL0003269,New Business,2022-08-05,0.19,348.83
AGX00003259,AGT0049,POL0003338,New Business,2025-12-07,0.19,128.22
AGX00003260,AGT0064,POL0004827,New Business,2024-05-29,0.05,51.23
AGX00003261,AGT0037,POL0004832,Renewal,2023-05-05,0.13,39.53
AGX00003262,AGT0039,POL0002189,Renewal,2026-09-07,0.12,52.49
AGX00003263,AGT0058,POL0002639,New Business,2025-06-21,0.19,67.02
AGX00003264,AGT0148,POL0004378,Renewal,2023-05-17,0.13,6.97
AGX00003265,AGT0101,POL0001594,New Business,2024-10-09,0.2,237.13
AGX00003266,AGT0006,POL0004635,Renewal,2025-08-20,0.1,91.76
AGX00003267,AGT0058,POL0001034,Renewal,2026-05-27,0.12,69.38
AGX00003268,AGT0142,POL0004694,New Business,2023-07-21,0.24,271.24
AGX00003269,AGT0027,POL0001959,New Business,2022-10-02,0.18,288.22
AGX00003270,AGT0082,POL0002468,New Business,2025-09-14,0.25,279.03
AGX00003271,AGT0072,POL0004049,New Business,2025-05-20,0.08,102.89
AGX00003272,AGT0018,POL0000716,New Business,2025-10-12,0.05,55.62
AGX00003273,AGT0065,POL0003246,New Business,2022-11-08,0.18,68.5
AGX00003274,AGT0128,POL0001996,New Business,2026-07-20,0.21,248.0
AGX00003275,AGT0075,POL0002311,Renewal,2025-10-21,0.21,272.78
AGX00003276,AGT0108,POL0004148,New Business,2025-10-05,0.13,214.79
AGX00003277,AGT0004,POL0002666,Renewal,2026-06-08,0.14,14.16
AGX00003278,AGT0139,POL0003471,New Business,2025-11-03,0.19,119.39
AGX00003279,AGT0042,POL0003952,Renewal,2022-08-18,0.06,46.83
AGX00003280,AGT0077,POL0004541,Renewal,2025-06-11,0.09,172.97
AGX00003281,AGT0038,POL0001356,Renewal,2026-01-12,0.09,132.5
AGX00003282,AGT0150,POL0004811,Renewal,2023-03-24,0.09,160.48
AGX00003283,AGT0065,POL0001938,Renewal,2026-05-19,0.08,150.3
AGX00003284,AGT0020,POL0004970,Renewal,2026-07-20,0.21,225.46
AGX00003285,AGT0071,POL0002964,Renewal,2025-08-10,0.1,149.43
AGX00003286,AGT0011,POL0003995,Renewal,2026-09-05,0.22,34.33
AGX00003287,AGT0068,POL0003951,New Business,2025-07-29,0.15,289.35
AGX00003288,AGT0097,POL0004592,New Business,2026-01-25,0.14,208.46
AGX00003289,AGT0042,POL0000935,Renewal,2025-02-27,0.2,43.75
AGX00003290,AGT0099,POL0001987,Renewal,2023-10-16,0.06,118.79
AGX00003291,AGT0150,POL0003118,New Business,2025-06-08,0.07,139.94
AGX00003292,AGT0112,POL0000952,Renewal,2026-06-28,0.24,447.57
AGX00003293,AGT0004,POL0004912,Renewal,2026-07-29,0.17,321.81
AGX00003294,AGT0041,POL0001373,Renewal,2025-08-07,0.06,79.66
AGX00003295,AGT0051,POL0003617,New Business,2025-12-07,0.11,159.29
AGX00003296,AGT0141,POL0000731,New Business,2022-11-03,0.13,173.98
AGX00003297,AGT0079,POL0000060,New Business,2022-05-07,0.08,21.76
AGX00003298,AGT0015,POL0000390,New Business,2026-05-26,0.09,118.88
AGX00003299,AGT0072,POL0000827,Renewal,2024-01-31,0.22,269.61
AGX00003300,AGT0082,POL0001387,Renewal,2026-08-04,0.18,91.89
AGX00003301,AGT0148,POL0000558,New Business,2025-02-12,0.2,166.5
AGX00003302,AGT0112,POL0004395,Renewal,2026-09-05,0.15,104.2
AGX00003303,AGT0027,POL0004234,Renewal,2025-10-16,0.1,64.14
AGX00003304,AGT0101,POL0001949,New Business,2023-02-11,0.17,153.9
AGX00003305,AGT0100,POL0002863,New Business,2026-07-16,0.06,99.59
AGX00003306,AGT0090,POL0004680,Renewal,2025-05-25,0.18,114.18
AGX00003307,AGT0011,POL0003163,Renewal,2026-04-20,0.23,243.9
AGX00003308,AGT0079,POL0003369,Renewal,2023-08-13,0.17,176.49
AGX00003309,AGT0035,POL0004484,Renewal,2026-07-04,0.17,271.02
AGX00003310,AGT0012,POL0001395,New Business,2021-03-19,0.09,165.41
AGX00003311,AGT0019,POL0002038,Renewal,2026-06-11,0.08,27.24
AGX00003312,AGT0134,POL0002913,New Business,2026-02-25,0.08,108.99
AGX00003313,AGT0069,POL0004535,Renewal,2026-04-21,0.08,108.14
AGX00003314,AGT0076,POL0003848,Renewal,2026-01-19,0.09,40.65
AGX00003315,AGT0095,POL0001807,New Business,2024-01-02,0.21,110.99
AGX00003316,AGT0077,POL0002838,Renewal,2026-04-13,0.14,177.37
AGX00003317,AGT0073,POL0000761,New Business,2026-07-25,0.12,79.37
AGX00003318,AGT0130,POL0002250,Renewal,2025-04-05,0.06,17.17
AGX00003319,AGT0120,POL0000350,Renewal,2026-09-03,0.06,25.51
AGX00003320,AGT0082,POL0001387,Renewal,2026-06-19,0.14,71.47
AGX00003321,AGT0085,POL0000074,Renewal,2026-07-27,0.2,115.87
AGX00003322,AGT0065,POL0004239,New Business,2026-04-15,0.13,57.98
AGX00003323,AGT0148,POL0002294,Renewal,2025-02-14,0.05,85.12
AGX00003324,AGT0090,POL0004987,New Business,2023-06-16,0.08,42.98
AGX00003325,AGT0120,POL0000350,Renewal,2026-08-21,0.16,68.03
AGX00003326,AGT0078,POL0001739,New Business,2025-11-01,0.13,211.75
AGX00003327,AGT0089,POL0003830,New Business,2026-06-18,0.16,305.17
AGX00003328,AGT0055,POL0002268,Renewal,2026-08-14,0.13,244.99
AGX00003329,AGT0058,POL0001204,Renewal,2024-06-07,0.24,341.36
AGX00003330,AGT0076,POL0004356,New Business,2026-08-14,0.14,163.6
AGX00003331,AGT0118,POL0001171,Renewal,2026-08-13,0.09,118.88
AGX00003332,AGT0077,POL0003620,Renewal,2026-04-16,0.17,278.22
AGX00003333,AGT0056,POL0001861,New Business,2026-02-14,0.08,5.48
AGX00003334,AGT0030,POL0001919,New Business,2024-04-19,0.07,103.85
AGX00003335,AGT0030,POL0000214,New Business,2026-03-19,0.14,20.67
AGX00003336,AGT0005,POL0003947,Renewal,2023-03-08,0.21,43.19
AGX00003337,AGT0102,POL0001197,Renewal,2022-11-14,0.2,98.61
AGX00003338,AGT0097,POL0002353,New Business,2026-08-26,0.18,348.97
AGX00003339,AGT0062,POL0001606,Renewal,2024-10-22,0.06,69.18
AGX00003340,AGT0011,POL0001268,New Business,2025-04-22,0.15,53.99
AGX00003341,AGT0140,POL0001678,New Business,2025-09-17,0.16,214.24
AGX00003342,AGT0008,POL0004350,Renewal,2025-01-30,0.06,51.88
AGX00003343,AGT0117,POL0001489,New Business,2025-10-30,0.1,8.54
AGX00003344,AGT0008,POL0001555,New Business,2024-06-14,0.07,99.37
AGX00003345,AGT0023,POL0000416,Renewal,2026-06-08,0.14,135.91
AGX00003346,AGT0135,POL0000461,Renewal,2025-08-06,0.18,162.96
AGX00003347,AGT0087,POL0000473,Renewal,2024-11-22,0.05,76.54
AGX00003348,AGT0055,POL0004595,Renewal,2025-05-14,0.14,123.32
AGX00003349,AGT0034,POL0004736,Renewal,2025-07-13,0.17,256.45
AGX00003350,AGT0113,POL0004124,New Business,2026-05-26,0.21,292.97
AGX00003351,AGT0048,POL0002916,New Business,2025-01-03,0.09,14.76
AGX00003352,AGT0119,POL0003576,Renewal,2025-06-15,0.13,7.94
AGX00003353,AGT0118,POL0004236,New Business,2024-05-27,0.1,121.77
AGX00003354,AGT0027,POL0002041,New Business,2026-08-30,0.19,317.86
AGX00003355,AGT0093,POL0000213,Renewal,2025-08-20,0.19,99.86
AGX00003356,AGT0024,POL0001434,Renewal,2026-06-16,0.09,27.0
AGX00003357,AGT0084,POL0003143,Renewal,2025-04-12,0.07,56.0
AGX00003358,AGT0103,POL0003066,Renewal,2026-02-23,0.05,99.54
AGX00003359,AGT0095,POL0003784,Renewal,2024-12-26,0.2,200.85
AGX00003360,AGT0074,POL0003593,New Business,2024-10-13,0.05,76.61
AGX00003361,AGT0006,POL0000248,Renewal,2025-09-14,0.16,161.94
AGX00003362,AGT0009,POL0003673,Renewal,2023-12-02,0.24,251.65
AGX00003363,AGT0107,POL0001830,New Business,2023-01-26,0.09,178.89
AGX00003364,AGT0078,POL0000483,Renewal,2024-01-06,0.22,348.09
AGX00003365,AGT0118,POL0000775,Renewal,2026-04-12,0.11,209.04
AGX00003366,AGT0062,POL0004874,Renewal,2021-12-31,0.08,119.41
AGX00003367,AGT0127,POL0002615,Renewal,2025-08-12,0.07,103.83
AGX00003368,AGT0095,POL0002146,New Business,2023-11-03,0.15,171.81
AGX00003369,AGT0052,POL0003184,Renewal,2026-06-19,0.13,89.23
AGX00003370,AGT0022,POL0002837,Renewal,2021-11-09,0.15,130.51
AGX00003371,AGT0035,POL0001613,New Business,2023-12-17,0.17,261.08
AGX00003372,AGT0043,POL0000840,Renewal,2025-01-29,0.23,31.44
AGX00003373,AGT0002,POL0001093,Renewal,2026-05-10,0.2,182.65
AGX00003374,AGT0017,POL0001030,Renewal,2026-03-05,0.1,168.35
AGX00003375,AGT0049,POL0004763,Renewal,2025-02-15,0.05,88.23
AGX00003376,AGT0009,POL0002782,New Business,2026-08-16,0.07,64.44
AGX00003377,AGT0150,POL0001639,New Business,2025-06-15,0.08,125.2
AGX00003378,AGT0121,POL0002488,Renewal,2026-07-07,0.21,213.12
AGX00003379,AGT0085,POL0000591,Renewal,2026-08-03,0.06,110.45
AGX00003380,AGT0082,POL0003008,Renewal,2025-06-27,0.15,51.83
AGX00003381,AGT0106,POL0002167,New Business,2026-07-21,0.22,396.68
AGX00003382,AGT0002,POL0004250,Renewal,2022-05-15,0.11,217.67
AGX00003383,AGT0017,POL0002662,New Business,2026-05-16,0.14,72.48
AGX00003384,AGT0112,POL0004734,New Business,2025-11-09,0.23,278.61
AGX00003385,AGT0104,POL0003626,Renewal,2021-10-09,0.09,64.58
AGX00003386,AGT0086,POL0004952,Renewal,2024-10-06,0.18,22.36
AGX00003387,AGT0143,POL0003505,Renewal,2021-03-23,0.17,165.74
AGX00003388,AGT0018,POL0002084,New Business,2024-08-25,0.18,339.46
AGX00003389,AGT0038,POL0001266,Renewal,2024-03-26,0.24,129.33
AGX00003390,AGT0033,POL0000030,Renewal,2026-09-04,0.06,36.67
AGX00003391,AGT0106,POL0001032,New Business,2026-04-11,0.24,348.49
AGX00003392,AGT0082,POL0000706,New Business,2025-07-23,0.18,113.23
AGX00003393,AGT0127,POL0000089,New Business,2024-02-07,0.06,88.22
AGX00003394,AGT0059,POL0001007,New Business,2026-07-12,0.2,363.0
AGX00003395,AGT0101,POL0001211,Renewal,2026-08-11,0.24,416.82
AGX00003396,AGT0078,POL0001245,Renewal,2025-12-28,0.08,48.66
AGX00003397,AGT0018,POL0003855,Renewal,2026-05-04,0.06,25.09
AGX00003398,AGT0076,POL0003507,New Business,2025-08-19,0.16,238.24
AGX00003399,AGT0128,POL0001713,Renewal,2026-01-08,0.15,279.55
AGX00003400,AGT0070,POL0000639,Renewal,2024-09-07,0.07,63.24
AGX00003401,AGT0066,POL0002072,Renewal,2024-04-13,0.15,286.38
AGX00003402,AGT0068,POL0002914,Renewal,2025-12-21,0.21,99.53
AGX00003403,AGT0143,POL0000795,Renewal,2026-06-10,0.11,23.68
AGX00003404,AGT0008,POL0000997,Renewal,2026-01-03,0.09,38.38
AGX00003405,AGT0105,POL0000056,New Business,2022-07-21,0.09,55.27
AGX00003406,AGT0137,POL0001021,New Business,2026-04-13,0.19,126.65
AGX00003407,AGT0066,POL0001525,Renewal,2025-08-26,0.13,232.56
AGX00003408,AGT0104,POL0004004,New Business,2026-06-30,0.19,29.82
AGX00003409,AGT0115,POL0003459,Renewal,2025-07-01,0.14,233.79
AGX00003410,AGT0045,POL0001785,Renewal,2026-05-28,0.11,59.22
AGX00003411,AGT0143,POL0004464,Renewal,2024-01-31,0.22,310.47
AGX00003412,AGT0015,POL0002304,Renewal,2024-04-15,0.21,194.52
AGX00003413,AGT0010,POL0000669,New Business,2026-01-10,0.08,34.77
AGX00003414,AGT0068,POL0002930,Renewal,2025-05-06,0.17,105.88
AGX00003415,AGT0055,POL0001208,New Business,2025-04-28,0.15,217.36
AGX00003416,AGT0020,POL0002397,Renewal,2023-01-25,0.08,44.79
AGX00003417,AGT0031,POL0004513,Renewal,2024-04-24,0.24,221.51
AGX00003418,AGT0056,POL0003185,Renewal,2024-04-29,0.24,381.47
AGX00003419,AGT0030,POL0000695,Renewal,2024-04-25,0.07,24.73
AGX00003420,AGT0121,POL0002946,Renewal,2026-07-27,0.07,39.65
AGX00003421,AGT0095,POL0001456,New Business,2026-01-27,0.05,93.35
AGX00003422,AGT0014,POL0000175,Renewal,2026-07-22,0.2,155.7
AGX00003423,AGT0099,POL0003790,New Business,2024-05-23,0.14,42.24
AGX00003424,AGT0011,POL0001803,Renewal,2026-04-07,0.08,105.28
AGX00003425,AGT0124,POL0002693,Renewal,2023-07-15,0.24,358.81
AGX00003426,AGT0003,POL0001546,Renewal,2024-10-09,0.19,347.72
AGX00003427,AGT0080,POL0004066,Renewal,2023-06-21,0.21,327.33
AGX00003428,AGT0009,POL0002843,Renewal,2025-08-18,0.18,266.01
AGX00003429,AGT0096,POL0001711,New Business,2022-04-24,0.2,277.94
AGX00003430,AGT0115,POL0000322,Renewal,2025-07-22,0.24,408.86
AGX00003431,AGT0139,POL0000644,New Business,2025-03-12,0.12,102.6
AGX00003432,AGT0122,POL0002446,Renewal,2025-05-11,0.07,79.58
AGX00003433,AGT0093,POL0003312,New Business,2025-12-10,0.15,272.91
AGX00003434,AGT0051,POL0001070,Renewal,2023-10-03,0.15,189.63
AGX00003435,AGT0106,POL0003195,New Business,2024-01-01,0.17,119.85
AGX00003436,AGT0082,POL0000012,New Business,2023-08-28,0.17,117.65
AGX00003437,AGT0102,POL0004455,New Business,2026-02-14,0.23,409.13
AGX00003438,AGT0135,POL0004702,New Business,2026-05-13,0.06,91.67
AGX00003439,AGT0011,POL0000490,New Business,2026-06-17,0.18,225.14
AGX00003440,AGT0050,POL0002281,Renewal,2023-09-18,0.11,24.52
AGX00003441,AGT0085,POL0000591,Renewal,2026-05-15,0.2,368.18
AGX00003442,AGT0013,POL0004731,Renewal,2026-04-15,0.14,23.01
AGX00003443,AGT0115,POL0001797,New Business,2022-12-09,0.12,219.55
AGX00003444,AGT0141,POL0004715,Renewal,2022-05-03,0.2,50.5
AGX00003445,AGT0133,POL0004470,New Business,2026-05-08,0.24,119.74
AGX00003446,AGT0051,POL0003544,Renewal,2025-10-07,0.12,79.0
AGX00003447,AGT0139,POL0004720,Renewal,2026-05-16,0.13,134.64
AGX00003448,AGT0118,POL0001171,New Business,2026-06-04,0.12,158.5
AGX00003449,AGT0027,POL0004787,Renewal,2024-08-16,0.18,151.71
AGX00003450,AGT0041,POL0000144,Renewal,2025-05-17,0.09,174.94
AGX00003451,AGT0142,POL0003088,Renewal,2023-04-11,0.05,95.71
AGX00003452,AGT0114,POL0003660,New Business,2024-02-17,0.07,128.0
AGX00003453,AGT0016,POL0004363,Renewal,2023-04-15,0.08,39.0
AGX00003454,AGT0019,POL0002602,New Business,2023-08-02,0.24,437.11
AGX00003455,AGT0020,POL0000395,New Business,2026-03-04,0.05,59.53
AGX00003456,AGT0148,POL0002086,Renewal,2024-02-18,0.23,422.08
AGX00003457,AGT0137,POL0002492,Renewal,2026-06-26,0.07,108.01
AGX00003458,AGT0108,POL0004770,New Business,2024-10-02,0.21,330.91
AGX00003459,AGT0049,POL0000408,Renewal,2023-07-04,0.17,329.85
AGX00003460,AGT0010,POL0004473,Renewal,2023-07-06,0.25,29.7
AGX00003461,AGT0131,POL0003506,Renewal,2023-08-21,0.08,37.63
AGX00003462,AGT0134,POL0004512,Renewal,2023-02-22,0.13,230.73
AGX00003463,AGT0017,POL0001404,New Business,2026-05-18,0.21,210.76
AGX00003464,AGT0023,POL0001417,Renewal,2026-03-29,0.13,154.58
AGX00003465,AGT0120,POL0004490,Renewal,2024-06-08,0.12,87.99
AGX00003466,AGT0025,POL0003414,New Business,2023-05-26,0.06,71.11
AGX00003467,AGT0017,POL0003654,New Business,2025-01-01,0.08,122.07
AGX00003468,AGT0073,POL0001134,Renewal,2025-10-01,0.23,381.31
AGX00003469,AGT0117,POL0004109,New Business,2025-12-14,0.13,148.99
AGX00003470,AGT0096,POL0000391,Renewal,2022-01-10,0.21,359.03
AGX00003471,AGT0066,POL0001073,New Business,2025-11-13,0.19,86.79
AGX00003472,AGT0071,POL0000735,Renewal,2023-04-07,0.12,15.45
AGX00003473,AGT0007,POL0000229,New Business,2023-06-01,0.08,124.17
AGX00003474,AGT0117,POL0004109,Renewal,2025-07-15,0.1,114.61
AGX00003475,AGT0114,POL0003310,New Business,2024-01-16,0.21,176.0
AGX00003476,AGT0083,POL0001759,Renewal,2026-08-29,0.15,245.14
AGX00003477,AGT0130,POL0002865,Renewal,2026-02-03,0.18,146.97
AGX00003478,AGT0002,POL0002632,Renewal,2026-05-24,0.18,214.32
AGX00003479,AGT0005,POL0004280,Renewal,2025-06-20,0.14,106.55
AGX00003480,AGT0002,POL0001116,Renewal,2026-04-30,0.18,83.79
AGX00003481,AGT0009,POL0003673,New Business,2023-08-04,0.06,62.91
AGX00003482,AGT0133,POL0003990,Renewal,2026-04-25,0.22,86.2
AGX00003483,AGT0007,POL0001094,New Business,2025-11-28,0.08,141.05
AGX00003484,AGT0073,POL0002877,Renewal,2024-04-03,0.1,87.74
AGX00003485,AGT0111,POL0000841,New Business,2023-06-10,0.19,285.82
AGX00003486,AGT0018,POL0000867,New Business,2023-04-10,0.07,57.33
AGX00003487,AGT0045,POL0003829,Renewal,2024-08-01,0.08,36.84
AGX00003488,AGT0139,POL0002533,Renewal,2026-06-21,0.1,128.91
AGX00003489,AGT0008,POL0004326,Renewal,2026-05-25,0.23,19.15
AGX00003490,AGT0020,POL0004323,Renewal,2021-11-11,0.17,262.91
AGX00003491,AGT0074,POL0002191,Renewal,2026-01-18,0.1,48.26
AGX00003492,AGT0124,POL0000626,Renewal,2024-10-06,0.07,66.49
AGX00003493,AGT0144,POL0004114,New Business,2022-09-11,0.07,12.27
AGX00003494,AGT0059,POL0002569,Renewal,2026-05-29,0.12,234.54
AGX00003495,AGT0062,POL0001457,New Business,2026-07-29,0.06,79.99
AGX00003496,AGT0020,POL0004970,New Business,2026-08-01,0.09,96.62
AGX00003497,AGT0063,POL0004056,Renewal,2025-10-12,0.21,173.3
AGX00003498,AGT0001,POL0002100,Renewal,2025-03-04,0.12,199.77
AGX00003499,AGT0015,POL0000633,Renewal,2026-07-13,0.06,4.48
AGX00003500,AGT0073,POL0001141,New Business,2025-06-18,0.06,105.28
AGX00003501,AGT0104,POL0002203,Renewal,2025-12-07,0.07,17.74
AGX00003502,AGT0041,POL0003494,Renewal,2024-09-17,0.06,7.41
AGX00003503,AGT0121,POL0001513,New Business,2025-04-15,0.1,13.08
AGX00003504,AGT0049,POL0001522,Renewal,2022-11-23,0.1,94.79
AGX00003505,AGT0091,POL0001659,Renewal,2022-05-18,0.19,367.58
AGX00003506,AGT0063,POL0001574,Renewal,2024-12-01,0.08,83.74
AGX00003507,AGT0136,POL0002774,New Business,2022-09-25,0.2,56.72
AGX00003508,AGT0073,POL0004622,Renewal,2025-12-14,0.09,102.83
AGX00003509,AGT0134,POL0003401,New Business,2026-06-29,0.11,121.33
AGX00003510,AGT0099,POL0001248,New Business,2023-03-27,0.06,31.8
AGX00003511,AGT0082,POL0003008,Renewal,2023-04-19,0.15,51.83
AGX00003512,AGT0134,POL0003492,Renewal,2024-09-07,0.2,325.48
AGX00003513,AGT0063,POL0000298,Renewal,2022-03-30,0.23,402.3
AGX00003514,AGT0067,POL0002974,Renewal,2026-03-05,0.11,101.22
AGX00003515,AGT0043,POL0001561,Renewal,2023-07-31,0.11,17.71
AGX00003516,AGT0116,POL0000036,Renewal,2025-12-04,0.17,253.93
AGX00003517,AGT0125,POL0000958,New Business,2025-12-03,0.08,103.0
AGX00003518,AGT0011,POL0000413,Renewal,2024-12-30,0.25,384.07
AGX00003519,AGT0099,POL0001248,New Business,2025-12-04,0.16,84.79
AGX00003520,AGT0098,POL0003993,Renewal,2026-01-30,0.08,134.33
AGX00003521,AGT0076,POL0003865,Renewal,2026-05-15,0.25,485.15
AGX00003522,AGT0044,POL0004853,Renewal,2025-09-21,0.11,175.65
AGX00003523,AGT0117,POL0001489,New Business,2025-04-12,0.21,17.94
AGX00003524,AGT0087,POL0001361,Renewal,2023-04-30,0.08,78.38
AGX00003525,AGT0072,POL0000334,New Business,2026-04-10,0.07,96.33
AGX00003526,AGT0148,POL0000575,Renewal,2025-06-17,0.13,120.57
AGX00003527,AGT0067,POL0002974,New Business,2024-12-07,0.13,119.62
AGX00003528,AGT0098,POL0003730,Renewal,2025-08-07,0.19,341.55
AGX00003529,AGT0124,POL0000902,Renewal,2025-04-10,0.06,41.95
AGX00003530,AGT0028,POL0004226,Renewal,2025-04-12,0.07,92.86
AGX00003531,AGT0058,POL0004936,Renewal,2025-04-23,0.13,146.85
AGX00003532,AGT0082,POL0000352,Renewal,2022-09-23,0.14,14.41
AGX00003533,AGT0067,POL0002197,Renewal,2024-04-26,0.19,19.54
AGX00003534,AGT0052,POL0003541,Renewal,2025-09-28,0.14,34.69
AGX00003535,AGT0116,POL0000032,Renewal,2026-06-17,0.11,30.51
AGX00003536,AGT0137,POL0004496,Renewal,2024-09-18,0.14,248.12
AGX00003537,AGT0134,POL0002526,Renewal,2024-01-29,0.13,159.24
AGX00003538,AGT0149,POL0003142,Renewal,2026-08-09,0.2,61.86
AGX00003539,AGT0024,POL0002003,New Business,2026-08-31,0.17,72.17
AGX00003540,AGT0108,POL0004084,New Business,2026-09-01,0.07,132.9
AGX00003541,AGT0012,POL0004263,Renewal,2024-09-08,0.14,78.31
AGX00003542,AGT0124,POL0000902,Renewal,2026-08-04,0.22,153.82
AGX00003543,AGT0102,POL0000723,New Business,2025-04-26,0.2,21.75
AGX00003544,AGT0040,POL0000789,New Business,2023-09-12,0.17,37.15
AGX00003545,AGT0111,POL0002341,Renewal,2026-05-06,0.08,15.73
AGX00003546,AGT0086,POL0001843,Renewal,2026-07-21,0.21,380.36
AGX00003547,AGT0067,POL0003233,Renewal,2026-02-12,0.19,109.96
AGX00003548,AGT0023,POL0004020,Renewal,2023-01-25,0.23,245.25
AGX00003549,AGT0080,POL0002949,Renewal,2026-03-09,0.18,265.57
AGX00003550,AGT0015,POL0003337,Renewal,2023-10-26,0.14,220.16
AGX00003551,AGT0099,POL0001078,Renewal,2021-07-28,0.24,13.19
AGX00003552,AGT0088,POL0000147,Renewal,2021-10-28,0.17,222.69
AGX00003553,AGT0074,POL0002586,New Business,2026-02-24,0.08,11.25
AGX00003554,AGT0134,POL0002329,Renewal,2026-08-05,0.11,86.8
AGX00003555,AGT0066,POL0004911,New Business,2023-03-09,0.12,117.5
AGX00003556,AGT0024,POL0004505,New Business,2023-10-03,0.19,154.36
AGX00003557,AGT0064,POL0001600,New Business,2026-05-09,0.19,98.91
AGX00003558,AGT0134,POL0002851,Renewal,2026-08-16,0.06,44.51
AGX00003559,AGT0084,POL0001284,New Business,2026-03-08,0.19,46.85
AGX00003560,AGT0050,POL0003373,Renewal,2026-06-24,0.13,119.81
AGX00003561,AGT0048,POL0000834,Renewal,2023-06-06,0.12,169.46
AGX00003562,AGT0116,POL0000596,New Business,2026-02-27,0.19,34.53
AGX00003563,AGT0077,POL0001593,New Business,2026-05-29,0.11,62.23
AGX00003564,AGT0082,POL0004134,New Business,2026-08-16,0.08,8.38
AGX00003565,AGT0142,POL0002892,Renewal,2023-05-22,0.23,42.53
AGX00003566,AGT0072,POL0000183,New Business,2023-03-17,0.08,91.72
AGX00003567,AGT0004,POL0002164,New Business,2022-07-25,0.17,184.9
AGX00003568,AGT0106,POL0001189,New Business,2025-02-05,0.18,86.8
AGX00003569,AGT0065,POL0002517,New Business,2024-09-02,0.12,69.85
AGX00003570,AGT0116,POL0004861,New Business,2025-10-18,0.14,110.71
AGX00003571,AGT0074,POL0000386,Renewal,2026-08-11,0.07,87.21
AGX00003572,AGT0044,POL0004261,Renewal,2023-05-05,0.2,277.02
AGX00003573,AGT0034,POL0002340,Renewal,2024-03-31,0.12,186.56
AGX00003574,AGT0089,POL0000174,Renewal,2026-08-27,0.22,246.99
AGX00003575,AGT0029,POL0004474,New Business,2025-02-08,0.12,159.6
AGX00003576,AGT0140,POL0002599,Renewal,2025-11-10,0.1,197.57
AGX00003577,AGT0133,POL0003075,Renewal,2026-08-24,0.18,183.8
AGX00003578,AGT0122,POL0001054,Renewal,2026-04-05,0.11,162.87
AGX00003579,AGT0027,POL0004278,Renewal,2023-02-03,0.09,6.09
AGX00003580,AGT0096,POL0000391,Renewal,2022-10-08,0.17,290.64
AGX00003581,AGT0076,POL0002957,New Business,2025-02-13,0.22,12.81
AGX00003582,AGT0038,POL0000318,New Business,2022-10-03,0.21,246.64
AGX00003583,AGT0038,POL0000318,Renewal,2025-12-27,0.16,187.92
AGX00003584,AGT0114,POL0000276,Renewal,2025-12-05,0.21,220.86
AGX00003585,AGT0033,POL0004507,Renewal,2026-07-18,0.1,176.59
AGX00003586,AGT0127,POL0000253,Renewal,2025-04-18,0.09,73.13
AGX00003587,AGT0140,POL0002975,Renewal,2024-08-12,0.09,57.62
AGX00003588,AGT0085,POL0003393,New Business,2023-06-22,0.22,404.31
AGX00003589,AGT0138,POL0004014,New Business,2024-02-13,0.12,210.35
AGX00003590,AGT0041,POL0001475,Renewal,2025-12-12,0.08,129.92
AGX00003591,AGT0146,POL0001891,New Business,2026-06-27,0.06,67.41
AGX00003592,AGT0101,POL0002729,Renewal,2025-01-04,0.08,78.76
AGX00003593,AGT0056,POL0003809,New Business,2023-11-13,0.14,231.98
AGX00003594,AGT0048,POL0002916,New Business,2024-06-13,0.21,34.45
AGX00003595,AGT0008,POL0001724,New Business,2025-05-31,0.15,257.57
AGX00003596,AGT0007,POL0001813,New Business,2021-09-10,0.17,293.89
AGX00003597,AGT0091,POL0003595,New Business,2023-12-08,0.06,28.54
AGX00003598,AGT0106,POL0000764,Renewal,2026-05-01,0.23,421.09
AGX00003599,AGT0073,POL0004321,New Business,2026-09-05,0.07,42.39
AGX00003600,AGT0039,POL0003692,Renewal,2024-09-08,0.24,135.9
AGX00003601,AGT0082,POL0002981,New Business,2025-12-29,0.08,71.25
AGX00003602,AGT0104,POL0004563,Renewal,2026-05-10,0.18,104.89
AGX00003603,AGT0090,POL0003837,New Business,2026-09-10,0.13,185.33
AGX00003604,AGT0066,POL0004944,Renewal,2025-06-23,0.21,368.37
AGX00003605,AGT0124,POL0004384,Renewal,2024-08-24,0.14,191.91
AGX00003606,AGT0129,POL0004561,Renewal,2025-10-17,0.15,71.33
AGX00003607,AGT0084,POL0002735,New Business,2023-04-26,0.24,50.54
AGX00003608,AGT0109,POL0004603,New Business,2026-03-06,0.08,64.74
AGX00003609,AGT0128,POL0001713,Renewal,2025-02-05,0.07,130.46
AGX00003610,AGT0134,POL0002690,New Business,2024-03-23,0.15,169.2
AGX00003611,AGT0077,POL0002694,New Business,2024-01-27,0.1,89.97
AGX00003612,AGT0023,POL0004855,Renewal,2025-12-02,0.06,100.2
AGX00003613,AGT0016,POL0002698,New Business,2026-06-22,0.08,143.2
AGX00003614,AGT0026,POL0003415,New Business,2025-03-03,0.22,92.95
AGX00003615,AGT0012,POL0003532,Renewal,2025-05-06,0.08,89.53
AGX00003616,AGT0046,POL0000946,New Business,2025-01-10,0.23,350.03
AGX00003617,AGT0021,POL0003853,Renewal,2021-12-03,0.24,54.0
AGX00003618,AGT0114,POL0003196,Renewal,2023-10-30,0.21,364.11
AGX00003619,AGT0121,POL0004723,Renewal,2024-12-31,0.07,97.76
AGX00003620,AGT0088,POL0000266,New Business,2024-09-22,0.15,288.13
AGX00003621,AGT0132,POL0000431,Renewal,2025-04-01,0.21,379.45
AGX00003622,AGT0010,POL0000621,Renewal,2024-12-24,0.22,410.38
AGX00003623,AGT0073,POL0004508,Renewal,2024-04-08,0.18,151.31
AGX00003624,AGT0058,POL0001804,Renewal,2026-08-06,0.21,335.77
AGX00003625,AGT0019,POL0002602,New Business,2023-08-08,0.06,109.28
AGX00003626,AGT0104,POL0003516,New Business,2023-12-05,0.14,118.91
AGX00003627,AGT0100,POL0001425,Renewal,2023-06-24,0.06,79.44
AGX00003628,AGT0021,POL0000083,Renewal,2025-04-19,0.11,51.67
AGX00003629,AGT0074,POL0004579,Renewal,2026-09-10,0.09,39.79
AGX00003630,AGT0084,POL0001766,Renewal,2026-07-31,0.18,163.12
AGX00003631,AGT0048,POL0000589,New Business,2023-07-18,0.1,52.14
AGX00003632,AGT0121,POL0004994,Renewal,2023-10-12,0.2,298.95
AGX00003633,AGT0150,POL0004565,New Business,2023-03-31,0.12,76.84
AGX00003634,AGT0094,POL0004807,New Business,2025-09-20,0.21,230.45
AGX00003635,AGT0066,POL0000025,New Business,2026-04-12,0.1,63.48
AGX00003636,AGT0117,POL0002090,Renewal,2025-03-30,0.21,154.07
AGX00003637,AGT0063,POL0004803,Renewal,2025-02-25,0.07,80.4
AGX00003638,AGT0126,POL0002455,New Business,2025-01-22,0.14,234.69
AGX00003639,AGT0102,POL0001423,Renewal,2026-02-25,0.19,252.82
AGX00003640,AGT0011,POL0002114,Renewal,2024-06-26,0.24,408.42
AGX00003641,AGT0047,POL0001665,New Business,2024-05-25,0.19,255.7
AGX00003642,AGT0107,POL0000656,Renewal,2025-11-16,0.22,144.77
AGX00003643,AGT0005,POL0001698,Renewal,2025-01-10,0.14,64.15
AGX00003644,AGT0069,POL0000172,Renewal,2026-05-31,0.22,344.6
AGX00003645,AGT0106,POL0001026,Renewal,2024-08-19,0.21,341.34
AGX00003646,AGT0020,POL0002435,Renewal,2024-05-13,0.15,179.39
AGX00003647,AGT0046,POL0003898,Renewal,2026-08-13,0.16,184.33
AGX00003648,AGT0025,POL0000727,Renewal,2025-09-13,0.14,14.5
AGX00003649,AGT0001,POL0003005,Renewal,2026-08-31,0.15,244.99
AGX00003650,AGT0083,POL0001554,Renewal,2024-10-16,0.09,128.87
AGX00003651,AGT0124,POL0001095,New Business,2025-05-07,0.2,226.05
AGX00003652,AGT0016,POL0001351,Renewal,2025-11-04,0.12,187.08
AGX00003653,AGT0088,POL0002997,Renewal,2025-11-24,0.24,185.59
AGX00003654,AGT0007,POL0003030,New Business,2026-04-21,0.19,137.35
AGX00003655,AGT0131,POL0002732,Renewal,2026-08-01,0.14,145.57
AGX00003656,AGT0022,POL0001585,Renewal,2025-02-23,0.13,181.71
AGX00003657,AGT0111,POL0002341,New Business,2026-07-14,0.08,15.73
AGX00003658,AGT0018,POL0000919,New Business,2024-12-01,0.07,71.82
AGX00003659,AGT0065,POL0003246,New Business,2023-10-11,0.05,19.03
AGX00003660,AGT0128,POL0000535,Renewal,2024-02-02,0.19,302.66
AGX00003661,AGT0099,POL0001875,New Business,2026-01-20,0.11,179.53
AGX00003662,AGT0107,POL0004891,New Business,2026-08-01,0.13,236.53
AGX00003663,AGT0121,POL0003280,Renewal,2026-06-24,0.21,77.02
AGX00003664,AGT0041,POL0003256,New Business,2026-07-29,0.05,84.29
AGX00003665,AGT0068,POL0003168,New Business,2024-02-09,0.13,174.67
AGX00003666,AGT0083,POL0004864,Renewal,2026-03-24,0.05,32.34
AGX00003667,AGT0032,POL0000546,Renewal,2022-10-16,0.12,227.45
AGX00003668,AGT0147,POL0004759,New Business,2026-06-11,0.19,160.44
AGX00003669,AGT0018,POL0000716,New Business,2025-05-27,0.08,88.98
AGX00003670,AGT0039,POL0000356,New Business,2026-04-12,0.23,367.18
AGX00003671,AGT0065,POL0004808,Renewal,2026-06-08,0.19,268.44
AGX00003672,AGT0014,POL0002261,Renewal,2026-09-08,0.23,12.99
AGX00003673,AGT0042,POL0003440,Renewal,2023-12-27,0.16,218.44
AGX00003674,AGT0046,POL0001973,Renewal,2026-06-25,0.11,176.26
AGX00003675,AGT0143,POL0000119,Renewal,2026-08-31,0.06,16.77
AGX00003676,AGT0060,POL0000830,Renewal,2026-04-05,0.06,74.75
AGX00003677,AGT0105,POL0000560,Renewal,2025-12-30,0.18,290.31
AGX00003678,AGT0015,POL0000294,Renewal,2024-04-25,0.2,300.46
AGX00003679,AGT0099,POL0004600,Renewal,2026-04-28,0.21,135.41
AGX00003680,AGT0089,POL0000848,Renewal,2022-09-29,0.19,91.24
AGX00003681,AGT0125,POL0000529,Renewal,2026-04-06,0.22,222.4
AGX00003682,AGT0017,POL0003276,Renewal,2025-06-15,0.11,125.29
AGX00003683,AGT0145,POL0003637,Renewal,2023-09-22,0.19,25.88
AGX00003684,AGT0080,POL0001872,Renewal,2025-09-03,0.24,267.68
AGX00003685,AGT0018,POL0000519,Renewal,2024-11-20,0.13,120.73
AGX00003686,AGT0073,POL0001134,New Business,2024-11-10,0.06,99.47
AGX00003687,AGT0112,POL0001712,Renewal,2026-03-23,0.12,155.45
AGX00003688,AGT0147,POL0003803,Renewal,2023-11-13,0.07,32.64
AGX00003689,AGT0068,POL0002638,Renewal,2026-07-09,0.07,131.92
AGX00003690,AGT0099,POL0004248,Renewal,2025-09-19,0.19,271.73
AGX00003691,AGT0140,POL0001345,Renewal,2026-08-07,0.16,128.6
AGX00003692,AGT0098,POL0002882,Renewal,2025-08-31,0.12,205.85
AGX00003693,AGT0008,POL0000387,Renewal,2026-05-08,0.05,46.0
AGX00003694,AGT0020,POL0004584,New Business,2024-08-25,0.11,147.97
AGX00003695,AGT0085,POL0004187,Renewal,2024-08-03,0.09,92.08
AGX00003696,AGT0150,POL0004583,Renewal,2025-02-07,0.18,23.59
AGX00003697,AGT0032,POL0001166,New Business,2026-04-09,0.18,155.82
AGX00003698,AGT0025,POL0000124,New Business,2021-11-30,0.18,172.1
AGX00003699,AGT0135,POL0004514,Renewal,2026-03-06,0.1,89.55
AGX00003700,AGT0127,POL0002615,Renewal,2026-08-23,0.19,281.83
AGX00003701,AGT0021,POL0000844,New Business,2026-07-30,0.16,183.04
AGX00003702,AGT0117,POL0000428,New Business,2024-12-18,0.16,161.59
AGX00003703,AGT0048,POL0000456,Renewal,2024-02-05,0.08,153.04
AGX00003704,AGT0058,POL0004376,Renewal,2026-06-10,0.17,308.91
AGX00003705,AGT0134,POL0000293,New Business,2023-02-24,0.13,39.69
AGX00003706,AGT0121,POL0004723,New Business,2024-04-09,0.05,69.83
AGX00003707,AGT0049,POL0002466,New Business,2024-09-26,0.09,50.63
AGX00003708,AGT0037,POL0000008,New Business,2024-03-23,0.11,108.68
AGX00003709,AGT0099,POL0002174,New Business,2024-12-04,0.2,10.51
AGX00003710,AGT0127,POL0001596,Renewal,2023-08-10,0.11,86.08
AGX00003711,AGT0081,POL0002971,Renewal,2024-01-21,0.16,60.51
AGX00003712,AGT0019,POL0001512,Renewal,2021-10-24,0.09,161.64
AGX00003713,AGT0106,POL0001189,New Business,2022-08-25,0.23,110.92
AGX00003714,AGT0061,POL0002543,Renewal,2022-04-02,0.09,15.26
AGX00003715,AGT0043,POL0001219,New Business,2024-12-03,0.18,136.07
AGX00003716,AGT0071,POL0002173,New Business,2025-09-08,0.16,80.21
AGX00003717,AGT0014,POL0003820,New Business,2025-03-21,0.09,22.07
AGX00003718,AGT0084,POL0003704,New Business,2022-07-05,0.08,77.69
AGX00003719,AGT0088,POL0000147,Renewal,2021-09-22,0.13,170.29
AGX00003720,AGT0062,POL0001223,New Business,2023-12-23,0.21,194.48
AGX00003721,AGT0149,POL0004609,Renewal,2026-01-05,0.2,130.98
AGX00003722,AGT0040,POL0002857,Renewal,2025-12-10,0.1,20.27
AGX00003723,AGT0133,POL0003990,Renewal,2025-01-13,0.1,39.18
AGX00003724,AGT0008,POL0001160,Renewal,2026-08-20,0.22,74.88
AGX00003725,AGT0094,POL0001920,New Business,2024-03-16,0.16,247.16
AGX00003726,AGT0057,POL0002057,Renewal,2022-08-06,0.08,158.32
AGX00003727,AGT0089,POL0001127,Renewal,2022-11-21,0.12,138.59
AGX00003728,AGT0063,POL0003888,Renewal,2023-01-12,0.25,172.26
AGX00003729,AGT0107,POL0000980,Renewal,2022-08-06,0.24,325.98
AGX00003730,AGT0075,POL0001899,Renewal,2026-09-04,0.21,410.21
AGX00003731,AGT0119,POL0000520,Renewal,2022-04-14,0.18,148.38
AGX00003732,AGT0073,POL0004878,New Business,2026-05-21,0.08,137.75
AGX00003733,AGT0107,POL0000315,New Business,2025-07-28,0.11,163.61
AGX00003734,AGT0002,POL0003490,Renewal,2025-05-29,0.14,127.4
AGX00003735,AGT0143,POL0000950,Renewal,2025-12-07,0.18,138.2
AGX00003736,AGT0150,POL0004811,Renewal,2025-04-25,0.15,267.47
AGX00003737,AGT0139,POL0003624,New Business,2024-04-08,0.11,211.17
AGX00003738,AGT0075,POL0000878,Renewal,2026-05-05,0.25,53.25
AGX00003739,AGT0036,POL0001412,New Business,2022-07-18,0.22,225.56
AGX00003740,AGT0044,POL0003006,New Business,2025-05-24,0.18,227.13
AGX00003741,AGT0007,POL0000229,Renewal,2023-09-01,0.11,170.73
AGX00003742,AGT0016,POL0001818,Renewal,2026-08-22,0.22,333.25
AGX00003743,AGT0014,POL0000175,Renewal,2026-08-22,0.22,171.27
AGX00003744,AGT0103,POL0002890,New Business,2026-08-30,0.18,236.16
AGX00003745,AGT0116,POL0001100,Renewal,2025-07-23,0.17,128.16
AGX00003746,AGT0149,POL0002923,Renewal,2025-07-16,0.16,18.32
AGX00003747,AGT0042,POL0000114,New Business,2025-10-08,0.07,29.73
AGX00003748,AGT0040,POL0003217,New Business,2023-08-26,0.21,182.78
AGX00003749,AGT0070,POL0000070,New Business,2026-08-31,0.24,147.04
AGX00003750,AGT0022,POL0000857,New Business,2026-08-03,0.1,129.06
AGX00003751,AGT0116,POL0000149,Renewal,2025-12-17,0.14,271.76
AGX00003752,AGT0012,POL0001295,New Business,2026-05-27,0.06,114.36
AGX00003753,AGT0007,POL0002276,New Business,2024-01-20,0.09,99.11
AGX00003754,AGT0144,POL0002841,New Business,2026-06-18,0.15,225.42
AGX00003755,AGT0143,POL0001168,Renewal,2022-04-24,0.06,57.72
AGX00003756,AGT0005,POL0003623,Renewal,2023-11-06,0.1,104.56
AGX00003757,AGT0105,POL0004335,New Business,2026-05-12,0.24,256.96
AGX00003758,AGT0087,POL0001361,Renewal,2023-08-31,0.16,156.77
AGX00003759,AGT0050,POL0004667,New Business,2022-03-31,0.17,271.39
AGX00003760,AGT0010,POL0000967,Renewal,2025-08-26,0.11,98.68
AGX00003761,AGT0025,POL0000510,New Business,2024-03-29,0.08,41.9
AGX00003762,AGT0005,POL0000725,Renewal,2023-03-16,0.06,46.74
AGX00003763,AGT0134,POL0003832,New Business,2026-08-08,0.16,96.96
AGX00003764,AGT0065,POL0003678,Renewal,2026-08-14,0.17,283.77
AGX00003765,AGT0112,POL0004675,New Business,2023-10-10,0.17,159.57
AGX00003766,AGT0023,POL0004745,Renewal,2023-09-27,0.24,404.67
AGX00003767,AGT0112,POL0004675,New Business,2022-03-03,0.09,84.48
AGX00003768,AGT0012,POL0002919,New Business,2023-05-07,0.2,332.46
AGX00003769,AGT0058,POL0001569,Renewal,2026-08-28,0.12,164.8
AGX00003770,AGT0001,POL0004846,Renewal,2026-04-14,0.15,123.33
AGX00003771,AGT0130,POL0000551,Renewal,2026-03-02,0.1,156.81
AGX00003772,AGT0144,POL0003642,Renewal,2026-08-19,0.18,185.43
AGX00003773,AGT0035,POL0002791,Renewal,2026-04-27,0.25,245.79
AGX00003774,AGT0047,POL0000370,Renewal,2023-12-25,0.23,231.89
AGX00003775,AGT0098,POL0002882,Renewal,2024-12-13,0.24,411.69
AGX00003776,AGT0103,POL0002581,New Business,2025-04-08,0.15,256.06
AGX00003777,AGT0075,POL0002016,New Business,2025-11-01,0.11,215.8
AGX00003778,AGT0056,POL0002766,Renewal,2024-09-29,0.15,183.83
AGX00003779,AGT0099,POL0002077,New Business,2023-06-06,0.2,270.36
AGX00003780,AGT0001,POL0002653,Renewal,2026-05-15,0.13,59.19
AGX00003781,AGT0121,POL0001140,Renewal,2026-09-08,0.2,342.1
AGX00003782,AGT0048,POL0000103,Renewal,2024-09-21,0.24,204.33
AGX00003783,AGT0115,POL0003141,Renewal,2023-08-16,0.12,67.04
AGX00003784,AGT0077,POL0000460,Renewal,2024-05-13,0.17,11.19
AGX00003785,AGT0017,POL0003022,Renewal,2026-01-26,0.24,378.13
AGX00003786,AGT0036,POL0004804,New Business,2024-11-27,0.1,111.16
AGX00003787,AGT0068,POL0000853,Renewal,2025-01-19,0.22,424.52
AGX00003788,AGT0022,POL0002448,New Business,2026-02-07,0.24,358.95
AGX00003789,AGT0087,POL0000138,New Business,2024-05-27,0.19,91.61
AGX00003790,AGT0130,POL0004128,New Business,2025-01-03,0.24,161.75
AGX00003791,AGT0138,POL0000014,Renewal,2026-04-01,0.24,32.93
AGX00003792,AGT0148,POL0000575,Renewal,2026-05-26,0.24,222.58
AGX00003793,AGT0080,POL0001741,Renewal,2023-11-28,0.19,373.67
AGX00003794,AGT0114,POL0004590,Renewal,2023-12-29,0.12,228.81
AGX00003795,AGT0024,POL0000924,Renewal,2023-10-31,0.15,258.01
AGX00003796,AGT0133,POL0003114,Renewal,2025-06-18,0.21,65.28
AGX00003797,AGT0012,POL0002209,Renewal,2026-08-07,0.18,99.35
AGX00003798,AGT0076,POL0003865,New Business,2025-04-01,0.15,291.09
AGX00003799,AGT0017,POL0004041,Renewal,2025-11-29,0.17,154.38
AGX00003800,AGT0093,POL0001917,Renewal,2026-03-20,0.21,97.0
AGX00003801,AGT0147,POL0000963,New Business,2026-01-22,0.2,215.21
AGX00003802,AGT0054,POL0002048,Renewal,2026-07-21,0.06,66.62
AGX00003803,AGT0043,POL0000078,Renewal,2026-08-21,0.18,175.37
AGX00003804,AGT0083,POL0001505,Renewal,2024-11-05,0.23,38.7
AGX00003805,AGT0092,POL0000671,New Business,2023-08-08,0.15,85.91
AGX00003806,AGT0087,POL0002384,New Business,2026-09-04,0.23,319.27
AGX00003807,AGT0133,POL0001650,New Business,2026-08-20,0.18,261.26
AGX00003808,AGT0114,POL0003650,Renewal,2026-02-08,0.05,73.16
AGX00003809,AGT0104,POL0002805,New Business,2022-03-30,0.21,374.65
AGX00003810,AGT0107,POL0003069,New Business,2024-01-23,0.19,225.51
AGX00003811,AGT0101,POL0002535,New Business,2024-01-21,0.21,376.27
AGX00003812,AGT0084,POL0002611,Renewal,2024-09-01,0.21,132.39
AGX00003813,AGT0136,POL0003797,Renewal,2025-03-03,0.17,165.03
AGX00003814,AGT0138,POL0001501,New Business,2023-01-28,0.23,371.74
AGX00003815,AGT0033,POL0003206,New Business,2025-02-10,0.14,127.17
AGX00003816,AGT0132,POL0000796,New Business,2026-02-01,0.11,205.19
AGX00003817,AGT0022,POL0001585,New Business,2025-06-24,0.1,139.77
AGX00003818,AGT0102,POL0004217,Renewal,2024-05-05,0.15,189.62
AGX00003819,AGT0083,POL0003812,New Business,2023-08-24,0.11,185.8
AGX00003820,AGT0011,POL0001019,Renewal,2025-11-27,0.1,113.71
AGX00003821,AGT0046,POL0002363,New Business,2021-03-19,0.07,32.89
AGX00003822,AGT0084,POL0003508,Renewal,2026-04-27,0.23,292.61
AGX00003823,AGT0079,POL0002605,Renewal,2025-11-25,0.24,355.44
AGX00003824,AGT0046,POL0004644,New Business,2024-11-24,0.14,103.86
AGX00003825,AGT0033,POL0000437,Renewal,2024-04-29,0.19,85.82
AGX00003826,AGT0043,POL0004495,New Business,2022-09-22,0.13,24.33
AGX00003827,AGT0093,POL0001983,Renewal,2023-06-13,0.1,127.88
AGX00003828,AGT0145,POL0002408,New Business,2026-04-08,0.12,79.58
AGX00003829,AGT0104,POL0001750,New Business,2026-03-21,0.09,49.82
AGX00003830,AGT0125,POL0003709,New Business,2023-03-26,0.2,166.07
AGX00003831,AGT0133,POL0003873,Renewal,2025-02-20,0.05,28.62
AGX00003832,AGT0014,POL0001725,Renewal,2026-02-03,0.24,230.38
AGX00003833,AGT0023,POL0002275,Renewal,2025-09-27,0.21,83.79
AGX00003834,AGT0005,POL0003914,Renewal,2024-01-19,0.18,177.58
AGX00003835,AGT0130,POL0000328,New Business,2025-08-23,0.12,102.06
AGX00003836,AGT0080,POL0003343,New Business,2023-03-13,0.1,81.54
AGX00003837,AGT0011,POL0003553,New Business,2024-06-24,0.16,115.45
AGX00003838,AGT0106,POL0004110,Renewal,2023-10-13,0.13,188.87
AGX00003839,AGT0034,POL0001573,New Business,2026-07-24,0.22,274.85
AGX00003840,AGT0064,POL0004827,Renewal,2025-01-01,0.11,112.7
AGX00003841,AGT0061,POL0002087,New Business,2025-12-21,0.13,92.63
AGX00003842,AGT0095,POL0003244,Renewal,2025-05-29,0.22,275.63
AGX00003843,AGT0009,POL0001654,Renewal,2021-05-01,0.18,330.64
AGX00003844,AGT0064,POL0003352,New Business,2023-03-19,0.18,47.28
AGX00003845,AGT0039,POL0002673,New Business,2025-02-05,0.2,70.92
AGX00003846,AGT0053,POL0002348,Renewal,2026-09-11,0.23,138.13
AGX00003847,AGT0147,POL0004073,Renewal,2026-06-22,0.07,100.89
AGX00003848,AGT0110,POL0000770,Renewal,2023-05-28,0.18,349.3
AGX00003849,AGT0092,POL0000847,Renewal,2022-01-02,0.18,98.4
AGX00003850,AGT0102,POL0001440,New Business,2024-10-30,0.07,63.04
AGX00003851,AGT0070,POL0002989,New Business,2025-11-22,0.15,40.32
AGX00003852,AGT0027,POL0004652,New Business,2026-08-29,0.11,148.33
AGX00003853,AGT0108,POL0004084,New Business,2026-09-07,0.23,436.68
AGX00003854,AGT0109,POL0000855,Renewal,2024-10-08,0.09,98.33
AGX00003855,AGT0148,POL0000071,Renewal,2026-08-13,0.22,156.03
AGX00003856,AGT0110,POL0000255,New Business,2025-03-29,0.09,131.66
AGX00003857,AGT0121,POL0000397,Renewal,2024-12-18,0.17,149.85
AGX00003858,AGT0079,POL0002000,New Business,2025-12-13,0.14,86.92
AGX00003859,AGT0106,POL0001026,Renewal,2026-03-02,0.2,325.09
AGX00003860,AGT0090,POL0004680,Renewal,2025-08-27,0.2,126.86
AGX00003861,AGT0055,POL0001157,Renewal,2026-07-13,0.11,41.87
AGX00003862,AGT0100,POL0002863,Renewal,2026-07-31,0.2,331.98
AGX00003863,AGT0080,POL0001741,New Business,2024-09-08,0.08,157.34
AGX00003864,AGT0002,POL0003717,New Business,2023-12-09,0.13,247.46
AGX00003865,AGT0064,POL0001676,Renewal,2022-09-19,0.18,119.45
AGX00003866,AGT0108,POL0003549,New Business,2026-02-10,0.22,273.05
AGX00003867,AGT0131,POL0001604,Renewal,2025-10-29,0.18,327.45
AGX00003868,AGT0121,POL0001671,Renewal,2026-09-09,0.25,302.38
AGX00003869,AGT0124,POL0000512,Renewal,2026-08-21,0.13,18.21
AGX00003870,AGT0072,POL0004371,Renewal,2023-01-17,0.14,246.07
AGX00003871,AGT0110,POL0000701,New Business,2023-01-07,0.12,78.33
AGX00003872,AGT0058,POL0002547,Renewal,2025-12-10,0.12,144.66
AGX00003873,AGT0086,POL0001517,New Business,2022-12-24,0.11,219.31
AGX00003874,AGT0046,POL0001651,Renewal,2024-03-13,0.05,34.73
AGX00003875,AGT0053,POL0004716,Renewal,2025-01-13,0.2,198.01
AGX00003876,AGT0095,POL0001906,New Business,2026-07-18,0.08,72.23
AGX00003877,AGT0055,POL0004892,Renewal,2026-06-20,0.14,111.71
AGX00003878,AGT0023,POL0000077,New Business,2022-08-22,0.1,81.76
AGX00003879,AGT0019,POL0002011,Renewal,2026-06-28,0.07,125.61
AGX00003880,AGT0025,POL0004485,Renewal,2025-05-14,0.12,133.31
AGX00003881,AGT0061,POL0002806,Renewal,2026-08-18,0.06,47.24
AGX00003882,AGT0102,POL0004822,Renewal,2026-07-08,0.11,198.98
AGX00003883,AGT0141,POL0003056,Renewal,2025-10-01,0.06,110.9
AGX00003884,AGT0078,POL0003407,New Business,2026-08-18,0.22,348.2
AGX00003885,AGT0086,POL0001253,Renewal,2026-08-09,0.09,48.92
AGX00003886,AGT0053,POL0001234,Renewal,2026-08-27,0.13,204.48
AGX00003887,AGT0145,POL0001510,Renewal,2026-02-17,0.14,260.85
AGX00003888,AGT0049,POL0002141,Renewal,2026-01-29,0.23,383.99
AGX00003889,AGT0131,POL0002628,Renewal,2026-06-13,0.14,205.65
AGX00003890,AGT0150,POL0002927,Renewal,2025-11-29,0.21,143.54
AGX00003891,AGT0105,POL0000419,Renewal,2026-05-10,0.11,24.36
AGX00003892,AGT0120,POL0003931,New Business,2026-06-27,0.06,49.49
AGX00003893,AGT0025,POL0003652,New Business,2025-07-15,0.11,23.95
AGX00003894,AGT0118,POL0002332,New Business,2025-11-06,0.11,167.6
AGX00003895,AGT0033,POL0000584,Renewal,2024-06-14,0.17,98.07
AGX00003896,AGT0070,POL0004273,Renewal,2023-02-28,0.07,15.55
AGX00003897,AGT0070,POL0004273,Renewal,2022-10-31,0.25,55.55
AGX00003898,AGT0018,POL0000994,Renewal,2026-08-16,0.19,372.23
AGX00003899,AGT0038,POL0001356,Renewal,2026-07-21,0.11,161.95
AGX00003900,AGT0030,POL0000655,Renewal,2025-10-18,0.12,169.19
AGX00003901,AGT0008,POL0000624,Renewal,2026-01-05,0.18,15.23
AGX00003902,AGT0033,POL0004507,Renewal,2026-09-05,0.12,211.91
AGX00003903,AGT0011,POL0000092,Renewal,2026-06-27,0.07,139.9
AGX00003904,AGT0069,POL0000449,Renewal,2026-09-09,0.1,161.33
AGX00003905,AGT0074,POL0004138,Renewal,2022-11-01,0.08,132.65
AGX00003906,AGT0084,POL0000927,Renewal,2023-09-08,0.18,25.95
AGX00003907,AGT0130,POL0004301,New Business,2026-08-08,0.08,124.18
AGX00003908,AGT0089,POL0001013,New Business,2025-12-25,0.15,21.66
AGX00003909,AGT0038,POL0003180,New Business,2023-01-09,0.11,200.46
AGX00003910,AGT0137,POL0002310,New Business,2023-07-05,0.06,117.36
AGX00003911,AGT0136,POL0001578,Renewal,2026-02-12,0.21,344.32
AGX00003912,AGT0106,POL0001026,New Business,2026-02-03,0.15,243.81
AGX00003913,AGT0082,POL0002130,New Business,2023-06-16,0.08,100.77
AGX00003914,AGT0127,POL0001355,Renewal,2024-03-29,0.06,55.49
AGX00003915,AGT0115,POL0001797,New Business,2022-01-27,0.16,292.73
AGX00003916,AGT0140,POL0003371,Renewal,2025-11-13,0.15,54.44
AGX00003917,AGT0085,POL0001337,Renewal,2024-06-04,0.11,175.41
AGX00003918,AGT0134,POL0003492,New Business,2025-09-15,0.12,195.29
AGX00003919,AGT0093,POL0003356,New Business,2026-07-25,0.08,147.55
AGX00003920,AGT0102,POL0000663,New Business,2023-10-20,0.14,198.87
AGX00003921,AGT0027,POL0002043,Renewal,2025-03-24,0.17,28.14
AGX00003922,AGT0004,POL0001504,Renewal,2024-11-16,0.06,77.96
AGX00003923,AGT0047,POL0003149,Renewal,2026-07-25,0.22,205.08
AGX00003924,AGT0068,POL0002409,New Business,2026-02-24,0.15,55.49
AGX00003925,AGT0136,POL0003339,Renewal,2026-07-19,0.19,29.28
AGX00003926,AGT0023,POL0003378,Renewal,2024-05-27,0.19,34.2
AGX00003927,AGT0137,POL0003662,Renewal,2023-06-12,0.22,160.1
AGX00003928,AGT0118,POL0003197,Renewal,2022-06-19,0.17,111.06
AGX00003929,AGT0016,POL0002566,New Business,2024-02-29,0.13,230.05
AGX00003930,AGT0140,POL0003054,Renewal,2024-12-06,0.14,107.93
AGX00003931,AGT0055,POL0000904,New Business,2025-09-02,0.1,90.69
AGX00003932,AGT0027,POL0000117,Renewal,2026-05-09,0.24,295.3
AGX00003933,AGT0097,POL0001323,Renewal,2023-07-12,0.17,162.18
AGX00003934,AGT0006,POL0000884,Renewal,2025-05-04,0.2,53.69
AGX00003935,AGT0058,POL0003086,New Business,2025-10-07,0.08,114.32
AGX00003936,AGT0103,POL0001064,Renewal,2026-07-21,0.11,41.13
AGX00003937,AGT0040,POL0003479,New Business,2024-10-29,0.1,140.38
AGX00003938,AGT0084,POL0002831,Renewal,2023-12-19,0.24,157.25
AGX00003939,AGT0011,POL0001185,Renewal,2023-04-07,0.21,206.71
AGX00003940,AGT0080,POL0001872,Renewal,2026-01-01,0.24,267.68
AGX00003941,AGT0023,POL0001448,Renewal,2024-03-16,0.15,242.1
AGX00003942,AGT0016,POL0001705,New Business,2026-05-12,0.15,18.14
AGX00003943,AGT0117,POL0002960,Renewal,2022-06-28,0.11,201.25
AGX00003944,AGT0048,POL0003458,New Business,2025-09-15,0.14,96.74
AGX00003945,AGT0020,POL0000509,Renewal,2023-12-29,0.21,285.18
AGX00003946,AGT0147,POL0002056,New Business,2025-08-18,0.15,231.42
AGX00003947,AGT0042,POL0001568,Renewal,2023-02-18,0.07,40.87
AGX00003948,AGT0071,POL0004272,Renewal,2026-06-22,0.22,336.14
AGX00003949,AGT0130,POL0002865,Renewal,2024-09-16,0.08,65.32
AGX00003950,AGT0107,POL0001940,New Business,2024-11-02,0.18,248.45
AGX00003951,AGT0142,POL0002373,New Business,2025-02-28,0.09,7.91
AGX00003952,AGT0055,POL0002550,New Business,2025-06-23,0.25,421.71
AGX00003953,AGT0037,POL0002885,Renewal,2024-03-14,0.23,376.83
AGX00003954,AGT0049,POL0004664,Renewal,2025-01-01,0.24,184.56
AGX00003955,AGT0114,POL0000276,Renewal,2026-08-25,0.1,105.17
AGX00003956,AGT0011,POL0002114,New Business,2024-08-19,0.08,136.14
AGX00003957,AGT0044,POL0001229,Renewal,2025-08-22,0.08,135.52
AGX00003958,AGT0052,POL0003452,New Business,2026-08-03,0.1,49.93
AGX00003959,AGT0044,POL0003996,Renewal,2026-03-09,0.14,113.67
AGX00003960,AGT0047,POL0003149,New Business,2026-07-07,0.22,205.08
AGX00003961,AGT0077,POL0002823,Renewal,2026-08-03,0.21,215.48
AGX00003962,AGT0076,POL0001023,Renewal,2025-10-20,0.14,274.65
AGX00003963,AGT0130,POL0003666,New Business,2026-06-24,0.11,98.53
AGX00003964,AGT0098,POL0003679,Renewal,2025-09-10,0.11,43.79
AGX00003965,AGT0036,POL0000274,New Business,2023-06-10,0.15,136.86
AGX00003966,AGT0096,POL0001711,New Business,2022-04-29,0.22,305.73
AGX00003967,AGT0024,POL0001694,Renewal,2024-08-05,0.21,349.7
AGX00003968,AGT0128,POL0000611,New Business,2023-04-16,0.11,158.43
AGX00003969,AGT0041,POL0002085,New Business,2026-06-08,0.14,81.22
AGX00003970,AGT0077,POL0001261,Renewal,2026-02-28,0.17,152.98
AGX00003971,AGT0105,POL0003405,Renewal,2024-09-27,0.13,57.67
AGX00003972,AGT0141,POL0003445,New Business,2026-02-22,0.24,412.68
AGX00003973,AGT0150,POL0000145,New Business,2025-10-19,0.15,61.6
AGX00003974,AGT0088,POL0001649,New Business,2023-09-29,0.19,154.91
AGX00003975,AGT0026,POL0003415,Renewal,2023-11-05,0.07,29.58
AGX00003976,AGT0116,POL0004918,Renewal,2026-06-23,0.12,218.59
AGX00003977,AGT0030,POL0001042,New Business,2024-05-23,0.14,42.02
AGX00003978,AGT0148,POL0000168,New Business,2024-10-13,0.09,79.24
AGX00003979,AGT0013,POL0001848,Renewal,2026-08-25,0.24,246.21
AGX00003980,AGT0057,POL0002063,Renewal,2022-12-06,0.2,267.62
AGX00003981,AGT0150,POL0001639,Renewal,2025-09-04,0.19,297.36
AGX00003982,AGT0136,POL0002774,Renewal,2024-01-30,0.24,68.07
AGX00003983,AGT0063,POL0003278,Renewal,2026-07-22,0.11,51.6
AGX00003984,AGT0100,POL0001394,New Business,2025-12-08,0.19,62.06
AGX00003985,AGT0032,POL0001482,Renewal,2023-09-29,0.18,313.96
AGX00003986,AGT0126,POL0002874,Renewal,2026-06-03,0.19,63.45
AGX00003987,AGT0011,POL0002410,Renewal,2024-07-27,0.2,273.79
AGX00003988,AGT0114,POL0004985,Renewal,2024-12-14,0.14,136.72
AGX00003989,AGT0056,POL0001841,Renewal,2026-04-18,0.22,329.72
AGX00003990,AGT0079,POL0004375,Renewal,2026-09-03,0.13,57.13
AGX00003991,AGT0005,POL0001732,Renewal,2026-07-13,0.18,95.72
AGX00003992,AGT0073,POL0000090,New Business,2024-04-14,0.2,45.54
AGX00003993,AGT0108,POL0001862,Renewal,2026-08-10,0.11,128.18
AGX00003994,AGT0109,POL0000196,New Business,2026-02-14,0.16,208.81
AGX00003995,AGT0073,POL0004397,Renewal,2026-08-30,0.18,49.08
AGX00003996,AGT0079,POL0000581,Renewal,2026-05-05,0.25,96.28
AGX00003997,AGT0027,POL0000015,New Business,2025-03-29,0.17,110.79
AGX00003998,AGT0117,POL0004219,New Business,2025-10-10,0.06,67.68
AGX00003999,AGT0048,POL0003473,New Business,2026-01-18,0.16,132.28
AGX00004000,AGT0007,POL0003756,Renewal,2025-07-27,0.22,18.57
AGX00004001,AGT0033,POL0003240,New Business,2026-08-08,0.12,165.98
AGX00004002,AGT0037,POL0001164,Renewal,2025-12-01,0.24,390.18
AGX00004003,AGT0115,POL0003889,New Business,2025-06-16,0.14,239.35
AGX00004004,AGT0101,POL0003766,New Business,2026-08-25,0.24,323.02
AGX00004005,AGT0079,POL0003816,Renewal,2025-04-17,0.14,69.8
AGX00004006,AGT0086,POL0004276,Renewal,2026-08-08,0.05,84.99
AGX00004007,AGT0063,POL0004056,Renewal,2025-06-02,0.1,82.52
AGX00004008,AGT0060,POL0001080,New Business,2024-04-24,0.24,224.56
AGX00004009,AGT0092,POL0000763,New Business,2026-08-13,0.22,152.46
AGX00004010,AGT0051,POL0004467,Renewal,2026-07-24,0.14,264.01
AGX00004011,AGT0107,POL0001940,New Business,2026-08-26,0.06,82.82
AGX00004012,AGT0082,POL0004134,Renewal,2026-05-08,0.19,19.91
AGX00004013,AGT0068,POL0002208,Renewal,2022-03-31,0.19,55.19
AGX00004014,AGT0101,POL0001211,New Business,2026-09-06,0.06,104.21
AGX00004015,AGT0134,POL0000293,Renewal,2023-10-25,0.07,21.37
AGX00004016,AGT0018,POL0004212,Renewal,2026-06-05,0.14,257.28
AGX00004017,AGT0038,POL0000482,Renewal,2026-03-28,0.14,134.65
AGX00004018,AGT0048,POL0001805,Renewal,2026-09-01,0.22,404.59
AGX00004019,AGT0014,POL0000831,Renewal,2026-05-07,0.19,176.04
AGX00004020,AGT0124,POL0000290,New Business,2022-04-29,0.2,182.63
AGX00004021,AGT0106,POL0003156,Renewal,2026-07-29,0.12,86.74
AGX00004022,AGT0037,POL0002885,Renewal,2025-06-27,0.11,180.22
AGX00004023,AGT0139,POL0000181,New Business,2025-11-05,0.17,322.43
AGX00004024,AGT0077,POL0001261,Renewal,2025-03-27,0.19,170.98
AGX00004025,AGT0067,POL0001551,New Business,2026-03-21,0.12,147.46
AGX00004026,AGT0001,POL0001703,Renewal,2025-06-01,0.1,168.23
AGX00004027,AGT0062,POL0004529,Renewal,2026-08-15,0.22,424.23
AGX00004028,AGT0012,POL0001056,Renewal,2024-08-20,0.13,38.84
AGX00004029,AGT0026,POL0004954,New Business,2022-03-20,0.17,226.23
AGX00004030,AGT0115,POL0001462,Renewal,2026-02-22,0.19,14.17
AGX00004031,AGT0046,POL0004923,Renewal,2026-05-23,0.15,108.32
AGX00004032,AGT0029,POL0000185,Renewal,2021-03-16,0.25,65.29
AGX00004033,AGT0109,POL0000807,Renewal,2024-06-08,0.05,93.9
AGX00004034,AGT0046,POL0002801,Renewal,2026-05-22,0.14,156.91
AGX00004035,AGT0134,POL0003832,Renewal,2025-09-10,0.22,133.33
AGX00004036,AGT0089,POL0000848,Renewal,2023-02-15,0.18,86.44
AGX00004037,AGT0105,POL0002699,New Business,2026-02-18,0.06,79.44
AGX00004038,AGT0032,POL0001816,Renewal,2024-07-14,0.17,70.25
AGX00004039,AGT0088,POL0000934,Renewal,2024-10-25,0.19,217.1
AGX00004040,AGT0048,POL0002916,New Business,2022-01-15,0.07,11.48
AGX00004041,AGT0053,POL0001483,New Business,2026-09-06,0.12,115.73
AGX00004042,AGT0064,POL0002392,New Business,2026-07-20,0.18,102.33
AGX00004043,AGT0136,POL0003339,Renewal,2025-07-10,0.09,13.87
AGX00004044,AGT0038,POL0001266,Renewal,2024-06-19,0.08,43.11
AGX00004045,AGT0140,POL0003371,Renewal,2026-07-18,0.13,47.18
AGX00004046,AGT0121,POL0001513,New Business,2023-12-05,0.17,22.24
AGX00004047,AGT0124,POL0001079,New Business,2026-03-27,0.21,354.17
AGX00004048,AGT0021,POL0000271,New Business,2025-06-07,0.23,127.91
AGX00004049,AGT0056,POL0003809,Renewal,2023-03-16,0.18,298.26
AGX00004050,AGT0141,POL0003850,New Business,2026-08-26,0.16,142.25
AGX00004051,AGT0129,POL0001745,Renewal,2024-10-26,0.15,16.77
AGX00004052,AGT0093,POL0002183,Renewal,2026-07-26,0.24,250.75
AGX00004053,AGT0127,POL0000982,Renewal,2026-01-08,0.19,365.69
AGX00004054,AGT0093,POL0001917,Renewal,2026-07-03,0.16,73.9
AGX00004055,AGT0141,POL0004035,New Business,2026-05-23,0.11,140.62
AGX00004056,AGT0035,POL0002791,Renewal,2026-06-23,0.2,196.63
AGX00004057,AGT0025,POL0001623,New Business,2026-09-09,0.16,294.56
AGX00004058,AGT0049,POL0000496,Renewal,2025-02-09,0.18,273.4
AGX00004059,AGT0097,POL0004592,New Business,2024-01-16,0.19,282.91
AGX00004060,AGT0146,POL0003319,Renewal,2021-08-05,0.05,58.95
AGX00004061,AGT0056,POL0002766,Renewal,2024-08-29,0.24,294.13
AGX00004062,AGT0093,POL0001385,Renewal,2026-01-10,0.14,251.17
AGX00004063,AGT0010,POL0004915,Renewal,2026-03-25,0.07,117.94
AGX00004064,AGT0066,POL0002073,Renewal,2024-08-31,0.24,29.51
AGX00004065,AGT0087,POL0002384,Renewal,2026-07-27,0.21,291.51
AGX00004066,AGT0052,POL0001683,New Business,2022-11-06,0.12,51.02
AGX00004067,AGT0122,POL0002542,Renewal,2025-01-04,0.12,201.81
AGX00004068,AGT0074,POL0004487,Renewal,2023-03-09,0.14,274.96
AGX00004069,AGT0118,POL0004571,New Business,2025-08-04,0.25,235.43
AGX00004070,AGT0130,POL0001393,New Business,2024-06-29,0.15,15.36
AGX00004071,AGT0127,POL0003523,New Business,2026-08-20,0.21,408.18
AGX00004072,AGT0106,POL0004253,New Business,2025-10-12,0.2,203.53
AGX00004073,AGT0020,POL0003543,Renewal,2025-03-16,0.07,78.86
AGX00004074,AGT0019,POL0000778,Renewal,2026-06-11,0.17,310.95
AGX00004075,AGT0007,POL0003697,Renewal,2026-02-04,0.24,464.08
AGX00004076,AGT0099,POL0002077,New Business,2023-07-31,0.06,81.11
AGX00004077,AGT0108,POL0002568,Renewal,2023-11-11,0.08,80.08
AGX00004078,AGT0060,POL0001274,New Business,2023-07-02,0.19,75.41
AGX00004079,AGT0044,POL0002657,Renewal,2026-02-24,0.2,294.79
AGX00004080,AGT0084,POL0003508,Renewal,2026-07-02,0.13,165.39
AGX00004081,AGT0042,POL0003440,Renewal,2024-11-04,0.2,273.06
AGX00004082,AGT0051,POL0000262,New Business,2026-04-14,0.16,59.54
AGX00004083,AGT0143,POL0002430,Renewal,2026-08-27,0.23,409.79
AGX00004084,AGT0095,POL0001906,New Business,2026-05-20,0.17,153.49
AGX00004085,AGT0056,POL0003715,Renewal,2024-02-20,0.19,265.66
AGX00004086,AGT0031,POL0002159,Renewal,2023-12-29,0.19,214.47
AGX00004087,AGT0005,POL0003082,Renewal,2025-08-30,0.08,155.69
AGX00004088,AGT0038,POL0002617,New Business,2024-11-06,0.1,193.06
AGX00004089,AGT0101,POL0004306,Renewal,2025-02-17,0.15,142.09
AGX00004090,AGT0087,POL0004757,New Business,2026-04-20,0.23,120.18
AGX00004091,AGT0134,POL0001169,Renewal,2026-06-03,0.13,136.97
AGX00004092,AGT0011,POL0003587,Renewal,2024-02-18,0.23,75.33
AGX00004093,AGT0082,POL0000292,Renewal,2022-05-26,0.18,312.05
AGX00004094,AGT0109,POL0003073,New Business,2025-02-20,0.06,33.58
AGX00004095,AGT0129,POL0002812,Renewal,2025-08-25,0.22,93.49
AGX00004096,AGT0068,POL0001065,Renewal,2025-04-01,0.1,23.43
AGX00004097,AGT0104,POL0002283,Renewal,2026-03-29,0.16,142.05
AGX00004098,AGT0140,POL0002264,New Business,2022-11-18,0.1,63.61
AGX00004099,AGT0136,POL0002010,New Business,2024-09-21,0.1,133.48
AGX00004100,AGT0006,POL0000871,Renewal,2023-02-12,0.09,106.77
AGX00004101,AGT0053,POL0003744,New Business,2026-01-30,0.1,135.93
AGX00004102,AGT0039,POL0001386,Renewal,2022-01-28,0.18,28.16
AGX00004103,AGT0028,POL0002909,Renewal,2025-02-11,0.12,85.67
AGX00004104,AGT0022,POL0003972,Renewal,2024-10-21,0.11,169.2
AGX00004105,AGT0062,POL0000477,New Business,2024-05-11,0.08,45.44
AGX00004106,AGT0052,POL0003965,Renewal,2026-08-01,0.1,69.14
AGX00004107,AGT0043,POL0004780,New Business,2022-11-29,0.15,57.27
AGX00004108,AGT0116,POL0000032,Renewal,2025-10-04,0.13,36.05
AGX00004109,AGT0128,POL0001215,Renewal,2026-05-01,0.18,26.2
AGX00004110,AGT0130,POL0003430,Renewal,2025-06-01,0.25,111.32
AGX00004111,AGT0104,POL0003191,Renewal,2022-01-31,0.13,97.3
AGX00004112,AGT0052,POL0000875,Renewal,2026-03-24,0.17,95.35
AGX00004113,AGT0131,POL0004009,Renewal,2025-10-30,0.06,74.73
AGX00004114,AGT0009,POL0001812,Renewal,2025-10-13,0.16,206.05
AGX00004115,AGT0043,POL0002439,Renewal,2023-05-07,0.12,227.46
AGX00004116,AGT0055,POL0000904,Renewal,2022-11-11,0.11,99.75
AGX00004117,AGT0105,POL0004650,New Business,2025-10-12,0.13,144.96
AGX00004118,AGT0119,POL0001124,New Business,2023-08-16,0.11,64.53
AGX00004119,AGT0134,POL0001066,Renewal,2025-12-02,0.19,334.9
AGX00004120,AGT0134,POL0004330,Renewal,2025-01-14,0.2,278.56
AGX00004121,AGT0120,POL0002175,New Business,2026-05-27,0.11,85.5
AGX00004122,AGT0086,POL0003072,Renewal,2024-03-27,0.18,357.44
AGX00004123,AGT0136,POL0003797,New Business,2026-07-25,0.1,97.07
AGX00004124,AGT0116,POL0000539,Renewal,2022-08-01,0.18,343.63
AGX00004125,AGT0125,POL0000529,Renewal,2026-04-29,0.14,141.53
AGX00004126,AGT0018,POL0004389,Renewal,2025-12-30,0.14,256.89
AGX00004127,AGT0058,POL0002775,New Business,2026-03-21,0.2,395.4
AGX00004128,AGT0037,POL0002937,New Business,2024-12-25,0.06,92.24
AGX00004129,AGT0053,POL0004162,New Business,2026-06-10,0.09,55.59
AGX00004130,AGT0053,POL0004926,Renewal,2026-08-02,0.11,204.18
AGX00004131,AGT0060,POL0000354,Renewal,2025-12-24,0.06,23.27
AGX00004132,AGT0004,POL0001915,Renewal,2026-01-16,0.13,234.7
AGX00004133,AGT0111,POL0003531,New Business,2021-09-21,0.12,214.66
AGX00004134,AGT0106,POL0003441,New Business,2026-06-13,0.11,20.98
AGX00004135,AGT0078,POL0002212,Renewal,2025-01-27,0.2,354.82
AGX00004136,AGT0009,POL0003049,New Business,2025-06-24,0.2,95.95
AGX00004137,AGT0105,POL0003572,Renewal,2026-04-12,0.18,285.53
AGX00004138,AGT0112,POL0001556,New Business,2026-06-20,0.23,221.95
AGX00004139,AGT0104,POL0002755,New Business,2022-11-23,0.24,132.31
AGX00004140,AGT0150,POL0004795,Renewal,2025-10-29,0.08,105.18
AGX00004141,AGT0113,POL0003565,Renewal,2025-03-08,0.07,79.91
AGX00004142,AGT0134,POL0001495,New Business,2024-06-21,0.1,14.08
AGX00004143,AGT0036,POL0003597,Renewal,2025-11-03,0.07,107.52
AGX00004144,AGT0056,POL0003528,New Business,2025-09-14,0.13,159.34
AGX00004145,AGT0131,POL0000068,Renewal,2026-08-08,0.16,123.36
AGX00004146,AGT0036,POL0003501,Renewal,2021-07-13,0.21,331.79
AGX00004147,AGT0012,POL0003532,Renewal,2026-02-21,0.15,167.87
AGX00004148,AGT0149,POL0001364,New Business,2025-05-19,0.06,63.84
AGX00004149,AGT0105,POL0003825,Renewal,2026-07-10,0.21,101.16
AGX00004150,AGT0106,POL0000167,New Business,2025-08-29,0.09,59.61
AGX00004151,AGT0064,POL0002392,New Business,2026-07-29,0.16,90.96
AGX00004152,AGT0097,POL0003335,New Business,2023-02-12,0.09,84.07
AGX00004153,AGT0024,POL0000219,New Business,2024-03-28,0.14,228.76
AGX00004154,AGT0101,POL0002679,New Business,2023-09-19,0.24,312.43
AGX00004155,AGT0044,POL0003147,New Business,2021-12-02,0.22,275.65
AGX00004156,AGT0065,POL0003432,Renewal,2023-08-16,0.24,177.92
AGX00004157,AGT0098,POL0002395,New Business,2026-04-13,0.2,381.37
AGX00004158,AGT0048,POL0000273,New Business,2026-02-25,0.24,444.34
AGX00004159,AGT0055,POL0001491,New Business,2022-08-19,0.22,172.4
AGX00004160,AGT0003,POL0000720,Renewal,2023-09-10,0.18,251.22
AGX00004161,AGT0077,POL0000835,Renewal,2024-08-08,0.11,94.77
AGX00004162,AGT0019,POL0004133,New Business,2024-09-18,0.21,277.54
AGX00004163,AGT0142,POL0004884,Renewal,2023-02-28,0.16,251.58
AGX00004164,AGT0066,POL0002238,New Business,2026-04-04,0.08,31.48
AGX00004165,AGT0013,POL0003218,New Business,2026-07-23,0.13,62.84
AGX00004166,AGT0105,POL0003567,New Business,2026-01-22,0.2,203.95
AGX00004167,AGT0139,POL0002546,Renewal,2026-02-27,0.17,98.48
AGX00004168,AGT0048,POL0002916,New Business,2023-08-11,0.16,26.24
AGX00004169,AGT0022,POL0002155,Renewal,2022-06-21,0.05,33.01
AGX00004170,AGT0136,POL0001578,Renewal,2022-06-07,0.09,147.57
AGX00004171,AGT0017,POL0003058,Renewal,2026-09-09,0.11,167.25
AGX00004172,AGT0102,POL0001837,Renewal,2025-06-04,0.2,108.81
AGX00004173,AGT0020,POL0004970,Renewal,2026-08-04,0.22,236.19
AGX00004174,AGT0030,POL0004180,New Business,2026-01-19,0.19,117.24
AGX00004175,AGT0101,POL0004259,Renewal,2026-03-17,0.05,10.21
AGX00004176,AGT0085,POL0002078,Renewal,2025-05-02,0.18,204.46
AGX00004177,AGT0145,POL0001165,New Business,2021-10-03,0.1,127.19
AGX00004178,AGT0056,POL0004337,Renewal,2026-07-30,0.05,13.56
AGX00004179,AGT0040,POL0000457,Renewal,2023-07-20,0.15,32.61
AGX00004180,AGT0035,POL0000323,Renewal,2024-03-30,0.13,162.23
AGX00004181,AGT0085,POL0003268,Renewal,2025-09-27,0.07,29.06
AGX00004182,AGT0092,POL0000142,New Business,2026-07-06,0.21,390.36
AGX00004183,AGT0113,POL0002910,New Business,2025-10-10,0.13,164.41
AGX00004184,AGT0066,POL0000786,Renewal,2026-03-04,0.19,249.11
AGX00004185,AGT0126,POL0002675,New Business,2024-09-02,0.08,107.32
AGX00004186,AGT0003,POL0000438,Renewal,2022-08-21,0.24,386.1
AGX00004187,AGT0137,POL0004750,Renewal,2026-02-24,0.22,110.96
AGX00004188,AGT0066,POL0004383,New Business,2023-07-23,0.07,117.78
AGX00004189,AGT0024,POL0004633,Renewal,2025-09-29,0.18,29.34
AGX00004190,AGT0081,POL0002626,Renewal,2023-01-26,0.19,260.68
AGX00004191,AGT0032,POL0001033,New Business,2026-07-23,0.23,309.25
AGX00004192,AGT0102,POL0000236,New Business,2026-06-07,0.13,139.83
AGX00004193,AGT0006,POL0000248,Renewal,2026-02-21,0.18,182.19
AGX00004194,AGT0141,POL0000289,New Business,2026-07-19,0.17,280.36
AGX00004195,AGT0044,POL0004612,New Business,2022-08-14,0.07,38.78
AGX00004196,AGT0136,POL0004594,New Business,2026-06-20,0.1,173.82
AGX00004197,AGT0133,POL0002525,Renewal,2025-08-18,0.11,44.13
AGX00004198,AGT0134,POL0004113,Renewal,2024-06-18,0.06,60.38
AGX00004199,AGT0048,POL0004377,Renewal,2026-04-03,0.09,37.28
AGX00004200,AGT0082,POL0001387,Renewal,2026-03-17,0.07,35.73
AGX00004201,AGT0131,POL0002628,New Business,2026-03-17,0.22,323.17
AGX00004202,AGT0066,POL0001844,Renewal,2023-11-18,0.13,8.8
AGX00004203,AGT0120,POL0000105,Renewal,2023-06-20,0.05,30.09
AGX00004204,AGT0025,POL0003084,Renewal,2026-08-24,0.14,225.6
AGX00004205,AGT0091,POL0001354,Renewal,2025-02-01,0.21,389.88
AGX00004206,AGT0065,POL0003721,Renewal,2026-07-26,0.16,296.92
AGX00004207,AGT0045,POL0004442,Renewal,2025-10-04,0.21,27.75
AGX00004208,AGT0101,POL0001552,Renewal,2025-03-17,0.13,27.99
AGX00004209,AGT0050,POL0000623,Renewal,2023-04-30,0.1,26.89
AGX00004210,AGT0123,POL0002199,Renewal,2026-08-09,0.09,72.72
AGX00004211,AGT0111,POL0001477,New Business,2024-11-10,0.16,87.03
AGX00004212,AGT0019,POL0002434,New Business,2021-11-22,0.23,83.2
AGX00004213,AGT0138,POL0002933,Renewal,2025-09-29,0.24,471.65
AGX00004214,AGT0064,POL0004856,New Business,2024-09-20,0.17,285.15
AGX00004215,AGT0018,POL0004996,New Business,2023-05-17,0.23,63.77
AGX00004216,AGT0025,POL0001937,New Business,2024-02-24,0.2,44.93
AGX00004217,AGT0075,POL0003985,Renewal,2025-08-07,0.12,69.55
AGX00004218,AGT0041,POL0004834,Renewal,2025-03-09,0.08,12.72
AGX00004219,AGT0008,POL0004326,New Business,2026-09-10,0.12,9.99
AGX00004220,AGT0109,POL0004342,New Business,2026-08-04,0.19,165.89
AGX00004221,AGT0095,POL0001807,New Business,2024-11-04,0.23,121.56
AGX00004222,AGT0103,POL0001854,New Business,2026-07-13,0.14,93.91
AGX00004223,AGT0071,POL0002832,New Business,2021-05-04,0.23,372.03
AGX00004224,AGT0036,POL0001443,Renewal,2025-05-20,0.19,108.15
AGX00004225,AGT0027,POL0002134,Renewal,2026-03-20,0.22,355.02
AGX00004226,AGT0120,POL0000350,Renewal,2026-07-27,0.2,85.04
AGX00004227,AGT0026,POL0003350,New Business,2026-03-18,0.13,70.17
AGX00004228,AGT0112,POL0001174,Renewal,2023-08-14,0.1,12.1
AGX00004229,AGT0030,POL0002177,Renewal,2025-04-26,0.15,255.76
AGX00004230,AGT0033,POL0001601,New Business,2024-01-16,0.07,5.22
AGX00004231,AGT0034,POL0001636,New Business,2024-12-15,0.21,300.6
AGX00004232,AGT0002,POL0004685,Renewal,2024-07-17,0.21,324.67
AGX00004233,AGT0046,POL0001487,Renewal,2024-02-21,0.22,135.88
AGX00004234,AGT0042,POL0004547,Renewal,2023-05-08,0.18,17.06
AGX00004235,AGT0091,POL0003595,Renewal,2023-12-19,0.23,109.39
AGX00004236,AGT0016,POL0001372,Renewal,2024-06-06,0.17,58.02
AGX00004237,AGT0029,POL0001222,New Business,2025-12-06,0.14,58.63
AGX00004238,AGT0036,POL0004959,Renewal,2026-08-01,0.25,426.12
AGX00004239,AGT0043,POL0004732,Renewal,2022-05-09,0.21,115.67
AGX00004240,AGT0002,POL0003723,New Business,2025-02-10,0.2,78.48
AGX00004241,AGT0016,POL0003020,New Business,2023-03-13,0.12,160.77
AGX00004242,AGT0029,POL0001388,Renewal,2021-09-08,0.07,135.5
AGX00004243,AGT0122,POL0001191,Renewal,2026-08-26,0.14,251.13
AGX00004244,AGT0025,POL0003059,Renewal,2026-04-22,0.22,101.07
AGX00004245,AGT0101,POL0002069,New Business,2024-06-07,0.09,103.48
AGX00004246,AGT0093,POL0003095,New Business,2026-08-15,0.19,376.9
AGX00004247,AGT0133,POL0004523,New Business,2023-05-01,0.12,177.37
AGX00004248,AGT0080,POL0002228,Renewal,2025-03-18,0.13,74.61
AGX00004249,AGT0077,POL0002352,New Business,2022-01-15,0.11,17.26
AGX00004250,AGT0043,POL0002518,New Business,2022-07-19,0.18,98.22
AGX00004251,AGT0033,POL0003206,New Business,2021-10-03,0.12,109.0
AGX00004252,AGT0073,POL0001641,New Business,2025-10-18,0.14,227.33
AGX00004253,AGT0110,POL0002669,Renewal,2026-06-17,0.14,195.42
AGX00004254,AGT0119,POL0004693,Renewal,2026-03-07,0.09,99.49
AGX00004255,AGT0020,POL0004569,Renewal,2023-04-25,0.07,134.08
AGX00004256,AGT0006,POL0003204,Renewal,2025-02-14,0.08,117.58
AGX00004257,AGT0103,POL0001948,New Business,2026-08-20,0.05,86.96
AGX00004258,AGT0116,POL0001673,Renewal,2025-08-15,0.11,154.45
AGX00004259,AGT0037,POL0002885,New Business,2024-08-27,0.1,163.84
AGX00004260,AGT0060,POL0001691,New Business,2024-06-18,0.24,134.28
AGX00004261,AGT0097,POL0004122,New Business,2025-05-22,0.19,263.98
AGX00004262,AGT0049,POL0002642,Renewal,2024-08-09,0.06,64.25
AGX00004263,AGT0040,POL0000886,New Business,2026-06-22,0.21,34.26
AGX00004264,AGT0105,POL0001764,Renewal,2022-01-14,0.13,80.91
AGX00004265,AGT0042,POL0004205,New Business,2026-02-16,0.25,342.25
AGX00004266,AGT0003,POL0003207,Renewal,2026-05-14,0.25,288.68
AGX00004267,AGT0098,POL0003846,Renewal,2025-11-30,0.14,89.44
AGX00004268,AGT0084,POL0001129,Renewal,2025-08-18,0.07,116.94
AGX00004269,AGT0016,POL0001225,Renewal,2026-09-03,0.13,202.46
AGX00004270,AGT0067,POL0001800,Renewal,2022-06-29,0.19,64.57
AGX00004271,AGT0005,POL0003947,Renewal,2024-05-10,0.11,22.62
AGX00004272,AGT0047,POL0000505,New Business,2024-07-23,0.11,86.48
AGX00004273,AGT0072,POL0000827,New Business,2025-03-22,0.19,232.84
AGX00004274,AGT0019,POL0003477,Renewal,2025-06-21,0.09,133.65
AGX00004275,AGT0129,POL0003300,Renewal,2025-07-20,0.23,451.05
AGX00004276,AGT0087,POL0001132,New Business,2026-08-23,0.09,140.34
AGX00004277,AGT0129,POL0002812,New Business,2026-04-13,0.14,59.49
AGX00004278,AGT0017,POL0001030,Renewal,2025-09-01,0.22,370.37
AGX00004279,AGT0018,POL0002140,Renewal,2025-03-25,0.22,46.57
AGX00004280,AGT0062,POL0004529,Renewal,2026-08-10,0.07,134.98
AGX00004281,AGT0021,POL0002538,Renewal,2023-09-08,0.17,224.45
AGX00004282,AGT0111,POL0000420,New Business,2025-04-09,0.22,148.18
AGX00004283,AGT0047,POL0002534,New Business,2023-06-25,0.08,122.14
AGX00004284,AGT0126,POL0002953,Renewal,2025-10-10,0.24,238.47
AGX00004285,AGT0116,POL0004861,Renewal,2025-11-06,0.21,166.07
AGX00004286,AGT0120,POL0004096,New Business,2026-09-08,0.16,10.67
AGX00004287,AGT0067,POL0001800,Renewal,2024-01-13,0.18,61.17
AGX00004288,AGT0007,POL0002276,Renewal,2024-02-10,0.11,121.13
AGX00004289,AGT0125,POL0003469,New Business,2021-10-22,0.11,153.7
AGX00004290,AGT0070,POL0004707,Renewal,2026-07-19,0.08,155.08
AGX00004291,AGT0004,POL0002219,New Business,2026-08-04,0.16,143.63
AGX00004292,AGT0015,POL0002624,Renewal,2024-04-30,0.14,171.68
AGX00004293,AGT0126,POL0001074,Renewal,2024-02-03,0.11,10.54
AGX00004294,AGT0018,POL0001465,New Business,2026-04-21,0.11,109.46
AGX00004295,AGT0059,POL0000497,New Business,2025-04-03,0.18,181.87
AGX00004296,AGT0095,POL0003040,Renewal,2025-01-15,0.22,258.58
AGX00004297,AGT0021,POL0000100,Renewal,2024-08-30,0.18,74.82
AGX00004298,AGT0050,POL0002421,New Business,2021-11-06,0.21,233.86
AGX00004299,AGT0117,POL0001371,Renewal,2025-08-24,0.16,286.84
AGX00004300,AGT0048,POL0003554,New Business,2026-05-14,0.25,194.32
AGX00004301,AGT0058,POL0001034,Renewal,2023-07-30,0.22,127.2
AGX00004302,AGT0022,POL0002448,Renewal,2024-05-17,0.17,254.25
AGX00004303,AGT0095,POL0001456,Renewal,2025-12-03,0.12,224.05
AGX00004304,AGT0100,POL0004015,New Business,2026-02-13,0.23,456.09
AGX00004305,AGT0109,POL0000921,New Business,2022-06-14,0.15,215.64
AGX00004306,AGT0024,POL0004318,New Business,2023-11-16,0.23,378.39
AGX00004307,AGT0008,POL0003277,Renewal,2025-04-24,0.1,184.91
AGX00004308,AGT0124,POL0004887,Renewal,2024-02-08,0.25,390.19
AGX00004309,AGT0071,POL0001633,Renewal,2023-05-28,0.08,145.48
AGX00004310,AGT0038,POL0003094,Renewal,2024-10-14,0.24,217.54
AGX00004311,AGT0031,POL0003178,Renewal,2024-09-15,0.15,273.47
AGX00004312,AGT0080,POL0004606,Renewal,2025-11-10,0.23,272.75
AGX00004313,AGT0069,POL0002952,Renewal,2025-05-18,0.23,188.23
AGX00004314,AGT0036,POL0003437,New Business,2023-09-26,0.09,65.16
AGX00004315,AGT0130,POL0004111,Renewal,2025-03-07,0.13,28.61
AGX00004316,AGT0118,POL0001953,Renewal,2025-12-20,0.1,109.8
AGX00004317,AGT0142,POL0000411,New Business,2022-06-27,0.17,181.71
AGX00004318,AGT0131,POL0003260,New Business,2024-08-13,0.19,240.05
AGX00004319,AGT0113,POL0004124,Renewal,2025-10-03,0.11,153.46
AGX00004320,AGT0018,POL0004389,Renewal,2024-04-18,0.17,311.94
AGX00004321,AGT0004,POL0001710,Renewal,2023-05-04,0.18,102.39
AGX00004322,AGT0090,POL0003308,New Business,2024-11-14,0.07,130.38
AGX00004323,AGT0022,POL0000206,Renewal,2025-12-05,0.12,6.26
AGX00004324,AGT0080,POL0004107,New Business,2023-03-02,0.08,140.2
AGX00004325,AGT0014,POL0001982,Renewal,2023-07-30,0.12,180.96
AGX00004326,AGT0046,POL0001256,New Business,2026-06-24,0.12,45.88
AGX00004327,AGT0135,POL0004514,Renewal,2026-01-10,0.09,80.59
AGX00004328,AGT0017,POL0000498,Renewal,2025-07-27,0.17,167.55
AGX00004329,AGT0091,POL0000738,New Business,2025-10-23,0.08,97.02
AGX00004330,AGT0012,POL0003862,Renewal,2026-05-09,0.16,79.94
AGX00004331,AGT0142,POL0002029,Renewal,2026-03-07,0.19,356.49
AGX00004332,AGT0121,POL0004615,Renewal,2026-07-19,0.17,121.84
AGX00004333,AGT0101,POL0000257,Renewal,2026-05-01,0.11,188.83
AGX00004334,AGT0020,POL0002248,Renewal,2025-01-10,0.16,183.63
AGX00004335,AGT0131,POL0001175,Renewal,2024-02-05,0.06,7.95
AGX00004336,AGT0074,POL0000122,Renewal,2023-11-10,0.19,116.17
AGX00004337,AGT0055,POL0001491,Renewal,2022-01-29,0.16,125.38
AGX00004338,AGT0017,POL0002662,Renewal,2026-05-01,0.12,62.13
AGX00004339,AGT0130,POL0004237,Renewal,2026-07-29,0.15,63.4
AGX00004340,AGT0082,POL0002221,Renewal,2022-08-17,0.24,292.75
AGX00004341,AGT0043,POL0000118,Renewal,2023-12-02,0.1,42.88
AGX00004342,AGT0076,POL0003848,Renewal,2026-08-01,0.25,112.91
AGX00004343,AGT0046,POL0003070,New Business,2025-09-10,0.06,6.35
AGX00004344,AGT0014,POL0000831,Renewal,2024-01-03,0.22,203.84
AGX00004345,AGT0127,POL0000635,New Business,2026-01-14,0.08,95.44
AGX00004346,AGT0121,POL0000787,Renewal,2026-07-28,0.06,56.01
AGX00004347,AGT0037,POL0004611,Renewal,2023-06-17,0.23,318.21
AGX00004348,AGT0037,POL0003819,Renewal,2024-05-10,0.16,257.51
AGX00004349,AGT0035,POL0002907,Renewal,2026-05-17,0.1,90.36
AGX00004350,AGT0018,POL0003453,New Business,2026-04-16,0.17,156.03
AGX00004351,AGT0036,POL0000178,New Business,2026-06-02,0.07,57.48
AGX00004352,AGT0147,POL0000394,Renewal,2021-09-19,0.13,72.47
AGX00004353,AGT0030,POL0002987,Renewal,2026-01-16,0.09,90.74
AGX00004354,AGT0100,POL0002080,New Business,2026-01-02,0.24,237.12
AGX00004355,AGT0014,POL0003820,Renewal,2025-06-10,0.14,34.34
AGX00004356,AGT0018,POL0003636,New Business,2026-05-10,0.07,37.57
AGX00004357,AGT0049,POL0004664,Renewal,2023-12-09,0.15,115.35
AGX00004358,AGT0074,POL0002376,New Business,2025-03-15,0.23,240.63
AGX00004359,AGT0125,POL0003003,Renewal,2023-12-03,0.16,15.05
AGX00004360,AGT0033,POL0003132,New Business,2025-08-29,0.11,99.23
AGX00004361,AGT0010,POL0001740,New Business,2026-08-09,0.05,68.02
AGX00004362,AGT0121,POL0001667,New Business,2024-05-08,0.24,116.49
AGX00004363,AGT0129,POL0004202,New Business,2026-09-11,0.21,101.0
AGX00004364,AGT0045,POL0003486,New Business,2025-05-26,0.08,82.9
AGX00004365,AGT0131,POL0001175,New Business,2024-10-31,0.21,27.83
AGX00004366,AGT0069,POL0004154,New Business,2026-03-07,0.05,16.67
AGX00004367,AGT0041,POL0001475,Renewal,2023-03-01,0.07,113.68
AGX00004368,AGT0079,POL0004375,Renewal,2026-08-03,0.08,35.16
AGX00004369,AGT0116,POL0002089,Renewal,2026-07-02,0.2,323.09
AGX00004370,AGT0146,POL0002737,Renewal,2023-04-02,0.14,80.95
AGX00004371,AGT0044,POL0004991,Renewal,2025-02-26,0.11,169.1
AGX00004372,AGT0089,POL0001820,Renewal,2024-08-28,0.21,193.53
AGX00004373,AGT0041,POL0003592,Renewal,2026-06-20,0.25,38.8
AGX00004374,AGT0085,POL0001564,New Business,2026-07-08,0.2,193.55
AGX00004375,AGT0106,POL0001607,New Business,2024-10-30,0.11,127.48
AGX00004376,AGT0096,POL0001237,New Business,2025-04-11,0.24,28.21
AGX00004377,AGT0043,POL0000078,New Business,2026-09-08,0.23,224.08
AGX00004378,AGT0068,POL0002786,New Business,2024-04-30,0.24,424.29
AGX00004379,AGT0033,POL0003599,Renewal,2024-03-27,0.08,78.44
AGX00004380,AGT0024,POL0000718,Renewal,2023-03-17,0.09,132.86
AGX00004381,AGT0108,POL0004148,Renewal,2022-09-28,0.23,380.02
AGX00004382,AGT0106,POL0002824,Renewal,2022-08-20,0.05,67.02
AGX00004383,AGT0090,POL0004680,Renewal,2026-01-29,0.25,158.58
AGX00004384,AGT0043,POL0004001,Renewal,2025-10-29,0.06,108.2
AGX00004385,AGT0078,POL0001036,Renewal,2026-06-23,0.2,240.78
AGX00004386,AGT0002,POL0000808,Renewal,2026-06-27,0.18,196.28
AGX00004387,AGT0087,POL0000260,New Business,2024-09-30,0.07,36.79
AGX00004388,AGT0118,POL0003197,New Business,2022-06-23,0.22,143.73
AGX00004389,AGT0030,POL0003807,New Business,2022-08-08,0.16,133.8
AGX00004390,AGT0056,POL0001163,Renewal,2026-03-14,0.21,135.79
AGX00004391,AGT0033,POL0000030,Renewal,2026-06-22,0.08,48.9
AGX00004392,AGT0060,POL0003999,Renewal,2026-07-10,0.12,216.93
AGX00004393,AGT0082,POL0001886,Renewal,2026-04-30,0.23,423.59
AGX00004394,AGT0009,POL0001316,New Business,2026-01-05,0.13,253.65
AGX00004395,AGT0055,POL0004082,New Business,2026-04-23,0.09,67.51
AGX00004396,AGT0144,POL0003555,Renewal,2026-04-08,0.21,231.91
AGX00004397,AGT0131,POL0001604,Renewal,2022-12-15,0.07,127.34
AGX00004398,AGT0031,POL0003178,Renewal,2025-08-26,0.21,382.85
AGX00004399,AGT0080,POL0004358,New Business,2026-09-06,0.24,335.15
AGX00004400,AGT0103,POL0004386,Renewal,2024-03-20,0.13,83.22
AGX00004401,AGT0125,POL0001560,Renewal,2025-10-18,0.1,181.9
AGX00004402,AGT0110,POL0000770,Renewal,2022-09-18,0.19,368.71
AGX00004403,AGT0019,POL0003477,New Business,2026-04-20,0.08,118.8
AGX00004404,AGT0016,POL0000155,New Business,2025-05-16,0.09,100.58
AGX00004405,AGT0102,POL0000177,New Business,2026-04-04,0.05,70.11
AGX00004406,AGT0016,POL0003085,New Business,2024-10-02,0.2,110.4
AGX00004407,AGT0087,POL0002384,New Business,2026-09-04,0.07,97.17
AGX00004408,AGT0135,POL0001058,New Business,2026-03-31,0.09,124.85
AGX00004409,AGT0098,POL0000436,New Business,2026-08-27,0.13,135.45
AGX00004410,AGT0078,POL0004993,Renewal,2025-08-10,0.11,194.3
AGX00004411,AGT0019,POL0000053,New Business,2026-08-19,0.25,332.56
AGX00004412,AGT0012,POL0003532,New Business,2025-10-11,0.23,257.4
AGX00004413,AGT0010,POL0003986,New Business,2022-10-12,0.2,132.09
AGX00004414,AGT0023,POL0002413,Renewal,2026-08-04,0.09,10.36
AGX00004415,AGT0078,POL0000978,Renewal,2022-03-08,0.13,59.2
AGX00004416,AGT0055,POL0004892,Renewal,2026-09-08,0.14,111.71
AGX00004417,AGT0057,POL0002063,Renewal,2024-08-22,0.22,294.38
AGX00004418,AGT0012,POL0004223,New Business,2026-06-22,0.14,135.59
AGX00004419,AGT0056,POL0003209,Renewal,2025-02-22,0.11,186.25
AGX00004420,AGT0068,POL0002786,New Business,2026-03-08,0.11,194.47
AGX00004421,AGT0107,POL0003361,New Business,2022-12-29,0.11,6.3
AGX00004422,AGT0089,POL0004550,Renewal,2024-11-16,0.19,141.88
AGX00004423,AGT0115,POL0002393,New Business,2026-05-07,0.13,74.48
AGX00004424,AGT0035,POL0004429,Renewal,2025-04-14,0.22,134.6
AGX00004425,AGT0110,POL0003736,Renewal,2024-12-16,0.13,256.4
AGX00004426,AGT0014,POL0003089,New Business,2023-01-03,0.13,29.93
AGX00004427,AGT0070,POL0000116,New Business,2023-12-14,0.13,55.33
AGX00004428,AGT0079,POL0001243,Renewal,2025-11-23,0.05,46.21
AGX00004429,AGT0105,POL0002699,Renewal,2026-06-30,0.24,317.76
AGX00004430,AGT0033,POL0003708,Renewal,2026-05-13,0.1,134.91
AGX00004431,AGT0121,POL0004332,New Business,2023-07-31,0.15,192.73
AGX00004432,AGT0100,POL0004198,Renewal,2026-09-05,0.07,136.49
AGX00004433,AGT0099,POL0001923,Renewal,2026-07-27,0.21,176.81
AGX00004434,AGT0046,POL0002978,Renewal,2025-04-21,0.12,161.33
AGX00004435,AGT0038,POL0000021,Renewal,2026-08-23,0.09,84.0
AGX00004436,AGT0062,POL0003460,Renewal,2026-06-03,0.18,350.71
AGX00004437,AGT0085,POL0002842,Renewal,2026-08-03,0.16,90.6
AGX00004438,AGT0079,POL0000581,Renewal,2026-06-25,0.05,19.26
AGX00004439,AGT0054,POL0002048,Renewal,2025-12-15,0.19,210.95
AGX00004440,AGT0060,POL0001409,Renewal,2026-04-15,0.17,10.84
AGX00004441,AGT0067,POL0001999,Renewal,2024-06-04,0.18,312.88
AGX00004442,AGT0064,POL0004856,New Business,2024-09-15,0.2,335.47
AGX00004443,AGT0066,POL0000025,Renewal,2026-08-31,0.15,95.22
AGX00004444,AGT0148,POL0002294,New Business,2025-09-09,0.16,272.38
AGX00004445,AGT0075,POL0003279,Renewal,2023-11-29,0.21,94.27
AGX00004446,AGT0041,POL0003592,Renewal,2024-10-22,0.09,13.97
AGX00004447,AGT0137,POL0003571,Renewal,2025-04-29,0.23,67.72
AGX00004448,AGT0024,POL0000404,Renewal,2024-08-19,0.11,191.6
AGX00004449,AGT0079,POL0002104,Renewal,2022-10-04,0.23,360.37
AGX00004450,AGT0086,POL0002584,Renewal,2025-06-02,0.22,356.59
AGX00004451,AGT0137,POL0003662,Renewal,2026-05-04,0.08,58.22
AGX00004452,AGT0033,POL0003416,Renewal,2026-08-15,0.05,63.72
AGX00004453,AGT0075,POL0002328,Renewal,2026-03-28,0.13,204.72
AGX00004454,AGT0019,POL0001726,New Business,2025-11-06,0.17,198.25
AGX00004455,AGT0092,POL0000272,Renewal,2023-11-01,0.2,269.57
AGX00004456,AGT0068,POL0002001,Renewal,2025-02-09,0.22,201.33
AGX00004457,AGT0135,POL0001523,New Business,2025-12-14,0.1,130.65
AGX00004458,AGT0014,POL0001855,New Business,2025-12-31,0.14,113.49
AGX00004459,AGT0121,POL0000363,Renewal,2026-09-08,0.23,158.05
AGX00004460,AGT0010,POL0000225,Renewal,2023-12-05,0.23,51.6
AGX00004461,AGT0112,POL0001556,Renewal,2026-06-04,0.21,202.65
AGX00004462,AGT0011,POL0002883,New Business,2026-08-01,0.08,33.64
AGX00004463,AGT0047,POL0002682,Renewal,2026-07-23,0.16,277.87
AGX00004464,AGT0084,POL0001620,Renewal,2023-08-12,0.24,154.56
AGX00004465,AGT0084,POL0000533,New Business,2026-08-18,0.18,12.3
AGX00004466,AGT0057,POL0004010,New Business,2026-07-26,0.21,292.67
AGX00004467,AGT0149,POL0002825,New Business,2023-01-23,0.17,133.48
AGX00004468,AGT0047,POL0003579,Renewal,2026-07-19,0.07,43.1
AGX00004469,AGT0045,POL0001688,Renewal,2023-09-08,0.25,476.32
AGX00004470,AGT0109,POL0003073,New Business,2024-08-28,0.2,111.93
AGX00004471,AGT0030,POL0000914,Renewal,2022-08-17,0.23,317.81
AGX00004472,AGT0027,POL0000797,Renewal,2022-10-25,0.19,72.69
AGX00004473,AGT0129,POL0000524,Renewal,2024-05-07,0.16,249.08
AGX00004474,AGT0082,POL0003332,New Business,2023-09-29,0.12,225.44
AGX00004475,AGT0096,POL0004766,Renewal,2024-10-31,0.2,350.35
AGX00004476,AGT0135,POL0002347,New Business,2026-08-15,0.07,124.93
AGX00004477,AGT0052,POL0001186,Renewal,2023-05-10,0.12,31.44
AGX00004478,AGT0008,POL0000905,New Business,2026-06-20,0.22,174.54
AGX00004479,AGT0107,POL0001752,Renewal,2026-04-12,0.09,15.33
AGX00004480,AGT0111,POL0001477,Renewal,2024-02-17,0.15,81.59
AGX00004481,AGT0149,POL0002923,New Business,2025-02-06,0.13,14.89
AGX00004482,AGT0082,POL0003633,Renewal,2026-02-10,0.06,35.86
AGX00004483,AGT0011,POL0001185,New Business,2026-04-27,0.18,177.18
AGX00004484,AGT0076,POL0004980,Renewal,2025-10-16,0.19,25.11
AGX00004485,AGT0112,POL0004081,New Business,2025-03-18,0.1,104.84
AGX00004486,AGT0067,POL0001608,New Business,2026-01-25,0.12,84.21
AGX00004487,AGT0086,POL0004952,Renewal,2021-04-20,0.11,13.67
AGX00004488,AGT0081,POL0004688,Renewal,2026-03-10,0.21,391.62
AGX00004489,AGT0067,POL0003462,New Business,2023-07-17,0.2,136.15
AGX00004490,AGT0060,POL0003918,Renewal,2024-08-14,0.13,192.35
AGX00004491,AGT0118,POL0003885,Renewal,2024-07-08,0.17,116.74
AGX00004492,AGT0055,POL0004068,Renewal,2024-12-06,0.23,299.71
AGX00004493,AGT0031,POL0000331,Renewal,2023-08-11,0.18,145.54
AGX00004494,AGT0094,POL0002705,Renewal,2026-07-18,0.12,63.9
AGX00004495,AGT0073,POL0004321,Renewal,2025-06-13,0.17,102.95
AGX00004496,AGT0021,POL0002982,New Business,2026-02-14,0.15,149.1
AGX00004497,AGT0086,POL0001137,New Business,2026-08-24,0.15,211.6
AGX00004498,AGT0102,POL0003317,New Business,2025-05-29,0.17,191.07
AGX00004499,AGT0058,POL0004936,New Business,2025-03-05,0.07,79.07
AGX00004500,AGT0037,POL0002937,New Business,2025-03-11,0.16,245.98
AGX00004501,AGT0024,POL0003805,Renewal,2025-03-26,0.22,86.99
AGX00004502,AGT0082,POL0000352,Renewal,2022-01-11,0.09,9.27
AGX00004503,AGT0059,POL0003838,Renewal,2024-05-19,0.17,302.39
AGX00004504,AGT0045,POL0000686,New Business,2024-11-29,0.15,251.37
AGX00004505,AGT0094,POL0003192,Renewal,2025-03-14,0.23,102.09
AGX00004506,AGT0014,POL0001972,Renewal,2024-01-04,0.23,15.99
AGX00004507,AGT0121,POL0000659,New Business,2026-09-05,0.17,322.22
AGX00004508,AGT0141,POL0004578,New Business,2022-05-23,0.2,261.9
AGX00004509,AGT0145,POL0002298,Renewal,2026-07-21,0.12,127.0
AGX00004510,AGT0140,POL0003371,Renewal,2025-12-12,0.17,61.7
AGX00004511,AGT0005,POL0000562,Renewal,2023-04-07,0.18,199.21
AGX00004512,AGT0050,POL0001297,New Business,2025-03-25,0.07,12.06
AGX00004513,AGT0122,POL0003201,Renewal,2025-08-01,0.16,280.09
AGX00004514,AGT0112,POL0000952,Renewal,2026-01-25,0.22,410.27
AGX00004515,AGT0005,POL0001615,New Business,2023-04-14,0.2,331.94
AGX00004516,AGT0082,POL0003978,Renewal,2023-12-02,0.19,353.57
AGX00004517,AGT0142,POL0004497,Renewal,2026-07-28,0.06,64.63
AGX00004518,AGT0068,POL0002409,Renewal,2026-01-04,0.12,44.39
AGX00004519,AGT0139,POL0004720,New Business,2026-08-29,0.12,124.28
AGX00004520,AGT0003,POL0004587,Renewal,2023-11-02,0.13,112.74
AGX00004521,AGT0027,POL0002776,New Business,2023-07-03,0.07,68.93
AGX00004522,AGT0049,POL0004908,Renewal,2022-12-14,0.19,284.73
AGX00004523,AGT0065,POL0004291,Renewal,2026-07-09,0.23,376.16
AGX00004524,AGT0086,POL0000570,Renewal,2022-10-06,0.14,20.37
AGX00004525,AGT0129,POL0003546,Renewal,2021-12-25,0.15,96.95
AGX00004526,AGT0133,POL0000609,New Business,2023-09-15,0.12,193.38
AGX00004527,AGT0088,POL0003879,Renewal,2026-09-01,0.21,326.75
AGX00004528,AGT0010,POL0003417,New Business,2026-09-05,0.17,309.67
AGX00004529,AGT0050,POL0002421,New Business,2021-12-13,0.23,256.13
AGX00004530,AGT0045,POL0003486,Renewal,2024-01-20,0.07,72.53
AGX00004531,AGT0030,POL0003170,New Business,2026-05-26,0.18,84.56
AGX00004532,AGT0008,POL0004931,Renewal,2023-10-16,0.24,346.79
AGX00004533,AGT0098,POL0003902,Renewal,2024-09-05,0.08,65.3
AGX00004534,AGT0064,POL0000593,Renewal,2026-07-23,0.15,240.7
AGX00004535,AGT0034,POL0003777,Renewal,2026-04-23,0.23,48.38
AGX00004536,AGT0092,POL0004262,New Business,2026-05-14,0.13,70.76
AGX00004537,AGT0109,POL0004741,New Business,2026-09-05,0.08,156.12
AGX00004538,AGT0060,POL0000354,Renewal,2025-10-16,0.06,23.27
AGX00004539,AGT0139,POL0001661,Renewal,2026-03-31,0.15,229.9
AGX00004540,AGT0020,POL0003925,New Business,2026-08-21,0.07,7.47
AGX00004541,AGT0119,POL0004973,New Business,2026-03-19,0.12,220.92
AGX00004542,AGT0025,POL0002377,New Business,2024-01-19,0.1,9.15
AGX00004543,AGT0037,POL0003588,New Business,2026-07-28,0.12,199.57
AGX00004544,AGT0039,POL0000356,Renewal,2022-12-05,0.22,351.22
AGX00004545,AGT0141,POL0000052,Renewal,2026-07-23,0.07,107.37
AGX00004546,AGT0037,POL0003610,New Business,2024-11-03,0.06,90.18
AGX00004547,AGT0001,POL0001789,New Business,2024-01-23,0.12,15.16
AGX00004548,AGT0104,POL0002942,Renewal,2026-09-10,0.12,48.71
AGX00004549,AGT0085,POL0001564,New Business,2025-02-13,0.06,58.06
AGX00004550,AGT0109,POL0000251,Renewal,2024-05-21,0.19,310.49
AGX00004551,AGT0144,POL0002945,New Business,2026-01-13,0.09,53.8
AGX00004552,AGT0027,POL0000643,Renewal,2025-06-24,0.13,149.44
AGX00004553,AGT0099,POL0002873,Renewal,2021-05-31,0.15,188.04
AGX00004554,AGT0001,POL0002511,Renewal,2026-01-20,0.1,166.73
AGX00004555,AGT0110,POL0000714,Renewal,2024-03-03,0.19,73.14
AGX00004556,AGT0116,POL0003817,New Business,2025-05-10,0.2,286.69
AGX00004557,AGT0091,POL0001553,Renewal,2024-08-21,0.08,30.45
AGX00004558,AGT0044,POL0002362,New Business,2023-07-26,0.12,21.08
AGX00004559,AGT0073,POL0003131,Renewal,2021-11-11,0.16,128.08
AGX00004560,AGT0147,POL0003803,Renewal,2023-12-21,0.08,37.3
AGX00004561,AGT0015,POL0003434,Renewal,2025-12-12,0.19,34.1
AGX00004562,AGT0105,POL0003847,Renewal,2024-03-29,0.14,98.76
AGX00004563,AGT0053,POL0003686,New Business,2025-09-08,0.09,19.57
AGX00004564,AGT0016,POL0002894,Renewal,2026-08-20,0.11,60.88
AGX00004565,AGT0021,POL0003315,Renewal,2024-12-11,0.18,47.97
AGX00004566,AGT0116,POL0002494,Renewal,2025-07-06,0.18,148.17
AGX00004567,AGT0052,POL0000679,Renewal,2024-10-02,0.19,376.68
AGX00004568,AGT0150,POL0004795,Renewal,2025-03-08,0.2,262.96
AGX00004569,AGT0079,POL0002864,Renewal,2026-03-08,0.15,220.14
AGX00004570,AGT0096,POL0000730,Renewal,2023-08-05,0.16,110.93
AGX00004571,AGT0137,POL0003495,New Business,2024-10-06,0.11,62.93
AGX00004572,AGT0102,POL0002075,Renewal,2025-03-30,0.09,7.82
AGX00004573,AGT0124,POL0000902,Renewal,2022-06-10,0.09,62.93
AGX00004574,AGT0119,POL0000891,Renewal,2024-01-31,0.24,473.83
AGX00004575,AGT0080,POL0002418,New Business,2025-09-16,0.21,231.09
AGX00004576,AGT0124,POL0001104,Renewal,2022-03-14,0.16,63.86
AGX00004577,AGT0123,POL0004634,New Business,2024-01-05,0.22,204.47
AGX00004578,AGT0086,POL0001293,New Business,2026-06-17,0.11,214.42
AGX00004579,AGT0146,POL0001447,New Business,2025-10-11,0.16,315.76
AGX00004580,AGT0043,POL0000547,New Business,2025-09-28,0.08,33.24
AGX00004581,AGT0043,POL0002381,New Business,2026-05-19,0.21,184.53
AGX00004582,AGT0014,POL0002607,Renewal,2026-08-10,0.15,187.61
AGX00004583,AGT0058,POL0004376,New Business,2026-01-21,0.1,181.71
AGX00004584,AGT0045,POL0001785,New Business,2026-07-25,0.08,43.07
AGX00004585,AGT0094,POL0004313,Renewal,2026-06-07,0.12,171.65
AGX00004586,AGT0054,POL0002048,New Business,2026-04-05,0.11,122.13
AGX00004587,AGT0009,POL0002651,Renewal,2026-09-05,0.08,28.0
AGX00004588,AGT0042,POL0000711,New Business,2023-12-29,0.08,151.9
AGX00004589,AGT0092,POL0002006,New Business,2021-08-07,0.07,135.2
AGX00004590,AGT0101,POL0001101,Renewal,2026-05-11,0.13,124.95
AGX00004591,AGT0129,POL0003227,New Business,2024-04-21,0.17,306.42
AGX00004592,AGT0079,POL0001754,New Business,2024-09-14,0.23,257.03
AGX00004593,AGT0004,POL0000528,Renewal,2025-04-09,0.14,147.11
AGX00004594,AGT0048,POL0000545,Renewal,2025-08-16,0.08,62.69
AGX00004595,AGT0063,POL0000773,New Business,2026-01-17,0.07,7.49
AGX00004596,AGT0006,POL0001347,Renewal,2025-10-26,0.12,10.84
AGX00004597,AGT0010,POL0000641,Renewal,2026-08-09,0.22,34.89
AGX00004598,AGT0093,POL0003345,Renewal,2025-09-20,0.18,310.77
AGX00004599,AGT0140,POL0004517,Renewal,2026-01-25,0.25,207.0
AGX00004600,AGT0146,POL0001447,Renewal,2022-11-07,0.15,296.02
AGX00004601,AGT0006,POL0003706,New Business,2026-03-17,0.21,304.67
AGX00004602,AGT0115,POL0003065,New Business,2025-09-19,0.19,234.1
AGX00004603,AGT0148,POL0002412,New Business,2026-02-18,0.23,243.99
AGX00004604,AGT0015,POL0002624,New Business,2023-06-18,0.2,245.26
AGX00004605,AGT0024,POL0000718,New Business,2026-01-27,0.21,310.0
AGX00004606,AGT0020,POL0000509,Renewal,2025-04-26,0.25,339.5
AGX00004607,AGT0126,POL0004288,Renewal,2026-09-04,0.15,292.54
AGX00004608,AGT0142,POL0002136,Renewal,2025-08-20,0.23,88.55
AGX00004609,AGT0025,POL0002593,New Business,2025-12-17,0.11,183.02
AGX00004610,AGT0113,POL0001538,Renewal,2024-04-22,0.16,191.03
AGX00004611,AGT0129,POL0000823,New Business,2023-03-29,0.06,55.18
AGX00004612,AGT0140,POL0003290,Renewal,2024-04-24,0.11,5.52
AGX00004613,AGT0106,POL0004214,Renewal,2025-07-07,0.17,106.02
AGX00004614,AGT0084,POL0000836,Renewal,2026-02-20,0.1,83.26
AGX00004615,AGT0075,POL0003648,New Business,2026-03-29,0.07,58.88
AGX00004616,AGT0073,POL0004387,Renewal,2026-04-13,0.19,310.86
AGX00004617,AGT0139,POL0002848,New Business,2021-05-19,0.13,259.14
AGX00004618,AGT0008,POL0002201,Renewal,2024-08-28,0.05,21.02
AGX00004619,AGT0100,POL0000307,Renewal,2026-05-20,0.08,77.73
AGX00004620,AGT0014,POL0003157,Renewal,2025-05-09,0.16,206.83
AGX00004621,AGT0074,POL0000284,New Business,2022-08-15,0.18,261.13
AGX00004622,AGT0057,POL0000013,Renewal,2025-03-27,0.09,117.47
AGX00004623,AGT0084,POL0001766,Renewal,2026-08-02,0.17,154.05
AGX00004624,AGT0112,POL0002093,Renewal,2024-12-08,0.15,199.91
AGX00004625,AGT0060,POL0003918,Renewal,2025-02-26,0.09,133.16
AGX00004626,AGT0120,POL0001520,Renewal,2024-12-21,0.15,280.11
AGX00004627,AGT0145,POL0004340,Renewal,2026-06-16,0.11,203.36
AGX00004628,AGT0113,POL0000536,Renewal,2021-06-11,0.15,166.28
AGX00004629,AGT0099,POL0003483,New Business,2026-01-25,0.23,187.09
AGX00004630,AGT0044,POL0003702,Renewal,2026-06-08,0.08,21.58
AGX00004631,AGT0077,POL0004308,New Business,2023-01-11,0.19,19.26
AGX00004632,AGT0084,POL0001620,Renewal,2024-11-02,0.16,103.04
AGX00004633,AGT0095,POL0004885,New Business,2026-07-09,0.18,131.16
AGX00004634,AGT0024,POL0004420,Renewal,2023-05-29,0.14,67.9
AGX00004635,AGT0087,POL0004516,Renewal,2025-11-30,0.05,62.17
AGX00004636,AGT0126,POL0002953,New Business,2024-07-18,0.14,139.11
AGX00004637,AGT0003,POL0004209,New Business,2026-06-17,0.18,15.48
AGX00004638,AGT0021,POL0001828,Renewal,2023-05-26,0.14,277.48
AGX00004639,AGT0014,POL0003157,Renewal,2022-09-22,0.17,219.75
AGX00004640,AGT0087,POL0001518,New Business,2025-07-29,0.05,45.3
AGX00004641,AGT0119,POL0000948,Renewal,2026-04-28,0.22,114.61
AGX00004642,AGT0038,POL0003094,Renewal,2024-03-25,0.24,217.54
AGX00004643,AGT0062,POL0001580,Renewal,2023-05-16,0.18,249.14
AGX00004644,AGT0045,POL0003829,Renewal,2024-12-17,0.1,46.05
AGX00004645,AGT0052,POL0002260,Renewal,2026-04-04,0.14,128.15
AGX00004646,AGT0110,POL0001276,New Business,2026-02-06,0.16,250.44
AGX00004647,AGT0143,POL0000689,Renewal,2022-10-13,0.16,303.64
AGX00004648,AGT0043,POL0001561,New Business,2023-09-16,0.1,16.1
AGX00004649,AGT0040,POL0004601,Renewal,2024-07-06,0.11,77.83
AGX00004650,AGT0073,POL0000819,Renewal,2023-12-04,0.21,68.2
AGX00004651,AGT0147,POL0000983,New Business,2026-09-06,0.09,159.32
AGX00004652,AGT0008,POL0003277,New Business,2025-05-30,0.18,332.84
AGX00004653,AGT0131,POL0000781,Renewal,2026-01-12,0.14,243.39
AGX00004654,AGT0018,POL0000828,New Business,2024-09-24,0.15,217.74
AGX00004655,AGT0093,POL0004404,New Business,2024-08-02,0.23,337.06
AGX00004656,AGT0026,POL0004441,New Business,2026-08-30,0.14,52.04
AGX00004657,AGT0087,POL0000640,New Business,2026-08-30,0.14,105.07
AGX00004658,AGT0016,POL0002713,New Business,2024-10-27,0.16,285.11
AGX00004659,AGT0019,POL0000778,Renewal,2026-06-23,0.23,420.7
AGX00004660,AGT0043,POL0001219,Renewal,2025-12-20,0.12,90.71
AGX00004661,AGT0124,POL0004454,Renewal,2026-07-12,0.14,271.53
AGX00004662,AGT0141,POL0001928,New Business,2021-06-05,0.24,353.47
AGX00004663,AGT0118,POL0003113,Renewal,2021-11-15,0.11,136.97
AGX00004664,AGT0146,POL0004161,New Business,2026-05-22,0.23,133.69
AGX00004665,AGT0061,POL0002284,Renewal,2021-08-01,0.11,159.92
AGX00004666,AGT0132,POL0002509,Renewal,2026-08-18,0.12,76.83
AGX00004667,AGT0060,POL0004185,Renewal,2026-08-24,0.12,209.74
AGX00004668,AGT0116,POL0001673,New Business,2025-10-28,0.09,126.36
AGX00004669,AGT0110,POL0001344,Renewal,2024-02-29,0.19,154.19
AGX00004670,AGT0033,POL0001180,Renewal,2026-07-06,0.22,307.8
AGX00004671,AGT0105,POL0001695,New Business,2025-12-11,0.13,139.46
AGX00004672,AGT0106,POL0000538,Renewal,2026-07-18,0.13,188.54
AGX00004673,AGT0088,POL0000147,Renewal,2021-12-06,0.14,183.39
AGX00004674,AGT0102,POL0003875,New Business,2024-09-23,0.21,82.76
AGX00004675,AGT0047,POL0002179,Renewal,2026-02-07,0.13,59.67
AGX00004676,AGT0120,POL0002182,New Business,2025-09-27,0.22,61.22
AGX00004677,AGT0055,POL0002268,New Business,2026-03-15,0.16,301.52
AGX00004678,AGT0031,POL0003275,New Business,2025-03-14,0.14,211.92
AGX00004679,AGT0131,POL0002082,New Business,2022-01-24,0.16,121.01
AGX00004680,AGT0093,POL0001917,Renewal,2026-04-21,0.11,50.81
AGX00004681,AGT0141,POL0003056,New Business,2024-07-01,0.18,332.71
AGX00004682,AGT0051,POL0000262,Renewal,2025-10-15,0.21,78.14
AGX00004683,AGT0074,POL0001774,Renewal,2026-05-02,0.11,99.68
AGX00004684,AGT0110,POL0004059,Renewal,2022-09-30,0.11,203.77
AGX00004685,AGT0112,POL0001771,Renewal,2026-06-14,0.2,71.45
AGX00004686,AGT0096,POL0001617,Renewal,2025-12-19,0.22,99.41
AGX00004687,AGT0035,POL0001773,Renewal,2024-04-28,0.06,85.08
AGX00004688,AGT0076,POL0004256,New Business,2023-09-21,0.12,116.65
AGX00004689,AGT0056,POL0002098,New Business,2026-03-16,0.18,294.1
AGX00004690,AGT0101,POL0000646,Renewal,2025-10-26,0.1,86.18
AGX00004691,AGT0120,POL0002096,New Business,2026-05-26,0.09,52.18
AGX00004692,AGT0031,POL0002113,Renewal,2021-09-04,0.09,126.77
AGX00004693,AGT0125,POL0003194,Renewal,2025-03-06,0.17,81.75
AGX00004694,AGT0089,POL0002317,New Business,2026-09-07,0.16,90.36
AGX00004695,AGT0002,POL0004685,Renewal,2021-07-18,0.15,231.9
AGX00004696,AGT0077,POL0001261,Renewal,2025-09-02,0.08,71.99
AGX00004697,AGT0067,POL0004835,Renewal,2025-07-20,0.06,51.38
AGX00004698,AGT0112,POL0002124,New Business,2024-02-23,0.19,38.86
AGX00004699,AGT0013,POL0000295,New Business,2026-08-26,0.13,199.47
AGX00004700,AGT0057,POL0001540,Renewal,2026-06-29,0.13,99.94
AGX00004701,AGT0022,POL0000857,New Business,2025-10-08,0.15,193.58
AGX00004702,AGT0045,POL0003400,New Business,2021-11-23,0.08,112.91
AGX00004703,AGT0056,POL0002549,Renewal,2024-11-01,0.2,216.41
AGX00004704,AGT0061,POL0002087,Renewal,2025-10-04,0.15,106.88
AGX00004705,AGT0038,POL0004295,Renewal,2024-05-22,0.17,107.06
AGX00004706,AGT0020,POL0004584,New Business,2022-08-12,0.18,242.13
AGX00004707,AGT0090,POL0004627,Renewal,2025-08-18,0.12,205.76
AGX00004708,AGT0072,POL0004399,Renewal,2022-07-18,0.09,7.82
AGX00004709,AGT0016,POL0002894,Renewal,2026-09-10,0.16,88.55
AGX00004710,AGT0117,POL0002090,Renewal,2026-07-21,0.07,51.36
AGX00004711,AGT0087,POL0003489,New Business,2025-02-12,0.08,159.79
AGX00004712,AGT0127,POL0002788,Renewal,2022-06-09,0.13,23.82
AGX00004713,AGT0131,POL0002297,Renewal,2026-01-28,0.09,155.96
AGX00004714,AGT0033,POL0000502,New Business,2026-01-27,0.09,169.29
AGX00004715,AGT0015,POL0003772,Renewal,2022-03-12,0.18,359.29
AGX00004716,AGT0007,POL0000541,New Business,2025-02-01,0.19,197.31
AGX00004717,AGT0142,POL0002136,Renewal,2025-10-30,0.25,96.25
AGX00004718,AGT0128,POL0000104,Renewal,2025-06-16,0.05,35.37
AGX00004719,AGT0021,POL0004703,New Business,2023-01-27,0.12,196.59
AGX00004720,AGT0125,POL0000481,New Business,2026-02-18,0.2,50.51
AGX00004721,AGT0142,POL0004631,Renewal,2021-05-12,0.2,98.29
AGX00004722,AGT0025,POL0004961,Renewal,2024-12-30,0.12,200.23
AGX00004723,AGT0027,POL0004652,New Business,2026-08-03,0.22,296.67
AGX00004724,AGT0059,POL0004712,New Business,2024-10-05,0.08,5.68
AGX00004725,AGT0070,POL0004199,New Business,2026-07-26,0.08,75.79
AGX00004726,AGT0079,POL0003182,Renewal,2026-07-18,0.24,372.57
AGX00004727,AGT0014,POL0004003,New Business,2023-09-21,0.24,182.15
AGX00004728,AGT0094,POL0001430,Renewal,2026-07-19,0.08,19.73
AGX00004729,AGT0093,POL0001917,New Business,2026-08-27,0.17,78.52
AGX00004730,AGT0079,POL0000060,Renewal,2022-03-08,0.09,24.48
AGX00004731,AGT0087,POL0004394,New Business,2026-03-13,0.14,159.64
AGX00004732,AGT0144,POL0001850,New Business,2026-06-24,0.22,99.75
AGX00004733,AGT0124,POL0004034,Renewal,2026-05-02,0.21,378.4
AGX00004734,AGT0146,POL0001220,New Business,2024-04-06,0.15,115.26
AGX00004735,AGT0083,POL0004864,Renewal,2025-12-20,0.16,103.48
AGX00004736,AGT0017,POL0000826,Renewal,2026-08-22,0.11,98.8
AGX00004737,AGT0128,POL0001863,Renewal,2026-01-14,0.13,198.61
AGX00004738,AGT0016,POL0000588,Renewal,2026-05-07,0.07,107.31
AGX00004739,AGT0015,POL0001233,New Business,2025-04-21,0.23,303.48
AGX00004740,AGT0140,POL0003924,New Business,2026-03-04,0.13,223.7
AGX00004741,AGT0035,POL0001668,Renewal,2026-02-24,0.21,176.75
AGX00004742,AGT0106,POL0001775,Renewal,2025-05-18,0.11,39.13
AGX00004743,AGT0082,POL0000396,Renewal,2026-01-26,0.22,437.26
AGX00004744,AGT0078,POL0002095,Renewal,2025-12-22,0.13,208.41
AGX00004745,AGT0057,POL0000383,New Business,2026-06-26,0.1,22.31
AGX00004746,AGT0133,POL0004401,Renewal,2024-05-14,0.05,3.83
AGX00004747,AGT0106,POL0000476,New Business,2026-04-24,0.11,106.48
AGX00004748,AGT0020,POL0001536,Renewal,2026-07-14,0.11,56.47
AGX00004749,AGT0090,POL0001890,Renewal,2021-08-16,0.17,115.8
AGX00004750,AGT0073,POL0001641,Renewal,2025-01-05,0.23,373.47
AGX00004751,AGT0039,POL0000356,New Business,2024-05-17,0.11,175.61
AGX00004752,AGT0117,POL0004339,Renewal,2026-09-05,0.1,192.47
AGX00004753,AGT0127,POL0002055,Renewal,2026-01-11,0.17,264.35
AGX00004754,AGT0120,POL0002182,Renewal,2025-07-14,0.19,52.87
AGX00004755,AGT0103,POL0002845,Renewal,2024-12-12,0.24,313.37
AGX00004756,AGT0047,POL0001339,Renewal,2026-02-02,0.12,141.84
AGX00004757,AGT0149,POL0004246,New Business,2023-06-16,0.14,83.39
AGX00004758,AGT0143,POL0002102,Renewal,2026-06-24,0.07,56.61
AGX00004759,AGT0008,POL0000215,Renewal,2022-12-08,0.21,38.85
AGX00004760,AGT0150,POL0004811,Renewal,2024-05-18,0.24,427.95
AGX00004761,AGT0097,POL0002456,Renewal,2026-07-20,0.23,285.51
AGX00004762,AGT0091,POL0000574,New Business,2022-12-12,0.22,62.12
AGX00004763,AGT0048,POL0003198,Renewal,2026-06-05,0.22,129.54
AGX00004764,AGT0076,POL0004304,New Business,2026-07-04,0.08,66.66
AGX00004765,AGT0027,POL0004787,Renewal,2025-05-13,0.21,176.99
AGX00004766,AGT0075,POL0000452,Renewal,2026-05-13,0.06,13.18
AGX00004767,AGT0029,POL0000313,Renewal,2026-03-18,0.08,117.49
AGX00004768,AGT0116,POL0003718,Renewal,2024-12-22,0.13,41.05
AGX00004769,AGT0095,POL0004145,Renewal,2025-05-15,0.17,324.63
AGX00004770,AGT0111,POL0002422,New Business,2025-11-18,0.16,166.22
AGX00004771,AGT0130,POL0004301,Renewal,2026-07-20,0.14,217.32
AGX00004772,AGT0110,POL0004963,Renewal,2023-05-21,0.15,93.0
AGX00004773,AGT0099,POL0001748,New Business,2026-05-24,0.2,373.89
AGX00004774,AGT0059,POL0000518,New Business,2024-07-28,0.25,28.68
AGX00004775,AGT0026,POL0004427,Renewal,2021-11-22,0.19,92.02
AGX00004776,AGT0097,POL0003092,New Business,2022-08-29,0.14,72.47
AGX00004777,AGT0134,POL0003492,Renewal,2024-07-05,0.25,406.85
AGX00004778,AGT0098,POL0003993,New Business,2026-04-02,0.25,419.78
AGX00004779,AGT0112,POL0002425,New Business,2026-01-20,0.15,278.8
AGX00004780,AGT0130,POL0003589,Renewal,2024-11-18,0.07,93.02
AGX00004781,AGT0146,POL0000863,New Business,2024-05-29,0.1,192.34
AGX00004782,AGT0079,POL0001754,New Business,2024-10-08,0.21,234.67
AGX00004783,AGT0086,POL0003758,New Business,2026-06-18,0.05,38.02
AGX00004784,AGT0075,POL0003454,New Business,2024-08-12,0.1,22.83
AGX00004785,AGT0142,POL0000874,New Business,2024-11-30,0.08,54.69
AGX00004786,AGT0038,POL0001877,Renewal,2026-07-19,0.1,43.73
AGX00004787,AGT0065,POL0003432,Renewal,2022-11-16,0.12,88.96
AGX00004788,AGT0074,POL0003966,Renewal,2022-10-20,0.2,236.76
AGX00004789,AGT0083,POL0002314,Renewal,2025-01-29,0.2,109.43
AGX00004790,AGT0101,POL0001527,Renewal,2026-04-01,0.06,71.51
AGX00004791,AGT0103,POL0003876,New Business,2026-07-18,0.15,20.78
AGX00004792,AGT0078,POL0003407,Renewal,2026-07-13,0.2,316.55
AGX00004793,AGT0061,POL0000299,Renewal,2026-07-12,0.11,72.1
AGX00004794,AGT0043,POL0000877,Renewal,2025-08-25,0.19,52.47
AGX00004795,AGT0118,POL0003113,Renewal,2021-08-05,0.18,224.13
AGX00004796,AGT0005,POL0000936,New Business,2022-05-29,0.07,59.34
AGX00004797,AGT0034,POL0000303,Renewal,2026-06-05,0.14,57.28
AGX00004798,AGT0118,POL0004812,New Business,2023-04-17,0.19,97.16
AGX00004799,AGT0096,POL0002878,New Business,2026-05-27,0.08,109.75
AGX00004800,AGT0143,POL0000689,Renewal,2024-05-15,0.05,94.89
AGX00004801,AGT0026,POL0003350,New Business,2024-12-27,0.24,129.54
AGX00004802,AGT0036,POL0001412,Renewal,2023-05-12,0.07,71.77
AGX00004803,AGT0007,POL0003921,New Business,2025-12-21,0.06,110.9
AGX00004804,AGT0092,POL0000272,New Business,2022-12-20,0.06,80.87
AGX00004805,AGT0037,POL0002947,Renewal,2025-03-05,0.17,282.93
AGX00004806,AGT0082,POL0001387,New Business,2026-06-30,0.07,35.73
AGX00004807,AGT0078,POL0000483,Renewal,2023-06-02,0.2,316.44
AGX00004808,AGT0083,POL0002062,New Business,2026-07-12,0.12,63.06
AGX00004809,AGT0036,POL0001443,Renewal,2024-04-04,0.11,62.61
AGX00004810,AGT0084,POL0003143,New Business,2024-12-05,0.17,135.99
AGX00004811,AGT0001,POL0001914,New Business,2025-05-23,0.11,173.81
AGX00004812,AGT0108,POL0004895,Renewal,2025-10-06,0.16,71.48
AGX00004813,AGT0056,POL0003487,New Business,2021-08-21,0.1,105.95
AGX00004814,AGT0102,POL0001197,Renewal,2024-05-27,0.19,93.68
AGX00004815,AGT0056,POL0003528,Renewal,2024-12-07,0.19,232.88
AGX00004816,AGT0017,POL0001304,Renewal,2026-07-11,0.1,87.59
AGX00004817,AGT0054,POL0000001,Renewal,2025-07-24,0.18,198.82
AGX00004818,AGT0115,POL0001797,Renewal,2023-01-23,0.05,91.48
AGX00004819,AGT0097,POL0000582,New Business,2025-07-10,0.1,179.86
AGX00004820,AGT0005,POL0001294,New Business,2021-12-03,0.09,45.72
AGX00004821,AGT0014,POL0002440,New Business,2022-04-08,0.23,164.29
AGX00004822,AGT0146,POL0002196,New Business,2025-05-19,0.14,228.93
AGX00004823,AGT0006,POL0003204,Renewal,2024-05-24,0.25,367.44
AGX00004824,AGT0066,POL0001055,Renewal,2022-12-09,0.06,45.86
AGX00004825,AGT0093,POL0004865,Renewal,2026-08-09,0.09,75.84
AGX00004826,AGT0100,POL0002465,Renewal,2026-04-02,0.08,17.2
AGX00004827,AGT0084,POL0002068,New Business,2025-03-01,0.16,311.81
AGX00004828,AGT0092,POL0003946,Renewal,2024-02-14,0.14,116.19
AGX00004829,AGT0137,POL0002492,Renewal,2024-11-13,0.15,231.44
AGX00004830,AGT0122,POL0004026,New Business,2024-06-26,0.25,254.59
AGX00004831,AGT0053,POL0003686,New Business,2025-05-27,0.13,28.27
AGX00004832,AGT0124,POL0002247,New Business,2022-09-10,0.05,64.54
AGX00004833,AGT0022,POL0000285,Renewal,2023-07-16,0.2,107.01
AGX00004834,AGT0003,POL0001947,Renewal,2024-09-03,0.2,346.6
AGX00004835,AGT0113,POL0003671,Renewal,2025-09-05,0.17,9.5
AGX00004836,AGT0082,POL0003138,Renewal,2025-06-28,0.06,111.46
AGX00004837,AGT0084,POL0000606,New Business,2025-07-21,0.07,100.24
AGX00004838,AGT0119,POL0000520,Renewal,2023-07-14,0.13,107.17
AGX00004839,AGT0043,POL0000547,New Business,2026-06-26,0.12,49.86
AGX00004840,AGT0032,POL0003720,Renewal,2024-11-30,0.23,307.23
AGX00004841,AGT0100,POL0000515,Renewal,2026-03-02,0.06,8.77
AGX00004842,AGT0042,POL0002223,Renewal,2024-06-05,0.13,51.79
AGX00004843,AGT0039,POL0002189,New Business,2025-12-23,0.16,69.99
AGX00004844,AGT0081,POL0004945,New Business,2026-08-18,0.22,81.11
AGX00004845,AGT0060,POL0000150,Renewal,2025-11-22,0.17,249.49
AGX00004846,AGT0102,POL0003284,Renewal,2025-05-22,0.22,397.24
AGX00004847,AGT0147,POL0000471,Renewal,2025-12-23,0.15,148.86
AGX00004848,AGT0008,POL0000966,Renewal,2026-05-22,0.23,369.34
AGX00004849,AGT0087,POL0000640,Renewal,2026-08-14,0.13,97.56
AGX00004850,AGT0131,POL0003318,Renewal,2026-07-19,0.24,270.69
AGX00004851,AGT0043,POL0002324,New Business,2023-10-14,0.22,223.34
AGX00004852,AGT0111,POL0001946,Renewal,2024-11-29,0.06,13.1
AGX00004853,AGT0033,POL0002557,New Business,2023-03-25,0.23,451.74
AGX00004854,AGT0145,POL0000239,New Business,2026-01-14,0.07,43.28
AGX00004855,AGT0087,POL0002384,Renewal,2026-04-10,0.11,152.7
AGX00004856,AGT0003,POL0002195,Renewal,2024-11-21,0.22,429.59
AGX00004857,AGT0004,POL0002666,New Business,2026-03-05,0.06,6.07
AGX00004858,AGT0059,POL0001346,New Business,2026-04-08,0.14,227.1
AGX00004859,AGT0020,POL0001497,Renewal,2022-01-04,0.21,163.92
AGX00004860,AGT0055,POL0003455,Renewal,2026-03-10,0.16,69.62
AGX00004861,AGT0014,POL0001855,Renewal,2025-10-09,0.1,81.06
AGX00004862,AGT0147,POL0000753,New Business,2025-11-28,0.05,74.73
AGX00004863,AGT0091,POL0000909,Renewal,2025-07-18,0.15,89.64
AGX00004864,AGT0096,POL0003849,Renewal,2022-10-03,0.24,460.05
AGX00004865,AGT0022,POL0004783,New Business,2021-09-17,0.2,63.63
AGX00004866,AGT0098,POL0003846,Renewal,2024-06-22,0.1,63.89
AGX00004867,AGT0008,POL0004000,Renewal,2026-08-11,0.13,113.99
AGX00004868,AGT0121,POL0001671,New Business,2026-08-15,0.09,108.86
AGX00004869,AGT0062,POL0002482,Renewal,2024-05-28,0.16,292.83
AGX00004870,AGT0009,POL0001654,New Business,2021-09-26,0.17,312.27
AGX00004871,AGT0024,POL0002003,Renewal,2026-07-11,0.05,21.23
AGX00004872,AGT0079,POL0002881,Renewal,2025-03-04,0.11,149.61
AGX00004873,AGT0143,POL0000552,New Business,2021-09-12,0.2,316.33
AGX00004874,AGT0147,POL0002117,Renewal,2026-07-09,0.19,248.96
AGX00004875,AGT0132,POL0000431,New Business,2026-06-24,0.25,451.72
AGX00004876,AGT0107,POL0003043,Renewal,2023-07-11,0.17,260.72
AGX00004877,AGT0061,POL0000580,Renewal,2024-02-13,0.16,63.48
AGX00004878,AGT0029,POL0000313,New Business,2025-10-05,0.06,88.12
AGX00004879,AGT0027,POL0000188,Renewal,2025-08-18,0.11,152.88
AGX00004880,AGT0024,POL0001694,Renewal,2023-12-18,0.25,416.31
AGX00004881,AGT0049,POL0000739,New Business,2026-08-09,0.18,219.45
AGX00004882,AGT0009,POL0002931,Renewal,2021-07-26,0.14,175.7
AGX00004883,AGT0016,POL0000588,New Business,2024-04-25,0.06,91.98
AGX00004884,AGT0092,POL0004540,Renewal,2025-12-07,0.18,17.74
AGX00004885,AGT0029,POL0001222,New Business,2026-03-17,0.15,62.82
AGX00004886,AGT0034,POL0003172,Renewal,2024-02-24,0.2,45.14
AGX00004887,AGT0128,POL0001655,Renewal,2025-02-19,0.06,48.92
AGX00004888,AGT0010,POL0001740,Renewal,2026-08-25,0.2,272.07
AGX00004889,AGT0027,POL0004392,Renewal,2024-04-22,0.13,139.58
AGX00004890,AGT0086,POL0000333,Renewal,2024-10-28,0.16,119.46
AGX00004891,AGT0001,POL0004191,Renewal,2023-12-21,0.06,8.4
AGX00004892,AGT0077,POL0004308,New Business,2026-04-29,0.24,24.32
AGX00004893,AGT0018,POL0000716,Renewal,2026-03-19,0.23,255.83
AGX00004894,AGT0120,POL0003802,New Business,2021-11-23,0.14,117.9
AGX00004895,AGT0054,POL0002712,New Business,2025-12-31,0.2,77.47
AGX00004896,AGT0106,POL0003441,Renewal,2026-05-19,0.15,28.61
AGX00004897,AGT0024,POL0000404,Renewal,2025-12-03,0.14,243.86
AGX00004898,AGT0017,POL0000067,New Business,2026-08-04,0.22,170.13
AGX00004899,AGT0148,POL0001103,Renewal,2024-11-17,0.2,67.19
AGX00004900,AGT0095,POL0000158,New Business,2023-01-15,0.17,279.91
AGX00004901,AGT0080,POL0002745,Renewal,2025-01-12,0.18,50.3
AGX00004902,AGT0129,POL0001745,Renewal,2025-08-13,0.19,21.24
AGX00004903,AGT0112,POL0002425,Renewal,2026-03-16,0.1,185.86
AGX00004904,AGT0123,POL0000156,Renewal,2021-10-15,0.18,146.17
AGX00004905,AGT0117,POL0001371,New Business,2024-12-07,0.1,179.28
AGX00004906,AGT0078,POL0001902,New Business,2025-10-18,0.22,176.51
AGX00004907,AGT0121,POL0000787,New Business,2026-05-29,0.17,158.68
AGX00004908,AGT0008,POL0002523,Renewal,2026-02-18,0.22,260.01
AGX00004909,AGT0093,POL0003312,Renewal,2026-08-07,0.11,200.13
AGX00004910,AGT0022,POL0002448,New Business,2025-12-26,0.1,149.56
AGX00004911,AGT0023,POL0000077,New Business,2022-11-14,0.15,122.64
AGX00004912,AGT0100,POL0001394,New Business,2026-07-23,0.17,55.53
AGX00004913,AGT0071,POL0004890,New Business,2025-08-31,0.14,247.16
AGX00004914,AGT0111,POL0003867,Renewal,2026-07-12,0.22,82.53
AGX00004915,AGT0108,POL0002289,New Business,2023-12-04,0.24,157.37
AGX00004916,AGT0078,POL0000977,Renewal,2021-09-12,0.23,271.75
AGX00004917,AGT0074,POL0003560,Renewal,2022-06-14,0.2,182.11
AGX00004918,AGT0087,POL0002012,New Business,2024-07-29,0.16,25.1
AGX00004919,AGT0005,POL0004774,Renewal,2026-05-23,0.08,125.95
AGX00004920,AGT0008,POL0000573,New Business,2026-08-29,0.06,117.8
AGX00004921,AGT0112,POL0002124,Renewal,2024-09-21,0.23,47.05
AGX00004922,AGT0047,POL0004173,Renewal,2025-11-29,0.2,158.1
AGX00004923,AGT0028,POL0002854,New Business,2021-11-14,0.13,251.98
AGX00004924,AGT0094,POL0000480,New Business,2024-12-02,0.1,99.33
AGX00004925,AGT0085,POL0004187,Renewal,2024-08-07,0.06,61.39
AGX00004926,AGT0037,POL0003588,New Business,2025-06-03,0.18,299.35
AGX00004927,AGT0095,POL0001906,Renewal,2026-07-13,0.23,207.66
AGX00004928,AGT0060,POL0000830,New Business,2025-09-14,0.06,74.75
AGX00004929,AGT0040,POL0002551,Renewal,2023-02-03,0.08,126.85
AGX00004930,AGT0002,POL0001001,Renewal,2023-09-09,0.14,125.24
AGX00004931,AGT0034,POL0002340,Renewal,2024-07-07,0.14,217.65
AGX00004932,AGT0121,POL0004937,New Business,2026-05-16,0.05,32.35
AGX00004933,AGT0059,POL0003895,Renewal,2023-04-24,0.24,300.77
AGX00004934,AGT0020,POL0004584,New Business,2024-01-08,0.23,309.39
AGX00004935,AGT0149,POL0003786,Renewal,2026-07-08,0.16,283.43
AGX00004936,AGT0032,POL0001009,New Business,2025-11-17,0.22,367.7
AGX00004937,AGT0105,POL0002305,New Business,2023-07-17,0.12,160.59
AGX00004938,AGT0020,POL0002435,New Business,2022-07-31,0.22,263.11
AGX00004939,AGT0018,POL0003855,Renewal,2025-06-01,0.05,20.91
AGX00004940,AGT0070,POL0000838,Renewal,2026-07-10,0.05,59.44
AGX00004941,AGT0084,POL0001994,Renewal,2025-11-22,0.17,338.09
AGX00004942,AGT0149,POL0002955,Renewal,2024-09-27,0.06,93.93
AGX00004943,AGT0087,POL0001965,Renewal,2026-09-01,0.12,155.55
AGX00004944,AGT0141,POL0000003,Renewal,2026-02-05,0.13,109.16
AGX00004945,AGT0066,POL0001531,Renewal,2025-03-22,0.12,27.5
AGX00004946,AGT0055,POL0003442,Renewal,2025-04-18,0.23,320.66
AGX00004947,AGT0027,POL0002134,Renewal,2025-12-19,0.12,193.65
AGX00004948,AGT0058,POL0002351,New Business,2026-08-21,0.22,377.23
AGX00004949,AGT0022,POL0004364,Renewal,2022-03-19,0.23,309.93
AGX00004950,AGT0082,POL0000920,Renewal,2025-08-15,0.21,247.99
AGX00004951,AGT0074,POL0002767,Renewal,2025-01-22,0.25,100.11
AGX00004952,AGT0150,POL0002855,Renewal,2025-04-14,0.18,333.76
AGX00004953,AGT0023,POL0004855,Renewal,2025-10-22,0.19,317.3
AGX00004954,AGT0079,POL0001521,New Business,2026-01-23,0.19,11.05
AGX00004955,AGT0015,POL0004257,Renewal,2025-10-14,0.08,156.38
AGX00004956,AGT0020,POL0002415,New Business,2026-09-04,0.06,32.18
AGX00004957,AGT0050,POL0002301,Renewal,2026-06-10,0.12,196.56
AGX00004958,AGT0140,POL0000726,Renewal,2026-07-23,0.07,82.71
AGX00004959,AGT0009,POL0003551,Renewal,2026-05-22,0.2,280.32
AGX00004960,AGT0090,POL0003550,Renewal,2025-07-10,0.05,11.54
AGX00004961,AGT0122,POL0001943,Renewal,2026-07-23,0.25,371.27
AGX00004962,AGT0016,POL0002839,New Business,2023-07-15,0.2,359.0
AGX00004963,AGT0029,POL0004854,Renewal,2025-11-18,0.21,103.99
AGX00004964,AGT0033,POL0000205,Renewal,2026-07-27,0.23,65.71
AGX00004965,AGT0121,POL0004666,Renewal,2026-03-26,0.17,204.37
AGX00004966,AGT0091,POL0003595,New Business,2025-03-03,0.18,85.61
AGX00004967,AGT0102,POL0000177,Renewal,2026-09-08,0.22,308.48
AGX00004968,AGT0117,POL0000428,Renewal,2022-11-30,0.13,131.29
AGX00004969,AGT0115,POL0001024,Renewal,2022-11-17,0.18,348.1
AGX00004970,AGT0017,POL0002404,Renewal,2026-03-31,0.13,124.1
AGX00004971,AGT0114,POL0004553,New Business,2026-01-06,0.08,45.69
AGX00004972,AGT0095,POL0004388,New Business,2026-08-19,0.23,283.44
AGX00004973,AGT0027,POL0002128,Renewal,2024-11-16,0.11,62.1
AGX00004974,AGT0105,POL0000419,Renewal,2026-03-29,0.1,22.15
AGX00004975,AGT0065,POL0001938,New Business,2023-12-11,0.06,112.72
AGX00004976,AGT0050,POL0000159,Renewal,2022-05-06,0.12,72.94
AGX00004977,AGT0076,POL0003779,Renewal,2025-10-05,0.08,40.26
AGX00004978,AGT0060,POL0002867,New Business,2026-05-23,0.12,128.78
AGX00004979,AGT0036,POL0004804,New Business,2024-03-26,0.16,177.86
AGX00004980,AGT0143,POL0004320,Renewal,2026-02-08,0.15,242.43
AGX00004981,AGT0033,POL0004507,Renewal,2026-09-04,0.16,282.54
AGX00004982,AGT0059,POL0004712,New Business,2026-09-05,0.1,7.1
AGX00004983,AGT0115,POL0002220,New Business,2025-12-26,0.12,215.87
AGX00004984,AGT0044,POL0001415,Renewal,2023-06-05,0.19,143.55
AGX00004985,AGT0062,POL0002254,New Business,2024-04-16,0.19,325.65
AGX00004986,AGT0059,POL0000280,Renewal,2024-01-16,0.14,266.97
AGX00004987,AGT0082,POL0002468,Renewal,2025-12-11,0.15,167.42
AGX00004988,AGT0049,POL0004462,Renewal,2024-08-15,0.09,134.8
AGX00004989,AGT0042,POL0004616,New Business,2023-03-11,0.15,63.91
AGX00004990,AGT0106,POL0000613,New Business,2024-02-16,0.09,151.9
AGX00004991,AGT0055,POL0002346,Renewal,2021-10-28,0.23,183.42
AGX00004992,AGT0034,POL0002234,Renewal,2023-01-02,0.13,237.52
AGX00004993,AGT0071,POL0000900,Renewal,2026-05-26,0.19,124.8
AGX00004994,AGT0042,POL0002992,Renewal,2025-11-29,0.18,85.54
AGX00004995,AGT0149,POL0000825,New Business,2023-10-14,0.08,4.67
AGX00004996,AGT0066,POL0001515,Renewal,2026-06-15,0.11,140.8
AGX00004997,AGT0068,POL0004189,Renewal,2025-08-27,0.16,222.65
AGX00004998,AGT0134,POL0000097,Renewal,2026-06-12,0.22,298.0
AGX00004999,AGT0008,POL0003277,Renewal,2025-04-03,0.09,166.42
AGX00005000,AGT0109,POL0000855,New Business,2024-09-30,0.08,87.41
AGX00005001,AGT0026,POL0004427,Renewal,2021-07-30,0.1,48.43
AGX00005002,AGT0008,POL0004000,New Business,2026-03-23,0.22,192.91
AGX00005003,AGT0062,POL0002371,New Business,2023-10-31,0.14,161.81
AGX00005004,AGT0133,POL0002922,Renewal,2026-08-04,0.13,120.63
AGX00005005,AGT0112,POL0003399,Renewal,2025-03-23,0.18,224.84
AGX00005006,AGT0028,POL0004747,Renewal,2024-01-29,0.16,184.35
AGX00005007,AGT0077,POL0001261,Renewal,2024-07-23,0.15,134.98
AGX00005008,AGT0035,POL0000399,Renewal,2026-08-29,0.11,195.43
AGX00005009,AGT0041,POL0004548,Renewal,2025-04-01,0.12,69.47
AGX00005010,AGT0042,POL0000832,Renewal,2024-10-20,0.19,34.47
AGX00005011,AGT0077,POL0004541,Renewal,2023-01-29,0.13,249.85
AGX00005012,AGT0089,POL0002990,New Business,2026-05-22,0.13,220.81
AGX00005013,AGT0103,POL0004080,New Business,2025-05-10,0.2,270.33
AGX00005014,AGT0120,POL0004510,New Business,2022-05-12,0.22,128.21
AGX00005015,AGT0096,POL0000576,Renewal,2026-01-05,0.24,87.59
AGX00005016,AGT0100,POL0002663,Renewal,2026-03-13,0.12,137.94
AGX00005017,AGT0030,POL0004900,Renewal,2024-11-05,0.22,200.43
AGX00005018,AGT0034,POL0004266,Renewal,2026-06-22,0.16,103.93
AGX00005019,AGT0085,POL0004187,Renewal,2023-11-30,0.06,61.39
AGX00005020,AGT0147,POL0001336,Renewal,2026-02-02,0.14,269.99
AGX00005021,AGT0026,POL0000508,New Business,2026-08-15,0.17,80.23
AGX00005022,AGT0037,POL0003002,New Business,2024-09-08,0.2,166.54
AGX00005023,AGT0045,POL0004349,Renewal,2022-09-10,0.13,188.36
AGX00005024,AGT0063,POL0004816,New Business,2023-10-09,0.06,17.07
AGX00005025,AGT0146,POL0001909,New Business,2025-07-06,0.07,121.58
AGX00005026,AGT0012,POL0004089,Renewal,2024-08-29,0.14,207.06
AGX00005027,AGT0112,POL0000940,Renewal,2022-03-05,0.24,307.55
AGX00005028,AGT0146,POL0004302,Renewal,2025-06-23,0.25,419.33
AGX00005029,AGT0038,POL0004646,Renewal,2026-01-06,0.18,88.02
AGX00005030,AGT0134,POL0004170,Renewal,2025-05-17,0.06,37.42
AGX00005031,AGT0118,POL0001232,Renewal,2025-04-23,0.21,66.78
AGX00005032,AGT0033,POL0002884,Renewal,2024-12-24,0.11,72.89
AGX00005033,AGT0118,POL0003904,New Business,2024-09-03,0.14,219.45
AGX00005034,AGT0114,POL0000276,Renewal,2026-08-24,0.17,178.79
AGX00005035,AGT0007,POL0001153,Renewal,2026-03-30,0.06,64.25
AGX00005036,AGT0059,POL0001007,New Business,2021-11-23,0.07,127.05
AGX00005037,AGT0149,POL0000750,Renewal,2026-08-14,0.22,129.88
AGX00005038,AGT0133,POL0003873,New Business,2024-02-27,0.15,85.87
AGX00005039,AGT0123,POL0000873,New Business,2025-08-14,0.23,266.33
AGX00005040,AGT0057,POL0001391,New Business,2025-01-07,0.14,252.68
AGX00005041,AGT0031,POL0003427,Renewal,2026-05-09,0.11,213.57
AGX00005042,AGT0060,POL0003690,Renewal,2024-08-03,0.1,17.54
AGX00005043,AGT0120,POL0000216,Renewal,2026-06-22,0.05,58.25
AGX00005044,AGT0147,POL0000753,Renewal,2024-12-18,0.24,358.68
AGX00005045,AGT0072,POL0004902,Renewal,2022-01-01,0.15,55.69
AGX00005046,AGT0108,POL0004713,Renewal,2026-09-05,0.09,29.01
AGX00005047,AGT0060,POL0002411,Renewal,2025-03-19,0.22,407.36
AGX00005048,AGT0081,POL0004945,Renewal,2026-07-13,0.06,22.12
AGX00005049,AGT0031,POL0004372,New Business,2023-07-27,0.12,45.32
AGX00005050,AGT0016,POL0004989,Renewal,2025-11-04,0.2,368.46
AGX00005051,AGT0090,POL0003647,Renewal,2026-08-07,0.15,233.84
AGX00005052,AGT0131,POL0003891,New Business,2026-05-07,0.18,313.14
AGX00005053,AGT0123,POL0000788,Renewal,2024-11-05,0.22,200.41
AGX00005054,AGT0027,POL0000192,Renewal,2022-04-26,0.19,342.01
AGX00005055,AGT0136,POL0002491,Renewal,2026-09-06,0.09,75.81
AGX00005056,AGT0030,POL0002659,New Business,2026-06-21,0.22,30.5
AGX00005057,AGT0068,POL0003689,New Business,2026-02-24,0.22,19.18
AGX00005058,AGT0055,POL0004082,Renewal,2023-12-03,0.08,60.01
AGX00005059,AGT0125,POL0002200,Renewal,2026-08-20,0.08,8.52
AGX00005060,AGT0111,POL0003705,Renewal,2023-11-24,0.13,58.79
AGX00005061,AGT0080,POL0004358,Renewal,2026-05-13,0.14,195.5
AGX00005062,AGT0013,POL0002035,Renewal,2025-04-07,0.14,131.31
AGX00005063,AGT0068,POL0002409,Renewal,2026-01-31,0.08,29.59
AGX00005064,AGT0120,POL0001369,Renewal,2025-08-15,0.22,215.34
AGX00005065,AGT0127,POL0002013,Renewal,2026-08-14,0.05,33.56
AGX00005066,AGT0078,POL0001902,Renewal,2026-07-06,0.19,152.44
AGX00005067,AGT0148,POL0004794,Renewal,2024-10-29,0.08,19.12
AGX00005068,AGT0016,POL0001705,New Business,2026-01-09,0.08,9.68
AGX00005069,AGT0037,POL0002671,Renewal,2022-10-23,0.11,122.96
AGX00005070,AGT0062,POL0003628,Renewal,2025-08-07,0.2,261.21
AGX00005071,AGT0130,POL0001112,Renewal,2023-10-15,0.24,245.17
AGX00005072,AGT0086,POL0004453,New Business,2022-08-10,0.25,111.01
AGX00005073,AGT0118,POL0003113,Renewal,2021-12-31,0.22,273.94
AGX00005074,AGT0033,POL0003132,New Business,2024-09-10,0.14,126.3
AGX00005075,AGT0099,POL0004888,Renewal,2025-02-18,0.06,10.67
AGX00005076,AGT0093,POL0004404,New Business,2025-06-20,0.17,249.13
AGX00005077,AGT0017,POL0000715,Renewal,2025-12-10,0.08,32.69
AGX00005078,AGT0050,POL0001297,New Business,2024-03-04,0.18,31.0
AGX00005079,AGT0109,POL0000035,Renewal,2021-11-22,0.14,252.6
AGX00005080,AGT0145,POL0003964,New Business,2026-02-24,0.1,12.62
AGX00005081,AGT0058,POL0004903,Renewal,2026-02-10,0.19,247.04
AGX00005082,AGT0141,POL0004715,Renewal,2022-10-13,0.08,20.2
AGX00005083,AGT0100,POL0000242,Renewal,2022-11-26,0.16,46.94
AGX00005084,AGT0063,POL0003302,New Business,2026-05-05,0.14,72.33
AGX00005085,AGT0067,POL0000093,Renewal,2024-09-04,0.08,44.22
AGX00005086,AGT0010,POL0000225,New Business,2024-03-30,0.19,42.63
AGX00005087,AGT0126,POL0002644,Renewal,2022-07-11,0.12,238.32
AGX00005088,AGT0058,POL0000610,Renewal,2024-06-01,0.08,144.93
AGX00005089,AGT0138,POL0004141,Renewal,2024-07-05,0.16,47.13
AGX00005090,AGT0022,POL0002548,Renewal,2026-06-26,0.1,151.32
AGX00005091,AGT0020,POL0000885,Renewal,2024-01-06,0.08,61.39
AGX00005092,AGT0097,POL0000582,Renewal,2025-12-21,0.18,323.75
AGX00005093,AGT0059,POL0000518,New Business,2026-03-10,0.05,5.74
AGX00005094,AGT0024,POL0002003,New Business,2026-07-07,0.06,25.47
AGX00005095,AGT0150,POL0003118,Renewal,2025-05-26,0.24,479.8
AGX00005096,AGT0086,POL0002222,Renewal,2024-09-24,0.13,235.4
AGX00005097,AGT0057,POL0002369,Renewal,2025-07-18,0.08,130.38
AGX00005098,AGT0006,POL0003767,New Business,2021-05-19,0.15,296.01
AGX00005099,AGT0039,POL0000004,New Business,2025-12-20,0.16,307.36
AGX00005100,AGT0149,POL0002936,Renewal,2025-08-09,0.15,215.59
AGX00005101,AGT0073,POL0004508,Renewal,2025-10-26,0.18,151.31
AGX00005102,AGT0018,POL0000994,Renewal,2026-01-16,0.16,313.46
AGX00005103,AGT0040,POL0003479,New Business,2024-12-01,0.24,336.9
AGX00005104,AGT0043,POL0000805,Renewal,2025-10-03,0.19,65.57
AGX00005105,AGT0053,POL0004282,Renewal,2026-05-16,0.23,445.22
AGX00005106,AGT0067,POL0000812,Renewal,2025-02-08,0.16,184.26
AGX00005107,AGT0038,POL0002265,Renewal,2026-07-16,0.23,80.39
AGX00005108,AGT0065,POL0004914,New Business,2026-02-07,0.17,297.41
AGX00005109,AGT0099,POL0001748,New Business,2026-01-13,0.11,205.64
AGX00005110,AGT0101,POL0000312,New Business,2025-07-10,0.12,230.97
AGX00005111,AGT0029,POL0003945,New Business,2026-04-27,0.24,109.64
AGX00005112,AGT0149,POL0002282,New Business,2026-06-17,0.13,39.6
AGX00005113,AGT0070,POL0004199,New Business,2026-07-14,0.13,123.16
AGX00005114,AGT0054,POL0001956,Renewal,2024-11-27,0.16,210.53
AGX00005115,AGT0056,POL0000771,New Business,2026-09-02,0.09,110.8
AGX00005116,AGT0047,POL0001685,New Business,2025-09-16,0.07,131.2
AGX00005117,AGT0098,POL0002882,Renewal,2025-08-27,0.18,308.77
AGX00005118,AGT0098,POL0003342,New Business,2026-06-13,0.23,248.98
AGX00005119,AGT0104,POL0003695,Renewal,2024-12-16,0.16,55.87
AGX00005120,AGT0052,POL0001146,New Business,2022-11-03,0.15,246.48
AGX00005121,AGT0112,POL0004294,Renewal,2025-06-14,0.1,21.26
AGX00005122,AGT0144,POL0002798,New Business,2023-05-05,0.19,254.61
AGX00005123,AGT0040,POL0004724,Renewal,2023-01-08,0.17,309.25
AGX00005124,AGT0084,POL0003348,New Business,2026-07-01,0.15,263.83
AGX00005125,AGT0059,POL0002569,Renewal,2025-05-17,0.07,136.82
AGX00005126,AGT0073,POL0000819,Renewal,2024-08-05,0.24,77.94
AGX00005127,AGT0114,POL0002151,New Business,2026-03-23,0.21,178.68
AGX00005128,AGT0038,POL0004295,Renewal,2024-12-11,0.23,144.85
AGX00005129,AGT0128,POL0000425,New Business,2026-05-31,0.23,426.39
AGX00005130,AGT0057,POL0001391,New Business,2024-06-22,0.25,451.22
AGX00005131,AGT0090,POL0003137,New Business,2026-06-17,0.19,35.1
AGX00005132,AGT0080,POL0003150,New Business,2026-03-30,0.18,35.78
AGX00005133,AGT0016,POL0003858,Renewal,2026-09-06,0.13,76.09
AGX00005134,AGT0139,POL0004613,Renewal,2025-03-26,0.12,90.49
AGX00005135,AGT0009,POL0001316,Renewal,2025-12-18,0.24,468.28
AGX00005136,AGT0079,POL0003182,Renewal,2025-01-16,0.09,139.71
AGX00005137,AGT0106,POL0001136,Renewal,2025-03-06,0.22,404.59
AGX00005138,AGT0030,POL0001242,Renewal,2023-10-21,0.18,289.69
AGX00005139,AGT0020,POL0004970,Renewal,2026-06-16,0.18,193.25
AGX00005140,AGT0142,POL0004884,Renewal,2024-03-27,0.12,188.68
AGX00005141,AGT0091,POL0004283,Renewal,2024-04-18,0.17,255.16
AGX00005142,AGT0142,POL0002886,Renewal,2023-08-20,0.23,302.55
AGX00005143,AGT0130,POL0004128,Renewal,2025-08-13,0.21,141.53
AGX00005144,AGT0138,POL0000160,New Business,2024-10-21,0.16,267.02
AGX00005145,AGT0077,POL0000968,New Business,2024-11-07,0.1,101.37
AGX00005146,AGT0115,POL0000322,Renewal,2026-05-30,0.09,153.32
AGX00005147,AGT0081,POL0002514,Renewal,2023-02-24,0.23,34.73
AGX00005148,AGT0105,POL0004544,New Business,2026-02-10,0.14,229.48
AGX00005149,AGT0116,POL0000846,Renewal,2026-01-18,0.15,63.92
AGX00005150,AGT0025,POL0004071,New Business,2024-05-08,0.24,13.52
AGX00005151,AGT0124,POL0000198,Renewal,2025-11-11,0.12,160.31
AGX00005152,AGT0037,POL0001657,New Business,2026-01-18,0.07,55.09
AGX00005153,AGT0041,POL0002355,New Business,2023-05-10,0.24,54.82
AGX00005154,AGT0004,POL0002176,New Business,2024-09-24,0.12,198.22
AGX00005155,AGT0146,POL0004161,New Business,2025-08-15,0.19,110.44
AGX00005156,AGT0060,POL0000171,Renewal,2024-07-06,0.16,281.25
AGX00005157,AGT0033,POL0001934,New Business,2024-12-27,0.22,382.55
AGX00005158,AGT0041,POL0003167,Renewal,2026-04-02,0.23,186.63
AGX00005159,AGT0077,POL0000968,New Business,2025-11-23,0.11,111.51
AGX00005160,AGT0034,POL0004549,New Business,2022-05-05,0.16,29.14
AGX00005161,AGT0148,POL0004511,New Business,2024-06-26,0.08,76.23
AGX00005162,AGT0006,POL0000871,Renewal,2022-01-02,0.13,154.23
AGX00005163,AGT0103,POL0001110,Renewal,2023-07-18,0.12,146.33
AGX00005164,AGT0017,POL0002962,Renewal,2026-01-08,0.11,98.3
AGX00005165,AGT0045,POL0004825,Renewal,2025-10-28,0.15,73.78
AGX00005166,AGT0021,POL0002499,Renewal,2026-09-02,0.11,95.32
AGX00005167,AGT0041,POL0002520,Renewal,2021-08-16,0.08,122.4
AGX00005168,AGT0084,POL0001176,New Business,2026-08-10,0.09,156.39
AGX00005169,AGT0060,POL0000599,New Business,2026-09-05,0.13,63.45
AGX00005170,AGT0102,POL0004029,Renewal,2023-01-30,0.07,104.12
AGX00005171,AGT0139,POL0004539,Renewal,2025-01-05,0.21,87.52
AGX00005172,AGT0081,POL0004314,Renewal,2022-12-27,0.2,341.4
AGX00005173,AGT0041,POL0004754,Renewal,2023-07-21,0.18,263.13
AGX00005174,AGT0108,POL0002289,New Business,2023-12-25,0.2,131.14
AGX00005175,AGT0116,POL0001673,New Business,2025-02-12,0.12,168.49
AGX00005176,AGT0001,POL0000945,Renewal,2026-03-31,0.11,63.73
AGX00005177,AGT0087,POL0000138,New Business,2024-01-19,0.11,53.04
AGX00005178,AGT0097,POL0001384,Renewal,2023-04-18,0.1,181.33
AGX00005179,AGT0095,POL0004145,Renewal,2025-03-07,0.16,305.53
AGX00005180,AGT0057,POL0004968,Renewal,2026-05-01,0.16,41.41
AGX00005181,AGT0074,POL0000401,New Business,2021-01-27,0.15,175.47
AGX00005182,AGT0120,POL0004510,Renewal,2022-04-17,0.24,139.86
AGX00005183,AGT0143,POL0003649,New Business,2024-09-01,0.14,148.34
AGX00005184,AGT0079,POL0001426,New Business,2026-09-08,0.2,60.27
AGX00005185,AGT0132,POL0003897,Renewal,2025-08-28,0.05,79.99
AGX00005186,AGT0035,POL0001360,Renewal,2022-07-25,0.12,231.77
AGX00005187,AGT0108,POL0003411,Renewal,2025-01-22,0.24,241.41
AGX00005188,AGT0122,POL0000803,Renewal,2023-01-15,0.15,271.11
AGX00005189,AGT0115,POL0003175,New Business,2024-03-06,0.15,211.66
AGX00005190,AGT0033,POL0002879,Renewal,2024-01-10,0.14,250.4
AGX00005191,AGT0025,POL0001022,New Business,2025-12-29,0.1,21.69
AGX00005192,AGT0100,POL0004493,Renewal,2023-09-05,0.19,122.91
AGX00005193,AGT0015,POL0004257,Renewal,2025-04-20,0.1,195.47
AGX00005194,AGT0117,POL0004021,Renewal,2022-03-31,0.18,180.29
AGX00005195,AGT0040,POL0002186,Renewal,2024-10-20,0.05,59.1
AGX00005196,AGT0032,POL0001597,New Business,2026-06-20,0.19,231.47
AGX00005197,AGT0037,POL0004784,Renewal,2024-10-03,0.15,248.19
AGX00005198,AGT0131,POL0003582,Renewal,2026-08-17,0.25,79.88
AGX00005199,AGT0054,POL0003998,Renewal,2025-08-08,0.2,347.78
AGX00005200,AGT0139,POL0001916,Renewal,2025-08-05,0.13,171.52
AGX00005201,AGT0042,POL0001858,Renewal,2024-04-14,0.17,146.28
AGX00005202,AGT0060,POL0000171,New Business,2022-09-05,0.05,87.89
AGX00005203,AGT0027,POL0001950,Renewal,2023-04-02,0.12,159.64
AGX00005204,AGT0127,POL0001355,Renewal,2023-08-08,0.11,101.73
AGX00005205,AGT0114,POL0000276,Renewal,2026-02-07,0.16,168.27
AGX00005206,AGT0130,POL0001896,New Business,2026-07-26,0.23,230.72
AGX00005207,AGT0133,POL0000061,Renewal,2024-08-27,0.09,44.48
AGX00005208,AGT0028,POL0000286,New Business,2023-10-19,0.18,178.82
AGX00005209,AGT0096,POL0000126,Renewal,2026-04-29,0.24,163.24
AGX00005210,AGT0052,POL0002372,Renewal,2025-05-22,0.2,97.86
AGX00005211,AGT0108,POL0001677,Renewal,2025-07-02,0.22,148.18
AGX00005212,AGT0062,POL0003542,New Business,2024-11-01,0.15,94.9
AGX00005213,AGT0004,POL0002290,New Business,2026-01-19,0.05,85.35
AGX00005214,AGT0138,POL0004760,New Business,2025-09-22,0.13,151.58
AGX00005215,AGT0060,POL0002820,Renewal,2025-03-31,0.05,76.89
AGX00005216,AGT0021,POL0004103,New Business,2025-05-19,0.16,204.5
AGX00005217,AGT0014,POL0001548,Renewal,2023-06-27,0.25,214.97
AGX00005218,AGT0068,POL0002001,Renewal,2022-07-05,0.06,54.91
AGX00005219,AGT0102,POL0001440,Renewal,2023-11-29,0.16,144.08
AGX00005220,AGT0033,POL0004971,New Business,2026-02-02,0.09,114.28
AGX00005221,AGT0074,POL0002665,Renewal,2024-02-24,0.17,217.23
AGX00005222,AGT0045,POL0004728,New Business,2026-09-06,0.07,61.02
AGX00005223,AGT0009,POL0004621,New Business,2025-08-11,0.07,24.78
AGX00005224,AGT0110,POL0000255,Renewal,2024-04-22,0.13,190.17
AGX00005225,AGT0012,POL0002270,New Business,2025-07-27,0.18,48.51
AGX00005226,AGT0110,POL0001276,Renewal,2025-08-19,0.25,391.32
AGX00005227,AGT0077,POL0003620,Renewal,2026-02-25,0.1,163.66
AGX00005228,AGT0046,POL0003164,Renewal,2025-04-07,0.08,16.72
AGX00005229,AGT0067,POL0002939,Renewal,2025-09-29,0.08,110.02
AGX00005230,AGT0015,POL0000687,Renewal,2021-11-02,0.06,94.7
AGX00005231,AGT0112,POL0004294,New Business,2026-07-17,0.1,21.26
AGX00005232,AGT0128,POL0003109,New Business,2024-09-23,0.16,201.55
AGX00005233,AGT0062,POL0001961,New Business,2026-01-24,0.15,28.55
AGX00005234,AGT0144,POL0004700,New Business,2025-09-19,0.11,149.23
AGX00005235,AGT0063,POL0004816,New Business,2023-02-10,0.05,14.22
AGX00005236,AGT0117,POL0002810,Renewal,2026-08-26,0.12,158.63
AGX00005237,AGT0029,POL0001583,Renewal,2024-07-16,0.23,159.88
AGX00005238,AGT0066,POL0003199,New Business,2023-07-12,0.22,105.7
AGX00005239,AGT0099,POL0001248,Renewal,2024-05-13,0.22,116.58
AGX00005240,AGT0149,POL0003901,New Business,2023-07-01,0.19,294.18
AGX00005241,AGT0090,POL0002869,Renewal,2023-03-26,0.1,167.37
AGX00005242,AGT0071,POL0000900,Renewal,2026-08-19,0.08,52.55
AGX00005243,AGT0006,POL0002503,Renewal,2025-07-05,0.25,225.0
AGX00005244,AGT0041,POL0003592,New Business,2022-04-16,0.15,23.28
AGX00005245,AGT0005,POL0003836,Renewal,2024-11-04,0.22,196.4
AGX00005246,AGT0065,POL0002794,Renewal,2026-06-14,0.16,129.21
AGX00005247,AGT0070,POL0004707,Renewal,2026-08-10,0.22,426.46
AGX00005248,AGT0055,POL0001470,New Business,2026-02-14,0.19,233.08
AGX00005249,AGT0112,POL0003859,Renewal,2025-06-29,0.2,331.32
AGX00005250,AGT0008,POL0000215,Renewal,2022-09-10,0.08,14.8
AGX00005251,AGT0129,POL0000823,Renewal,2026-09-08,0.14,128.76
AGX00005252,AGT0080,POL0004279,Renewal,2025-08-22,0.08,154.2
AGX00005253,AGT0142,POL0003728,New Business,2024-12-10,0.17,67.58
AGX00005254,AGT0057,POL0003594,Renewal,2026-07-04,0.2,353.46
AGX00005255,AGT0132,POL0000200,New Business,2023-09-06,0.18,294.99
AGX00005256,AGT0134,POL0004271,Renewal,2026-03-18,0.07,129.25
AGX00005257,AGT0114,POL0004553,New Business,2021-07-26,0.13,74.24
AGX00005258,AGT0063,POL0000939,Renewal,2026-09-09,0.16,267.57
AGX00005259,AGT0084,POL0000836,Renewal,2025-12-14,0.06,49.96
AGX00005260,AGT0136,POL0004385,New Business,2026-08-31,0.19,219.89
AGX00005261,AGT0102,POL0004029,Renewal,2023-05-31,0.17,252.86
AGX00005262,AGT0061,POL0003801,Renewal,2024-07-21,0.19,333.15
AGX00005263,AGT0072,POL0000827,Renewal,2026-01-24,0.24,294.12
AGX00005264,AGT0121,POL0004615,Renewal,2024-08-16,0.24,172.01
AGX00005265,AGT0138,POL0004760,Renewal,2025-12-24,0.08,93.28
AGX00005266,AGT0115,POL0002393,New Business,2025-10-12,0.11,63.02
AGX00005267,AGT0002,POL0001485,New Business,2025-05-15,0.13,30.79
AGX00005268,AGT0043,POL0000805,Renewal,2025-05-15,0.16,55.22
AGX00005269,AGT0046,POL0002917,Renewal,2026-05-08,0.17,49.81
AGX00005270,AGT0045,POL0001785,Renewal,2026-06-13,0.21,113.06
AGX00005271,AGT0045,POL0001688,New Business,2026-04-29,0.24,457.26
AGX00005272,AGT0097,POL0000111,Renewal,2025-01-26,0.05,84.29
AGX00005273,AGT0114,POL0002334,New Business,2025-03-08,0.16,266.78
AGX00005274,AGT0138,POL0002331,New Business,2025-04-04,0.15,13.2
AGX00005275,AGT0094,POL0001113,New Business,2022-01-22,0.09,114.71
AGX00005276,AGT0048,POL0000774,New Business,2026-09-03,0.18,321.32
AGX00005277,AGT0111,POL0000841,Renewal,2025-12-17,0.24,361.03
AGX00005278,AGT0077,POL0004951,New Business,2024-06-01,0.17,189.42
AGX00005279,AGT0027,POL0002041,Renewal,2025-09-29,0.23,384.78
AGX00005280,AGT0035,POL0001768,Renewal,2026-01-08,0.09,163.93
AGX00005281,AGT0111,POL0003144,New Business,2026-07-22,0.11,75.81
AGX00005282,AGT0089,POL0001820,New Business,2024-03-16,0.19,175.1
AGX00005283,AGT0066,POL0001073,Renewal,2026-04-20,0.23,105.07
AGX00005284,AGT0051,POL0002047,New Business,2024-08-23,0.22,244.58
AGX00005285,AGT0149,POL0004382,Renewal,2021-04-08,0.06,27.16
AGX00005286,AGT0090,POL0002252,Renewal,2025-10-07,0.15,231.85
AGX00005287,AGT0144,POL0002970,Renewal,2022-06-05,0.16,214.43
AGX00005288,AGT0104,POL0004022,New Business,2025-03-09,0.1,103.87
AGX00005289,AGT0055,POL0000904,New Business,2023-06-29,0.06,54.41
AGX00005290,AGT0069,POL0003798,New Business,2026-01-24,0.09,64.26
AGX00005291,AGT0103,POL0000209,New Business,2026-07-13,0.15,117.54
AGX00005292,AGT0061,POL0002087,Renewal,2026-04-23,0.2,142.51
AGX00005293,AGT0143,POL0003439,Renewal,2024-06-14,0.15,92.85
AGX00005294,AGT0012,POL0000534,New Business,2023-10-04,0.08,103.69
AGX00005295,AGT0079,POL0004706,Renewal,2026-05-23,0.21,273.99
AGX00005296,AGT0063,POL0004756,Renewal,2025-08-30,0.06,28.34
AGX00005297,AGT0037,POL0000017,New Business,2026-04-28,0.15,188.24
AGX00005298,AGT0023,POL0004838,Renewal,2026-02-21,0.07,39.9
AGX00005299,AGT0123,POL0004127,New Business,2024-04-12,0.23,32.73
AGX00005300,AGT0047,POL0002129,New Business,2025-06-13,0.21,332.66
AGX00005301,AGT0011,POL0000806,New Business,2026-01-30,0.08,21.63
AGX00005302,AGT0062,POL0004997,Renewal,2026-04-24,0.19,247.01
AGX00005303,AGT0100,POL0002452,Renewal,2026-05-23,0.1,68.26
AGX00005304,AGT0073,POL0002097,Renewal,2021-11-24,0.11,82.71
AGX00005305,AGT0111,POL0003705,New Business,2024-01-29,0.21,94.96
AGX00005306,AGT0116,POL0000149,Renewal,2025-04-30,0.23,446.47
AGX00005307,AGT0114,POL0003298,New Business,2025-10-01,0.18,209.77
AGX00005308,AGT0111,POL0003705,Renewal,2023-11-26,0.18,81.4
AGX00005309,AGT0112,POL0001874,New Business,2026-03-04,0.18,217.68
AGX00005310,AGT0098,POL0003252,Renewal,2022-05-07,0.23,41.23
AGX00005311,AGT0030,POL0003794,Renewal,2023-10-08,0.1,12.82
AGX00005312,AGT0032,POL0001482,Renewal,2026-05-12,0.05,87.21
AGX00005313,AGT0012,POL0001395,Renewal,2025-05-04,0.06,110.27
AGX00005314,AGT0035,POL0002907,Renewal,2024-01-27,0.15,135.55
AGX00005315,AGT0072,POL0001971,New Business,2023-09-05,0.23,247.17
AGX00005316,AGT0065,POL0002668,Renewal,2026-06-30,0.14,62.13
AGX00005317,AGT0105,POL0004650,New Business,2026-08-04,0.15,167.26
AGX00005318,AGT0079,POL0004843,Renewal,2025-06-27,0.07,57.73
AGX00005319,AGT0107,POL0002447,Renewal,2026-01-04,0.14,156.82
AGX00005320,AGT0141,POL0001715,Renewal,2024-04-17,0.25,15.32
AGX00005321,AGT0029,POL0004327,New Business,2026-08-30,0.1,189.24
AGX00005322,AGT0073,POL0003131,Renewal,2023-05-29,0.18,144.09
AGX00005323,AGT0076,POL0003507,Renewal,2025-04-04,0.17,253.14
AGX00005324,AGT0080,POL0002949,Renewal,2026-08-08,0.2,295.08
AGX00005325,AGT0075,POL0003279,Renewal,2023-09-01,0.06,26.93
AGX00005326,AGT0055,POL0004082,New Business,2026-01-01,0.06,45.01
AGX00005327,AGT0032,POL0003210,Renewal,2025-08-17,0.09,59.16
AGX00005328,AGT0125,POL0003971,New Business,2024-07-18,0.06,116.83
AGX00005329,AGT0079,POL0002505,Renewal,2025-10-01,0.22,39.03
AGX00005330,AGT0041,POL0002121,New Business,2025-02-26,0.13,18.31
AGX00005331,AGT0138,POL0001557,Renewal,2022-10-02,0.06,46.17
AGX00005332,AGT0025,POL0004946,Renewal,2025-11-28,0.07,85.05
AGX00005333,AGT0079,POL0002478,New Business,2026-09-09,0.05,98.23
AGX00005334,AGT0107,POL0002345,Renewal,2023-03-17,0.21,158.04
AGX00005335,AGT0074,POL0002376,Renewal,2025-09-14,0.16,167.39
AGX00005336,AGT0024,POL0001694,New Business,2022-06-08,0.21,349.7
AGX00005337,AGT0019,POL0004133,New Business,2025-11-27,0.24,317.19
AGX00005338,AGT0012,POL0003174,New Business,2026-07-21,0.17,12.11
AGX00005339,AGT0022,POL0000288,Renewal,2024-11-01,0.08,83.44
AGX00005340,AGT0103,POL0001239,New Business,2025-12-16,0.18,351.75
AGX00005341,AGT0138,POL0003446,New Business,2025-02-28,0.18,145.82
AGX00005342,AGT0001,POL0002370,Renewal,2026-08-22,0.16,71.34
AGX00005343,AGT0012,POL0004089,New Business,2026-06-09,0.16,236.64
AGX00005344,AGT0131,POL0004726,Renewal,2025-10-19,0.16,287.41
AGX00005345,AGT0041,POL0001511,Renewal,2023-09-13,0.12,8.55
AGX00005346,AGT0145,POL0000301,Renewal,2025-12-19,0.15,128.99
AGX00005347,AGT0102,POL0004029,New Business,2023-06-11,0.05,74.37
AGX00005348,AGT0084,POL0002831,Renewal,2024-07-16,0.24,157.25
AGX00005349,AGT0109,POL0001188,Renewal,2026-05-12,0.08,42.83
AGX00005350,AGT0064,POL0002582,Renewal,2023-04-25,0.06,58.77
AGX00005351,AGT0127,POL0002539,New Business,2025-05-18,0.23,455.14
AGX00005352,AGT0140,POL0000726,Renewal,2026-07-17,0.19,224.5
AGX00005353,AGT0092,POL0003384,New Business,2025-06-03,0.11,199.33
AGX00005354,AGT0143,POL0004949,Renewal,2023-08-17,0.15,86.33
AGX00005355,AGT0018,POL0003636,Renewal,2026-07-28,0.24,128.82
AGX00005356,AGT0044,POL0001974,New Business,2025-07-09,0.13,164.61
AGX00005357,AGT0084,POL0002611,Renewal,2025-09-11,0.09,56.74
AGX00005358,AGT0125,POL0003971,Renewal,2022-12-22,0.25,486.78
AGX00005359,AGT0005,POL0001698,New Business,2026-01-17,0.09,41.24
AGX00005360,AGT0101,POL0004742,Renewal,2025-12-07,0.1,150.27
AGX00005361,AGT0073,POL0002097,Renewal,2021-05-31,0.2,150.39
AGX00005362,AGT0104,POL0000051,Renewal,2024-06-03,0.24,225.46
AGX00005363,AGT0136,POL0004200,Renewal,2022-06-22,0.08,38.44
AGX00005364,AGT0042,POL0000832,New Business,2026-07-03,0.24,43.55
AGX00005365,AGT0135,POL0004017,Renewal,2025-10-14,0.06,77.59
AGX00005366,AGT0029,POL0002926,New Business,2025-10-09,0.21,113.02
AGX00005367,AGT0105,POL0001432,Renewal,2024-05-06,0.07,8.37
AGX00005368,AGT0034,POL0002340,New Business,2025-03-16,0.08,124.37
AGX00005369,AGT0027,POL0000643,New Business,2026-08-18,0.11,126.45
AGX00005370,AGT0087,POL0000923,Renewal,2022-05-08,0.24,331.68
AGX00005371,AGT0128,POL0001291,New Business,2023-07-26,0.23,347.52
AGX00005372,AGT0075,POL0002148,New Business,2026-02-07,0.12,213.69
AGX00005373,AGT0017,POL0004119,New Business,2024-07-11,0.18,54.84
AGX00005374,AGT0105,POL0001951,New Business,2026-08-20,0.17,158.11
AGX00005375,AGT0149,POL0002936,Renewal,2026-04-08,0.12,172.47
AGX00005376,AGT0115,POL0002790,Renewal,2026-07-31,0.17,315.87
AGX00005377,AGT0139,POL0001403,Renewal,2026-03-09,0.06,17.27
AGX00005378,AGT0102,POL0003284,Renewal,2026-04-29,0.15,270.85
AGX00005379,AGT0025,POL0002325,Renewal,2025-03-27,0.13,77.17
AGX00005380,AGT0114,POL0002180,Renewal,2026-08-13,0.21,219.56
AGX00005381,AGT0094,POL0000680,New Business,2026-08-25,0.19,356.74
AGX00005382,AGT0142,POL0001998,Renewal,2025-02-04,0.15,143.39
AGX00005383,AGT0128,POL0000104,Renewal,2025-01-19,0.1,70.74
AGX00005384,AGT0115,POL0000322,Renewal,2025-12-27,0.18,306.64
AGX00005385,AGT0092,POL0000763,Renewal,2026-03-13,0.07,48.51
AGX00005386,AGT0130,POL0001896,Renewal,2026-09-04,0.11,110.35
AGX00005387,AGT0101,POL0001949,Renewal,2023-08-15,0.11,99.58
AGX00005388,AGT0073,POL0004628,New Business,2026-08-05,0.2,320.4
AGX00005389,AGT0079,POL0001757,Renewal,2025-11-19,0.23,340.24
AGX00005390,AGT0134,POL0003735,New Business,2021-09-30,0.25,83.67
AGX00005391,AGT0070,POL0004273,Renewal,2022-08-26,0.23,51.11
AGX00005392,AGT0101,POL0001949,Renewal,2023-03-07,0.17,153.9
AGX00005393,AGT0002,POL0001485,New Business,2025-10-18,0.15,35.52
AGX00005394,AGT0029,POL0002726,Renewal,2025-04-22,0.23,385.83
AGX00005395,AGT0079,POL0001757,Renewal,2022-12-02,0.14,207.1
AGX00005396,AGT0019,POL0004919,New Business,2026-05-05,0.07,136.64
AGX00005397,AGT0090,POL0001980,New Business,2026-09-05,0.23,386.37
AGX00005398,AGT0131,POL0002051,Renewal,2026-07-22,0.18,330.94
AGX00005399,AGT0005,POL0001615,Renewal,2023-05-17,0.2,331.94
AGX00005400,AGT0061,POL0000580,New Business,2024-06-10,0.24,95.22
AGX00005401,AGT0086,POL0001301,Renewal,2024-12-08,0.05,21.93
AGX00005402,AGT0094,POL0003192,Renewal,2023-03-27,0.11,48.83
AGX00005403,AGT0018,POL0004212,New Business,2026-06-23,0.24,441.04
AGX00005404,AGT0024,POL0003009,Renewal,2021-09-07,0.13,51.96
AGX00005405,AGT0111,POL0002422,New Business,2026-09-04,0.13,135.05
AGX00005406,AGT0018,POL0001465,New Business,2025-10-01,0.11,109.46
AGX00005407,AGT0010,POL0000007,New Business,2026-06-29,0.17,311.96
AGX00005408,AGT0026,POL0002695,Renewal,2025-04-11,0.11,159.75
AGX00005409,AGT0072,POL0001436,New Business,2026-04-18,0.18,113.43
AGX00005410,AGT0024,POL0004798,Renewal,2025-11-22,0.16,22.07
AGX00005411,AGT0057,POL0004045,New Business,2026-01-03,0.24,87.49
AGX00005412,AGT0012,POL0001056,Renewal,2026-04-13,0.1,29.88
AGX00005413,AGT0082,POL0003603,Renewal,2022-12-24,0.17,107.45
AGX00005414,AGT0089,POL0003961,New Business,2026-07-29,0.1,15.0
AGX00005415,AGT0129,POL0002431,Renewal,2025-07-27,0.19,342.24
AGX00005416,AGT0031,POL0004513,New Business,2025-08-21,0.24,221.51
AGX00005417,AGT0128,POL0000611,Renewal,2022-08-10,0.08,115.22
AGX00005418,AGT0084,POL0002684,Renewal,2026-03-17,0.21,224.28
AGX00005419,AGT0113,POL0001334,New Business,2025-01-20,0.23,301.56
AGX00005420,AGT0018,POL0000828,Renewal,2026-02-21,0.24,348.38
AGX00005421,AGT0080,POL0004606,New Business,2026-08-16,0.25,296.47
AGX00005422,AGT0064,POL0000086,New Business,2023-08-26,0.06,43.94
AGX00005423,AGT0104,POL0001750,Renewal,2025-07-26,0.09,49.82
AGX00005424,AGT0023,POL0000217,Renewal,2023-04-28,0.14,93.99
AGX00005425,AGT0115,POL0003175,Renewal,2023-11-27,0.08,112.88
AGX00005426,AGT0033,POL0002743,New Business,2023-06-07,0.19,222.13
AGX00005427,AGT0037,POL0003583,Renewal,2024-06-27,0.11,28.46
AGX00005428,AGT0063,POL0003228,New Business,2026-06-01,0.19,290.25
AGX00005429,AGT0025,POL0004071,New Business,2023-04-04,0.11,6.2
AGX00005430,AGT0029,POL0000085,New Business,2025-11-11,0.19,92.56
AGX00005431,AGT0096,POL0003849,Renewal,2022-06-04,0.24,460.05
AGX00005432,AGT0045,POL0003761,Renewal,2024-04-05,0.09,134.12
AGX00005433,AGT0062,POL0001910,New Business,2024-08-27,0.1,21.47
AGX00005434,AGT0110,POL0000255,New Business,2025-12-09,0.11,160.92
AGX00005435,AGT0033,POL0003406,New Business,2026-06-11,0.05,22.99
AGX00005436,AGT0047,POL0002033,Renewal,2025-02-10,0.06,30.21
AGX00005437,AGT0045,POL0001658,Renewal,2026-06-20,0.09,26.59
AGX00005438,AGT0072,POL0000183,Renewal,2023-06-20,0.24,275.15
AGX00005439,AGT0127,POL0002752,Renewal,2025-07-03,0.12,213.93
AGX00005440,AGT0062,POL0002516,Renewal,2026-07-21,0.25,233.99
AGX00005441,AGT0001,POL0000511,Renewal,2025-01-07,0.21,95.29
AGX00005442,AGT0039,POL0000388,New Business,2026-06-04,0.24,272.94
AGX00005443,AGT0087,POL0002287,New Business,2026-06-01,0.13,253.45
AGX00005444,AGT0067,POL0003233,New Business,2024-07-12,0.1,57.87
AGX00005445,AGT0131,POL0003318,New Business,2026-07-15,0.1,112.79
AGX00005446,AGT0016,POL0003020,Renewal,2022-06-05,0.1,133.98
AGX00005447,AGT0089,POL0003630,New Business,2025-06-29,0.06,13.08
AGX00005448,AGT0083,POL0002314,Renewal,2024-04-10,0.25,136.78
AGX00005449,AGT0029,POL0001592,New Business,2026-03-13,0.09,113.31
AGX00005450,AGT0041,POL0004754,Renewal,2022-12-13,0.16,233.9
AGX00005451,AGT0097,POL0002353,New Business,2026-09-09,0.21,407.13
AGX00005452,AGT0061,POL0002475,Renewal,2022-03-10,0.16,42.06
AGX00005453,AGT0016,POL0002713,New Business,2024-06-18,0.12,213.83
AGX00005454,AGT0029,POL0001976,Renewal,2026-03-13,0.25,482.49
AGX00005455,AGT0069,POL0004469,New Business,2025-02-23,0.12,180.6
AGX00005456,AGT0067,POL0001648,Renewal,2026-01-11,0.08,67.65
AGX00005457,AGT0019,POL0003001,Renewal,2025-01-28,0.09,19.44
AGX00005458,AGT0103,POL0000365,New Business,2026-08-21,0.06,112.34
AGX00005459,AGT0094,POL0003061,Renewal,2026-07-17,0.15,25.52
AGX00005460,AGT0060,POL0003716,Renewal,2023-11-05,0.12,75.94
AGX00005461,AGT0050,POL0004463,Renewal,2025-08-17,0.13,55.19
AGX00005462,AGT0012,POL0004341,New Business,2026-05-13,0.17,147.87
AGX00005463,AGT0146,POL0002809,New Business,2023-06-17,0.16,164.69
AGX00005464,AGT0089,POL0002814,Renewal,2022-10-08,0.08,78.62
AGX00005465,AGT0088,POL0003360,Renewal,2024-11-11,0.09,52.08
AGX00005466,AGT0006,POL0003969,Renewal,2023-09-27,0.07,118.74
AGX00005467,AGT0143,POL0004552,Renewal,2026-02-20,0.08,129.39
AGX00005468,AGT0147,POL0002056,Renewal,2025-08-06,0.16,246.85
AGX00005469,AGT0036,POL0000274,Renewal,2023-09-13,0.17,155.11
AGX00005470,AGT0003,POL0000585,Renewal,2026-02-19,0.21,267.04
AGX00005471,AGT0022,POL0000495,New Business,2022-10-26,0.07,20.98
AGX00005472,AGT0080,POL0001529,New Business,2024-04-07,0.16,311.67
AGX00005473,AGT0033,POL0002557,Renewal,2026-04-20,0.07,137.48
AGX00005474,AGT0064,POL0001630,Renewal,2025-05-16,0.22,281.85
AGX00005475,AGT0083,POL0003812,Renewal,2023-07-30,0.14,236.47
AGX00005476,AGT0042,POL0001858,Renewal,2025-08-21,0.11,94.65
AGX00005477,AGT0123,POL0004634,Renewal,2026-07-25,0.18,167.29
AGX00005478,AGT0065,POL0003432,Renewal,2022-07-19,0.17,126.03
AGX00005479,AGT0074,POL0004138,New Business,2025-06-02,0.14,232.14
AGX00005480,AGT0114,POL0003310,Renewal,2025-09-15,0.14,117.34
AGX00005481,AGT0122,POL0003605,Renewal,2023-10-31,0.12,135.82
AGX00005482,AGT0061,POL0001584,Renewal,2025-07-24,0.14,62.78
AGX00005483,AGT0094,POL0001932,Renewal,2026-09-04,0.23,281.83
AGX00005484,AGT0071,POL0001709,Renewal,2025-11-01,0.16,25.47
AGX00005485,AGT0082,POL0000920,New Business,2024-06-21,0.06,70.86
AGX00005486,AGT0038,POL0002617,Renewal,2026-04-13,0.06,115.84
AGX00005487,AGT0069,POL0002170,Renewal,2025-08-12,0.2,27.94
AGX00005488,AGT0116,POL0003135,Renewal,2026-07-12,0.18,349.5
AGX00005489,AGT0075,POL0004522,Renewal,2026-01-07,0.24,22.25
AGX00005490,AGT0077,POL0001884,New Business,2026-08-23,0.11,100.14
AGX00005491,AGT0033,POL0003599,New Business,2023-10-25,0.23,225.52
AGX00005492,AGT0123,POL0000873,Renewal,2025-02-04,0.21,243.17
AGX00005493,AGT0057,POL0000228,Renewal,2023-11-03,0.15,223.83
AGX00005494,AGT0084,POL0001176,Renewal,2026-03-02,0.21,364.9
AGX00005495,AGT0064,POL0001600,New Business,2023-08-05,0.06,31.23
AGX00005496,AGT0058,POL0000319,New Business,2025-03-17,0.17,318.47
AGX00005497,AGT0055,POL0003698,New Business,2022-12-30,0.22,166.46
AGX00005498,AGT0041,POL0002330,New Business,2024-02-24,0.22,20.99
AGX00005499,AGT0132,POL0000134,New Business,2024-12-26,0.1,180.69
AGX00005500,AGT0068,POL0002903,New Business,2022-01-27,0.1,99.56
AGX00005501,AGT0079,POL0002864,Renewal,2025-05-18,0.24,352.23
AGX00005502,AGT0030,POL0004506,New Business,2026-05-21,0.21,73.63
AGX00005503,AGT0150,POL0001989,Renewal,2023-04-07,0.17,36.91
AGX00005504,AGT0150,POL0000793,Renewal,2026-05-18,0.19,320.02
AGX00005505,AGT0134,POL0001169,New Business,2022-05-07,0.15,158.04
AGX00005506,AGT0034,POL0000393,Renewal,2026-05-27,0.2,105.94
AGX00005507,AGT0045,POL0000375,Renewal,2023-11-24,0.13,88.57
AGX00005508,AGT0032,POL0004406,New Business,2023-12-05,0.06,35.28
AGX00005509,AGT0147,POL0001102,Renewal,2023-07-27,0.17,307.99
AGX00005510,AGT0006,POL0002259,New Business,2025-12-04,0.14,128.2
AGX00005511,AGT0002,POL0003751,Renewal,2024-07-11,0.24,257.47
AGX00005512,AGT0134,POL0001066,New Business,2026-07-30,0.18,317.28
AGX00005513,AGT0067,POL0002197,Renewal,2022-11-25,0.05,5.14
AGX00005514,AGT0085,POL0001629,Renewal,2026-08-19,0.07,20.72
AGX00005515,AGT0061,POL0001584,Renewal,2026-05-18,0.08,35.87
AGX00005516,AGT0142,POL0002886,New Business,2023-07-12,0.17,223.63
AGX00005517,AGT0026,POL0003604,New Business,2025-06-24,0.12,129.63
AGX00005518,AGT0057,POL0000106,New Business,2025-09-13,0.14,113.59
AGX00005519,AGT0060,POL0000129,Renewal,2022-04-02,0.16,129.21
AGX00005520,AGT0115,POL0003141,Renewal,2026-05-26,0.15,83.8
AGX00005521,AGT0143,POL0003649,Renewal,2025-09-14,0.23,243.7
AGX00005522,AGT0062,POL0001399,Renewal,2026-09-04,0.08,150.43
AGX00005523,AGT0099,POL0003790,Renewal,2026-03-21,0.15,45.25
AGX00005524,AGT0040,POL0001352,Renewal,2025-05-22,0.08,109.14
AGX00005525,AGT0123,POL0003844,Renewal,2026-09-03,0.11,117.79
AGX00005526,AGT0104,POL0003191,New Business,2022-09-29,0.09,67.36
AGX00005527,AGT0102,POL0000464,New Business,2023-08-19,0.1,31.53
AGX00005528,AGT0074,POL0000376,Renewal,2022-11-25,0.12,183.98
AGX00005529,AGT0117,POL0002810,Renewal,2026-08-05,0.14,185.06
AGX00005530,AGT0079,POL0001426,New Business,2024-05-11,0.11,33.15
AGX00005531,AGT0067,POL0000812,Renewal,2025-09-03,0.24,276.39
AGX00005532,AGT0135,POL0001427,New Business,2025-10-29,0.07,30.24
AGX00005533,AGT0145,POL0003675,New Business,2026-07-28,0.11,171.29
AGX00005534,AGT0092,POL0002870,New Business,2024-11-29,0.19,135.31
AGX00005535,AGT0069,POL0003512,New Business,2025-04-23,0.1,138.63
AGX00005536,AGT0120,POL0002994,New Business,2026-05-07,0.15,176.84
AGX00005537,AGT0012,POL0001379,Renewal,2025-03-17,0.19,227.24
AGX00005538,AGT0022,POL0001307,New Business,2026-02-23,0.18,128.9
AGX00005539,AGT0078,POL0000306,New Business,2025-07-07,0.16,246.6
AGX00005540,AGT0148,POL0002294,Renewal,2025-09-13,0.16,272.38
AGX00005541,AGT0087,POL0004516,New Business,2025-12-25,0.12,149.2
AGX00005542,AGT0027,POL0000833,Renewal,2025-03-05,0.12,50.0
AGX00005543,AGT0025,POL0001085,New Business,2023-04-22,0.08,110.28
AGX00005544,AGT0012,POL0003057,Renewal,2024-09-14,0.13,39.39
AGX00005545,AGT0075,POL0004740,Renewal,2024-12-16,0.1,26.49
AGX00005546,AGT0068,POL0001327,Renewal,2026-07-07,0.24,126.69
AGX00005547,AGT0120,POL0002994,New Business,2026-08-11,0.14,165.05
AGX00005548,AGT0030,POL0003807,Renewal,2025-11-14,0.25,209.07
AGX00005549,AGT0086,POL0001459,Renewal,2024-11-30,0.22,138.28
AGX00005550,AGT0115,POL0004610,New Business,2026-01-06,0.17,22.88
AGX00005551,AGT0148,POL0001250,Renewal,2025-02-25,0.14,150.46
AGX00005552,AGT0116,POL0003957,Renewal,2024-08-11,0.1,42.86
AGX00005553,AGT0048,POL0004043,Renewal,2024-01-10,0.08,55.74
AGX00005554,AGT0134,POL0002998,Renewal,2024-09-11,0.22,357.11
AGX00005555,AGT0084,POL0003866,New Business,2026-07-09,0.22,268.17
AGX00005556,AGT0098,POL0002973,New Business,2026-09-07,0.12,147.67
AGX00005557,AGT0010,POL0000191,New Business,2026-07-27,0.09,50.53
AGX00005558,AGT0103,POL0000365,Renewal,2026-04-07,0.21,393.2
AGX00005559,AGT0100,POL0001610,Renewal,2026-04-16,0.19,176.61
AGX00005560,AGT0025,POL0004575,New Business,2025-01-23,0.23,455.76
AGX00005561,AGT0057,POL0000034,Renewal,2023-10-24,0.06,18.73
AGX00005562,AGT0130,POL0000551,New Business,2026-06-08,0.18,282.26
AGX00005563,AGT0034,POL0001439,New Business,2024-09-03,0.16,219.44
AGX00005564,AGT0127,POL0004417,New Business,2026-06-28,0.18,296.48
AGX00005565,AGT0009,POL0000261,Renewal,2026-04-17,0.14,225.32
AGX00005566,AGT0104,POL0004563,New Business,2026-07-28,0.24,139.85
AGX00005567,AGT0020,POL0004584,Renewal,2024-09-24,0.14,188.32
AGX00005568,AGT0079,POL0000340,New Business,2025-01-02,0.21,29.4
AGX00005569,AGT0044,POL0003006,Renewal,2025-11-20,0.24,302.84
AGX00005570,AGT0105,POL0000326,Renewal,2026-06-26,0.07,58.97
AGX00005571,AGT0004,POL0004912,Renewal,2024-10-26,0.19,359.67
AGX00005572,AGT0021,POL0004647,Renewal,2026-07-02,0.09,31.93
AGX00005573,AGT0043,POL0000406,New Business,2025-10-21,0.14,78.65
AGX00005574,AGT0084,POL0002988,Renewal,2025-10-20,0.23,404.84
AGX00005575,AGT0060,POL0004930,New Business,2026-01-20,0.09,72.55
AGX00005576,AGT0020,POL0001466,Renewal,2025-12-27,0.1,16.2
AGX00005577,AGT0127,POL0003771,New Business,2024-08-15,0.25,420.91
AGX00005578,AGT0001,POL0004846,Renewal,2025-12-06,0.08,65.78
AGX00005579,AGT0070,POL0000785,Renewal,2025-12-28,0.11,83.94
AGX00005580,AGT0009,POL0001654,Renewal,2021-10-23,0.17,312.27
AGX00005581,AGT0072,POL0004560,Renewal,2025-11-12,0.17,95.89
AGX00005582,AGT0080,POL0002745,Renewal,2023-02-01,0.1,27.94
AGX00005583,AGT0126,POL0002953,New Business,2025-02-04,0.2,198.72
AGX00005584,AGT0019,POL0000778,New Business,2026-07-24,0.06,109.75
AGX00005585,AGT0040,POL0001933,Renewal,2026-08-17,0.12,67.1
AGX00005586,AGT0050,POL0004820,Renewal,2026-05-03,0.08,100.57
AGX00005587,AGT0085,POL0002337,New Business,2025-02-07,0.14,275.76
AGX00005588,AGT0150,POL0002762,New Business,2025-12-29,0.05,87.67
AGX00005589,AGT0138,POL0001269,New Business,2023-06-02,0.21,326.94
AGX00005590,AGT0123,POL0000788,Renewal,2024-08-29,0.08,72.88
AGX00005591,AGT0026,POL0004954,Renewal,2022-05-06,0.16,212.92
AGX00005592,AGT0055,POL0002356,Renewal,2026-03-25,0.2,161.18
AGX00005593,AGT0010,POL0001550,Renewal,2025-01-12,0.15,226.15
AGX00005594,AGT0076,POL0000314,New Business,2024-09-15,0.17,66.22
AGX00005595,AGT0026,POL0004427,Renewal,2021-03-28,0.11,53.28
AGX00005596,AGT0030,POL0004557,Renewal,2023-06-27,0.22,359.52
AGX00005597,AGT0068,POL0000433,New Business,2023-06-28,0.18,283.89
AGX00005598,AGT0026,POL0003498,New Business,2022-02-19,0.12,187.6
AGX00005599,AGT0133,POL0000061,New Business,2026-04-25,0.23,113.68
AGX00005600,AGT0034,POL0002233,Renewal,2024-01-04,0.15,266.39
AGX00005601,AGT0150,POL0004565,New Business,2022-11-11,0.15,96.04
AGX00005602,AGT0058,POL0002661,Renewal,2026-08-31,0.08,121.31
AGX00005603,AGT0068,POL0002826,Renewal,2022-09-15,0.14,31.46
AGX00005604,AGT0039,POL0002312,New Business,2026-07-16,0.23,54.56
AGX00005605,AGT0026,POL0003604,Renewal,2025-07-15,0.21,226.85
AGX00005606,AGT0132,POL0000200,Renewal,2024-04-19,0.11,180.27
AGX00005607,AGT0035,POL0004797,Renewal,2026-05-07,0.08,93.6
AGX00005608,AGT0133,POL0001674,Renewal,2026-06-22,0.23,447.69
AGX00005609,AGT0145,POL0003474,Renewal,2024-08-20,0.21,39.83
AGX00005610,AGT0087,POL0000640,Renewal,2026-09-05,0.18,135.09
AGX00005611,AGT0028,POL0003780,New Business,2026-04-30,0.18,342.77
AGX00005612,AGT0025,POL0003084,New Business,2024-02-04,0.19,306.17
AGX00005613,AGT0086,POL0001706,New Business,2025-12-07,0.13,156.35
AGX00005614,AGT0047,POL0004027,Renewal,2026-09-10,0.17,215.17
AGX00005615,AGT0065,POL0004764,New Business,2024-07-04,0.09,50.26
AGX00005616,AGT0138,POL0002896,New Business,2023-05-12,0.1,81.0
AGX00005617,AGT0126,POL0003306,Renewal,2026-07-11,0.05,83.8
AGX00005618,AGT0022,POL0002448,New Business,2026-07-01,0.21,314.08
AGX00005619,AGT0048,POL0002627,New Business,2026-06-12,0.1,196.9
AGX00005620,AGT0143,POL0003657,Renewal,2024-09-25,0.06,21.91
AGX00005621,AGT0102,POL0001787,New Business,2023-10-29,0.23,432.16
AGX00005622,AGT0114,POL0002759,Renewal,2025-05-29,0.13,181.28
AGX00005623,AGT0132,POL0003892,New Business,2026-07-10,0.25,250.5
AGX00005624,AGT0029,POL0001583,New Business,2023-07-14,0.05,34.76
AGX00005625,AGT0044,POL0002827,Renewal,2025-01-25,0.15,133.53
AGX00005626,AGT0084,POL0003348,Renewal,2026-08-18,0.21,369.36
AGX00005627,AGT0051,POL0003643,Renewal,2026-07-29,0.16,77.64
AGX00005628,AGT0056,POL0003826,New Business,2026-06-24,0.08,6.84
AGX00005629,AGT0089,POL0000848,Renewal,2026-08-14,0.22,105.65
AGX00005630,AGT0064,POL0004753,Renewal,2025-02-28,0.18,198.51
AGX00005631,AGT0064,POL0001630,Renewal,2023-08-20,0.13,166.55
AGX00005632,AGT0064,POL0002392,Renewal,2026-08-27,0.21,119.39
AGX00005633,AGT0087,POL0001442,Renewal,2025-01-05,0.24,437.48
AGX00005634,AGT0033,POL0002557,Renewal,2023-06-21,0.14,274.97
AGX00005635,AGT0080,POL0001599,Renewal,2023-11-20,0.1,141.05
AGX00005636,AGT0045,POL0002504,New Business,2024-02-16,0.21,193.85
AGX00005637,AGT0084,POL0003076,Renewal,2022-04-21,0.19,276.58
AGX00005638,AGT0120,POL0002182,New Business,2025-09-05,0.15,41.74
AGX00005639,AGT0011,POL0000110,New Business,2026-05-17,0.19,333.3
AGX00005640,AGT0087,POL0004815,Renewal,2025-09-22,0.22,298.57
AGX00005641,AGT0056,POL0002098,Renewal,2025-06-29,0.2,326.77
AGX00005642,AGT0136,POL0003478,New Business,2025-06-03,0.24,111.48
AGX00005643,AGT0051,POL0002656,New Business,2023-08-18,0.25,429.05
AGX00005644,AGT0029,POL0004408,Renewal,2026-08-30,0.2,205.8
AGX00005645,AGT0130,POL0004927,Renewal,2026-03-03,0.08,31.04
AGX00005646,AGT0079,POL0002640,Renewal,2026-02-11,0.1,54.31
AGX00005647,AGT0107,POL0001281,Renewal,2026-07-19,0.24,378.09
AGX00005648,AGT0135,POL0001523,New Business,2025-11-19,0.05,65.32
AGX00005649,AGT0086,POL0004346,New Business,2026-03-23,0.09,126.46
AGX00005650,AGT0136,POL0001578,New Business,2025-11-01,0.09,147.57
AGX00005651,AGT0105,POL0001015,Renewal,2023-06-11,0.21,325.27
AGX00005652,AGT0149,POL0004184,Renewal,2026-02-20,0.16,124.42
AGX00005653,AGT0079,POL0003816,Renewal,2025-07-23,0.1,49.86
AGX00005654,AGT0071,POL0000985,Renewal,2024-01-24,0.12,129.71
AGX00005655,AGT0045,POL0002031,New Business,2026-08-26,0.24,410.41
AGX00005656,AGT0150,POL0002762,Renewal,2025-07-28,0.11,192.88
AGX00005657,AGT0055,POL0001455,Renewal,2026-04-24,0.22,29.61
AGX00005658,AGT0128,POL0001655,Renewal,2025-09-30,0.24,195.68
AGX00005659,AGT0083,POL0000592,New Business,2026-03-05,0.15,53.69
AGX00005660,AGT0100,POL0003314,Renewal,2025-05-12,0.05,17.26
AGX00005661,AGT0107,POL0003069,Renewal,2026-03-20,0.21,249.25
AGX00005662,AGT0095,POL0000281,Renewal,2025-07-28,0.19,253.13
AGX00005663,AGT0032,POL0002150,Renewal,2023-12-11,0.2,340.74
AGX00005664,AGT0081,POL0001744,Renewal,2026-01-21,0.16,260.83
AGX00005665,AGT0059,POL0001363,New Business,2026-04-11,0.11,155.48
AGX00005666,AGT0101,POL0002679,Renewal,2023-12-21,0.18,234.32
AGX00005667,AGT0146,POL0004302,New Business,2025-05-18,0.21,352.24
AGX00005668,AGT0048,POL0000273,New Business,2026-08-24,0.18,333.26
AGX00005669,AGT0148,POL0002294,Renewal,2023-10-06,0.05,85.12
AGX00005670,AGT0089,POL0000174,Renewal,2026-09-01,0.22,246.99
AGX00005671,AGT0129,POL0003863,Renewal,2023-07-18,0.13,248.44
AGX00005672,AGT0082,POL0002002,Renewal,2026-07-09,0.09,109.29
AGX00005673,AGT0019,POL0004729,New Business,2025-03-05,0.1,138.06
AGX00005674,AGT0073,POL0004387,New Business,2025-04-03,0.23,376.31
AGX00005675,AGT0100,POL0002338,New Business,2025-08-28,0.15,229.64
AGX00005676,AGT0090,POL0003839,New Business,2022-03-27,0.14,261.18
AGX00005677,AGT0050,POL0004820,Renewal,2024-03-19,0.19,238.85
AGX00005678,AGT0010,POL0002231,Renewal,2025-07-06,0.17,202.58
AGX00005679,AGT0004,POL0001254,Renewal,2025-04-05,0.11,98.75
AGX00005680,AGT0062,POL0002482,Renewal,2024-04-27,0.06,109.81
AGX00005681,AGT0111,POL0000277,Renewal,2021-10-30,0.16,186.16
AGX00005682,AGT0096,POL0001617,Renewal,2026-08-24,0.23,103.93
AGX00005683,AGT0008,POL0002131,New Business,2025-04-18,0.25,114.4
AGX00005684,AGT0032,POL0001033,New Business,2026-03-16,0.1,134.46
AGX00005685,AGT0049,POL0001575,Renewal,2022-08-17,0.09,97.03
AGX00005686,AGT0146,POL0004761,New Business,2022-09-11,0.08,94.73
AGX00005687,AGT0090,POL0004680,Renewal,2026-01-25,0.06,38.06
AGX00005688,AGT0106,POL0003156,New Business,2022-12-30,0.24,173.48
AGX00005689,AGT0028,POL0003426,New Business,2026-08-05,0.17,197.93
AGX00005690,AGT0090,POL0004627,New Business,2024-07-28,0.06,102.88
AGX00005691,AGT0122,POL0002446,Renewal,2025-09-17,0.08,90.94
AGX00005692,AGT0085,POL0003165,Renewal,2024-09-08,0.19,150.71
AGX00005693,AGT0078,POL0004137,New Business,2025-02-02,0.18,128.93
AGX00005694,AGT0116,POL0000149,New Business,2026-01-18,0.19,368.82
AGX00005695,AGT0117,POL0001277,New Business,2025-11-20,0.18,72.41
AGX00005696,AGT0049,POL0001524,Renewal,2026-09-09,0.06,117.48
AGX00005697,AGT0084,POL0000606,Renewal,2022-10-14,0.19,272.07
AGX00005698,AGT0003,POL0000339,Renewal,2023-10-04,0.17,137.66
AGX00005699,AGT0087,POL0000138,Renewal,2026-06-20,0.21,101.26
AGX00005700,AGT0124,POL0000626,New Business,2026-08-20,0.19,180.47
AGX00005701,AGT0086,POL0003578,Renewal,2025-04-06,0.09,175.39
AGX00005702,AGT0060,POL0002859,Renewal,2025-11-20,0.15,39.87
AGX00005703,AGT0105,POL0004581,Renewal,2022-09-18,0.24,58.57
AGX00005704,AGT0018,POL0004996,Renewal,2024-04-16,0.13,36.05
AGX00005705,AGT0126,POL0000981,New Business,2025-10-28,0.09,23.36
AGX00005706,AGT0145,POL0004438,New Business,2025-12-05,0.22,298.57
AGX00005707,AGT0041,POL0001267,Renewal,2026-07-28,0.15,251.34
AGX00005708,AGT0021,POL0004703,Renewal,2024-11-26,0.05,81.91
AGX00005709,AGT0022,POL0001118,Renewal,2024-05-25,0.08,129.36
AGX00005710,AGT0086,POL0002920,New Business,2024-09-03,0.24,274.72
AGX00005711,AGT0001,POL0001618,Renewal,2025-07-15,0.22,339.76
AGX00005712,AGT0133,POL0004629,New Business,2023-03-20,0.13,111.4
AGX00005713,AGT0075,POL0004439,Renewal,2026-06-20,0.08,146.59
AGX00005714,AGT0047,POL0000245,New Business,2025-11-15,0.21,12.29
AGX00005715,AGT0058,POL0002775,New Business,2026-06-24,0.15,296.55
AGX00005716,AGT0143,POL0004552,Renewal,2026-03-16,0.17,274.95
AGX00005717,AGT0133,POL0003526,Renewal,2023-10-17,0.1,41.57
AGX00005718,AGT0055,POL0002346,New Business,2021-08-14,0.22,175.44
AGX00005719,AGT0135,POL0000163,Renewal,2025-09-01,0.15,174.26
AGX00005720,AGT0035,POL0003712,Renewal,2024-03-15,0.17,121.34
AGX00005721,AGT0003,POL0004988,New Business,2022-11-01,0.19,33.77
AGX00005722,AGT0051,POL0001115,Renewal,2025-01-28,0.11,119.38
AGX00005723,AGT0037,POL0000548,Renewal,2024-01-15,0.05,69.23
AGX00005724,AGT0044,POL0000713,Renewal,2024-12-17,0.2,64.33
AGX00005725,AGT0090,POL0001997,Renewal,2025-07-25,0.11,190.77
AGX00005726,AGT0088,POL0001029,New Business,2026-01-06,0.25,145.84
AGX00005727,AGT0124,POL0004887,New Business,2023-06-01,0.24,374.58
AGX00005728,AGT0059,POL0001363,New Business,2024-01-09,0.15,212.02
AGX00005729,AGT0043,POL0004495,Renewal,2022-06-06,0.06,11.23
AGX00005730,AGT0100,POL0000242,Renewal,2023-10-31,0.17,49.87
AGX00005731,AGT0047,POL0000370,Renewal,2024-03-18,0.21,211.73
AGX00005732,AGT0074,POL0004138,Renewal,2026-05-01,0.1,165.81
AGX00005733,AGT0047,POL0004186,Renewal,2025-07-06,0.21,319.97
AGX00005734,AGT0106,POL0001189,New Business,2022-11-21,0.09,43.4
AGX00005735,AGT0085,POL0000074,New Business,2026-03-08,0.16,92.69
AGX00005736,AGT0006,POL0001347,New Business,2026-07-29,0.06,5.42
AGX00005737,AGT0074,POL0004913,Renewal,2026-05-24,0.16,19.1
AGX00005738,AGT0103,POL0004867,Renewal,2023-10-01,0.18,72.12
AGX00005739,AGT0130,POL0000551,Renewal,2025-10-01,0.19,297.94
AGX00005740,AGT0001,POL0001156,Renewal,2026-08-07,0.08,81.96
AGX00005741,AGT0069,POL0002170,Renewal,2025-12-11,0.12,16.76
AGX00005742,AGT0092,POL0003613,New Business,2023-06-15,0.24,265.56
AGX00005743,AGT0137,POL0003912,Renewal,2022-07-28,0.06,47.58
AGX00005744,AGT0115,POL0003331,Renewal,2026-01-20,0.11,138.9
AGX00005745,AGT0096,POL0003768,Renewal,2025-11-02,0.23,395.42
AGX00005746,AGT0104,POL0002420,Renewal,2025-05-07,0.21,220.11
AGX00005747,AGT0064,POL0000766,New Business,2025-12-15,0.17,262.42
AGX00005748,AGT0070,POL0004199,New Business,2026-08-13,0.09,85.26
AGX00005749,AGT0063,POL0004756,Renewal,2025-11-25,0.17,80.29
AGX00005750,AGT0096,POL0001711,Renewal,2022-09-06,0.08,111.17
AGX00005751,AGT0110,POL0000962,Renewal,2026-04-14,0.06,86.45
AGX00005752,AGT0060,POL0003716,New Business,2024-09-13,0.19,120.25
AGX00005753,AGT0095,POL0002742,Renewal,2023-09-17,0.08,11.48
AGX00005754,AGT0070,POL0004707,Renewal,2026-07-18,0.12,232.61
AGX00005755,AGT0012,POL0001395,Renewal,2024-11-17,0.1,183.79
AGX00005756,AGT0043,POL0002606,Renewal,2026-03-19,0.11,76.74
AGX00005757,AGT0142,POL0003293,New Business,2023-08-18,0.07,4.55
AGX00005758,AGT0017,POL0003654,Renewal,2025-05-20,0.07,106.81
AGX00005759,AGT0021,POL0001289,Renewal,2026-05-07,0.2,94.43
AGX00005760,AGT0046,POL0002917,New Business,2026-07-17,0.21,61.53
AGX00005761,AGT0116,POL0001100,Renewal,2022-12-21,0.1,75.39
AGX00005762,AGT0031,POL0001533,Renewal,2022-05-01,0.2,117.62
AGX00005763,AGT0003,POL0001947,New Business,2024-04-26,0.1,173.3
AGX00005764,AGT0071,POL0004425,New Business,2025-05-09,0.1,43.51
AGX00005765,AGT0069,POL0000463,New Business,2023-01-31,0.24,31.14
AGX00005766,AGT0149,POL0004910,Renewal,2025-08-22,0.2,320.53
AGX00005767,AGT0042,POL0000832,Renewal,2023-12-26,0.05,9.07
AGX00005768,AGT0017,POL0003022,Renewal,2024-12-08,0.08,126.04
AGX00005769,AGT0050,POL0004983,Renewal,2024-12-21,0.16,179.8
AGX00005770,AGT0077,POL0002838,Renewal,2025-09-24,0.17,215.38
AGX00005771,AGT0043,POL0002163,New Business,2026-07-07,0.22,264.5
AGX00005772,AGT0095,POL0004714,Renewal,2021-11-27,0.06,24.11
AGX00005773,AGT0047,POL0000245,New Business,2025-11-22,0.15,8.78
AGX00005774,AGT0124,POL0004384,Renewal,2024-05-13,0.22,301.57
AGX00005775,AGT0102,POL0004029,New Business,2023-01-05,0.19,282.61
AGX00005776,AGT0134,POL0000097,New Business,2025-10-12,0.12,162.55
AGX00005777,AGT0141,POL0002570,New Business,2024-08-18,0.13,106.26
AGX00005778,AGT0124,POL0004454,Renewal,2025-11-25,0.08,155.16
AGX00005779,AGT0037,POL0003588,Renewal,2024-08-03,0.18,299.35
AGX00005780,AGT0122,POL0000803,New Business,2024-08-29,0.17,307.25
AGX00005781,AGT0098,POL0003846,New Business,2023-05-15,0.25,159.72
AGX00005782,AGT0122,POL0000018,Renewal,2025-02-13,0.11,96.95
AGX00005783,AGT0115,POL0004183,Renewal,2024-02-12,0.2,241.44
AGX00005784,AGT0107,POL0001752,Renewal,2026-03-28,0.21,35.77
AGX00005785,AGT0098,POL0000269,Renewal,2025-09-08,0.17,279.37
AGX00005786,AGT0146,POL0001444,Renewal,2026-02-18,0.14,248.52
AGX00005787,AGT0100,POL0004986,New Business,2026-04-01,0.16,291.73
AGX00005788,AGT0060,POL0000171,Renewal,2024-10-03,0.18,316.41
AGX00005789,AGT0093,POL0002181,New Business,2024-01-04,0.21,15.88
AGX00005790,AGT0016,POL0000155,Renewal,2024-12-14,0.25,279.38
AGX00005791,AGT0087,POL0000849,Renewal,2024-08-12,0.07,9.2
AGX00005792,AGT0124,POL0003202,New Business,2025-06-30,0.19,334.47
AGX00005793,AGT0142,POL0004631,New Business,2023-08-31,0.16,78.63
AGX00005794,AGT0121,POL0001109,New Business,2026-06-24,0.13,190.59
AGX00005795,AGT0042,POL0003117,Renewal,2022-11-07,0.12,237.49
AGX00005796,AGT0150,POL0001639,New Business,2025-01-27,0.21,328.66
AGX00005797,AGT0135,POL0002137,Renewal,2024-05-10,0.07,137.66
AGX00005798,AGT0140,POL0001422,Renewal,2025-03-05,0.16,30.73
AGX00005799,AGT0006,POL0004645,Renewal,2023-12-09,0.09,131.76
AGX00005800,AGT0128,POL0004072,Renewal,2024-05-09,0.05,67.16
AGX00005801,AGT0011,POL0000413,New Business,2026-05-20,0.21,322.62
AGX00005802,AGT0052,POL0003864,Renewal,2026-02-02,0.11,5.91
AGX00005803,AGT0061,POL0000648,New Business,2025-08-14,0.05,73.11
AGX00005804,AGT0085,POL0000443,Renewal,2026-05-22,0.07,32.85
AGX00005805,AGT0009,POL0001120,New Business,2025-04-14,0.23,108.2
AGX00005806,AGT0124,POL0000290,Renewal,2022-02-11,0.24,219.16
AGX00005807,AGT0108,POL0001862,Renewal,2026-04-26,0.14,163.14
AGX00005808,AGT0031,POL0004372,Renewal,2024-09-01,0.12,45.32
AGX00005809,AGT0037,POL0004686,New Business,2022-12-11,0.12,18.2
AGX00005810,AGT0052,POL0003965,New Business,2026-07-06,0.12,82.97
AGX00005811,AGT0029,POL0003162,New Business,2026-02-16,0.11,126.97
AGX00005812,AGT0146,POL0001038,Renewal,2023-11-24,0.13,34.14
AGX00005813,AGT0076,POL0000850,Renewal,2026-03-01,0.14,224.24
AGX00005814,AGT0009,POL0001654,Renewal,2022-04-14,0.11,202.06
AGX00005815,AGT0046,POL0002978,Renewal,2025-07-12,0.13,174.78
AGX00005816,AGT0058,POL0000610,New Business,2024-12-12,0.17,307.98
AGX00005817,AGT0086,POL0001843,New Business,2024-12-14,0.16,289.8
AGX00005818,AGT0007,POL0003921,New Business,2026-05-18,0.1,184.83
AGX00005819,AGT0126,POL0004288,New Business,2026-04-28,0.21,409.55
AGX00005820,AGT0010,POL0000669,New Business,2024-10-20,0.18,78.24
AGX00005821,AGT0035,POL0003351,Renewal,2026-04-20,0.24,216.45
AGX00005822,AGT0111,POL0003377,Renewal,2023-06-08,0.07,17.76
AGX00005823,AGT0133,POL0003873,Renewal,2025-04-25,0.16,91.59
AGX00005824,AGT0044,POL0004612,Renewal,2022-10-16,0.22,121.86
AGX00005825,AGT0096,POL0004208,Renewal,2026-02-06,0.25,316.46
AGX00005826,AGT0030,POL0003614,New Business,2024-02-22,0.07,61.47
AGX00005827,AGT0064,POL0000521,Renewal,2023-05-23,0.13,250.04
AGX00005828,AGT0037,POL0004177,Renewal,2026-08-05,0.07,76.41
AGX00005829,AGT0051,POL0002633,New Business,2026-03-10,0.17,20.18
AGX00005830,AGT0043,POL0002274,Renewal,2025-11-10,0.11,162.12
AGX00005831,AGT0085,POL0003268,Renewal,2026-01-18,0.18,74.74
AGX00005832,AGT0063,POL0002899,Renewal,2024-07-13,0.1,141.55
AGX00005833,AGT0104,POL0000926,Renewal,2026-06-16,0.18,245.75
AGX00005834,AGT0090,POL0000107,Renewal,2025-11-21,0.21,416.07
AGX00005835,AGT0079,POL0002505,New Business,2026-01-06,0.06,10.64
AGX00005836,AGT0103,POL0004530,New Business,2022-10-23,0.23,355.94
AGX00005837,AGT0084,POL0000252,New Business,2026-03-11,0.12,61.98
AGX00005838,AGT0003,POL0003977,New Business,2025-10-10,0.07,81.92
AGX00005839,AGT0141,POL0001928,New Business,2021-11-25,0.09,132.55
AGX00005840,AGT0047,POL0004186,Renewal,2025-10-19,0.12,182.84
AGX00005841,AGT0057,POL0003896,New Business,2026-05-19,0.18,81.23
AGX00005842,AGT0106,POL0000167,Renewal,2026-07-31,0.1,66.23
AGX00005843,AGT0123,POL0002111,Renewal,2025-12-23,0.16,13.74
AGX00005844,AGT0135,POL0001523,New Business,2025-03-16,0.22,287.42
AGX00005845,AGT0051,POL0000045,Renewal,2022-07-10,0.15,208.34
AGX00005846,AGT0111,POL0001692,Renewal,2022-04-05,0.08,145.11
AGX00005847,AGT0046,POL0001827,New Business,2026-04-30,0.17,300.37
AGX00005848,AGT0014,POL0002246,New Business,2026-02-01,0.16,224.29
AGX00005849,AGT0079,POL0002780,New Business,2024-10-06,0.15,265.94
AGX00005850,AGT0120,POL0004123,Renewal,2025-10-25,0.08,143.72
AGX00005851,AGT0022,POL0000288,New Business,2026-07-31,0.15,156.45
AGX00005852,AGT0041,POL0003791,Renewal,2025-09-26,0.23,422.38
AGX00005853,AGT0062,POL0001418,Renewal,2023-06-16,0.24,266.58
AGX00005854,AGT0117,POL0000532,New Business,2026-07-28,0.17,193.68
AGX00005855,AGT0015,POL0000351,New Business,2023-05-22,0.13,219.13
AGX00005856,AGT0064,POL0003488,Renewal,2022-07-25,0.15,212.47
AGX00005857,AGT0084,POL0000049,Renewal,2026-06-12,0.17,36.93
AGX00005858,AGT0002,POL0004593,Renewal,2025-11-05,0.22,219.7
AGX00005859,AGT0054,POL0000001,Renewal,2024-04-12,0.24,265.09
AGX00005860,AGT0011,POL0000110,Renewal,2025-07-04,0.23,403.47
AGX00005861,AGT0038,POL0001356,New Business,2023-04-22,0.15,220.83
AGX00005862,AGT0071,POL0001709,Renewal,2026-05-06,0.07,11.14
AGX00005863,AGT0093,POL0000109,New Business,2023-08-16,0.23,81.49
AGX00005864,AGT0037,POL0004850,New Business,2024-01-16,0.17,160.92
AGX00005865,AGT0039,POL0004251,Renewal,2026-08-15,0.14,174.44
AGX00005866,AGT0096,POL0002875,Renewal,2024-08-24,0.06,115.18
AGX00005867,AGT0121,POL0001140,Renewal,2026-07-18,0.12,205.26
AGX00005868,AGT0009,POL0001591,Renewal,2025-03-15,0.11,202.46
AGX00005869,AGT0104,POL0001750,New Business,2025-04-03,0.2,110.72
AGX00005870,AGT0025,POL0002593,Renewal,2026-04-15,0.17,282.84
AGX00005871,AGT0106,POL0000538,Renewal,2025-10-27,0.07,101.52
AGX00005872,AGT0102,POL0000469,New Business,2026-02-18,0.23,299.14
AGX00005873,AGT0131,POL0002795,New Business,2024-01-05,0.06,30.42
AGX00005874,AGT0055,POL0002059,New Business,2022-03-16,0.06,3.99
AGX00005875,AGT0062,POL0001399,New Business,2026-08-08,0.07,131.62
AGX00005876,AGT0029,POL0002156,Renewal,2026-08-26,0.17,13.11
AGX00005877,AGT0128,POL0001930,Renewal,2026-09-11,0.14,161.14
AGX00005878,AGT0094,POL0003192,Renewal,2024-01-28,0.14,62.14
AGX00005879,AGT0118,POL0001171,Renewal,2026-06-01,0.06,79.25
AGX00005880,AGT0085,POL0002672,New Business,2026-01-27,0.06,34.54
AGX00005881,AGT0043,POL0000078,New Business,2026-07-31,0.07,68.2
AGX00005882,AGT0092,POL0003044,Renewal,2026-01-11,0.14,278.67
AGX00005883,AGT0103,POL0004530,New Business,2025-03-05,0.22,340.46
AGX00005884,AGT0098,POL0000269,Renewal,2026-07-30,0.15,246.51
AGX00005885,AGT0048,POL0004824,Renewal,2025-08-16,0.21,244.24
AGX00005886,AGT0031,POL0000331,Renewal,2022-12-18,0.19,153.63
AGX00005887,AGT0099,POL0003790,Renewal,2026-03-21,0.25,75.42
AGX00005888,AGT0036,POL0001833,Renewal,2025-10-21,0.11,51.35
AGX00005889,AGT0020,POL0004569,New Business,2022-07-01,0.12,229.85
AGX00005890,AGT0004,POL0004241,Renewal,2022-11-10,0.09,138.87
AGX00005891,AGT0032,POL0003703,Renewal,2025-12-11,0.07,81.38
AGX00005892,AGT0141,POL0003032,New Business,2022-09-17,0.18,165.75
AGX00005893,AGT0056,POL0001532,Renewal,2026-08-24,0.12,99.87
AGX00005894,AGT0049,POL0003674,Renewal,2023-03-30,0.22,347.21
AGX00005895,AGT0124,POL0004299,New Business,2026-09-03,0.24,383.23
AGX00005896,AGT0133,POL0001315,New Business,2026-05-08,0.07,42.05
AGX00005897,AGT0041,POL0004754,New Business,2022-11-05,0.06,87.71
AGX00005898,AGT0078,POL0000977,Renewal,2021-11-18,0.1,118.15
AGX00005899,AGT0149,POL0001308,Renewal,2025-01-04,0.22,242.04
AGX00005900,AGT0089,POL0004398,New Business,2024-01-18,0.25,216.78
AGX00005901,AGT0080,POL0004358,New Business,2026-07-31,0.09,125.68
AGX00005902,AGT0043,POL0004414,Renewal,2021-09-12,0.22,425.54
AGX00005903,AGT0037,POL0004177,New Business,2026-09-06,0.11,120.07
AGX00005904,AGT0100,POL0004493,New Business,2024-07-02,0.09,58.22
AGX00005905,AGT0041,POL0003256,Renewal,2026-06-06,0.18,303.44
AGX00005906,AGT0059,POL0000317,New Business,2024-03-12,0.13,13.68
AGX00005907,AGT0084,POL0001449,New Business,2023-02-18,0.17,284.72
AGX00005908,AGT0105,POL0004335,Renewal,2026-08-12,0.09,96.36
AGX00005909,AGT0091,POL0003831,Renewal,2023-07-20,0.15,123.52
AGX00005910,AGT0028,POL0002854,Renewal,2021-05-18,0.19,368.27
AGX00005911,AGT0148,POL0003029,Renewal,2022-11-27,0.15,209.98
AGX00005912,AGT0120,POL0004096,New Business,2026-01-19,0.23,15.33
AGX00005913,AGT0028,POL0004226,Renewal,2024-02-21,0.14,185.71
AGX00005914,AGT0071,POL0001306,Renewal,2022-11-23,0.15,88.74
AGX00005915,AGT0033,POL0000039,Renewal,2025-12-28,0.06,15.88
AGX00005916,AGT0142,POL0001714,Renewal,2026-01-24,0.07,38.37
AGX00005917,AGT0131,POL0003260,New Business,2024-06-28,0.24,303.22
AGX00005918,AGT0107,POL0003069,Renewal,2025-01-28,0.11,130.56
AGX00005919,AGT0015,POL0001856,New Business,2025-11-01,0.1,16.02
AGX00005920,AGT0142,POL0004105,Renewal,2025-12-13,0.14,248.17
AGX00005921,AGT0114,POL0002759,Renewal,2025-11-10,0.19,264.95
AGX00005922,AGT0049,POL0003674,Renewal,2025-10-14,0.21,331.43
AGX00005923,AGT0087,POL0001132,New Business,2026-08-04,0.07,109.15
AGX00005924,AGT0010,POL0000007,New Business,2026-08-22,0.19,348.66
AGX00005925,AGT0130,POL0004128,Renewal,2025-07-27,0.09,60.66
AGX00005926,AGT0147,POL0000987,Renewal,2024-09-11,0.06,20.53
AGX00005927,AGT0125,POL0003403,Renewal,2023-10-01,0.16,109.72
AGX00005928,AGT0037,POL0002811,Renewal,2026-06-06,0.17,219.95
AGX00005929,AGT0090,POL0004344,Renewal,2026-04-02,0.07,56.27
AGX00005930,AGT0015,POL0001476,Renewal,2026-05-03,0.17,314.08
AGX00005931,AGT0004,POL0001377,Renewal,2022-03-01,0.25,150.47
AGX00005932,AGT0127,POL0002013,New Business,2026-09-03,0.09,60.41
AGX00005933,AGT0053,POL0003211,New Business,2022-06-09,0.2,183.51
AGX00005934,AGT0148,POL0002120,Renewal,2026-04-03,0.12,190.94
AGX00005935,AGT0059,POL0004285,New Business,2026-05-12,0.24,378.92
AGX00005936,AGT0135,POL0002474,Renewal,2021-11-13,0.14,181.89
AGX00005937,AGT0138,POL0002074,Renewal,2026-03-27,0.14,151.26
AGX00005938,AGT0052,POL0000679,New Business,2024-03-03,0.13,257.73
AGX00005939,AGT0015,POL0002624,New Business,2022-12-05,0.2,245.26
AGX00005940,AGT0072,POL0002112,Renewal,2026-06-19,0.13,224.63
AGX00005941,AGT0037,POL0004611,Renewal,2023-10-12,0.15,207.53
AGX00005942,AGT0023,POL0003510,Renewal,2021-07-10,0.08,44.3
AGX00005943,AGT0085,POL0002842,New Business,2026-07-25,0.09,50.96
AGX00005944,AGT0148,POL0002294,New Business,2026-03-18,0.22,374.52
AGX00005945,AGT0047,POL0001339,Renewal,2025-06-16,0.07,82.74
AGX00005946,AGT0129,POL0004561,New Business,2025-11-26,0.08,38.04
AGX00005947,AGT0052,POL0004102,New Business,2025-02-25,0.21,306.58
AGX00005948,AGT0121,POL0004994,Renewal,2024-12-22,0.19,284.0
AGX00005949,AGT0068,POL0003951,Renewal,2026-08-26,0.17,327.93
AGX00005950,AGT0023,POL0004745,New Business,2026-09-03,0.24,404.67
AGX00005951,AGT0078,POL0000530,Renewal,2024-12-22,0.24,246.15
AGX00005952,AGT0027,POL0000234,Renewal,2026-05-30,0.1,148.02
AGX00005953,AGT0038,POL0004295,Renewal,2024-11-07,0.25,157.44
AGX00005954,AGT0053,POL0003686,Renewal,2024-09-24,0.18,39.15
AGX00005955,AGT0021,POL0000563,Renewal,2023-12-25,0.2,215.56
AGX00005956,AGT0012,POL0002270,Renewal,2025-06-18,0.23,61.98
AGX00005957,AGT0024,POL0003684,Renewal,2026-03-11,0.12,221.01
AGX00005958,AGT0126,POL0003294,New Business,2021-07-21,0.22,212.82
AGX00005959,AGT0027,POL0000642,Renewal,2026-09-05,0.13,103.4
AGX00005960,AGT0087,POL0000993,Renewal,2024-01-14,0.06,12.48
AGX00005961,AGT0025,POL0002733,Renewal,2025-09-16,0.19,40.34
AGX00005962,AGT0133,POL0003327,New Business,2026-01-29,0.2,274.22
AGX00005963,AGT0077,POL0000893,New Business,2023-12-25,0.11,95.77
AGX00005964,AGT0004,POL0000528,New Business,2024-12-21,0.25,262.7
AGX00005965,AGT0044,POL0001283,Renewal,2026-08-16,0.22,130.89
AGX00005966,AGT0126,POL0002644,New Business,2026-07-06,0.16,317.76
AGX00005967,AGT0102,POL0001787,Renewal,2024-08-27,0.24,450.95
AGX00005968,AGT0043,POL0000805,New Business,2023-03-05,0.06,20.71
AGX00005969,AGT0112,POL0002785,Renewal,2023-11-26,0.24,355.79
AGX00005970,AGT0124,POL0000290,Renewal,2022-06-08,0.18,164.37
AGX00005971,AGT0012,POL0003886,New Business,2023-09-18,0.17,319.82
AGX00005972,AGT0074,POL0002191,New Business,2023-01-11,0.12,57.91
AGX00005973,AGT0110,POL0001286,New Business,2026-09-07,0.21,150.81
AGX00005974,AGT0031,POL0003496,Renewal,2022-11-30,0.1,50.68
AGX00005975,AGT0132,POL0004491,Renewal,2021-07-18,0.12,221.82
AGX00005976,AGT0138,POL0000160,New Business,2025-09-22,0.09,150.2
AGX00005977,AGT0131,POL0003955,Renewal,2024-09-14,0.05,89.05
AGX00005978,AGT0118,POL0002893,Renewal,2026-01-21,0.12,162.79
AGX00005979,AGT0054,POL0003998,Renewal,2026-06-13,0.21,365.17
AGX00005980,AGT0124,POL0003869,Renewal,2023-10-21,0.08,77.72
AGX00005981,AGT0146,POL0003524,Renewal,2022-04-29,0.2,254.14
AGX00005982,AGT0023,POL0003431,New Business,2026-05-31,0.21,161.59
AGX00005983,AGT0080,POL0002228,Renewal,2026-06-16,0.11,63.13
AGX00005984,AGT0006,POL0002103,Renewal,2025-03-22,0.1,148.4
AGX00005985,AGT0063,POL0003669,New Business,2026-08-26,0.21,344.62
AGX00005986,AGT0050,POL0003667,Renewal,2024-10-06,0.25,369.53
AGX00005987,AGT0032,POL0004821,Renewal,2026-05-09,0.22,123.42
AGX00005988,AGT0119,POL0001105,New Business,2025-08-13,0.06,48.83
AGX00005989,AGT0123,POL0003844,Renewal,2026-04-16,0.08,85.67
AGX00005990,AGT0146,POL0003646,New Business,2026-01-16,0.23,88.89
AGX00005991,AGT0021,POL0003943,Renewal,2024-12-18,0.07,4.99
AGX00005992,AGT0066,POL0000719,Renewal,2022-01-08,0.11,115.6
AGX00005993,AGT0083,POL0002645,New Business,2024-09-16,0.13,163.97
AGX00005994,AGT0121,POL0001894,Renewal,2025-10-13,0.18,316.75
AGX00005995,AGT0033,POL0002559,Renewal,2026-06-09,0.14,252.78
AGX00005996,AGT0146,POL0002360,Renewal,2026-06-11,0.05,87.99
AGX00005997,AGT0023,POL0003382,Renewal,2026-06-11,0.1,179.64
AGX00005998,AGT0103,POL0002581,New Business,2026-04-24,0.09,153.64
AGX00005999,AGT0123,POL0004477,New Business,2026-03-15,0.14,87.77
AGX00006000,AGT0037,POL0002811,New Business,2026-06-19,0.23,297.58
