participant_id,full_name,ic_number,date_of_birth,gender,state,join_date
PTP000001,Amir bin Ismail,710122-08-2286,1971-01-22,M,Penang,2022-04-02
PTP000002,Muhammad bin Ismail,781126-08-8279,1978-11-26,M,Sarawak,2025-09-25
PTP000003,Aina binti Hassan,720321-01-2615,1972-03-21,F,Pahang,2025-09-15
PTP000004,Farah bin Abdullah,780523-03-6224,1978-05-23,M,Terengganu,2024-02-13
PTP000005,Tan Boon Huat,610311-15-8785,1961-03-11,M,Kelantan,2024-11-09
PTP000006,Aina binti Hassan,881104-07-1139,1988-11-04,M,Kedah,2021-11-19
PTP000007,Priya a/l Muthu,860419-13-4554,1986-04-19,F,Terengganu,2024-03-31
PTP000008,Nur binti Ibrahim,830728-09-1169,1983-07-28,M,Kedah,2022-10-29
PTP000009,Amir binti Ibrahim,640302-08-5313,1964-03-02,M,Kedah,2022-11-01
PTP000010,Wong Mei Yee,610112-03-3456,1961-01-12,F,Sarawak,2021-05-12
PTP000011,Hafiz bin Ismail,540718-09-2287,1954-07-18,M,Melaka,2026-08-07
PTP000012,Devi a/l Krishnan,601221-08-2266,1960-12-21,F,Penang,2025-10-21
PTP000013,Priya a/p Rajan,711124-14-9771,1971-11-24,M,Kelantan,2021-07-12
PTP000014,Hafiz bin Yusof,970703-09-9064,1997-07-03,M,Johor,2025-04-13
PTP000015,Lee Wei Ling,951222-10-7123,1995-12-22,M,Putrajaya,2023-12-29
PTP000016,Kavitha a/l Krishnan,610514-06-8317,1961-05-14,M,Negeri Sembilan,2021-01-14
PTP000017,Lim Mei Yee,860928-06-8837,1986-09-28,M,Pahang,2026-09-11
PTP000018,Farah binti Hassan,771010-08-0949,1977-10-10,M,Penang,2026-06-25
PTP000019,Tan Siew Fong,580806-05-2103,1958-08-06,F,Sabah,2021-12-17
PTP000020,Aina binti Rahman,701110-07-8835,1970-11-10,M,Negeri Sembilan,2023-12-22
PTP000021,Kavitha a/l Krishnan,661106-15-8479,1966-11-06,F,Johor,2025-06-23
PTP000022,Farah bin Abdullah,800922-08-9641,1980-09-22,M,Selangor,2023-10-13
PTP000023,Tan Chee Keong,650316-03-0514,1965-03-16,F,Penang,2021-10-18
PTP000024,Hafiz bin Ismail,630530-05-9355,1963-05-30,F,Kedah,2023-09-02
PTP000025,Lim Wei Ling,741219-04-7062,1974-12-19,F,Perlis,2026-04-22
PTP000026,Ahmad binti Ibrahim,010503-04-0993,2001-05-03,F,Pahang,2025-08-11
PTP000027,Nur bin Yusof,950820-15-2296,1995-08-20,F,Sabah,2022-03-24
PTP000028,Muhammad binti Rahman,730807-04-0828,1973-08-07,M,Penang,2024-02-15
PTP000029,Hafiz binti Rahman,700531-07-6570,1970-05-31,M,Sabah,2023-08-27
PTP000030,Aisyah binti Hassan,781110-15-4673,1978-11-10,F,Labuan,2025-04-02
PTP000031,Nur bin Abdullah,701031-02-5138,1970-10-31,M,Kuala Lumpur,2022-09-27
PTP000032,Zulkifli bin Ismail,970425-02-8320,1997-04-25,M,Sabah,2026-05-07
PTP000033,Nur binti Rahman,050205-04-9333,2005-02-05,M,Kuala Lumpur,2021-10-08
PTP000034,Aina bin Yusof,810217-11-4272,1981-02-17,M,Pahang,2021-12-02
PTP000035,Siti binti Ibrahim,560507-10-7491,1956-05-07,F,Penang,2023-09-05
PTP000036,Aina bin Abdullah,850224-03-8808,1985-02-24,M,Melaka,2021-02-08
PTP000037,Kumar a/p Rajan,961006-12-4669,1996-10-06,M,Putrajaya,2022-06-27
PTP000038,Ng Siew Fong,950317-01-9086,1995-03-17,F,Johor,2024-05-24
PTP000039,Muhammad binti Ibrahim,020710-05-4462,2002-07-10,F,Sarawak,2022-07-05
PTP000040,Amir bin Yusof,970802-16-4114,1997-08-02,M,Penang,2024-11-05
PTP000041,Tan Wei Ling,750417-11-2143,1975-04-17,F,Sabah,2025-10-01
PTP000042,Aisyah bin Yusof,610215-01-1832,1961-02-15,M,Perak,2025-12-15
PTP000043,Chong Siew Fong,741018-05-7041,1974-10-18,M,Kuala Lumpur,2021-05-28
PTP000044,Ahmad binti Hassan,740530-07-4088,1974-05-30,M,Terengganu,2024-06-16
PTP000045,Kavitha a/p Rajan,901003-08-2662,1990-10-03,M,Perlis,2025-07-23
PTP000046,Farah binti Rahman,760704-08-4371,1976-07-04,M,Johor,2021-04-12
PTP000047,Devi a/p Rajan,040508-07-7541,2004-05-08,F,Negeri Sembilan,2025-04-16
PTP000048,Nur binti Rahman,620813-11-4564,1962-08-13,M,Melaka,2023-07-22
PTP000049,Wong Boon Huat,970720-11-0452,1997-07-20,M,Melaka,2024-12-09
PTP000050,Amir bin Abdullah,630306-04-9774,1963-03-06,F,Terengganu,2023-01-02
PTP000051,Zulkifli bin Abdullah,050917-13-9446,2005-09-17,M,Melaka,2024-07-08
PTP000052,Tan Siew Fong,710923-07-5967,1971-09-23,F,Penang,2021-07-01
PTP000053,Ng Wei Ling,610514-10-8308,1961-05-14,F,Perlis,2024-09-14
PTP000054,Amir bin Yusof,951030-05-3143,1995-10-30,F,Kelantan,2024-08-29
PTP000055,Lee Kok Wai,950113-01-4978,1995-01-13,F,Sarawak,2022-12-14
PTP000056,Chong Boon Huat,940407-11-7618,1994-04-07,F,Putrajaya,2025-10-27
PTP000057,Siti binti Ibrahim,061106-03-4649,2006-11-06,F,Penang,2023-05-26
PTP000058,Lim Chee Keong,740114-05-0400,1974-01-14,M,Kedah,2023-08-21
PTP000059,Tan Kok Wai,851028-14-9431,1985-10-28,M,Kelantan,2026-05-01
PTP000060,Siti binti Ibrahim,781102-01-1746,1978-11-02,F,Kedah,2026-07-18
PTP000061,Ng Siew Fong,730603-15-0822,1973-06-03,M,Johor,2022-12-22
PTP000062,Hafiz binti Ibrahim,630201-11-7251,1963-02-01,F,Putrajaya,2026-02-13
PTP000063,Wong Kok Wai,910223-09-4050,1991-02-23,F,Labuan,2022-10-14
PTP000064,Muhammad binti Ibrahim,851123-10-3841,1985-11-23,F,Pahang,2023-09-07
PTP000065,Kumar a/p Rajan,830312-05-3788,1983-03-12,F,Perak,2024-08-02
PTP000066,Aisyah binti Hassan,791129-15-6812,1979-11-29,M,Sarawak,2023-05-27
PTP000067,Aina binti Ibrahim,730926-01-9432,1973-09-26,F,Labuan,2025-09-17
PTP000068,Raj a/p Suppiah,761123-14-8818,1976-11-23,M,Labuan,2021-01-25
PTP000069,Hafiz bin Abdullah,030806-13-5507,2003-08-06,F,Sabah,2023-06-18
PTP000070,Suresh a/l Muthu,981105-13-9697,1998-11-05,M,Penang,2026-03-30
PTP000071,Hafiz bin Ismail,880209-02-4262,1988-02-09,F,Pahang,2025-10-22
PTP000072,Farah binti Rahman,580819-09-6906,1958-08-19,F,Penang,2023-05-17
PTP000073,Zulkifli bin Abdullah,681008-12-3673,1968-10-08,M,Kuala Lumpur,2026-04-11
PTP000074,Priya a/l Muthu,591117-05-3908,1959-11-17,M,Labuan,2021-05-08
PTP000075,Nur binti Rahman,630319-09-6043,1963-03-19,M,Johor,2022-04-14
PTP000076,Kumar a/l Muthu,000121-10-9433,2000-01-21,F,Kelantan,2022-11-02
PTP000077,Nur bin Abdullah,890219-10-9837,1989-02-19,M,Kuala Lumpur,2023-03-24
PTP000078,Farah bin Abdullah,600501-11-0207,1960-05-01,F,Labuan,2024-11-23
PTP000079,Farah binti Ibrahim,560321-15-2506,1956-03-21,F,Sabah,2022-03-09
PTP000080,Chong Kok Wai,810927-15-7136,1981-09-27,F,Pahang,2024-01-12
PTP000081,Tan Mei Yee,910829-15-3995,1991-08-29,F,Kelantan,2023-10-03
PTP000082,Farah bin Ismail,730202-16-3475,1973-02-02,F,Melaka,2024-10-09
PTP000083,Aina binti Ibrahim,741128-09-9106,1974-11-28,M,Sarawak,2024-10-26
PTP000084,Aisyah binti Rahman,650107-08-7800,1965-01-07,F,Putrajaya,2021-12-17
PTP000085,Nur binti Rahman,960129-08-5016,1996-01-29,F,Labuan,2021-03-12
PTP000086,Zulkifli binti Hassan,870307-12-7434,1987-03-07,F,Negeri Sembilan,2024-11-09
PTP000087,Nur binti Hassan,600113-04-8779,1960-01-13,M,Sarawak,2023-10-27
PTP000088,Lee Boon Huat,750716-10-1647,1975-07-16,M,Negeri Sembilan,2023-06-06
PTP000089,Amir bin Abdullah,870125-05-4494,1987-01-25,M,Kuala Lumpur,2023-07-21
PTP000090,Lim Boon Huat,520502-16-1680,1952-05-02,M,Negeri Sembilan,2024-04-11
PTP000091,Farah bin Ismail,080909-02-4136,2008-09-09,F,Johor,2026-04-07
PTP000092,Muhammad bin Yusof,800407-02-2485,1980-04-07,M,Negeri Sembilan,2021-09-25
PTP000093,Kumar a/p Suppiah,020514-08-8561,2002-05-14,F,Putrajaya,2021-12-15
PTP000094,Aina binti Rahman,670408-10-9316,1967-04-08,M,Johor,2025-12-19
PTP000095,Lee Boon Huat,580517-03-2573,1958-05-17,M,Sabah,2023-05-02
PTP000096,Aisyah binti Rahman,940113-16-4771,1994-01-13,M,Kedah,2021-11-04
PTP000097,Ng Kok Wai,590819-03-3824,1959-08-19,F,Sarawak,2024-03-26
PTP000098,Nur binti Ibrahim,010212-05-4352,2001-02-12,M,Penang,2025-10-08
PTP000099,Amir bin Yusof,700924-10-7195,1970-09-24,M,Putrajaya,2021-09-02
PTP000100,Lee Siew Fong,600415-16-7172,1960-04-15,M,Kuala Lumpur,2024-05-30
PTP000101,Chong Mei Yee,940420-01-1496,1994-04-20,M,Selangor,2025-11-05
PTP000102,Siti binti Rahman,770526-15-4557,1977-05-26,M,Perlis,2024-01-09
PTP000103,Devi a/l Krishnan,920420-14-5460,1992-04-20,F,Johor,2026-07-08
PTP000104,Hafiz binti Hassan,761017-13-9012,1976-10-17,M,Putrajaya,2022-10-21
PTP000105,Farah bin Abdullah,041012-13-8431,2004-10-12,M,Putrajaya,2021-12-27
PTP000106,Zulkifli binti Hassan,600131-16-7242,1960-01-31,M,Sarawak,2025-08-20
PTP000107,Amir binti Rahman,000116-16-1989,2000-01-16,M,Kedah,2023-12-30
PTP000108,Ahmad bin Yusof,940728-14-1527,1994-07-28,M,Johor,2022-10-11
PTP000109,Kavitha a/p Rajan,861024-16-4781,1986-10-24,F,Perlis,2026-03-06
PTP000110,Priya a/p Suppiah,860816-05-6284,1986-08-16,M,Perak,2026-05-31
PTP000111,Aisyah binti Hassan,731021-09-0042,1973-10-21,F,Negeri Sembilan,2021-10-13
PTP000112,Devi a/p Suppiah,720521-12-5446,1972-05-21,F,Putrajaya,2026-06-29
PTP000113,Kavitha a/p Rajan,621027-13-3826,1962-10-27,F,Kuala Lumpur,2024-08-11
PTP000114,Ng Kok Wai,790503-13-2492,1979-05-03,F,Kuala Lumpur,2024-07-27
PTP000115,Aina binti Hassan,080713-04-7213,2008-07-13,M,Putrajaya,2022-06-02
PTP000116,Wong Boon Huat,930827-05-1225,1993-08-27,F,Melaka,2021-03-04
PTP000117,Wong Boon Huat,990315-03-5383,1999-03-15,F,Pahang,2024-10-18
PTP000118,Kumar a/l Muthu,950702-08-4708,1995-07-02,M,Penang,2026-06-22
PTP000119,Kavitha a/l Muthu,750530-15-2725,1975-05-30,F,Selangor,2025-11-13
PTP000120,Ahmad binti Hassan,510107-12-6141,1951-01-07,F,Perak,2021-07-08
PTP000121,Aina binti Ibrahim,020304-06-2785,2002-03-04,M,Penang,2023-09-28
PTP000122,Lim Kok Wai,041003-05-3804,2004-10-03,F,Melaka,2025-04-16
PTP000123,Ahmad binti Rahman,700904-10-8955,1970-09-04,M,Penang,2026-02-26
PTP000124,Suresh a/l Krishnan,981113-14-4097,1998-11-13,F,Negeri Sembilan,2025-12-15
PTP000125,Devi a/l Muthu,600126-08-6248,1960-01-26,F,Negeri Sembilan,2023-03-27
PTP000126,Aisyah binti Hassan,560101-01-9272,1956-01-01,M,Labuan,2024-04-24
PTP000127,Lim Siew Fong,840807-12-3588,1984-08-07,M,Melaka,2024-03-18
PTP000128,Ng Boon Huat,010804-02-5061,2001-08-04,F,Kuala Lumpur,2022-07-15
PTP000129,Tan Mei Yee,751116-11-6807,1975-11-16,M,Sarawak,2025-02-03
PTP000130,Lee Siew Fong,830211-09-2695,1983-02-11,F,Labuan,2022-06-26
PTP000131,Lee Wei Ling,900330-15-1233,1990-03-30,M,Kedah,2024-04-23
PTP000132,Suresh a/l Krishnan,530815-03-6464,1953-08-15,M,Melaka,2025-06-16
PTP000133,Amir bin Yusof,650731-13-6086,1965-07-31,M,Kedah,2022-05-22
PTP000134,Zulkifli binti Hassan,660225-08-1035,1966-02-25,F,Negeri Sembilan,2026-04-16
PTP000135,Ahmad bin Abdullah,010506-10-8071,2001-05-06,M,Johor,2025-07-31
PTP000136,Priya a/p Suppiah,511114-15-6078,1951-11-14,F,Perak,2023-08-20
PTP000137,Wong Siew Fong,890614-14-4583,1989-06-14,M,Terengganu,2025-08-27
PTP000138,Nur binti Hassan,870110-04-6018,1987-01-10,F,Kuala Lumpur,2023-06-09
PTP000139,Muhammad binti Rahman,570825-03-3475,1957-08-25,M,Kuala Lumpur,2025-06-19
PTP000140,Siti bin Yusof,660405-07-1124,1966-04-05,M,Sarawak,2024-09-28
PTP000141,Siti bin Yusof,790107-01-4542,1979-01-07,M,Perak,2023-08-13
PTP000142,Tan Boon Huat,920430-01-2159,1992-04-30,M,Terengganu,2023-10-24
PTP000143,Ahmad bin Ismail,990710-09-0858,1999-07-10,M,Perlis,2023-09-02
PTP000144,Wong Kok Wai,550110-12-8408,1955-01-10,M,Putrajaya,2022-04-11
PTP000145,Aina bin Abdullah,971208-10-7504,1997-12-08,M,Kuala Lumpur,2026-08-26
PTP000146,Wong Boon Huat,830513-04-8032,1983-05-13,F,Penang,2026-05-16
PTP000147,Siti bin Abdullah,640118-05-4505,1964-01-18,F,Kelantan,2021-11-27
PTP000148,Aina binti Rahman,040517-04-1874,2004-05-17,M,Perlis,2024-04-22
PTP000149,Devi a/l Krishnan,850112-15-6532,1985-01-12,F,Johor,2026-01-24
PTP000150,Amir binti Hassan,651222-05-7770,1965-12-22,M,Penang,2024-07-04
PTP000151,Muhammad binti Ibrahim,080104-12-2131,2008-01-04,M,Pahang,2021-12-16
PTP000152,Aisyah binti Ibrahim,700314-02-4712,1970-03-14,F,Terengganu,2022-05-16
PTP000153,Nur bin Ismail,720401-16-3674,1972-04-01,M,Terengganu,2022-03-01
PTP000154,Amir bin Yusof,980221-08-7030,1998-02-21,M,Melaka,2025-02-14
PTP000155,Amir binti Hassan,971127-12-0100,1997-11-27,M,Perak,2021-04-29
PTP000156,Ahmad bin Abdullah,621123-07-6163,1962-11-23,F,Putrajaya,2025-06-30
PTP000157,Amir binti Ibrahim,780212-11-9299,1978-02-12,M,Kuala Lumpur,2024-10-28
PTP000158,Aina bin Abdullah,610128-03-4458,1961-01-28,F,Perlis,2022-09-30
PTP000159,Wong Mei Yee,860818-07-8394,1986-08-18,M,Terengganu,2026-06-13
PTP000160,Aina binti Rahman,750608-10-0744,1975-06-08,M,Kelantan,2025-10-27
PTP000161,Amir bin Ismail,690827-05-4186,1969-08-27,F,Pahang,2021-08-13
PTP000162,Aisyah bin Ismail,920820-05-6229,1992-08-20,M,Terengganu,2022-05-07
PTP000163,Ahmad binti Rahman,700129-01-7532,1970-01-29,M,Pahang,2021-10-23
PTP000164,Aisyah binti Hassan,691101-04-6636,1969-11-01,M,Pahang,2025-10-25
PTP000165,Chong Kok Wai,981129-12-1443,1998-11-29,F,Johor,2022-12-05
PTP000166,Aisyah bin Yusof,900322-03-6484,1990-03-22,F,Pahang,2023-09-24
PTP000167,Siti bin Abdullah,750225-04-8693,1975-02-25,M,Terengganu,2023-06-27
PTP000168,Ng Chee Keong,940107-08-1684,1994-01-07,M,Melaka,2024-12-09
PTP000169,Siti binti Ibrahim,930925-03-2902,1993-09-25,F,Putrajaya,2023-03-20
PTP000170,Chong Boon Huat,760820-11-5179,1976-08-20,M,Putrajaya,2026-01-13
PTP000171,Amir binti Hassan,980524-02-5766,1998-05-24,M,Negeri Sembilan,2021-10-07
PTP000172,Ahmad binti Hassan,540915-10-1257,1954-09-15,M,Kelantan,2026-03-07
PTP000173,Ahmad binti Rahman,870821-07-5267,1987-08-21,F,Perak,2026-03-11
PTP000174,Farah binti Ibrahim,680810-03-8266,1968-08-10,M,Kuala Lumpur,2021-09-11
PTP000175,Wong Siew Fong,581017-06-5962,1958-10-17,F,Negeri Sembilan,2023-10-12
PTP000176,Farah binti Ibrahim,921126-02-5482,1992-11-26,M,Pahang,2025-05-06
PTP000177,Aisyah binti Hassan,521027-09-9874,1952-10-27,M,Pahang,2022-01-23
PTP000178,Siti binti Hassan,620226-10-6421,1962-02-26,M,Penang,2021-11-30
PTP000179,Farah bin Ismail,921208-03-6937,1992-12-08,F,Selangor,2024-06-22
PTP000180,Nur binti Hassan,570924-16-3145,1957-09-24,M,Perak,2025-01-25
PTP000181,Muhammad bin Yusof,921227-02-5517,1992-12-27,M,Kelantan,2022-09-27
PTP000182,Aina bin Ismail,020118-15-0715,2002-01-18,F,Terengganu,2022-09-24
PTP000183,Suresh a/l Krishnan,710203-15-3833,1971-02-03,M,Negeri Sembilan,2023-08-31
PTP000184,Priya a/l Krishnan,520505-15-7564,1952-05-05,F,Kelantan,2026-04-06
PTP000185,Siti bin Ismail,550309-05-4096,1955-03-09,M,Labuan,2026-08-22
PTP000186,Muhammad binti Ibrahim,960430-04-4670,1996-04-30,M,Sabah,2025-03-01
PTP000187,Zulkifli bin Ismail,750813-14-1502,1975-08-13,M,Putrajaya,2024-01-23
PTP000188,Devi a/l Muthu,800320-13-8224,1980-03-20,F,Kedah,2024-12-02
PTP000189,Raj a/p Rajan,060622-01-5221,2006-06-22,M,Pahang,2025-05-01
PTP000190,Amir binti Rahman,740502-05-7685,1974-05-02,F,Selangor,2022-08-22
PTP000191,Nur bin Ismail,530717-14-1821,1953-07-17,F,Kedah,2021-11-21
PTP000192,Nur binti Rahman,990726-15-1029,1999-07-26,M,Labuan,2024-05-18
PTP000193,Chong Chee Keong,790401-05-4772,1979-04-01,F,Selangor,2021-03-09
PTP000194,Aisyah bin Ismail,760110-03-8576,1976-01-10,F,Penang,2024-12-16
PTP000195,Chong Siew Fong,800309-01-6397,1980-03-09,F,Kuala Lumpur,2026-09-10
PTP000196,Raj a/l Muthu,030417-12-1106,2003-04-17,F,Kedah,2025-05-04
PTP000197,Ng Mei Yee,531216-05-0726,1953-12-16,F,Pahang,2022-03-01
PTP000198,Ng Kok Wai,790103-16-2986,1979-01-03,M,Penang,2022-12-19
PTP000199,Nur bin Abdullah,620519-07-0686,1962-05-19,F,Negeri Sembilan,2026-02-18
PTP000200,Suresh a/p Suppiah,861116-09-0599,1986-11-16,M,Negeri Sembilan,2025-06-20
PTP000201,Kumar a/l Krishnan,010516-09-2039,2001-05-16,F,Perlis,2025-01-02
PTP000202,Wong Mei Yee,010729-06-8129,2001-07-29,F,Terengganu,2025-06-27
PTP000203,Ng Kok Wai,070401-03-7055,2007-04-01,M,Negeri Sembilan,2023-12-29
PTP000204,Farah binti Ibrahim,740314-10-5021,1974-03-14,F,Perlis,2024-08-08
PTP000205,Lee Kok Wai,991122-02-5776,1999-11-22,F,Melaka,2022-11-14
PTP000206,Aisyah binti Hassan,570723-06-0510,1957-07-23,M,Putrajaya,2021-08-23
PTP000207,Nur binti Ibrahim,761208-12-5933,1976-12-08,F,Kuala Lumpur,2021-05-23
PTP000208,Lee Mei Yee,071201-15-1259,2007-12-01,M,Terengganu,2022-09-21
PTP000209,Amir bin Ismail,060325-04-0424,2006-03-25,M,Labuan,2025-06-19
PTP000210,Kumar a/l Krishnan,061010-09-7311,2006-10-10,M,Negeri Sembilan,2025-05-05
PTP000211,Siti bin Abdullah,501021-15-2828,1950-10-21,F,Penang,2026-07-05
PTP000212,Ng Wei Ling,940110-10-4914,1994-01-10,M,Sabah,2024-08-02
PTP000213,Muhammad bin Ismail,540206-05-3878,1954-02-06,F,Selangor,2025-01-20
PTP000214,Farah binti Rahman,891125-05-1412,1989-11-25,M,Negeri Sembilan,2025-01-18
PTP000215,Kavitha a/p Suppiah,900903-14-6708,1990-09-03,M,Perak,2025-06-19
PTP000216,Wong Kok Wai,850515-12-2102,1985-05-15,M,Perak,2024-07-22
PTP000217,Ahmad bin Abdullah,750204-05-4982,1975-02-04,M,Sabah,2025-11-08
PTP000218,Priya a/l Krishnan,640806-10-1292,1964-08-06,F,Sarawak,2024-08-14
PTP000219,Amir bin Yusof,630317-03-8234,1963-03-17,M,Perak,2024-01-30
PTP000220,Ng Siew Fong,930709-11-9234,1993-07-09,M,Selangor,2022-12-03
PTP000221,Aina binti Hassan,610821-07-9373,1961-08-21,F,Selangor,2021-11-29
PTP000222,Suresh a/l Krishnan,530717-10-7912,1953-07-17,M,Kelantan,2026-08-02
PTP000223,Ahmad bin Ismail,660821-15-6809,1966-08-21,F,Putrajaya,2024-05-03
PTP000224,Siti binti Hassan,720917-11-5658,1972-09-17,F,Perak,2023-04-16
PTP000225,Muhammad binti Hassan,650326-08-7642,1965-03-26,M,Melaka,2025-02-26
PTP000226,Muhammad bin Abdullah,590503-10-6293,1959-05-03,F,Kedah,2026-01-16
PTP000227,Chong Boon Huat,701106-11-3110,1970-11-06,M,Labuan,2022-10-17
PTP000228,Amir binti Rahman,010405-01-1475,2001-04-05,F,Putrajaya,2026-03-28
PTP000229,Farah bin Abdullah,920722-02-4609,1992-07-22,F,Labuan,2023-09-14
PTP000230,Muhammad binti Rahman,040527-05-4333,2004-05-27,F,Kelantan,2024-03-16
PTP000231,Ahmad bin Yusof,570613-07-5939,1957-06-13,F,Penang,2025-02-07
PTP000232,Zulkifli binti Hassan,921006-04-2108,1992-10-06,M,Kelantan,2025-05-02
PTP000233,Lee Siew Fong,780817-12-2363,1978-08-17,M,Kelantan,2025-03-09
PTP000234,Ahmad bin Ismail,900923-11-7761,1990-09-23,F,Perak,2026-08-11
PTP000235,Aina binti Hassan,030427-06-6438,2003-04-27,F,Pahang,2022-07-27
PTP000236,Chong Kok Wai,591014-10-7780,1959-10-14,M,Terengganu,2026-09-09
PTP000237,Wong Siew Fong,781019-10-0436,1978-10-19,F,Melaka,2024-09-18
PTP000238,Chong Kok Wai,600119-06-8589,1960-01-19,F,Perak,2023-07-22
PTP000239,Muhammad bin Ismail,870127-01-7225,1987-01-27,F,Perlis,2023-09-20
PTP000240,Nur binti Rahman,850908-16-1020,1985-09-08,M,Sarawak,2022-09-13
PTP000241,Devi a/p Suppiah,831017-11-2837,1983-10-17,F,Pahang,2024-08-24
PTP000242,Ng Boon Huat,010918-09-9995,2001-09-18,F,Sarawak,2024-12-22
PTP000243,Amir bin Ismail,631026-10-4735,1963-10-26,M,Labuan,2023-10-07
PTP000244,Zulkifli binti Ibrahim,690922-09-4715,1969-09-22,M,Kelantan,2024-07-22
PTP000245,Lim Mei Yee,750518-02-4712,1975-05-18,M,Terengganu,2025-06-05
PTP000246,Ng Kok Wai,590327-07-3310,1959-03-27,F,Melaka,2025-12-17
PTP000247,Aina bin Ismail,020101-08-0831,2002-01-01,M,Kedah,2022-07-17
PTP000248,Farah binti Ibrahim,540606-16-1647,1954-06-06,M,Selangor,2021-08-04
PTP000249,Hafiz binti Rahman,980518-07-4706,1998-05-18,F,Negeri Sembilan,2022-10-09
PTP000250,Kumar a/p Rajan,050522-02-2868,2005-05-22,F,Sabah,2021-08-31
PTP000251,Devi a/p Suppiah,720321-06-4742,1972-03-21,M,Selangor,2021-05-29
PTP000252,Muhammad binti Hassan,961105-10-7444,1996-11-05,F,Perak,2024-05-07
PTP000253,Nur bin Abdullah,871103-11-2662,1987-11-03,F,Melaka,2026-08-28
PTP000254,Farah binti Hassan,620902-07-2875,1962-09-02,F,Perlis,2023-02-02
PTP000255,Muhammad bin Ismail,580621-05-7822,1958-06-21,F,Kedah,2024-09-05
PTP000256,Nur binti Rahman,880708-09-5400,1988-07-08,F,Selangor,2021-01-28
PTP000257,Ng Chee Keong,761123-02-1936,1976-11-23,F,Negeri Sembilan,2023-12-08
PTP000258,Zulkifli binti Ibrahim,511123-10-1923,1951-11-23,F,Terengganu,2022-10-17
PTP000259,Siti binti Rahman,901022-05-7454,1990-10-22,F,Perlis,2023-06-24
PTP000260,Ng Chee Keong,890302-08-9761,1989-03-02,M,Putrajaya,2026-04-13
PTP000261,Aina bin Abdullah,020312-02-8972,2002-03-12,M,Perak,2025-01-21
PTP000262,Zulkifli binti Rahman,070810-04-3365,2007-08-10,F,Penang,2022-11-05
PTP000263,Wong Chee Keong,840831-14-7484,1984-08-31,M,Putrajaya,2025-12-30
PTP000264,Wong Mei Yee,590421-01-3570,1959-04-21,M,Kuala Lumpur,2024-06-16
PTP000265,Muhammad bin Yusof,860610-02-1130,1986-06-10,F,Kuala Lumpur,2025-10-02
PTP000266,Siti binti Ibrahim,671127-14-6135,1967-11-27,F,Putrajaya,2024-03-21
PTP000267,Zulkifli bin Ismail,941205-12-1943,1994-12-05,M,Kelantan,2025-03-27
PTP000268,Lim Wei Ling,550826-01-4888,1955-08-26,F,Perlis,2022-06-06
PTP000269,Lim Kok Wai,741009-12-2541,1974-10-09,F,Sarawak,2025-04-03
PTP000270,Aisyah bin Yusof,760222-01-3943,1976-02-22,M,Penang,2022-04-08
PTP000271,Hafiz bin Yusof,020517-02-4009,2002-05-17,M,Kelantan,2022-02-18
PTP000272,Nur bin Abdullah,500928-05-8255,1950-09-28,F,Kedah,2025-12-03
PTP000273,Farah bin Ismail,910322-10-2347,1991-03-22,M,Perlis,2024-07-30
PTP000274,Zulkifli bin Yusof,840927-06-6999,1984-09-27,F,Kuala Lumpur,2024-05-15
PTP000275,Kavitha a/p Suppiah,680407-11-6821,1968-04-07,F,Perak,2024-11-11
PTP000276,Zulkifli binti Rahman,540516-08-3692,1954-05-16,F,Perak,2024-05-13
PTP000277,Suresh a/p Suppiah,580804-14-9130,1958-08-04,M,Kelantan,2026-03-12
PTP000278,Farah binti Ibrahim,010622-03-7369,2001-06-22,F,Penang,2023-09-22
PTP000279,Aisyah binti Ibrahim,831002-02-1192,1983-10-02,M,Sarawak,2023-02-20
PTP000280,Farah binti Hassan,880623-01-3470,1988-06-23,M,Johor,2026-05-18
PTP000281,Kavitha a/p Rajan,730817-13-3921,1973-08-17,F,Negeri Sembilan,2026-05-16
PTP000282,Farah binti Hassan,700511-09-5892,1970-05-11,F,Putrajaya,2025-04-09
PTP000283,Ng Kok Wai,770130-11-3328,1977-01-30,F,Pahang,2022-02-08
PTP000284,Nur binti Ibrahim,611229-05-0265,1961-12-29,F,Perlis,2025-08-23
PTP000285,Farah bin Ismail,951218-13-9335,1995-12-18,M,Labuan,2024-04-24
PTP000286,Hafiz binti Ibrahim,070604-16-7550,2007-06-04,M,Terengganu,2024-10-14
PTP000287,Zulkifli binti Rahman,640214-06-8882,1964-02-14,M,Kuala Lumpur,2022-11-25
PTP000288,Kavitha a/l Muthu,590823-01-6756,1959-08-23,M,Kedah,2021-11-01
PTP000289,Tan Chee Keong,581008-15-6114,1958-10-08,M,Labuan,2021-10-06
PTP000290,Zulkifli bin Yusof,961106-14-0194,1996-11-06,M,Melaka,2026-06-22
PTP000291,Aisyah bin Ismail,920726-04-1578,1992-07-26,M,Kedah,2024-03-20
PTP000292,Lee Mei Yee,010322-09-6502,2001-03-22,M,Terengganu,2023-02-26
PTP000293,Nur binti Ibrahim,070201-08-4914,2007-02-01,M,Kuala Lumpur,2025-07-22
PTP000294,Aisyah bin Yusof,501106-16-0919,1950-11-06,M,Sabah,2022-01-18
PTP000295,Aisyah binti Ibrahim,680226-11-9270,1968-02-26,M,Kuala Lumpur,2021-12-05
PTP000296,Aina binti Rahman,000301-09-0762,2000-03-01,M,Melaka,2023-07-31
PTP000297,Farah bin Abdullah,900625-07-9617,1990-06-25,M,Kelantan,2021-05-15
PTP000298,Aina bin Ismail,541109-13-8856,1954-11-09,F,Kelantan,2021-11-12
PTP000299,Ng Boon Huat,651125-03-8204,1965-11-25,F,Kuala Lumpur,2022-07-28
PTP000300,Muhammad binti Hassan,530220-13-5347,1953-02-20,M,Melaka,2022-02-05
PTP000301,Farah bin Yusof,990812-13-7075,1999-08-12,M,Kelantan,2026-01-20
PTP000302,Lee Chee Keong,860508-03-1344,1986-05-08,F,Perak,2021-12-18
PTP000303,Ng Chee Keong,700311-13-5188,1970-03-11,F,Johor,2025-04-06
PTP000304,Amir binti Rahman,670430-12-4419,1967-04-30,M,Perak,2022-01-10
PTP000305,Hafiz bin Yusof,880704-14-1692,1988-07-04,M,Penang,2021-12-24
PTP000306,Aina bin Yusof,521104-11-6311,1952-11-04,M,Negeri Sembilan,2024-12-20
PTP000307,Muhammad binti Ibrahim,760617-08-9370,1976-06-17,M,Kelantan,2025-08-22
PTP000308,Amir binti Hassan,690106-16-2390,1969-01-06,M,Sabah,2022-11-26
PTP000309,Amir binti Rahman,680820-03-5916,1968-08-20,F,Kedah,2025-11-16
PTP000310,Nur binti Rahman,620103-04-2219,1962-01-03,F,Selangor,2026-07-24
PTP000311,Aina binti Rahman,000618-11-7212,2000-06-18,F,Perlis,2025-06-09
PTP000312,Aina binti Ibrahim,570413-07-7848,1957-04-13,F,Sabah,2022-07-12
PTP000313,Raj a/p Suppiah,740812-08-5339,1974-08-12,F,Melaka,2025-06-20
PTP000314,Aina bin Ismail,590716-06-9012,1959-07-16,M,Putrajaya,2025-05-29
PTP000315,Amir binti Ibrahim,760703-03-6703,1976-07-03,F,Perak,2023-05-09
PTP000316,Siti binti Ibrahim,990616-14-6176,1999-06-16,M,Putrajaya,2024-05-25
PTP000317,Zulkifli bin Yusof,060712-14-8907,2006-07-12,M,Terengganu,2026-05-17
PTP000318,Nur binti Ibrahim,611122-12-2725,1961-11-22,M,Kelantan,2021-12-15
PTP000319,Devi a/l Muthu,540607-01-1615,1954-06-07,F,Kedah,2024-09-20
PTP000320,Aisyah binti Rahman,660324-05-5651,1966-03-24,M,Labuan,2023-06-25
PTP000321,Muhammad bin Abdullah,530929-05-5707,1953-09-29,F,Pahang,2022-03-05
PTP000322,Chong Kok Wai,510720-12-7801,1951-07-20,M,Putrajaya,2026-02-09
PTP000323,Amir bin Abdullah,921009-04-0370,1992-10-09,F,Johor,2026-01-28
PTP000324,Kavitha a/p Rajan,501213-06-9042,1950-12-13,M,Pahang,2022-11-05
PTP000325,Priya a/p Suppiah,980328-06-3053,1998-03-28,F,Kelantan,2025-10-13
PTP000326,Lim Kok Wai,620501-14-6370,1962-05-01,M,Sarawak,2021-04-30
PTP000327,Muhammad bin Yusof,001206-04-8796,2000-12-06,M,Terengganu,2023-04-23
PTP000328,Muhammad binti Hassan,530406-16-8646,1953-04-06,F,Kelantan,2024-08-28
PTP000329,Farah binti Hassan,740129-15-2826,1974-01-29,F,Penang,2025-05-27
PTP000330,Nur binti Hassan,040526-04-2999,2004-05-26,F,Perak,2022-07-03
PTP000331,Siti bin Yusof,950302-13-6931,1995-03-02,M,Labuan,2025-05-11
PTP000332,Hafiz binti Hassan,920323-05-3065,1992-03-23,F,Putrajaya,2022-12-11
PTP000333,Kumar a/p Suppiah,840112-05-3196,1984-01-12,F,Labuan,2021-08-08
PTP000334,Wong Boon Huat,670428-15-8006,1967-04-28,M,Penang,2025-08-03
PTP000335,Lim Mei Yee,040901-02-4503,2004-09-01,M,Negeri Sembilan,2021-05-07
PTP000336,Chong Boon Huat,780523-16-9006,1978-05-23,M,Johor,2022-11-20
PTP000337,Lee Siew Fong,960809-02-7231,1996-08-09,M,Perlis,2024-01-03
PTP000338,Ng Chee Keong,780809-10-0528,1978-08-09,F,Melaka,2022-02-24
PTP000339,Kumar a/p Suppiah,770127-04-3882,1977-01-27,M,Terengganu,2024-11-28
PTP000340,Siti bin Ismail,790730-07-0972,1979-07-30,F,Melaka,2025-10-20
PTP000341,Amir binti Hassan,660620-09-8428,1966-06-20,M,Perak,2022-11-21
PTP000342,Raj a/p Rajan,641025-05-4090,1964-10-25,M,Pahang,2025-08-13
PTP000343,Ng Kok Wai,910307-16-2329,1991-03-07,F,Perlis,2023-10-11
PTP000344,Muhammad binti Rahman,730901-09-6046,1973-09-01,F,Labuan,2025-03-17
PTP000345,Muhammad binti Ibrahim,040125-15-5869,2004-01-25,M,Kelantan,2024-09-02
PTP000346,Priya a/p Suppiah,871114-09-5289,1987-11-14,F,Pahang,2023-06-12
PTP000347,Hafiz binti Hassan,780614-02-0752,1978-06-14,M,Putrajaya,2022-06-19
PTP000348,Siti binti Rahman,850706-15-0011,1985-07-06,F,Sarawak,2021-03-08
PTP000349,Raj a/p Rajan,710711-09-1529,1971-07-11,F,Melaka,2022-06-25
PTP000350,Siti bin Abdullah,050214-13-5005,2005-02-14,M,Perlis,2021-12-04
PTP000351,Tan Chee Keong,531010-16-1276,1953-10-10,M,Kedah,2022-01-09
PTP000352,Farah bin Abdullah,580314-14-2165,1958-03-14,F,Penang,2025-12-28
PTP000353,Muhammad bin Abdullah,821223-11-6022,1982-12-23,F,Perak,2023-07-27
PTP000354,Lim Boon Huat,771120-05-1120,1977-11-20,M,Sabah,2025-04-17
PTP000355,Nur binti Ibrahim,790602-05-6745,1979-06-02,F,Sarawak,2025-12-08
PTP000356,Priya a/l Muthu,060612-13-5759,2006-06-12,F,Pahang,2021-12-22
PTP000357,Muhammad bin Ismail,790411-10-0439,1979-04-11,F,Sarawak,2022-07-27
PTP000358,Lee Boon Huat,770420-02-3921,1977-04-20,F,Kelantan,2023-02-12
PTP000359,Aina bin Abdullah,600728-01-5916,1960-07-28,F,Perak,2022-04-07
PTP000360,Suresh a/p Suppiah,941214-12-8951,1994-12-14,M,Labuan,2025-05-04
PTP000361,Muhammad bin Abdullah,520523-09-3534,1952-05-23,M,Kuala Lumpur,2021-10-26
PTP000362,Zulkifli binti Rahman,070119-14-6590,2007-01-19,M,Perak,2025-06-19
PTP000363,Muhammad bin Yusof,601012-07-2545,1960-10-12,F,Kelantan,2024-02-11
PTP000364,Aisyah binti Ibrahim,750503-08-0948,1975-05-03,M,Penang,2021-09-28
PTP000365,Aina bin Yusof,780419-02-5067,1978-04-19,M,Johor,2025-11-15
PTP000366,Ng Wei Ling,620202-06-8133,1962-02-02,F,Melaka,2021-02-21
PTP000367,Amir binti Ibrahim,960926-04-0480,1996-09-26,F,Perlis,2022-11-15
PTP000368,Amir binti Ibrahim,890812-03-8128,1989-08-12,F,Terengganu,2024-01-20
PTP000369,Aina bin Ismail,071117-12-2577,2007-11-17,F,Johor,2021-08-16
PTP000370,Zulkifli bin Abdullah,780530-02-0201,1978-05-30,M,Kuala Lumpur,2022-04-18
PTP000371,Siti bin Ismail,071103-02-9058,2007-11-03,F,Kedah,2026-04-17
PTP000372,Farah binti Hassan,700401-03-9364,1970-04-01,F,Johor,2024-08-11
PTP000373,Tan Chee Keong,520830-08-8450,1952-08-30,M,Kelantan,2026-08-19
PTP000374,Raj a/l Krishnan,610929-11-1415,1961-09-29,F,Selangor,2021-10-10
PTP000375,Aina binti Hassan,880510-08-7600,1988-05-10,F,Labuan,2025-02-20
PTP000376,Chong Chee Keong,810127-05-0104,1981-01-27,F,Selangor,2023-03-12
PTP000377,Ahmad binti Hassan,831210-01-6164,1983-12-10,F,Johor,2023-08-13
PTP000378,Nur binti Rahman,931108-16-0981,1993-11-08,M,Melaka,2023-04-21
PTP000379,Nur bin Yusof,551009-14-6102,1955-10-09,F,Penang,2022-01-17
PTP000380,Aisyah bin Abdullah,691126-02-7126,1969-11-26,M,Kedah,2022-01-27
PTP000381,Farah binti Rahman,821024-11-5211,1982-10-24,F,Melaka,2024-04-09
PTP000382,Nur bin Ismail,720620-04-2546,1972-06-20,M,Sabah,2023-08-15
PTP000383,Aisyah bin Abdullah,071223-12-3401,2007-12-23,F,Negeri Sembilan,2026-01-16
PTP000384,Muhammad bin Abdullah,020909-06-4984,2002-09-09,M,Sarawak,2026-03-13
PTP000385,Nur binti Hassan,610926-13-8412,1961-09-26,M,Negeri Sembilan,2024-09-04
PTP000386,Lim Wei Ling,550801-13-7408,1955-08-01,M,Johor,2023-12-02
PTP000387,Siti bin Abdullah,010828-01-1010,2001-08-28,M,Perak,2026-03-08
PTP000388,Lee Boon Huat,870410-03-9540,1987-04-10,F,Penang,2023-03-23
PTP000389,Priya a/p Suppiah,830608-05-1506,1983-06-08,F,Johor,2021-03-31
PTP000390,Kumar a/p Rajan,581109-14-6471,1958-11-09,F,Selangor,2021-06-24
PTP000391,Lim Mei Yee,550210-07-3066,1955-02-10,F,Melaka,2025-04-17
PTP000392,Kumar a/p Rajan,950324-10-8173,1995-03-24,F,Labuan,2026-01-01
PTP000393,Aisyah bin Ismail,671211-14-3267,1967-12-11,M,Selangor,2021-09-07
PTP000394,Lee Kok Wai,651120-16-5636,1965-11-20,F,Kelantan,2025-04-16
PTP000395,Farah bin Yusof,720623-08-0480,1972-06-23,F,Kuala Lumpur,2024-01-13
PTP000396,Aina bin Ismail,600710-06-1640,1960-07-10,M,Kedah,2026-04-17
PTP000397,Ahmad bin Ismail,000618-13-5813,2000-06-18,M,Sabah,2023-12-28
PTP000398,Farah bin Yusof,640113-01-5761,1964-01-13,M,Sarawak,2023-08-27
PTP000399,Siti binti Rahman,750428-02-1478,1975-04-28,M,Kedah,2026-07-10
PTP000400,Hafiz bin Abdullah,740616-11-3300,1974-06-16,M,Pahang,2023-06-16
PTP000401,Raj a/l Muthu,620903-01-2420,1962-09-03,M,Johor,2022-12-28
PTP000402,Raj a/p Suppiah,051217-04-5514,2005-12-17,F,Pahang,2025-02-03
PTP000403,Kavitha a/p Suppiah,950714-16-5198,1995-07-14,M,Terengganu,2022-07-13
PTP000404,Lim Kok Wai,751007-10-4825,1975-10-07,M,Sabah,2023-07-04
PTP000405,Suresh a/p Suppiah,560812-02-2983,1956-08-12,F,Kedah,2021-01-08
PTP000406,Priya a/l Krishnan,770607-03-3899,1977-06-07,F,Pahang,2022-03-03
PTP000407,Tan Boon Huat,911205-11-7317,1991-12-05,M,Melaka,2022-11-19
PTP000408,Muhammad binti Hassan,951109-09-1770,1995-11-09,M,Kuala Lumpur,2023-05-09
PTP000409,Aisyah bin Ismail,710723-14-8078,1971-07-23,F,Terengganu,2025-04-30
PTP000410,Hafiz bin Yusof,581209-08-2664,1958-12-09,F,Penang,2025-03-18
PTP000411,Farah binti Hassan,610809-04-1215,1961-08-09,F,Sabah,2021-05-17
PTP000412,Muhammad bin Yusof,020409-03-5536,2002-04-09,F,Selangor,2025-03-18
PTP000413,Priya a/p Suppiah,860901-06-0877,1986-09-01,M,Pahang,2025-11-02
PTP000414,Devi a/l Krishnan,800518-10-4872,1980-05-18,M,Johor,2023-04-22
PTP000415,Zulkifli binti Rahman,521218-05-0893,1952-12-18,F,Selangor,2021-07-23
PTP000416,Aina binti Rahman,660924-07-1589,1966-09-24,M,Sarawak,2025-10-18
PTP000417,Tan Kok Wai,870813-04-5052,1987-08-13,F,Labuan,2022-12-01
PTP000418,Raj a/l Muthu,820203-13-3029,1982-02-03,F,Kelantan,2026-06-27
PTP000419,Ahmad binti Hassan,830529-15-7619,1983-05-29,F,Kedah,2025-02-22
PTP000420,Siti binti Ibrahim,780623-04-1404,1978-06-23,F,Perlis,2024-01-06
PTP000421,Aisyah bin Yusof,901009-14-8773,1990-10-09,F,Kedah,2023-07-21
PTP000422,Aisyah binti Ibrahim,620817-02-8226,1962-08-17,M,Johor,2026-05-05
PTP000423,Siti bin Ismail,040909-07-2067,2004-09-09,M,Perlis,2026-01-14
PTP000424,Devi a/p Rajan,970707-05-9749,1997-07-07,F,Pahang,2021-11-17
PTP000425,Zulkifli binti Rahman,060311-11-4525,2006-03-11,F,Selangor,2021-10-02
PTP000426,Siti bin Ismail,560316-04-1730,1956-03-16,M,Negeri Sembilan,2025-09-15
PTP000427,Raj a/p Suppiah,550619-16-9372,1955-06-19,F,Kuala Lumpur,2024-11-09
PTP000428,Siti bin Yusof,591221-13-0635,1959-12-21,F,Pahang,2022-12-07
PTP000429,Hafiz binti Hassan,680810-12-0331,1968-08-10,F,Negeri Sembilan,2023-09-01
PTP000430,Hafiz binti Ibrahim,981128-04-3734,1998-11-28,M,Negeri Sembilan,2024-06-27
PTP000431,Lee Mei Yee,510308-14-9911,1951-03-08,M,Sarawak,2025-12-20
PTP000432,Aisyah binti Ibrahim,850626-16-8462,1985-06-26,F,Kuala Lumpur,2025-12-15
PTP000433,Zulkifli binti Rahman,960421-05-8589,1996-04-21,M,Sabah,2022-10-14
PTP000434,Priya a/l Muthu,700511-08-0541,1970-05-11,F,Kuala Lumpur,2023-03-01
PTP000435,Lee Mei Yee,930430-15-8275,1993-04-30,F,Johor,2025-01-16
PTP000436,Hafiz bin Yusof,640805-15-2909,1964-08-05,F,Terengganu,2021-05-06
PTP000437,Amir binti Ibrahim,020505-03-4670,2002-05-05,M,Kelantan,2024-11-11
PTP000438,Aina bin Ismail,820707-08-3688,1982-07-07,M,Melaka,2021-07-23
PTP000439,Ahmad binti Rahman,510623-05-2837,1951-06-23,M,Kedah,2025-08-05
PTP000440,Lee Boon Huat,920307-09-6943,1992-03-07,F,Terengganu,2023-10-31
PTP000441,Hafiz binti Hassan,680417-13-9576,1968-04-17,M,Selangor,2026-02-24
PTP000442,Aina bin Yusof,750330-10-4890,1975-03-30,M,Labuan,2025-03-13
PTP000443,Amir binti Ibrahim,761128-11-4536,1976-11-28,F,Negeri Sembilan,2021-09-19
PTP000444,Nur bin Abdullah,570916-13-5236,1957-09-16,M,Selangor,2023-02-11
PTP000445,Raj a/p Suppiah,530110-13-6361,1953-01-10,M,Sarawak,2026-07-31
PTP000446,Lim Boon Huat,810217-16-5873,1981-02-17,F,Sabah,2024-11-06
PTP000447,Hafiz bin Ismail,040709-09-9159,2004-07-09,M,Pahang,2023-01-12
PTP000448,Nur binti Ibrahim,741213-10-6889,1974-12-13,F,Terengganu,2022-01-01
PTP000449,Hafiz bin Abdullah,931221-16-0879,1993-12-21,M,Labuan,2023-12-04
PTP000450,Aisyah bin Yusof,590908-10-6768,1959-09-08,M,Perak,2023-03-08
PTP000451,Raj a/p Suppiah,740207-15-2346,1974-02-07,F,Sabah,2022-07-17
PTP000452,Siti binti Hassan,940505-02-0077,1994-05-05,F,Melaka,2021-11-28
PTP000453,Lim Siew Fong,851112-06-8021,1985-11-12,M,Perak,2023-05-08
PTP000454,Wong Kok Wai,050716-16-6280,2005-07-16,M,Kuala Lumpur,2025-11-12
PTP000455,Tan Mei Yee,520911-07-0293,1952-09-11,M,Kedah,2023-03-28
PTP000456,Lee Mei Yee,940618-05-1682,1994-06-18,F,Negeri Sembilan,2023-07-16
PTP000457,Ahmad binti Hassan,870510-10-7469,1987-05-10,F,Perlis,2022-11-16
PTP000458,Hafiz binti Hassan,040116-07-2701,2004-01-16,F,Selangor,2022-07-03
PTP000459,Siti bin Ismail,720626-01-9661,1972-06-26,M,Johor,2023-07-25
PTP000460,Tan Kok Wai,920107-09-8761,1992-01-07,M,Kuala Lumpur,2025-02-10
PTP000461,Tan Wei Ling,050124-04-6828,2005-01-24,F,Kelantan,2022-03-19
PTP000462,Hafiz binti Ibrahim,020211-05-3366,2002-02-11,M,Negeri Sembilan,2022-05-22
PTP000463,Ng Siew Fong,870505-09-9922,1987-05-05,M,Perlis,2025-09-20
PTP000464,Aina bin Abdullah,751011-10-1867,1975-10-11,M,Labuan,2022-03-06
PTP000465,Lee Siew Fong,921101-07-5864,1992-11-01,F,Negeri Sembilan,2023-03-25
PTP000466,Hafiz bin Ismail,841230-16-5416,1984-12-30,M,Selangor,2022-10-19
PTP000467,Tan Siew Fong,921222-16-2443,1992-12-22,M,Penang,2021-02-22
PTP000468,Kavitha a/p Rajan,730130-15-4850,1973-01-30,F,Putrajaya,2022-02-19
PTP000469,Siti bin Abdullah,040611-10-5901,2004-06-11,F,Perlis,2021-07-25
PTP000470,Ahmad bin Abdullah,020223-05-2793,2002-02-23,F,Terengganu,2022-04-20
PTP000471,Raj a/l Muthu,770415-12-5615,1977-04-15,M,Johor,2025-11-28
PTP000472,Hafiz binti Hassan,860109-13-7835,1986-01-09,F,Sabah,2025-06-30
PTP000473,Ahmad bin Ismail,540806-04-6816,1954-08-06,F,Putrajaya,2022-04-09
PTP000474,Lee Siew Fong,620303-01-2140,1962-03-03,F,Labuan,2023-01-13
PTP000475,Devi a/l Muthu,570224-03-4286,1957-02-24,F,Selangor,2022-04-08
PTP000476,Kavitha a/l Krishnan,640507-04-7091,1964-05-07,M,Labuan,2023-07-07
PTP000477,Ng Kok Wai,831021-05-9147,1983-10-21,M,Selangor,2024-11-17
PTP000478,Hafiz binti Rahman,551029-06-1226,1955-10-29,F,Pahang,2022-10-05
PTP000479,Amir bin Abdullah,620111-08-9019,1962-01-11,F,Kelantan,2023-09-14
PTP000480,Hafiz bin Yusof,640313-15-1442,1964-03-13,F,Putrajaya,2023-08-21
PTP000481,Hafiz binti Ibrahim,510827-01-1681,1951-08-27,F,Perlis,2024-07-18
PTP000482,Ahmad bin Abdullah,501213-10-8328,1950-12-13,M,Putrajaya,2021-05-27
PTP000483,Ahmad bin Ismail,991223-15-5439,1999-12-23,F,Terengganu,2024-10-28
PTP000484,Nur bin Abdullah,910904-11-5818,1991-09-04,F,Terengganu,2026-01-28
PTP000485,Siti binti Rahman,940717-05-6704,1994-07-17,M,Melaka,2022-03-12
PTP000486,Aisyah bin Ismail,770807-15-3122,1977-08-07,F,Johor,2023-03-14
PTP000487,Aina bin Abdullah,780409-15-7493,1978-04-09,M,Labuan,2025-08-25
PTP000488,Ahmad bin Yusof,510709-14-9586,1951-07-09,F,Sabah,2021-01-18
PTP000489,Lim Wei Ling,600301-13-9839,1960-03-01,F,Kelantan,2022-12-13
PTP000490,Kavitha a/p Rajan,661229-09-6518,1966-12-29,F,Negeri Sembilan,2025-09-11
PTP000491,Lim Kok Wai,650802-10-8975,1965-08-02,F,Sarawak,2026-01-29
PTP000492,Amir binti Ibrahim,671229-12-2173,1967-12-29,M,Pahang,2023-04-03
PTP000493,Chong Kok Wai,860427-14-8747,1986-04-27,F,Perlis,2022-04-18
PTP000494,Ahmad binti Rahman,890123-05-0869,1989-01-23,M,Sarawak,2021-02-22
PTP000495,Lim Mei Yee,631209-09-2399,1963-12-09,M,Negeri Sembilan,2023-12-30
PTP000496,Tan Mei Yee,630906-15-1679,1963-09-06,M,Kelantan,2023-04-16
PTP000497,Amir binti Ibrahim,521228-02-6251,1952-12-28,F,Perlis,2023-09-01
PTP000498,Kumar a/l Muthu,010508-09-3327,2001-05-08,F,Kedah,2024-07-04
PTP000499,Chong Boon Huat,051026-07-3170,2005-10-26,F,Putrajaya,2025-02-15
PTP000500,Kumar a/p Rajan,920128-06-8418,1992-01-28,M,Kelantan,2022-12-28
PTP000501,Zulkifli binti Hassan,530823-05-2636,1953-08-23,F,Selangor,2021-06-16
PTP000502,Siti bin Abdullah,650811-05-5285,1965-08-11,M,Negeri Sembilan,2024-09-15
PTP000503,Chong Mei Yee,631226-03-5207,1963-12-26,M,Sabah,2026-07-03
PTP000504,Lim Kok Wai,960807-13-1506,1996-08-07,F,Kedah,2021-10-07
PTP000505,Lee Mei Yee,780928-10-3579,1978-09-28,F,Selangor,2023-05-24
PTP000506,Wong Chee Keong,580525-08-0653,1958-05-25,F,Kelantan,2022-04-15
PTP000507,Zulkifli binti Ibrahim,510309-10-0404,1951-03-09,F,Putrajaya,2022-04-10
PTP000508,Nur binti Hassan,820218-03-1572,1982-02-18,M,Selangor,2026-06-17
PTP000509,Nur binti Ibrahim,790121-14-1702,1979-01-21,M,Perlis,2021-09-26
PTP000510,Lim Wei Ling,820611-15-5434,1982-06-11,M,Penang,2021-10-23
PTP000511,Amir bin Yusof,050731-03-9420,2005-07-31,M,Melaka,2021-10-28
PTP000512,Aisyah binti Rahman,880512-11-0276,1988-05-12,F,Johor,2025-07-28
PTP000513,Chong Wei Ling,860428-02-1189,1986-04-28,F,Johor,2021-01-25
PTP000514,Lee Siew Fong,000413-03-4612,2000-04-13,F,Kelantan,2024-04-02
PTP000515,Tan Kok Wai,600502-06-8740,1960-05-02,M,Perak,2025-06-07
PTP000516,Chong Mei Yee,810717-05-4883,1981-07-17,F,Selangor,2025-05-21
PTP000517,Ahmad bin Yusof,820518-13-8800,1982-05-18,M,Negeri Sembilan,2022-08-03
PTP000518,Ng Mei Yee,840603-07-6760,1984-06-03,M,Sabah,2023-05-11
PTP000519,Amir bin Ismail,700414-04-2971,1970-04-14,M,Putrajaya,2023-01-24
PTP000520,Muhammad binti Hassan,640201-04-3234,1964-02-01,F,Pahang,2021-10-27
PTP000521,Nur bin Abdullah,540321-10-1143,1954-03-21,M,Pahang,2025-01-02
PTP000522,Aina binti Ibrahim,570208-10-9571,1957-02-08,M,Terengganu,2026-06-14
PTP000523,Priya a/l Muthu,870528-11-4033,1987-05-28,M,Perlis,2024-07-19
PTP000524,Lim Boon Huat,990331-11-7863,1999-03-31,F,Putrajaya,2024-02-08
PTP000525,Wong Siew Fong,000531-04-2879,2000-05-31,M,Melaka,2025-01-09
PTP000526,Priya a/l Krishnan,720910-03-1235,1972-09-10,M,Selangor,2022-07-28
PTP000527,Lim Wei Ling,720624-09-8904,1972-06-24,F,Perak,2025-07-18
PTP000528,Aina binti Ibrahim,981211-10-2193,1998-12-11,F,Penang,2025-02-07
PTP000529,Ahmad binti Ibrahim,520518-08-2717,1952-05-18,M,Putrajaya,2025-06-14
PTP000530,Aina binti Ibrahim,990519-05-7921,1999-05-19,F,Kuala Lumpur,2022-10-15
PTP000531,Lim Wei Ling,730301-09-6052,1973-03-01,M,Kuala Lumpur,2023-06-16
PTP000532,Farah binti Rahman,020810-16-7448,2002-08-10,M,Kuala Lumpur,2023-04-27
PTP000533,Zulkifli binti Ibrahim,750309-09-4314,1975-03-09,M,Kelantan,2024-08-20
PTP000534,Muhammad bin Yusof,560708-09-6165,1956-07-08,M,Kelantan,2025-03-31
PTP000535,Lee Kok Wai,770529-16-9899,1977-05-29,M,Perak,2024-12-16
PTP000536,Muhammad bin Yusof,630913-09-3465,1963-09-13,M,Sabah,2025-12-07
PTP000537,Muhammad binti Ibrahim,901104-08-6793,1990-11-04,F,Johor,2022-10-07
PTP000538,Wong Chee Keong,991024-06-6732,1999-10-24,M,Kedah,2026-05-27
PTP000539,Aina bin Ismail,860810-05-8399,1986-08-10,M,Perak,2021-06-26
PTP000540,Siti bin Yusof,730318-13-9819,1973-03-18,M,Negeri Sembilan,2021-08-18
PTP000541,Aina binti Rahman,020425-16-2794,2002-04-25,M,Perlis,2021-12-18
PTP000542,Lim Siew Fong,030507-09-2747,2003-05-07,F,Putrajaya,2022-08-08
PTP000543,Aisyah bin Ismail,780530-04-0271,1978-05-30,M,Perlis,2021-10-09
PTP000544,Lim Kok Wai,890222-02-8706,1989-02-22,M,Penang,2022-09-05
PTP000545,Chong Siew Fong,880207-01-7069,1988-02-07,F,Terengganu,2026-05-30
PTP000546,Wong Chee Keong,971230-16-6246,1997-12-30,F,Johor,2021-06-27
PTP000547,Hafiz bin Ismail,040207-03-4641,2004-02-07,F,Melaka,2025-10-09
PTP000548,Ahmad bin Yusof,000905-04-8515,2000-09-05,M,Kelantan,2023-02-14
PTP000549,Lee Kok Wai,620808-12-1746,1962-08-08,M,Perlis,2023-04-22
PTP000550,Zulkifli binti Rahman,750521-12-4514,1975-05-21,F,Sarawak,2023-11-05
PTP000551,Zulkifli binti Rahman,761224-06-6065,1976-12-24,F,Melaka,2025-08-20
PTP000552,Aisyah binti Ibrahim,560316-05-1951,1956-03-16,M,Putrajaya,2024-06-10
PTP000553,Zulkifli binti Rahman,701101-11-9020,1970-11-01,M,Sabah,2022-10-25
PTP000554,Kumar a/l Muthu,650207-05-7727,1965-02-07,F,Penang,2025-05-13
PTP000555,Farah bin Abdullah,930113-02-6296,1993-01-13,F,Negeri Sembilan,2021-09-20
PTP000556,Priya a/p Suppiah,770322-15-0175,1977-03-22,M,Negeri Sembilan,2021-08-24
PTP000557,Aina bin Yusof,080314-08-2776,2008-03-14,M,Terengganu,2023-03-09
PTP000558,Lim Wei Ling,940514-09-6544,1994-05-14,F,Kelantan,2023-09-07
PTP000559,Zulkifli bin Abdullah,650508-03-1477,1965-05-08,F,Terengganu,2025-07-19
PTP000560,Raj a/p Rajan,800325-07-7450,1980-03-25,F,Selangor,2024-11-24
PTP000561,Zulkifli bin Abdullah,651106-03-8243,1965-11-06,F,Pahang,2023-12-06
PTP000562,Lee Siew Fong,051217-09-7254,2005-12-17,F,Labuan,2022-04-25
PTP000563,Wong Boon Huat,821222-15-9614,1982-12-22,M,Labuan,2023-09-24
PTP000564,Aisyah binti Ibrahim,640601-08-3767,1964-06-01,F,Perlis,2022-04-22
PTP000565,Ahmad binti Ibrahim,740516-09-4067,1974-05-16,F,Penang,2024-12-17
PTP000566,Lee Wei Ling,051124-06-7807,2005-11-24,F,Terengganu,2025-06-23
PTP000567,Raj a/p Rajan,600516-07-8175,1960-05-16,M,Kedah,2023-06-15
PTP000568,Priya a/p Rajan,560612-07-4091,1956-06-12,F,Perak,2023-09-19
PTP000569,Muhammad binti Ibrahim,521006-16-0108,1952-10-06,M,Labuan,2022-03-13
PTP000570,Wong Siew Fong,521028-09-8041,1952-10-28,M,Melaka,2025-03-01
PTP000571,Aina bin Ismail,821227-02-8613,1982-12-27,F,Labuan,2025-06-18
PTP000572,Aisyah binti Ibrahim,621223-06-7490,1962-12-23,M,Putrajaya,2021-05-14
PTP000573,Tan Boon Huat,991128-07-6216,1999-11-28,M,Pahang,2024-07-16
PTP000574,Lee Chee Keong,701206-09-3885,1970-12-06,F,Labuan,2025-01-21
PTP000575,Hafiz binti Rahman,970218-07-6866,1997-02-18,F,Terengganu,2024-11-06
PTP000576,Siti bin Yusof,681029-05-9435,1968-10-29,M,Johor,2025-06-29
PTP000577,Chong Kok Wai,630208-13-3212,1963-02-08,M,Perak,2024-01-11
PTP000578,Lim Kok Wai,740123-16-2203,1974-01-23,F,Labuan,2026-04-22
PTP000579,Aina bin Abdullah,761211-13-1621,1976-12-11,M,Kuala Lumpur,2024-05-13
PTP000580,Wong Boon Huat,730718-04-7370,1973-07-18,F,Melaka,2023-06-02
PTP000581,Zulkifli binti Hassan,561114-12-0324,1956-11-14,F,Johor,2025-01-18
PTP000582,Suresh a/p Rajan,971225-06-4663,1997-12-25,F,Pahang,2024-12-09
PTP000583,Wong Wei Ling,000904-13-4694,2000-09-04,F,Perak,2026-06-20
PTP000584,Lee Kok Wai,820110-13-1168,1982-01-10,M,Sabah,2022-11-18
PTP000585,Farah binti Ibrahim,080725-10-4382,2008-07-25,F,Melaka,2024-11-08
PTP000586,Lee Boon Huat,631121-15-6782,1963-11-21,M,Sabah,2025-12-28
PTP000587,Nur binti Ibrahim,050928-09-1311,2005-09-28,M,Sabah,2021-04-05
PTP000588,Muhammad binti Rahman,560405-02-0431,1956-04-05,F,Penang,2025-06-15
PTP000589,Siti bin Abdullah,030305-13-5068,2003-03-05,M,Kedah,2022-03-02
PTP000590,Siti bin Ismail,680529-06-0468,1968-05-29,M,Terengganu,2024-03-09
PTP000591,Devi a/l Krishnan,750517-15-2213,1975-05-17,M,Putrajaya,2024-08-25
PTP000592,Zulkifli binti Hassan,910503-12-7891,1991-05-03,M,Penang,2025-11-17
PTP000593,Aisyah binti Hassan,650815-05-4973,1965-08-15,M,Selangor,2025-12-15
PTP000594,Hafiz bin Yusof,030406-01-8059,2003-04-06,F,Negeri Sembilan,2022-07-13
PTP000595,Lee Siew Fong,580701-08-0118,1958-07-01,F,Sarawak,2021-02-07
PTP000596,Devi a/p Suppiah,760331-08-2675,1976-03-31,F,Kelantan,2025-08-14
PTP000597,Aisyah binti Ibrahim,540726-08-8464,1954-07-26,F,Negeri Sembilan,2023-06-23
PTP000598,Muhammad bin Ismail,001106-05-4744,2000-11-06,M,Putrajaya,2024-01-07
PTP000599,Aina binti Rahman,770329-07-5253,1977-03-29,M,Perak,2026-01-29
PTP000600,Kumar a/p Rajan,020813-04-4622,2002-08-13,F,Perak,2021-07-23
PTP000601,Lim Wei Ling,590816-05-0241,1959-08-16,F,Sarawak,2025-12-01
PTP000602,Hafiz binti Hassan,520409-15-0519,1952-04-09,F,Penang,2024-11-01
PTP000603,Aisyah bin Abdullah,910731-16-2975,1991-07-31,M,Melaka,2022-08-22
PTP000604,Tan Boon Huat,850226-08-6304,1985-02-26,F,Kedah,2025-04-12
PTP000605,Muhammad bin Yusof,840719-07-7746,1984-07-19,F,Negeri Sembilan,2021-05-18
PTP000606,Ahmad binti Ibrahim,501101-04-4150,1950-11-01,F,Negeri Sembilan,2024-08-16
PTP000607,Ahmad binti Ibrahim,840104-07-1850,1984-01-04,M,Perlis,2023-03-25
PTP000608,Amir bin Yusof,611011-04-6484,1961-10-11,M,Selangor,2024-08-22
PTP000609,Hafiz binti Ibrahim,951224-05-6084,1995-12-24,M,Kedah,2021-06-22
PTP000610,Aina binti Hassan,760108-02-0979,1976-01-08,F,Perak,2022-10-08
PTP000611,Nur binti Hassan,520616-12-7187,1952-06-16,M,Selangor,2022-03-16
PTP000612,Siti binti Hassan,640306-02-7951,1964-03-06,F,Negeri Sembilan,2025-03-28
PTP000613,Siti bin Yusof,070720-12-5303,2007-07-20,F,Melaka,2026-07-01
PTP000614,Siti binti Rahman,790430-10-4314,1979-04-30,F,Putrajaya,2022-10-19
PTP000615,Chong Kok Wai,600826-06-0306,1960-08-26,F,Kedah,2021-01-03
PTP000616,Ng Siew Fong,721113-13-3110,1972-11-13,F,Perak,2024-08-06
PTP000617,Farah bin Abdullah,900209-04-8572,1990-02-09,M,Kuala Lumpur,2024-03-05
PTP000618,Ahmad bin Ismail,880424-04-7952,1988-04-24,M,Johor,2022-06-16
PTP000619,Aisyah binti Ibrahim,721017-16-8615,1972-10-17,F,Kuala Lumpur,2021-05-11
PTP000620,Muhammad bin Abdullah,670722-07-8051,1967-07-22,M,Putrajaya,2025-02-09
PTP000621,Aisyah binti Hassan,000114-02-4355,2000-01-14,M,Penang,2021-09-06
PTP000622,Nur bin Yusof,520925-04-1658,1952-09-25,M,Kelantan,2024-05-29
PTP000623,Nur bin Yusof,810507-06-9149,1981-05-07,F,Johor,2023-02-16
PTP000624,Ng Boon Huat,850424-14-1705,1985-04-24,M,Sabah,2025-01-06
PTP000625,Siti bin Yusof,071003-15-5772,2007-10-03,F,Pahang,2025-07-03
PTP000626,Aisyah binti Ibrahim,680410-11-9968,1968-04-10,M,Sarawak,2025-03-03
PTP000627,Ng Mei Yee,010527-12-7412,2001-05-27,F,Kelantan,2025-03-17
PTP000628,Lee Siew Fong,051107-01-8480,2005-11-07,M,Negeri Sembilan,2021-01-01
PTP000629,Nur bin Ismail,670418-11-0355,1967-04-18,F,Perak,2021-01-27
PTP000630,Farah bin Ismail,950310-05-4341,1995-03-10,F,Kedah,2022-01-22
PTP000631,Amir bin Abdullah,620912-13-9323,1962-09-12,M,Penang,2023-08-13
PTP000632,Lim Kok Wai,900301-04-9752,1990-03-01,F,Kuala Lumpur,2024-08-22
PTP000633,Ahmad binti Hassan,001019-12-7115,2000-10-19,F,Johor,2025-04-12
PTP000634,Chong Wei Ling,550724-13-0886,1955-07-24,F,Kuala Lumpur,2023-07-18
PTP000635,Siti binti Hassan,020721-08-2509,2002-07-21,M,Kelantan,2024-07-31
PTP000636,Chong Siew Fong,520513-03-3638,1952-05-13,F,Negeri Sembilan,2025-12-31
PTP000637,Farah bin Abdullah,600718-16-9362,1960-07-18,M,Kelantan,2025-06-04
PTP000638,Zulkifli binti Rahman,741013-05-2209,1974-10-13,F,Sarawak,2023-12-12
PTP000639,Aina bin Ismail,860107-08-3970,1986-01-07,M,Melaka,2026-06-22
PTP000640,Aina bin Abdullah,000103-04-6776,2000-01-03,F,Terengganu,2025-10-28
PTP000641,Farah bin Yusof,841122-01-4994,1984-11-22,M,Terengganu,2024-11-27
PTP000642,Wong Wei Ling,920928-08-3271,1992-09-28,F,Perak,2025-12-17
PTP000643,Ahmad bin Ismail,610119-05-4713,1961-01-19,M,Pahang,2021-12-18
PTP000644,Hafiz bin Abdullah,900319-11-3424,1990-03-19,M,Sarawak,2022-04-01
PTP000645,Aina binti Ibrahim,820505-05-0301,1982-05-05,F,Kuala Lumpur,2023-11-26
PTP000646,Amir bin Ismail,680721-09-0869,1968-07-21,F,Selangor,2023-11-13
PTP000647,Amir binti Ibrahim,021211-12-1767,2002-12-11,M,Negeri Sembilan,2021-09-30
PTP000648,Aisyah bin Yusof,770815-04-5168,1977-08-15,F,Penang,2025-05-03
PTP000649,Hafiz bin Yusof,911030-01-0651,1991-10-30,M,Negeri Sembilan,2023-02-03
PTP000650,Siti bin Abdullah,811111-12-5765,1981-11-11,F,Negeri Sembilan,2024-09-28
PTP000651,Suresh a/l Krishnan,610929-02-4221,1961-09-29,F,Selangor,2023-08-26
PTP000652,Farah binti Rahman,520318-05-1438,1952-03-18,F,Kedah,2024-02-22
PTP000653,Siti binti Rahman,061107-10-9918,2006-11-07,F,Putrajaya,2025-09-06
PTP000654,Siti bin Yusof,520405-07-2262,1952-04-05,F,Perak,2022-06-24
PTP000655,Priya a/p Rajan,550619-11-1111,1955-06-19,M,Sabah,2025-10-28
PTP000656,Lim Boon Huat,750124-01-5221,1975-01-24,F,Perlis,2024-07-24
PTP000657,Amir bin Ismail,780901-07-1749,1978-09-01,M,Sabah,2024-05-27
PTP000658,Chong Siew Fong,031004-09-9922,2003-10-04,M,Kedah,2021-04-18
PTP000659,Lee Wei Ling,910320-16-2196,1991-03-20,F,Terengganu,2023-08-04
PTP000660,Devi a/p Suppiah,851013-05-2683,1985-10-13,M,Kedah,2023-01-24
PTP000661,Ahmad binti Hassan,600506-14-3646,1960-05-06,M,Sarawak,2021-05-13
PTP000662,Hafiz bin Yusof,611109-16-5323,1961-11-09,F,Kedah,2021-09-28
PTP000663,Ahmad bin Yusof,520604-13-5126,1952-06-04,F,Kuala Lumpur,2025-10-18
PTP000664,Ahmad bin Ismail,070610-13-0643,2007-06-10,F,Kuala Lumpur,2022-03-24
PTP000665,Aisyah binti Hassan,720402-10-7558,1972-04-02,M,Perlis,2023-02-17
PTP000666,Tan Boon Huat,670422-05-7595,1967-04-22,F,Penang,2024-04-20
PTP000667,Aina binti Ibrahim,880413-05-6440,1988-04-13,F,Pahang,2026-08-13
PTP000668,Hafiz bin Yusof,751130-07-7449,1975-11-30,M,Melaka,2026-01-21
PTP000669,Ng Chee Keong,600619-04-1494,1960-06-19,M,Putrajaya,2024-08-20
PTP000670,Aisyah binti Ibrahim,840625-06-6204,1984-06-25,F,Kuala Lumpur,2025-01-26
PTP000671,Suresh a/p Rajan,630101-06-2369,1963-01-01,M,Kuala Lumpur,2022-12-01
PTP000672,Hafiz binti Hassan,740729-06-1926,1974-07-29,M,Sarawak,2025-09-15
PTP000673,Lee Wei Ling,980422-15-8153,1998-04-22,F,Selangor,2021-01-15
PTP000674,Aina binti Ibrahim,620317-16-7434,1962-03-17,F,Putrajaya,2026-07-15
PTP000675,Tan Chee Keong,621021-09-9134,1962-10-21,M,Kuala Lumpur,2021-11-22
PTP000676,Farah bin Abdullah,690513-05-0531,1969-05-13,F,Pahang,2023-01-28
PTP000677,Aisyah bin Ismail,940402-06-4659,1994-04-02,M,Putrajaya,2021-12-26
PTP000678,Kumar a/l Krishnan,790623-11-6038,1979-06-23,F,Penang,2025-01-15
PTP000679,Tan Mei Yee,780115-16-2204,1978-01-15,M,Melaka,2025-10-17
PTP000680,Zulkifli bin Ismail,800824-07-0953,1980-08-24,M,Penang,2024-09-10
PTP000681,Chong Boon Huat,850419-10-6996,1985-04-19,F,Melaka,2026-06-05
PTP000682,Suresh a/p Suppiah,780501-16-8069,1978-05-01,M,Kedah,2024-12-20
PTP000683,Kumar a/l Muthu,910126-01-7616,1991-01-26,M,Sarawak,2024-04-04
PTP000684,Farah binti Hassan,540806-07-0185,1954-08-06,M,Negeri Sembilan,2025-08-26
PTP000685,Lee Mei Yee,910613-11-0100,1991-06-13,M,Pahang,2023-11-09
PTP000686,Aina bin Yusof,840701-01-2877,1984-07-01,M,Pahang,2024-10-30
PTP000687,Devi a/p Suppiah,860202-02-2224,1986-02-02,F,Perak,2024-10-16
PTP000688,Suresh a/l Krishnan,730819-15-6782,1973-08-19,M,Negeri Sembilan,2026-03-02
PTP000689,Ahmad bin Ismail,010325-11-5793,2001-03-25,M,Perak,2024-07-16
PTP000690,Lee Kok Wai,530205-06-9354,1953-02-05,F,Sabah,2024-02-23
PTP000691,Raj a/l Krishnan,930630-02-4448,1993-06-30,F,Penang,2022-04-24
PTP000692,Raj a/p Suppiah,510527-10-3541,1951-05-27,F,Sabah,2026-07-29
PTP000693,Ahmad bin Ismail,920830-03-7270,1992-08-30,M,Labuan,2022-04-05
PTP000694,Farah binti Rahman,561107-10-5363,1956-11-07,M,Johor,2026-08-11
PTP000695,Ahmad binti Rahman,631207-13-8558,1963-12-07,M,Selangor,2022-06-28
PTP000696,Kavitha a/l Muthu,690714-11-7649,1969-07-14,M,Johor,2024-06-27
PTP000697,Amir binti Ibrahim,870721-07-5257,1987-07-21,M,Sarawak,2024-07-03
PTP000698,Farah binti Rahman,950920-04-4467,1995-09-20,M,Sabah,2024-03-19
PTP000699,Aina bin Yusof,550824-04-3384,1955-08-24,F,Pahang,2024-01-26
PTP000700,Amir bin Yusof,950802-08-2806,1995-08-02,M,Negeri Sembilan,2024-01-16
PTP000701,Ahmad bin Ismail,840723-01-7712,1984-07-23,M,Johor,2024-10-19
PTP000702,Aisyah binti Rahman,780718-06-9766,1978-07-18,F,Terengganu,2025-04-21
PTP000703,Nur binti Ibrahim,960911-03-7629,1996-09-11,M,Penang,2024-07-03
PTP000704,Amir binti Ibrahim,570719-15-7709,1957-07-19,M,Kedah,2026-04-03
PTP000705,Suresh a/l Krishnan,971019-12-6423,1997-10-19,M,Pahang,2022-08-12
PTP000706,Ahmad bin Abdullah,730616-16-1849,1973-06-16,F,Labuan,2024-08-23
PTP000707,Lee Mei Yee,531228-05-8322,1953-12-28,M,Kelantan,2026-03-05
PTP000708,Muhammad binti Hassan,061025-15-6566,2006-10-25,F,Kedah,2022-03-15
PTP000709,Hafiz binti Rahman,961010-03-5582,1996-10-10,M,Perlis,2023-09-26
PTP000710,Farah bin Yusof,531222-08-2835,1953-12-22,M,Labuan,2025-11-19
PTP000711,Hafiz binti Hassan,930406-04-7294,1993-04-06,M,Negeri Sembilan,2022-04-14
PTP000712,Muhammad binti Ibrahim,821025-13-5364,1982-10-25,F,Kuala Lumpur,2025-07-21
PTP000713,Siti bin Yusof,950901-01-2403,1995-09-01,M,Putrajaya,2022-01-06
PTP000714,Aina binti Rahman,070203-07-3369,2007-02-03,F,Negeri Sembilan,2024-04-08
PTP000715,Devi a/l Krishnan,020823-03-9547,2002-08-23,M,Kelantan,2024-06-01
PTP000716,Kumar a/l Krishnan,010926-02-0013,2001-09-26,F,Johor,2022-06-07
PTP000717,Priya a/p Suppiah,551003-13-5212,1955-10-03,F,Kelantan,2024-03-01
PTP000718,Nur binti Ibrahim,010310-06-7780,2001-03-10,M,Sarawak,2025-04-12
PTP000719,Lee Kok Wai,550411-05-4726,1955-04-11,M,Perak,2025-04-25
PTP000720,Ahmad bin Ismail,040805-16-7155,2004-08-05,M,Penang,2021-02-17
PTP000721,Wong Kok Wai,931125-14-2945,1993-11-25,F,Perlis,2022-07-17
PTP000722,Nur bin Ismail,080625-14-9905,2008-06-25,M,Labuan,2026-01-18
PTP000723,Lee Kok Wai,840419-12-0548,1984-04-19,M,Labuan,2023-08-28
PTP000724,Hafiz binti Ibrahim,780908-03-2327,1978-09-08,F,Putrajaya,2025-02-18
PTP000725,Aina bin Abdullah,851126-08-7740,1985-11-26,M,Negeri Sembilan,2021-11-17
PTP000726,Suresh a/l Muthu,010219-16-7438,2001-02-19,F,Pahang,2021-08-05
PTP000727,Amir binti Hassan,510706-06-0578,1951-07-06,F,Melaka,2025-09-21
PTP000728,Chong Chee Keong,850118-02-4780,1985-01-18,M,Negeri Sembilan,2021-09-09
PTP000729,Zulkifli bin Abdullah,760323-09-4129,1976-03-23,M,Melaka,2026-06-09
PTP000730,Kumar a/l Muthu,650630-06-9695,1965-06-30,M,Putrajaya,2024-02-02
PTP000731,Lee Boon Huat,010428-08-7944,2001-04-28,M,Kuala Lumpur,2025-02-23
PTP000732,Priya a/p Rajan,040326-16-6765,2004-03-26,F,Kedah,2024-11-05
PTP000733,Lim Chee Keong,960926-12-0890,1996-09-26,F,Johor,2025-12-08
PTP000734,Aisyah binti Rahman,630125-10-7803,1963-01-25,M,Kelantan,2021-08-04
PTP000735,Siti bin Yusof,580912-14-0194,1958-09-12,F,Putrajaya,2025-05-17
PTP000736,Chong Boon Huat,810724-02-1595,1981-07-24,F,Perlis,2025-04-14
PTP000737,Amir bin Abdullah,650704-09-9571,1965-07-04,F,Putrajaya,2024-01-22
PTP000738,Chong Chee Keong,780306-11-2947,1978-03-06,F,Selangor,2023-09-18
PTP000739,Tan Kok Wai,621011-04-8605,1962-10-11,M,Putrajaya,2021-02-04
PTP000740,Amir binti Hassan,800313-07-0557,1980-03-13,M,Penang,2024-12-10
PTP000741,Kavitha a/p Rajan,941231-04-1965,1994-12-31,M,Perak,2021-08-21
PTP000742,Ng Siew Fong,681231-06-1816,1968-12-31,M,Melaka,2025-03-20
PTP000743,Muhammad binti Ibrahim,571218-15-4528,1957-12-18,F,Pahang,2024-04-21
PTP000744,Muhammad binti Hassan,740312-02-6271,1974-03-12,F,Pahang,2023-11-21
PTP000745,Amir bin Ismail,040531-15-1137,2004-05-31,F,Sarawak,2021-09-04
PTP000746,Hafiz bin Abdullah,070425-05-8857,2007-04-25,F,Sarawak,2025-05-28
PTP000747,Kavitha a/l Krishnan,510429-04-0571,1951-04-29,M,Penang,2022-03-12
PTP000748,Tan Kok Wai,040701-05-0014,2004-07-01,M,Kelantan,2023-10-24
PTP000749,Farah binti Rahman,790905-01-8444,1979-09-05,F,Labuan,2023-12-28
PTP000750,Muhammad bin Yusof,010204-08-0054,2001-02-04,F,Labuan,2025-11-22
PTP000751,Farah binti Hassan,690830-10-6563,1969-08-30,M,Penang,2022-05-12
PTP000752,Farah bin Abdullah,991115-15-4750,1999-11-15,M,Sabah,2025-02-05
PTP000753,Kavitha a/p Rajan,841102-10-6391,1984-11-02,M,Terengganu,2021-06-11
PTP000754,Hafiz binti Ibrahim,040617-07-2292,2004-06-17,M,Sarawak,2026-06-16
PTP000755,Chong Chee Keong,720526-16-6369,1972-05-26,M,Negeri Sembilan,2021-04-14
PTP000756,Hafiz bin Abdullah,560811-02-5558,1956-08-11,M,Pahang,2026-08-09
PTP000757,Nur binti Ibrahim,740914-15-8791,1974-09-14,M,Kedah,2021-06-25
PTP000758,Siti binti Rahman,911107-01-7720,1991-11-07,M,Kedah,2021-10-23
PTP000759,Ahmad binti Hassan,060729-04-7474,2006-07-29,M,Penang,2022-06-19
PTP000760,Aina bin Yusof,001018-08-1033,2000-10-18,M,Perlis,2022-03-12
PTP000761,Ng Boon Huat,570609-13-5312,1957-06-09,M,Perak,2024-10-13
PTP000762,Lim Wei Ling,821201-06-5496,1982-12-01,M,Johor,2024-08-10
PTP000763,Aisyah bin Ismail,820912-12-9067,1982-09-12,M,Putrajaya,2024-01-27
PTP000764,Kumar a/p Rajan,880130-04-6162,1988-01-30,M,Selangor,2023-09-25
PTP000765,Ahmad bin Ismail,850708-03-9727,1985-07-08,F,Perlis,2026-06-18
PTP000766,Lim Chee Keong,800525-09-8570,1980-05-25,F,Perlis,2026-05-04
PTP000767,Suresh a/l Muthu,891210-06-8190,1989-12-10,M,Negeri Sembilan,2023-09-07
PTP000768,Zulkifli bin Ismail,681124-07-1925,1968-11-24,M,Terengganu,2024-11-25
PTP000769,Nur binti Hassan,720220-02-3173,1972-02-20,M,Perak,2026-09-10
PTP000770,Siti binti Ibrahim,780725-02-0885,1978-07-25,F,Negeri Sembilan,2026-04-28
PTP000771,Farah bin Yusof,060707-15-0709,2006-07-07,M,Kuala Lumpur,2023-05-09
PTP000772,Ahmad binti Rahman,591230-04-1160,1959-12-30,M,Putrajaya,2022-12-22
PTP000773,Farah bin Ismail,940215-04-5343,1994-02-15,M,Johor,2024-08-28
PTP000774,Lim Kok Wai,810729-08-1204,1981-07-29,F,Labuan,2023-08-30
PTP000775,Priya a/p Rajan,681105-15-2917,1968-11-05,F,Terengganu,2021-08-11
PTP000776,Nur binti Ibrahim,630816-12-4418,1963-08-16,M,Pahang,2022-07-13
PTP000777,Aina bin Abdullah,731222-09-2236,1973-12-22,M,Putrajaya,2022-06-06
PTP000778,Farah bin Ismail,540120-10-9889,1954-01-20,M,Sabah,2026-02-22
PTP000779,Zulkifli binti Rahman,800503-07-9692,1980-05-03,F,Putrajaya,2023-07-30
PTP000780,Aisyah binti Ibrahim,540712-08-4060,1954-07-12,F,Perlis,2024-02-18
PTP000781,Suresh a/p Rajan,720404-01-6844,1972-04-04,M,Kuala Lumpur,2023-06-30
PTP000782,Chong Wei Ling,880118-14-8701,1988-01-18,F,Labuan,2026-04-12
PTP000783,Nur bin Abdullah,020420-01-6662,2002-04-20,M,Perak,2022-02-06
PTP000784,Muhammad bin Abdullah,590625-16-4994,1959-06-25,M,Putrajaya,2025-01-08
PTP000785,Devi a/p Rajan,771213-13-3030,1977-12-13,F,Putrajaya,2021-04-10
PTP000786,Kumar a/p Suppiah,661119-11-8698,1966-11-19,M,Negeri Sembilan,2021-01-06
PTP000787,Ng Siew Fong,871115-07-1326,1987-11-15,F,Kuala Lumpur,2025-10-11
PTP000788,Kumar a/p Suppiah,011114-12-7624,2001-11-14,M,Terengganu,2025-01-30
PTP000789,Zulkifli binti Ibrahim,070918-03-9187,2007-09-18,M,Perak,2025-02-09
PTP000790,Muhammad binti Ibrahim,860630-16-9504,1986-06-30,M,Kedah,2024-10-03
PTP000791,Amir bin Yusof,000123-14-4540,2000-01-23,M,Penang,2024-08-05
PTP000792,Hafiz bin Yusof,931004-04-7703,1993-10-04,F,Putrajaya,2025-03-08
PTP000793,Ng Wei Ling,040813-07-7501,2004-08-13,M,Penang,2025-02-16
PTP000794,Raj a/l Muthu,561008-04-2699,1956-10-08,F,Johor,2025-05-20
PTP000795,Nur bin Yusof,791021-01-4803,1979-10-21,F,Perak,2022-08-30
PTP000796,Hafiz binti Ibrahim,660905-01-4776,1966-09-05,M,Penang,2026-04-26
PTP000797,Priya a/l Krishnan,550302-14-9481,1955-03-02,F,Pahang,2021-04-01
PTP000798,Zulkifli bin Yusof,941028-15-7503,1994-10-28,F,Perak,2026-06-15
PTP000799,Amir bin Ismail,511203-16-6093,1951-12-03,F,Kuala Lumpur,2024-06-09
PTP000800,Hafiz bin Ismail,010916-06-8770,2001-09-16,F,Sabah,2022-08-31
PTP000801,Ng Boon Huat,920603-05-2641,1992-06-03,M,Johor,2022-12-20
PTP000802,Suresh a/p Rajan,920803-15-4266,1992-08-03,F,Sabah,2021-06-18
PTP000803,Ahmad binti Ibrahim,560517-11-5633,1956-05-17,M,Terengganu,2023-04-21
PTP000804,Siti bin Yusof,880911-10-1990,1988-09-11,M,Kelantan,2026-01-11
PTP000805,Wong Mei Yee,810726-05-0070,1981-07-26,F,Negeri Sembilan,2026-08-08
PTP000806,Suresh a/p Rajan,940720-15-5549,1994-07-20,M,Labuan,2026-04-26
PTP000807,Zulkifli bin Abdullah,540526-10-0406,1954-05-26,F,Kedah,2021-06-14
PTP000808,Farah bin Abdullah,750527-07-9558,1975-05-27,M,Melaka,2026-01-01
PTP000809,Zulkifli binti Rahman,660517-03-8385,1966-05-17,F,Sarawak,2023-03-13
PTP000810,Aina bin Yusof,560503-02-5915,1956-05-03,F,Perak,2026-07-02
PTP000811,Farah bin Abdullah,941002-10-5651,1994-10-02,F,Negeri Sembilan,2025-10-18
PTP000812,Kumar a/p Rajan,701207-15-6809,1970-12-07,F,Negeri Sembilan,2025-12-31
PTP000813,Wong Boon Huat,740407-14-2286,1974-04-07,M,Perak,2022-11-02
PTP000814,Zulkifli binti Hassan,670215-03-9677,1967-02-15,F,Penang,2023-05-02
PTP000815,Amir binti Rahman,751125-06-9106,1975-11-25,F,Perak,2021-01-28
PTP000816,Aisyah binti Hassan,611225-16-0691,1961-12-25,F,Negeri Sembilan,2023-03-28
PTP000817,Hafiz bin Ismail,070117-01-0040,2007-01-17,M,Melaka,2026-07-17
PTP000818,Kavitha a/p Suppiah,940630-04-4713,1994-06-30,F,Sabah,2024-05-14
PTP000819,Kavitha a/p Rajan,971103-01-1955,1997-11-03,F,Labuan,2026-07-08
PTP000820,Farah bin Yusof,750321-16-9266,1975-03-21,F,Melaka,2021-10-01
PTP000821,Kumar a/l Krishnan,640722-01-4252,1964-07-22,M,Kuala Lumpur,2026-05-04
PTP000822,Siti binti Hassan,540221-06-0866,1954-02-21,F,Terengganu,2022-08-22
PTP000823,Lee Wei Ling,080905-10-4778,2008-09-05,M,Sarawak,2025-09-15
PTP000824,Chong Chee Keong,850903-11-5180,1985-09-03,F,Melaka,2023-01-21
PTP000825,Aina binti Hassan,580517-05-0211,1958-05-17,M,Negeri Sembilan,2025-01-24
PTP000826,Wong Mei Yee,820514-06-1678,1982-05-14,M,Perak,2025-03-08
PTP000827,Nur bin Yusof,050829-04-6837,2005-08-29,F,Penang,2026-08-24
PTP000828,Tan Kok Wai,970613-12-5104,1997-06-13,F,Perak,2022-04-23
PTP000829,Suresh a/l Krishnan,990901-06-4991,1999-09-01,M,Johor,2025-12-16
PTP000830,Siti binti Ibrahim,680910-08-5036,1968-09-10,M,Sarawak,2023-06-30
PTP000831,Devi a/l Muthu,740618-03-0308,1974-06-18,F,Perlis,2022-06-18
PTP000832,Ahmad binti Ibrahim,850904-02-7685,1985-09-04,M,Melaka,2021-06-24
PTP000833,Ahmad bin Abdullah,940825-04-9859,1994-08-25,M,Sarawak,2021-06-27
PTP000834,Tan Wei Ling,750924-05-4544,1975-09-24,F,Terengganu,2023-01-27
PTP000835,Kavitha a/p Rajan,530722-03-1623,1953-07-22,M,Sarawak,2022-10-20
PTP000836,Priya a/l Muthu,770427-04-3506,1977-04-27,F,Terengganu,2023-02-24
PTP000837,Muhammad bin Ismail,760609-12-6219,1976-06-09,F,Sarawak,2023-01-29
PTP000838,Farah bin Abdullah,840323-15-1807,1984-03-23,M,Labuan,2023-07-22
PTP000839,Chong Boon Huat,550822-02-1347,1955-08-22,F,Labuan,2025-01-19
PTP000840,Hafiz bin Yusof,540421-10-7273,1954-04-21,M,Perlis,2022-04-19
PTP000841,Devi a/p Rajan,960211-03-7793,1996-02-11,F,Sabah,2024-04-05
PTP000842,Devi a/l Muthu,600209-13-7177,1960-02-09,M,Johor,2021-02-22
PTP000843,Aina bin Abdullah,790306-06-1060,1979-03-06,F,Sarawak,2022-08-11
PTP000844,Aisyah bin Abdullah,860214-08-6958,1986-02-14,F,Melaka,2024-10-19
PTP000845,Ng Kok Wai,890730-12-7795,1989-07-30,F,Labuan,2024-01-24
PTP000846,Hafiz bin Abdullah,011116-04-4107,2001-11-16,F,Labuan,2024-02-17
PTP000847,Lim Wei Ling,751001-04-0865,1975-10-01,M,Labuan,2023-08-04
PTP000848,Devi a/l Krishnan,621123-05-4960,1962-11-23,M,Penang,2021-04-20
PTP000849,Lim Mei Yee,980211-16-8032,1998-02-11,F,Pahang,2026-07-10
PTP000850,Kumar a/p Suppiah,650825-04-6285,1965-08-25,F,Pahang,2021-03-14
PTP000851,Ahmad bin Abdullah,000215-06-9120,2000-02-15,F,Sabah,2025-03-22
PTP000852,Amir binti Ibrahim,790613-13-7986,1979-06-13,M,Labuan,2026-07-07
PTP000853,Siti bin Yusof,551014-02-6412,1955-10-14,F,Labuan,2026-04-09
PTP000854,Lee Mei Yee,780510-11-1006,1978-05-10,M,Kuala Lumpur,2025-03-28
PTP000855,Lee Boon Huat,631229-01-5591,1963-12-29,F,Johor,2022-06-10
PTP000856,Farah binti Rahman,980121-12-0924,1998-01-21,M,Kedah,2025-10-20
PTP000857,Chong Wei Ling,010208-03-4995,2001-02-08,M,Pahang,2023-08-20
PTP000858,Farah bin Abdullah,801213-15-6921,1980-12-13,F,Melaka,2022-11-27
PTP000859,Chong Wei Ling,530412-11-6188,1953-04-12,F,Pahang,2021-03-25
PTP000860,Tan Boon Huat,960907-07-5504,1996-09-07,F,Pahang,2022-02-05
PTP000861,Lee Kok Wai,070206-07-8142,2007-02-06,M,Sarawak,2022-11-14
PTP000862,Amir bin Yusof,610408-13-3700,1961-04-08,M,Johor,2024-03-23
PTP000863,Aina bin Yusof,760412-16-6997,1976-04-12,M,Terengganu,2024-10-11
PTP000864,Lee Siew Fong,690108-10-7092,1969-01-08,F,Sarawak,2021-11-11
PTP000865,Aina bin Yusof,870714-15-8971,1987-07-14,M,Selangor,2025-08-25
PTP000866,Nur binti Ibrahim,530716-15-4389,1953-07-16,F,Kuala Lumpur,2023-02-04
PTP000867,Siti bin Ismail,690105-05-4919,1969-01-05,F,Perlis,2023-04-02
PTP000868,Kumar a/p Rajan,000721-14-4373,2000-07-21,F,Sabah,2024-07-29
PTP000869,Lim Kok Wai,900124-08-1860,1990-01-24,M,Sarawak,2023-11-17
PTP000870,Amir binti Rahman,990518-16-9172,1999-05-18,F,Perlis,2021-04-24
PTP000871,Amir bin Ismail,581105-01-4233,1958-11-05,F,Sabah,2021-06-01
PTP000872,Devi a/l Muthu,681208-02-1375,1968-12-08,F,Negeri Sembilan,2021-06-22
PTP000873,Devi a/l Krishnan,791130-03-6502,1979-11-30,M,Kedah,2021-09-18
PTP000874,Zulkifli bin Abdullah,961011-09-8133,1996-10-11,M,Kedah,2022-04-04
PTP000875,Lee Mei Yee,591006-13-3865,1959-10-06,F,Sarawak,2022-05-16
PTP000876,Nur binti Hassan,000910-15-6690,2000-09-10,F,Kuala Lumpur,2022-08-14
PTP000877,Muhammad binti Hassan,661108-14-7780,1966-11-08,M,Melaka,2026-07-02
PTP000878,Farah binti Hassan,891216-01-9925,1989-12-16,M,Kuala Lumpur,2022-08-17
PTP000879,Aisyah binti Hassan,741117-12-1999,1974-11-17,M,Putrajaya,2023-09-09
PTP000880,Aisyah binti Hassan,570916-10-1478,1957-09-16,M,Negeri Sembilan,2025-05-11
PTP000881,Priya a/p Suppiah,650507-11-6656,1965-05-07,M,Melaka,2023-05-12
PTP000882,Wong Kok Wai,680516-14-5451,1968-05-16,F,Johor,2021-11-25
PTP000883,Chong Wei Ling,080223-12-6895,2008-02-23,F,Putrajaya,2022-10-19
PTP000884,Ng Boon Huat,820716-06-7264,1982-07-16,M,Selangor,2021-04-23
PTP000885,Amir binti Hassan,900315-03-1815,1990-03-15,M,Kedah,2025-06-30
PTP000886,Ng Kok Wai,560312-11-7397,1956-03-12,F,Perak,2022-06-17
PTP000887,Aina binti Hassan,560228-10-3254,1956-02-28,M,Perlis,2023-12-04
PTP000888,Aisyah bin Yusof,950614-08-0339,1995-06-14,M,Kedah,2025-02-14
PTP000889,Priya a/l Krishnan,000912-06-0815,2000-09-12,F,Perlis,2021-12-31
PTP000890,Farah bin Ismail,830620-04-0231,1983-06-20,F,Putrajaya,2023-12-02
PTP000891,Nur bin Ismail,641113-09-4717,1964-11-13,F,Kelantan,2026-07-18
PTP000892,Nur bin Yusof,971130-07-4636,1997-11-30,M,Perlis,2022-06-18
PTP000893,Siti bin Abdullah,630518-10-4289,1963-05-18,M,Putrajaya,2023-01-09
PTP000894,Hafiz bin Abdullah,730728-01-7682,1973-07-28,M,Pahang,2023-10-15
PTP000895,Ng Kok Wai,040719-14-9784,2004-07-19,F,Penang,2025-06-17
PTP000896,Ahmad binti Hassan,050311-08-7715,2005-03-11,F,Kuala Lumpur,2022-01-26
PTP000897,Aina binti Rahman,530112-10-6466,1953-01-12,F,Perak,2021-01-22
PTP000898,Amir bin Ismail,070914-16-5557,2007-09-14,F,Perak,2021-06-18
PTP000899,Zulkifli binti Rahman,070225-05-4266,2007-02-25,M,Pahang,2022-01-03
PTP000900,Devi a/l Krishnan,880107-12-7046,1988-01-07,F,Melaka,2021-06-30
PTP000901,Aisyah bin Ismail,020228-11-8049,2002-02-28,M,Putrajaya,2023-12-17
PTP000902,Ahmad bin Ismail,810707-06-0587,1981-07-07,F,Melaka,2021-08-06
PTP000903,Wong Wei Ling,900827-16-0668,1990-08-27,F,Terengganu,2022-11-01
PTP000904,Muhammad binti Ibrahim,920310-05-2025,1992-03-10,F,Penang,2026-06-11
PTP000905,Priya a/p Rajan,541008-09-9228,1954-10-08,M,Selangor,2023-04-15
PTP000906,Muhammad bin Ismail,030108-16-1545,2003-01-08,F,Selangor,2023-01-10
PTP000907,Ng Wei Ling,841229-13-6120,1984-12-29,M,Pahang,2024-03-10
PTP000908,Hafiz binti Ibrahim,581028-16-7439,1958-10-28,F,Selangor,2022-09-22
PTP000909,Kavitha a/p Suppiah,900406-11-9325,1990-04-06,M,Sarawak,2024-09-11
PTP000910,Lee Mei Yee,521003-02-1158,1952-10-03,F,Penang,2021-07-19
PTP000911,Nur binti Rahman,001207-03-0336,2000-12-07,M,Sabah,2025-06-22
PTP000912,Lee Boon Huat,690724-05-1975,1969-07-24,F,Labuan,2025-05-11
PTP000913,Lee Boon Huat,070613-05-5882,2007-06-13,M,Terengganu,2025-11-06
PTP000914,Aisyah binti Rahman,000305-09-9225,2000-03-05,F,Penang,2023-03-30
PTP000915,Chong Chee Keong,000621-14-6979,2000-06-21,M,Kuala Lumpur,2025-09-27
PTP000916,Kavitha a/p Rajan,670524-05-8115,1967-05-24,M,Negeri Sembilan,2024-10-31
PTP000917,Hafiz binti Hassan,880825-05-2093,1988-08-25,F,Kedah,2026-04-02
PTP000918,Ahmad bin Yusof,880617-03-0738,1988-06-17,M,Perlis,2025-10-18
PTP000919,Aina binti Hassan,631016-12-4175,1963-10-16,M,Selangor,2025-08-19
PTP000920,Wong Chee Keong,560219-06-6438,1956-02-19,M,Penang,2022-04-12
PTP000921,Raj a/l Krishnan,770806-15-7371,1977-08-06,F,Pahang,2025-09-01
PTP000922,Muhammad binti Ibrahim,050117-09-1742,2005-01-17,F,Selangor,2023-02-06
PTP000923,Ahmad bin Ismail,551120-16-7539,1955-11-20,F,Labuan,2021-01-24
PTP000924,Chong Mei Yee,950503-13-4958,1995-05-03,M,Perak,2024-05-25
PTP000925,Muhammad bin Abdullah,001009-07-0439,2000-10-09,M,Labuan,2022-07-08
PTP000926,Wong Boon Huat,660619-07-1410,1966-06-19,F,Putrajaya,2022-08-18
PTP000927,Ahmad bin Abdullah,540723-06-2497,1954-07-23,F,Labuan,2022-08-30
PTP000928,Hafiz bin Yusof,821231-08-3298,1982-12-31,F,Kelantan,2026-04-16
PTP000929,Muhammad binti Ibrahim,640922-14-6810,1964-09-22,F,Negeri Sembilan,2021-07-28
PTP000930,Hafiz bin Yusof,041121-16-3799,2004-11-21,M,Selangor,2021-06-01
PTP000931,Zulkifli bin Abdullah,590822-09-6834,1959-08-22,F,Johor,2025-09-25
PTP000932,Ng Mei Yee,870725-15-7147,1987-07-25,M,Sabah,2026-07-20
PTP000933,Wong Mei Yee,951216-15-3802,1995-12-16,M,Pahang,2024-03-25
PTP000934,Amir binti Ibrahim,820421-13-6829,1982-04-21,F,Labuan,2026-04-03
PTP000935,Lee Boon Huat,961111-03-7911,1996-11-11,M,Sabah,2022-10-26
PTP000936,Hafiz bin Abdullah,001111-14-8089,2000-11-11,F,Kedah,2023-03-29
PTP000937,Ahmad binti Hassan,051210-09-5849,2005-12-10,M,Sabah,2023-05-08
PTP000938,Muhammad binti Hassan,791204-14-1867,1979-12-04,M,Johor,2026-08-25
PTP000939,Farah binti Hassan,601225-02-9126,1960-12-25,F,Perak,2023-07-07
PTP000940,Wong Kok Wai,770108-04-1734,1977-01-08,M,Kuala Lumpur,2022-03-03
PTP000941,Muhammad bin Ismail,530506-12-2572,1953-05-06,F,Putrajaya,2026-09-09
PTP000942,Muhammad bin Ismail,990227-12-5482,1999-02-27,M,Johor,2026-09-04
PTP000943,Aisyah bin Abdullah,770406-08-7760,1977-04-06,F,Negeri Sembilan,2023-04-07
PTP000944,Amir binti Hassan,000306-14-5908,2000-03-06,M,Perak,2026-08-31
PTP000945,Lim Kok Wai,920323-14-6706,1992-03-23,F,Terengganu,2025-09-24
PTP000946,Ahmad binti Ibrahim,810627-03-1389,1981-06-27,F,Pahang,2021-05-02
PTP000947,Priya a/p Suppiah,961214-02-6443,1996-12-14,M,Perak,2025-07-04
PTP000948,Kavitha a/l Krishnan,630609-14-6586,1963-06-09,F,Pahang,2021-08-25
PTP000949,Amir bin Yusof,640206-05-6618,1964-02-06,F,Sarawak,2024-11-10
PTP000950,Ng Kok Wai,570420-07-4940,1957-04-20,M,Kuala Lumpur,2025-12-17
PTP000951,Siti bin Yusof,920913-10-3501,1992-09-13,M,Negeri Sembilan,2024-10-02
PTP000952,Lim Wei Ling,541010-01-8846,1954-10-10,F,Kedah,2024-10-27
PTP000953,Chong Wei Ling,810821-02-6110,1981-08-21,F,Terengganu,2024-05-29
PTP000954,Muhammad binti Rahman,821117-10-9378,1982-11-17,M,Putrajaya,2022-05-23
PTP000955,Kavitha a/p Rajan,020316-12-4902,2002-03-16,F,Perak,2024-10-20
PTP000956,Nur bin Abdullah,800419-11-8461,1980-04-19,M,Terengganu,2025-03-27
PTP000957,Aisyah binti Rahman,020807-03-1511,2002-08-07,M,Perlis,2026-02-04
PTP000958,Hafiz bin Abdullah,711201-12-8622,1971-12-01,F,Kelantan,2022-06-17
PTP000959,Aisyah binti Rahman,760802-16-6830,1976-08-02,M,Perak,2023-12-17
PTP000960,Hafiz bin Ismail,980715-04-3483,1998-07-15,F,Labuan,2026-09-03
PTP000961,Chong Mei Yee,021105-04-9856,2002-11-05,F,Johor,2021-05-14
PTP000962,Amir bin Abdullah,850718-05-1929,1985-07-18,F,Negeri Sembilan,2022-05-11
PTP000963,Hafiz bin Abdullah,840401-05-2328,1984-04-01,F,Kuala Lumpur,2025-03-14
PTP000964,Priya a/p Rajan,551019-16-0034,1955-10-19,M,Terengganu,2024-06-03
PTP000965,Devi a/p Suppiah,880503-10-9269,1988-05-03,F,Pahang,2021-10-04
PTP000966,Aina bin Ismail,781124-05-8270,1978-11-24,F,Putrajaya,2025-03-26
PTP000967,Farah bin Abdullah,580415-14-6344,1958-04-15,M,Kelantan,2026-01-14
PTP000968,Hafiz binti Ibrahim,790716-09-1450,1979-07-16,M,Selangor,2024-10-20
PTP000969,Muhammad binti Ibrahim,540805-03-3152,1954-08-05,M,Sarawak,2024-06-19
PTP000970,Ahmad bin Abdullah,080223-06-0310,2008-02-23,F,Sarawak,2026-05-04
PTP000971,Chong Kok Wai,771106-03-8741,1977-11-06,F,Kelantan,2023-10-02
PTP000972,Ahmad binti Hassan,030803-14-2957,2003-08-03,F,Selangor,2021-07-04
PTP000973,Muhammad bin Abdullah,790708-04-8876,1979-07-08,M,Negeri Sembilan,2024-07-23
PTP000974,Muhammad bin Ismail,030112-10-6672,2003-01-12,M,Kuala Lumpur,2022-08-13
PTP000975,Ahmad binti Hassan,030528-13-1617,2003-05-28,F,Perak,2024-08-25
PTP000976,Raj a/p Suppiah,600601-04-0849,1960-06-01,M,Kedah,2025-08-18
PTP000977,Zulkifli binti Rahman,650529-04-4412,1965-05-29,M,Pahang,2023-08-27
PTP000978,Muhammad binti Rahman,590415-01-6676,1959-04-15,M,Selangor,2026-03-19
PTP000979,Aina binti Ibrahim,700217-04-4035,1970-02-17,M,Negeri Sembilan,2024-01-08
PTP000980,Zulkifli bin Ismail,650725-05-6116,1965-07-25,M,Kedah,2025-07-25
PTP000981,Suresh a/p Suppiah,870609-02-0016,1987-06-09,F,Negeri Sembilan,2025-10-02
PTP000982,Hafiz binti Hassan,780421-09-6228,1978-04-21,F,Sarawak,2022-11-17
PTP000983,Zulkifli bin Yusof,850920-03-4925,1985-09-20,M,Kelantan,2024-02-27
PTP000984,Ng Siew Fong,520113-09-7077,1952-01-13,M,Pahang,2022-05-19
PTP000985,Ng Kok Wai,900318-09-4029,1990-03-18,F,Pahang,2024-11-04
PTP000986,Aina binti Hassan,020101-01-2190,2002-01-01,M,Labuan,2023-05-13
PTP000987,Kavitha a/p Rajan,680711-14-9106,1968-07-11,F,Kelantan,2021-01-18
PTP000988,Ng Boon Huat,931116-03-8825,1993-11-16,M,Putrajaya,2021-11-29
PTP000989,Aisyah bin Yusof,061117-12-6336,2006-11-17,M,Selangor,2022-05-21
PTP000990,Nur binti Rahman,990820-01-3629,1999-08-20,M,Melaka,2022-05-27
PTP000991,Aina binti Ibrahim,020807-10-3623,2002-08-07,M,Labuan,2025-01-05
PTP000992,Hafiz binti Ibrahim,730302-07-0116,1973-03-02,M,Kelantan,2025-01-26
PTP000993,Suresh a/p Suppiah,550426-06-9040,1955-04-26,M,Sabah,2022-03-31
PTP000994,Muhammad bin Ismail,831209-09-9337,1983-12-09,M,Melaka,2021-09-25
PTP000995,Tan Boon Huat,720119-09-9176,1972-01-19,F,Selangor,2023-02-25
PTP000996,Ng Wei Ling,740208-11-7086,1974-02-08,F,Melaka,2025-10-16
PTP000997,Wong Kok Wai,850122-12-8474,1985-01-22,M,Kedah,2022-05-14
PTP000998,Aisyah bin Yusof,930211-15-5181,1993-02-11,M,Kelantan,2021-07-12
PTP000999,Aina bin Abdullah,710817-08-6943,1971-08-17,M,Kedah,2023-03-09
PTP001000,Amir bin Abdullah,520326-04-0456,1952-03-26,F,Perlis,2023-03-18
PTP001001,Farah binti Hassan,840728-08-1766,1984-07-28,F,Kedah,2021-04-09
PTP001002,Lee Siew Fong,560908-08-1194,1956-09-08,F,Johor,2024-10-27
PTP001003,Muhammad bin Abdullah,890211-02-6183,1989-02-11,F,Penang,2026-01-03
PTP001004,Hafiz bin Abdullah,810413-10-7075,1981-04-13,M,Johor,2022-06-07
PTP001005,Amir binti Rahman,760406-13-1570,1976-04-06,F,Kedah,2021-08-17
PTP001006,Hafiz binti Rahman,640604-04-5564,1964-06-04,M,Putrajaya,2021-02-13
PTP001007,Muhammad bin Abdullah,070808-01-9751,2007-08-08,M,Sarawak,2024-09-06
PTP001008,Lee Mei Yee,521211-14-7887,1952-12-11,F,Sabah,2022-06-01
PTP001009,Ahmad bin Abdullah,780905-05-5106,1978-09-05,F,Terengganu,2023-09-23
PTP001010,Zulkifli bin Ismail,770107-05-7692,1977-01-07,F,Pahang,2024-06-28
PTP001011,Ahmad bin Yusof,871017-05-0939,1987-10-17,M,Kuala Lumpur,2024-04-07
PTP001012,Nur binti Ibrahim,900529-07-1120,1990-05-29,F,Sarawak,2025-09-25
PTP001013,Wong Siew Fong,000106-11-9476,2000-01-06,F,Negeri Sembilan,2026-05-03
PTP001014,Muhammad binti Rahman,810311-02-8125,1981-03-11,M,Selangor,2025-09-11
PTP001015,Wong Siew Fong,670726-07-3916,1967-07-26,F,Pahang,2023-07-03
PTP001016,Siti bin Abdullah,850914-12-0162,1985-09-14,M,Terengganu,2025-03-20
PTP001017,Siti binti Hassan,901206-15-3185,1990-12-06,F,Kuala Lumpur,2021-05-03
PTP001018,Amir bin Ismail,860504-08-4292,1986-05-04,M,Pahang,2021-05-02
PTP001019,Ahmad bin Ismail,660717-09-1657,1966-07-17,M,Perak,2023-10-05
PTP001020,Tan Mei Yee,990113-07-4998,1999-01-13,F,Kedah,2025-04-02
PTP001021,Ng Chee Keong,860529-14-1071,1986-05-29,M,Perak,2025-02-23
PTP001022,Lim Siew Fong,630409-13-6131,1963-04-09,F,Perlis,2022-06-20
PTP001023,Suresh a/p Rajan,690609-10-2434,1969-06-09,F,Kedah,2023-09-29
PTP001024,Lee Chee Keong,710323-16-3428,1971-03-23,M,Labuan,2021-08-07
PTP001025,Aisyah binti Ibrahim,870521-12-8168,1987-05-21,F,Sabah,2021-09-23
PTP001026,Chong Boon Huat,030216-16-8106,2003-02-16,F,Melaka,2024-08-11
PTP001027,Chong Boon Huat,620311-02-3394,1962-03-11,M,Sarawak,2025-07-01
PTP001028,Devi a/p Rajan,910407-10-6963,1991-04-07,F,Sabah,2026-01-26
PTP001029,Muhammad bin Ismail,731213-03-4834,1973-12-13,F,Terengganu,2025-03-13
PTP001030,Hafiz bin Yusof,590530-11-6981,1959-05-30,F,Putrajaya,2023-08-01
PTP001031,Hafiz binti Hassan,570114-09-6264,1957-01-14,M,Sabah,2025-11-07
PTP001032,Muhammad binti Hassan,830727-03-4825,1983-07-27,M,Melaka,2025-12-15
PTP001033,Muhammad binti Hassan,760915-02-8946,1976-09-15,M,Pahang,2023-07-22
PTP001034,Lee Mei Yee,060530-09-3123,2006-05-30,M,Melaka,2023-03-17
PTP001035,Lee Mei Yee,810606-13-6647,1981-06-06,M,Labuan,2021-02-04
PTP001036,Priya a/p Rajan,590419-07-7773,1959-04-19,M,Putrajaya,2022-09-04
PTP001037,Muhammad binti Hassan,050325-07-7025,2005-03-25,F,Sarawak,2026-03-05
PTP001038,Zulkifli bin Abdullah,611227-12-2276,1961-12-27,M,Negeri Sembilan,2025-12-02
PTP001039,Farah binti Hassan,771001-08-6867,1977-10-01,F,Kelantan,2021-02-09
PTP001040,Ahmad bin Yusof,870617-02-2279,1987-06-17,M,Pahang,2024-05-12
PTP001041,Priya a/p Suppiah,850825-03-8757,1985-08-25,F,Sarawak,2025-05-21
PTP001042,Aina binti Rahman,790910-10-1527,1979-09-10,M,Johor,2026-04-29
PTP001043,Aina binti Rahman,580910-01-3058,1958-09-10,M,Penang,2022-12-29
PTP001044,Nur binti Hassan,941104-03-7449,1994-11-04,M,Terengganu,2025-04-30
PTP001045,Aisyah binti Rahman,551208-06-1814,1955-12-08,M,Perlis,2021-02-15
PTP001046,Wong Chee Keong,840224-05-3369,1984-02-24,F,Perlis,2026-05-13
PTP001047,Aina binti Hassan,910806-07-8232,1991-08-06,F,Melaka,2026-04-29
PTP001048,Siti binti Rahman,760818-03-6541,1976-08-18,M,Pahang,2023-04-07
PTP001049,Aina bin Abdullah,941005-03-4717,1994-10-05,F,Terengganu,2026-07-04
PTP001050,Siti binti Rahman,041103-08-2942,2004-11-03,F,Putrajaya,2024-05-03
PTP001051,Priya a/l Muthu,511224-13-0715,1951-12-24,M,Sabah,2025-04-25
PTP001052,Suresh a/l Krishnan,570312-03-3559,1957-03-12,F,Perlis,2024-01-27
PTP001053,Kumar a/l Muthu,790624-11-6719,1979-06-24,F,Sabah,2022-05-12
PTP001054,Ahmad binti Rahman,891104-01-1199,1989-11-04,F,Kelantan,2023-11-02
PTP001055,Lim Kok Wai,920827-02-0175,1992-08-27,F,Johor,2024-11-08
PTP001056,Hafiz binti Rahman,780504-15-1117,1978-05-04,M,Kedah,2022-07-14
PTP001057,Amir bin Ismail,620213-06-0295,1962-02-13,M,Sabah,2025-11-28
PTP001058,Aisyah bin Ismail,020205-03-0183,2002-02-05,F,Perak,2024-04-19
PTP001059,Nur binti Ibrahim,050813-02-8721,2005-08-13,M,Putrajaya,2025-12-10
PTP001060,Chong Boon Huat,980519-04-6399,1998-05-19,F,Putrajaya,2021-07-15
PTP001061,Ahmad binti Rahman,061228-07-4091,2006-12-28,F,Kedah,2021-08-03
PTP001062,Aisyah bin Abdullah,900926-01-5523,1990-09-26,M,Penang,2023-03-31
PTP001063,Kumar a/p Rajan,650330-06-0721,1965-03-30,F,Johor,2023-06-23
PTP001064,Nur bin Yusof,561230-07-8875,1956-12-30,F,Perlis,2024-09-01
PTP001065,Muhammad binti Hassan,520413-11-2844,1952-04-13,M,Kelantan,2022-05-10
PTP001066,Nur binti Rahman,601220-08-1081,1960-12-20,F,Terengganu,2024-07-19
PTP001067,Nur binti Rahman,520815-10-9811,1952-08-15,F,Johor,2021-06-29
PTP001068,Muhammad bin Yusof,970323-11-6366,1997-03-23,M,Pahang,2022-12-04
PTP001069,Ng Mei Yee,790221-16-1106,1979-02-21,F,Selangor,2022-12-20
PTP001070,Nur bin Yusof,920811-01-3811,1992-08-11,M,Johor,2026-01-13
PTP001071,Aisyah bin Ismail,820114-03-0981,1982-01-14,M,Terengganu,2024-06-19
PTP001072,Siti binti Rahman,950607-07-0621,1995-06-07,M,Putrajaya,2026-08-05
PTP001073,Farah binti Ibrahim,031202-02-8533,2003-12-02,F,Negeri Sembilan,2024-09-08
PTP001074,Farah binti Hassan,960227-08-3372,1996-02-27,M,Kedah,2021-04-08
PTP001075,Wong Siew Fong,940421-11-3007,1994-04-21,F,Selangor,2023-07-01
PTP001076,Kumar a/p Rajan,010903-02-2318,2001-09-03,M,Perak,2021-09-22
PTP001077,Zulkifli bin Ismail,641231-08-8313,1964-12-31,M,Perlis,2022-01-11
PTP001078,Nur bin Ismail,850312-14-2890,1985-03-12,M,Negeri Sembilan,2026-03-29
PTP001079,Nur binti Hassan,881219-16-1310,1988-12-19,F,Kelantan,2024-03-14
PTP001080,Hafiz binti Rahman,680509-14-2553,1968-05-09,F,Selangor,2025-03-28
PTP001081,Muhammad binti Hassan,991031-05-9057,1999-10-31,M,Melaka,2025-04-12
PTP001082,Hafiz binti Hassan,851014-13-9210,1985-10-14,F,Penang,2025-04-08
PTP001083,Hafiz bin Ismail,681007-05-3106,1968-10-07,M,Selangor,2024-09-26
PTP001084,Lee Kok Wai,580508-13-6812,1958-05-08,F,Terengganu,2026-08-13
PTP001085,Aina bin Abdullah,711119-14-0636,1971-11-19,M,Kelantan,2025-04-23
PTP001086,Aisyah binti Hassan,820104-12-8349,1982-01-04,F,Terengganu,2022-10-28
PTP001087,Wong Boon Huat,620104-08-3970,1962-01-04,F,Kuala Lumpur,2021-08-25
PTP001088,Ng Wei Ling,970626-05-4281,1997-06-26,F,Perak,2025-01-20
PTP001089,Aina binti Ibrahim,991213-06-0202,1999-12-13,M,Penang,2023-11-08
PTP001090,Aina bin Abdullah,061224-07-6929,2006-12-24,M,Perlis,2025-04-24
PTP001091,Chong Siew Fong,560815-13-9602,1956-08-15,F,Perlis,2023-11-02
PTP001092,Aina binti Hassan,800309-05-4407,1980-03-09,M,Kelantan,2021-12-31
PTP001093,Siti binti Rahman,990415-01-1587,1999-04-15,M,Perlis,2024-06-15
PTP001094,Ng Kok Wai,921118-06-2890,1992-11-18,F,Sabah,2025-09-04
PTP001095,Siti bin Yusof,940718-04-7383,1994-07-18,M,Sabah,2022-07-05
PTP001096,Siti bin Ismail,850331-09-6697,1985-03-31,F,Johor,2023-04-04
PTP001097,Muhammad binti Rahman,510116-04-4534,1951-01-16,M,Pahang,2022-11-12
PTP001098,Hafiz binti Rahman,010527-04-0155,2001-05-27,M,Melaka,2021-05-02
PTP001099,Tan Wei Ling,010719-07-8557,2001-07-19,M,Kelantan,2021-01-30
PTP001100,Devi a/l Krishnan,030907-14-5514,2003-09-07,F,Pahang,2023-12-25
PTP001101,Lee Boon Huat,660807-13-6200,1966-08-07,M,Terengganu,2024-07-15
PTP001102,Tan Kok Wai,811002-13-2275,1981-10-02,M,Johor,2024-09-14
PTP001103,Priya a/l Krishnan,720409-15-7785,1972-04-09,F,Sarawak,2024-02-19
PTP001104,Raj a/l Muthu,770321-12-0749,1977-03-21,F,Putrajaya,2021-01-13
PTP001105,Wong Boon Huat,800923-03-5707,1980-09-23,F,Labuan,2023-08-15
PTP001106,Lee Siew Fong,850309-07-2345,1985-03-09,M,Perak,2022-02-16
PTP001107,Lee Boon Huat,600618-15-2753,1960-06-18,F,Johor,2026-08-02
PTP001108,Lim Chee Keong,501207-07-2792,1950-12-07,M,Johor,2026-05-29
PTP001109,Kumar a/p Rajan,641216-11-6283,1964-12-16,F,Kedah,2025-11-17
PTP001110,Ng Wei Ling,950721-05-8757,1995-07-21,F,Penang,2023-11-22
PTP001111,Suresh a/l Muthu,950922-11-6176,1995-09-22,F,Perlis,2024-09-25
PTP001112,Muhammad binti Hassan,970710-03-1824,1997-07-10,M,Pahang,2023-08-14
PTP001113,Tan Siew Fong,550513-12-2087,1955-05-13,F,Kelantan,2023-02-10
PTP001114,Aina bin Yusof,780617-07-6359,1978-06-17,F,Pahang,2021-01-07
PTP001115,Lim Siew Fong,931006-08-1746,1993-10-06,F,Selangor,2025-02-04
PTP001116,Amir bin Ismail,830913-16-7467,1983-09-13,M,Negeri Sembilan,2026-03-02
PTP001117,Ng Wei Ling,951009-11-5060,1995-10-09,M,Melaka,2022-08-21
PTP001118,Lim Kok Wai,761220-10-6171,1976-12-20,M,Pahang,2026-05-14
PTP001119,Lim Boon Huat,531026-08-0861,1953-10-26,M,Labuan,2022-09-18
PTP001120,Siti bin Abdullah,630801-13-5528,1963-08-01,F,Labuan,2025-05-24
PTP001121,Wong Wei Ling,610329-10-4626,1961-03-29,M,Kelantan,2024-11-27
PTP001122,Aina bin Abdullah,501209-10-7496,1950-12-09,M,Perak,2022-02-03
PTP001123,Lee Chee Keong,550321-07-3573,1955-03-21,M,Selangor,2025-12-15
PTP001124,Chong Wei Ling,870820-05-6169,1987-08-20,F,Sabah,2025-01-23
PTP001125,Hafiz bin Ismail,850424-02-1922,1985-04-24,F,Perlis,2021-08-19
PTP001126,Wong Chee Keong,631021-02-1946,1963-10-21,M,Kelantan,2022-09-01
PTP001127,Aina bin Ismail,020423-13-1468,2002-04-23,F,Kelantan,2026-06-25
PTP001128,Wong Mei Yee,750210-01-1966,1975-02-10,M,Penang,2024-02-02
PTP001129,Zulkifli bin Ismail,890113-01-9614,1989-01-13,F,Melaka,2022-05-15
PTP001130,Lim Kok Wai,850422-16-7105,1985-04-22,F,Perak,2022-01-23
PTP001131,Zulkifli bin Ismail,760130-13-0323,1976-01-30,F,Labuan,2022-02-12
PTP001132,Aina bin Yusof,570219-04-3399,1957-02-19,M,Sabah,2021-09-19
PTP001133,Hafiz binti Hassan,071008-04-0641,2007-10-08,M,Sarawak,2023-01-08
PTP001134,Amir bin Abdullah,950629-03-2043,1995-06-29,F,Terengganu,2022-10-23
PTP001135,Ahmad bin Ismail,960108-10-0756,1996-01-08,F,Putrajaya,2022-12-04
PTP001136,Farah bin Yusof,030911-12-9931,2003-09-11,M,Johor,2022-07-27
PTP001137,Nur bin Ismail,540511-10-3526,1954-05-11,M,Sarawak,2021-07-03
PTP001138,Aina binti Rahman,511014-03-9008,1951-10-14,F,Melaka,2025-01-10
PTP001139,Lim Kok Wai,720825-15-1364,1972-08-25,F,Perlis,2025-04-13
PTP001140,Muhammad binti Ibrahim,881217-09-3156,1988-12-17,F,Sabah,2022-08-10
PTP001141,Lee Kok Wai,970618-13-0424,1997-06-18,M,Penang,2025-09-16
PTP001142,Muhammad binti Ibrahim,750420-14-1080,1975-04-20,F,Penang,2024-01-12
PTP001143,Raj a/p Rajan,960204-08-4483,1996-02-04,M,Johor,2025-01-26
PTP001144,Priya a/p Suppiah,550213-04-2023,1955-02-13,M,Negeri Sembilan,2025-03-25
PTP001145,Farah binti Ibrahim,591006-10-9036,1959-10-06,F,Johor,2026-06-29
PTP001146,Aisyah bin Ismail,850629-12-8711,1985-06-29,F,Labuan,2021-07-16
PTP001147,Zulkifli binti Ibrahim,930125-05-2070,1993-01-25,M,Kelantan,2022-06-07
PTP001148,Farah binti Ibrahim,520904-08-9972,1952-09-04,F,Putrajaya,2024-01-01
PTP001149,Farah binti Rahman,000201-10-4519,2000-02-01,F,Kedah,2023-01-20
PTP001150,Tan Mei Yee,900619-14-5123,1990-06-19,M,Penang,2024-06-04
PTP001151,Tan Chee Keong,860120-02-1385,1986-01-20,F,Labuan,2021-11-11
PTP001152,Devi a/p Rajan,990902-16-8156,1999-09-02,M,Kelantan,2021-02-13
PTP001153,Ng Wei Ling,690516-14-8754,1969-05-16,F,Kedah,2021-02-26
PTP001154,Lim Boon Huat,540825-08-2864,1954-08-25,M,Terengganu,2021-06-23
PTP001155,Ahmad binti Rahman,940801-16-6211,1994-08-01,M,Terengganu,2022-07-01
PTP001156,Nur bin Yusof,860605-04-4752,1986-06-05,F,Labuan,2022-04-09
PTP001157,Ahmad binti Ibrahim,000217-13-3562,2000-02-17,F,Kuala Lumpur,2024-04-17
PTP001158,Devi a/l Muthu,580605-12-0096,1958-06-05,F,Pahang,2026-03-12
PTP001159,Ahmad binti Hassan,931107-06-6587,1993-11-07,F,Selangor,2024-05-07
PTP001160,Nur bin Abdullah,790716-05-6729,1979-07-16,M,Labuan,2022-02-20
PTP001161,Amir bin Ismail,071211-16-6477,2007-12-11,F,Negeri Sembilan,2021-01-29
PTP001162,Siti bin Yusof,630822-09-1780,1963-08-22,F,Putrajaya,2025-02-01
PTP001163,Aisyah bin Abdullah,911123-12-3251,1991-11-23,M,Sarawak,2022-10-25
PTP001164,Aisyah binti Rahman,600705-11-0517,1960-07-05,M,Sarawak,2024-03-12
PTP001165,Raj a/l Muthu,940401-14-8012,1994-04-01,F,Perak,2026-05-18
PTP001166,Wong Siew Fong,871010-13-2153,1987-10-10,M,Johor,2024-08-23
PTP001167,Farah bin Yusof,870718-01-3874,1987-07-18,M,Pahang,2021-03-28
PTP001168,Kavitha a/l Muthu,800826-14-7867,1980-08-26,F,Negeri Sembilan,2025-10-26
PTP001169,Aisyah bin Ismail,020731-05-8376,2002-07-31,M,Kedah,2026-06-14
PTP001170,Lee Boon Huat,980719-08-7031,1998-07-19,M,Labuan,2024-02-26
PTP001171,Chong Siew Fong,520918-06-3091,1952-09-18,M,Kedah,2022-02-27
PTP001172,Ahmad binti Hassan,690122-07-2395,1969-01-22,F,Selangor,2022-05-09
PTP001173,Ahmad binti Rahman,870121-14-8601,1987-01-21,F,Kedah,2023-03-29
PTP001174,Hafiz bin Abdullah,561008-14-0846,1956-10-08,F,Johor,2023-06-28
PTP001175,Farah binti Ibrahim,720827-14-4046,1972-08-27,F,Kuala Lumpur,2024-01-08
PTP001176,Ahmad binti Ibrahim,650629-11-3473,1965-06-29,F,Labuan,2023-01-15
PTP001177,Kumar a/p Suppiah,771002-06-4133,1977-10-02,F,Terengganu,2024-02-22
PTP001178,Muhammad binti Ibrahim,820717-01-9040,1982-07-17,M,Pahang,2024-10-01
PTP001179,Lee Boon Huat,791008-12-3903,1979-10-08,F,Sarawak,2025-01-16
PTP001180,Muhammad bin Ismail,830228-04-0672,1983-02-28,M,Sarawak,2025-04-23
PTP001181,Kumar a/l Krishnan,731028-10-7769,1973-10-28,M,Perak,2025-12-31
PTP001182,Aisyah bin Yusof,621111-09-9180,1962-11-11,F,Terengganu,2021-06-29
PTP001183,Tan Kok Wai,730921-03-7910,1973-09-21,F,Selangor,2026-01-11
PTP001184,Siti binti Hassan,680225-02-9276,1968-02-25,M,Sarawak,2022-11-15
PTP001185,Zulkifli bin Yusof,910615-03-2711,1991-06-15,F,Kelantan,2025-06-17
PTP001186,Amir bin Ismail,961116-06-0058,1996-11-16,M,Sarawak,2025-05-18
PTP001187,Suresh a/p Suppiah,601222-09-4971,1960-12-22,M,Negeri Sembilan,2021-02-06
PTP001188,Siti bin Ismail,720928-02-8741,1972-09-28,M,Negeri Sembilan,2024-01-05
PTP001189,Lee Chee Keong,800514-09-0844,1980-05-14,M,Sarawak,2021-06-10
PTP001190,Farah binti Ibrahim,040229-12-5317,2004-02-29,M,Melaka,2022-04-21
PTP001191,Aina binti Hassan,020402-11-0938,2002-04-02,M,Terengganu,2022-07-02
PTP001192,Lee Chee Keong,611018-09-0256,1961-10-18,M,Kelantan,2023-06-18
PTP001193,Kavitha a/p Rajan,630119-15-3614,1963-01-19,F,Melaka,2023-11-21
PTP001194,Aisyah bin Ismail,631211-15-3796,1963-12-11,F,Terengganu,2023-04-16
PTP001195,Kumar a/p Suppiah,060908-06-7526,2006-09-08,M,Sabah,2022-08-31
PTP001196,Siti binti Ibrahim,980920-10-0344,1998-09-20,F,Sabah,2023-02-13
PTP001197,Ng Siew Fong,531002-07-1137,1953-10-02,M,Penang,2022-12-29
PTP001198,Aisyah bin Abdullah,810522-05-0193,1981-05-22,M,Kelantan,2025-10-13
PTP001199,Ahmad binti Ibrahim,790309-02-2165,1979-03-09,M,Penang,2025-04-22
PTP001200,Aina bin Abdullah,740809-01-1742,1974-08-09,F,Penang,2024-01-02
PTP001201,Aina binti Rahman,920613-06-5036,1992-06-13,F,Labuan,2023-04-09
PTP001202,Zulkifli binti Ibrahim,640208-09-8906,1964-02-08,M,Selangor,2022-09-25
PTP001203,Amir bin Abdullah,980423-14-2323,1998-04-23,M,Kedah,2021-07-02
PTP001204,Aisyah bin Ismail,020527-12-4699,2002-05-27,M,Kelantan,2021-04-09
PTP001205,Muhammad bin Ismail,811111-04-4617,1981-11-11,F,Penang,2022-04-06
PTP001206,Muhammad bin Abdullah,730125-05-2917,1973-01-25,F,Pahang,2024-09-28
PTP001207,Lim Boon Huat,890728-10-4702,1989-07-28,F,Johor,2023-01-13
PTP001208,Kavitha a/l Krishnan,550403-09-1251,1955-04-03,M,Perak,2024-01-16
PTP001209,Aisyah binti Rahman,660416-16-1102,1966-04-16,M,Perlis,2022-08-24
PTP001210,Farah bin Ismail,881028-06-6308,1988-10-28,F,Pahang,2024-02-15
PTP001211,Aisyah bin Yusof,850922-11-2264,1985-09-22,M,Kelantan,2026-07-18
PTP001212,Zulkifli bin Yusof,851109-16-8724,1985-11-09,M,Kelantan,2025-09-11
PTP001213,Aisyah bin Yusof,890411-08-1429,1989-04-11,M,Terengganu,2021-12-09
PTP001214,Ahmad binti Hassan,791220-16-2188,1979-12-20,M,Kuala Lumpur,2021-01-12
PTP001215,Siti binti Hassan,031012-15-2361,2003-10-12,F,Kedah,2024-12-01
PTP001216,Tan Boon Huat,590310-05-1920,1959-03-10,M,Kelantan,2023-05-14
PTP001217,Wong Mei Yee,711225-02-1736,1971-12-25,M,Labuan,2021-04-18
PTP001218,Farah bin Ismail,681014-03-4014,1968-10-14,M,Selangor,2022-10-10
PTP001219,Siti binti Rahman,670503-05-8641,1967-05-03,F,Labuan,2025-09-02
PTP001220,Wong Boon Huat,630717-01-4698,1963-07-17,M,Perak,2025-08-13
PTP001221,Kumar a/p Rajan,580410-06-0178,1958-04-10,F,Perlis,2021-09-03
PTP001222,Amir bin Yusof,621230-10-3724,1962-12-30,F,Sabah,2026-02-04
PTP001223,Suresh a/p Suppiah,680220-05-3471,1968-02-20,F,Kuala Lumpur,2024-01-19
PTP001224,Zulkifli bin Yusof,880901-03-7674,1988-09-01,F,Pahang,2023-06-16
PTP001225,Lim Wei Ling,791126-12-6950,1979-11-26,M,Melaka,2025-07-18
PTP001226,Farah bin Yusof,700522-11-0459,1970-05-22,M,Negeri Sembilan,2022-03-21
PTP001227,Muhammad bin Ismail,810304-01-5064,1981-03-04,M,Sarawak,2022-10-29
PTP001228,Muhammad bin Yusof,860220-02-9236,1986-02-20,F,Kuala Lumpur,2021-05-13
PTP001229,Amir bin Abdullah,611213-12-4626,1961-12-13,F,Sarawak,2021-07-16
PTP001230,Ng Mei Yee,870205-05-1595,1987-02-05,F,Perlis,2024-07-12
PTP001231,Siti bin Abdullah,861114-13-7814,1986-11-14,M,Negeri Sembilan,2026-08-25
PTP001232,Hafiz bin Abdullah,610430-03-3794,1961-04-30,M,Perak,2022-10-23
PTP001233,Suresh a/l Krishnan,850526-15-2149,1985-05-26,F,Negeri Sembilan,2022-10-22
PTP001234,Wong Wei Ling,510503-13-3917,1951-05-03,M,Penang,2025-01-15
PTP001235,Hafiz bin Abdullah,650508-01-2336,1965-05-08,F,Penang,2022-09-17
PTP001236,Farah bin Ismail,850617-10-2645,1985-06-17,M,Melaka,2026-08-06
PTP001237,Muhammad bin Ismail,750813-15-4226,1975-08-13,F,Melaka,2025-01-28
PTP001238,Lim Wei Ling,061127-16-0648,2006-11-27,F,Negeri Sembilan,2025-12-16
PTP001239,Aina binti Ibrahim,520304-05-7222,1952-03-04,F,Pahang,2025-07-01
PTP001240,Aisyah bin Yusof,520929-15-4306,1952-09-29,M,Kuala Lumpur,2025-03-11
PTP001241,Chong Wei Ling,920604-05-1725,1992-06-04,F,Kelantan,2023-09-30
PTP001242,Muhammad bin Ismail,020608-13-7573,2002-06-08,M,Terengganu,2022-10-11
PTP001243,Zulkifli binti Rahman,791117-04-1406,1979-11-17,M,Johor,2026-03-24
PTP001244,Lim Kok Wai,070504-11-1056,2007-05-04,F,Pahang,2025-06-14
PTP001245,Hafiz bin Abdullah,850530-09-7447,1985-05-30,M,Perak,2026-06-15
PTP001246,Nur binti Hassan,630103-02-9848,1963-01-03,F,Kuala Lumpur,2026-04-09
PTP001247,Wong Chee Keong,650803-02-3465,1965-08-03,M,Perlis,2025-01-20
PTP001248,Siti bin Abdullah,061218-05-1134,2006-12-18,F,Kelantan,2024-01-11
PTP001249,Hafiz binti Rahman,731022-07-4250,1973-10-22,M,Kuala Lumpur,2021-12-01
PTP001250,Devi a/l Krishnan,641011-10-2695,1964-10-11,M,Terengganu,2022-01-14
PTP001251,Zulkifli binti Ibrahim,070130-06-7156,2007-01-30,F,Kelantan,2025-09-13
PTP001252,Aina bin Ismail,960420-03-9477,1996-04-20,M,Pahang,2021-02-10
PTP001253,Hafiz bin Ismail,061022-16-5184,2006-10-22,M,Perlis,2024-07-20
PTP001254,Ahmad binti Rahman,810113-05-7361,1981-01-13,M,Kuala Lumpur,2023-12-13
PTP001255,Lim Kok Wai,690331-06-9845,1969-03-31,F,Sarawak,2023-06-15
PTP001256,Nur binti Ibrahim,790630-01-6066,1979-06-30,F,Selangor,2024-11-26
PTP001257,Suresh a/l Muthu,810611-16-7471,1981-06-11,F,Perlis,2024-05-21
PTP001258,Zulkifli binti Rahman,561030-11-1857,1956-10-30,M,Putrajaya,2024-12-11
PTP001259,Zulkifli bin Yusof,680303-06-8892,1968-03-03,F,Kelantan,2025-10-21
PTP001260,Ng Boon Huat,940821-14-4640,1994-08-21,M,Penang,2024-03-13
PTP001261,Ahmad bin Yusof,640822-14-1698,1964-08-22,F,Johor,2022-03-02
PTP001262,Ahmad binti Ibrahim,600828-10-6891,1960-08-28,M,Kedah,2025-12-25
PTP001263,Muhammad bin Ismail,060615-16-2038,2006-06-15,F,Putrajaya,2026-02-06
PTP001264,Kavitha a/p Suppiah,990616-01-6138,1999-06-16,M,Negeri Sembilan,2025-08-19
PTP001265,Raj a/l Krishnan,570221-14-3957,1957-02-21,M,Perlis,2024-01-02
PTP001266,Siti binti Hassan,960527-11-5490,1996-05-27,M,Perlis,2021-05-14
PTP001267,Aisyah bin Ismail,060504-13-0845,2006-05-04,F,Perak,2023-09-18
PTP001268,Priya a/p Suppiah,710327-11-8475,1971-03-27,M,Perlis,2025-05-19
PTP001269,Siti bin Yusof,511124-04-9452,1951-11-24,F,Melaka,2023-08-05
PTP001270,Priya a/l Muthu,710307-03-0420,1971-03-07,F,Selangor,2022-10-14
PTP001271,Zulkifli bin Abdullah,080206-13-0414,2008-02-06,M,Putrajaya,2022-09-19
PTP001272,Nur binti Hassan,610526-07-8772,1961-05-26,M,Kelantan,2025-01-06
PTP001273,Lee Wei Ling,581109-05-0379,1958-11-09,M,Johor,2023-12-03
PTP001274,Kumar a/l Muthu,951130-05-4627,1995-11-30,F,Sabah,2026-02-24
PTP001275,Farah bin Ismail,690830-13-1649,1969-08-30,F,Selangor,2022-01-16
PTP001276,Muhammad bin Ismail,930405-14-6148,1993-04-05,F,Putrajaya,2025-08-22
PTP001277,Ahmad bin Ismail,620904-02-1920,1962-09-04,F,Terengganu,2022-10-22
PTP001278,Suresh a/l Muthu,981014-06-8548,1998-10-14,F,Johor,2026-06-06
PTP001279,Chong Wei Ling,550812-05-3543,1955-08-12,F,Johor,2023-03-01
PTP001280,Siti bin Ismail,680219-03-2073,1968-02-19,F,Melaka,2023-06-08
PTP001281,Muhammad binti Hassan,901203-10-7652,1990-12-03,F,Perlis,2026-05-27
PTP001282,Raj a/p Rajan,620417-07-4605,1962-04-17,F,Johor,2025-06-27
PTP001283,Nur binti Ibrahim,670712-16-7101,1967-07-12,F,Perlis,2024-06-30
PTP001284,Chong Wei Ling,020618-13-7033,2002-06-18,M,Terengganu,2024-01-18
PTP001285,Kumar a/p Suppiah,821106-06-0553,1982-11-06,F,Perlis,2025-03-12
PTP001286,Ng Siew Fong,660314-12-6525,1966-03-14,M,Johor,2024-04-17
PTP001287,Wong Chee Keong,750601-12-4019,1975-06-01,M,Sarawak,2023-01-07
PTP001288,Farah bin Abdullah,870627-01-5219,1987-06-27,M,Pahang,2025-03-03
PTP001289,Farah bin Ismail,680405-03-6317,1968-04-05,F,Sarawak,2023-05-26
PTP001290,Amir binti Ibrahim,960220-03-9403,1996-02-20,F,Perlis,2023-06-10
PTP001291,Lim Chee Keong,830815-02-8092,1983-08-15,F,Kuala Lumpur,2024-07-25
PTP001292,Muhammad binti Rahman,000528-06-9853,2000-05-28,F,Kelantan,2024-01-30
PTP001293,Amir bin Abdullah,831003-01-7565,1983-10-03,F,Perak,2023-08-27
PTP001294,Zulkifli bin Yusof,650423-02-5527,1965-04-23,M,Penang,2025-07-08
PTP001295,Aisyah binti Ibrahim,960723-10-4500,1996-07-23,F,Terengganu,2026-04-09
PTP001296,Farah binti Rahman,681204-02-6444,1968-12-04,F,Putrajaya,2025-06-28
PTP001297,Tan Mei Yee,680924-04-0479,1968-09-24,M,Kuala Lumpur,2026-07-14
PTP001298,Farah binti Ibrahim,560202-14-3708,1956-02-02,M,Penang,2021-02-12
PTP001299,Lee Siew Fong,601124-01-0860,1960-11-24,F,Kuala Lumpur,2023-02-22
PTP001300,Amir bin Abdullah,871024-09-5395,1987-10-24,F,Melaka,2022-03-30
PTP001301,Suresh a/p Suppiah,790527-04-2069,1979-05-27,F,Perak,2022-11-29
PTP001302,Ng Wei Ling,840607-08-9468,1984-06-07,F,Labuan,2025-08-20
PTP001303,Hafiz bin Ismail,900911-03-4322,1990-09-11,F,Penang,2024-02-24
PTP001304,Nur binti Ibrahim,900619-07-1278,1990-06-19,M,Labuan,2024-12-16
PTP001305,Nur binti Rahman,880411-13-3078,1988-04-11,F,Johor,2021-09-04
PTP001306,Aina bin Yusof,920928-11-5108,1992-09-28,F,Perak,2024-10-26
PTP001307,Siti bin Ismail,840213-12-6317,1984-02-13,F,Sarawak,2026-08-29
PTP001308,Amir binti Rahman,881130-06-5032,1988-11-30,M,Perak,2025-06-28
PTP001309,Kavitha a/l Muthu,740304-08-0271,1974-03-04,F,Sabah,2026-03-04
PTP001310,Zulkifli binti Rahman,780614-12-4351,1978-06-14,M,Penang,2023-12-29
PTP001311,Siti binti Rahman,770703-14-8321,1977-07-03,F,Kuala Lumpur,2024-12-22
PTP001312,Muhammad bin Abdullah,990113-13-6923,1999-01-13,M,Negeri Sembilan,2025-12-13
PTP001313,Aina binti Hassan,991129-16-8497,1999-11-29,F,Johor,2023-02-15
PTP001314,Tan Chee Keong,540611-04-0870,1954-06-11,M,Melaka,2021-07-24
PTP001315,Muhammad binti Hassan,550329-08-6628,1955-03-29,F,Kelantan,2023-09-05
PTP001316,Amir binti Rahman,691218-07-2802,1969-12-18,M,Terengganu,2022-02-19
PTP001317,Lee Boon Huat,590808-01-1544,1959-08-08,M,Labuan,2024-03-25
PTP001318,Kavitha a/p Rajan,811024-06-5162,1981-10-24,M,Sabah,2024-06-04
PTP001319,Hafiz bin Ismail,020513-01-7775,2002-05-13,F,Pahang,2023-02-07
PTP001320,Amir bin Abdullah,040919-06-0159,2004-09-19,F,Labuan,2021-03-27
PTP001321,Nur binti Rahman,050403-04-0740,2005-04-03,M,Negeri Sembilan,2021-01-05
PTP001322,Siti bin Ismail,660401-04-1638,1966-04-01,F,Pahang,2023-07-25
PTP001323,Farah bin Yusof,050201-09-7970,2005-02-01,F,Terengganu,2026-01-28
PTP001324,Farah binti Hassan,930325-11-8484,1993-03-25,F,Johor,2026-02-23
PTP001325,Ng Boon Huat,900501-01-2423,1990-05-01,F,Kedah,2024-01-11
PTP001326,Ahmad bin Ismail,820612-14-5888,1982-06-12,M,Penang,2022-08-04
PTP001327,Devi a/l Muthu,700804-09-8927,1970-08-04,F,Sabah,2023-03-05
PTP001328,Raj a/l Krishnan,820303-13-9652,1982-03-03,F,Melaka,2023-12-23
PTP001329,Aina bin Yusof,900416-11-2014,1990-04-16,F,Putrajaya,2024-06-20
PTP001330,Ahmad binti Rahman,930401-05-7640,1993-04-01,M,Negeri Sembilan,2024-11-22
PTP001331,Amir bin Abdullah,721004-10-0255,1972-10-04,F,Kuala Lumpur,2022-10-29
PTP001332,Aina bin Abdullah,580323-02-8001,1958-03-23,F,Selangor,2023-06-10
PTP001333,Ahmad bin Abdullah,870202-09-2256,1987-02-02,F,Negeri Sembilan,2025-10-29
PTP001334,Chong Chee Keong,021012-03-4434,2002-10-12,M,Sarawak,2026-08-19
PTP001335,Muhammad binti Hassan,951225-08-0526,1995-12-25,F,Terengganu,2025-11-05
PTP001336,Ng Kok Wai,730501-14-6539,1973-05-01,M,Melaka,2023-10-16
PTP001337,Siti bin Yusof,570624-14-5283,1957-06-24,M,Sarawak,2024-05-22
PTP001338,Zulkifli bin Ismail,070107-10-4997,2007-01-07,M,Negeri Sembilan,2023-10-22
PTP001339,Aisyah binti Rahman,540515-04-2270,1954-05-15,F,Pahang,2026-03-04
PTP001340,Kavitha a/l Krishnan,550714-15-5803,1955-07-14,F,Putrajaya,2026-08-26
PTP001341,Devi a/l Muthu,560626-01-6896,1956-06-26,M,Perak,2025-09-19
PTP001342,Chong Siew Fong,600202-12-2085,1960-02-02,F,Kuala Lumpur,2024-05-23
PTP001343,Ahmad binti Rahman,680719-15-0890,1968-07-19,M,Kuala Lumpur,2025-05-28
PTP001344,Ng Wei Ling,690823-11-9737,1969-08-23,M,Negeri Sembilan,2024-01-12
PTP001345,Tan Wei Ling,560417-02-3359,1956-04-17,M,Labuan,2026-05-27
PTP001346,Siti binti Hassan,011002-10-0105,2001-10-02,F,Sarawak,2022-07-13
PTP001347,Siti bin Yusof,681209-04-8516,1968-12-09,M,Kedah,2022-04-15
PTP001348,Ahmad bin Yusof,950919-15-6401,1995-09-19,M,Johor,2023-04-17
PTP001349,Siti bin Ismail,060816-09-7194,2006-08-16,M,Perlis,2024-05-13
PTP001350,Lim Chee Keong,840331-08-2797,1984-03-31,M,Labuan,2022-08-23
PTP001351,Muhammad bin Yusof,870508-16-6018,1987-05-08,F,Kelantan,2026-05-22
PTP001352,Tan Kok Wai,570102-14-6960,1957-01-02,M,Selangor,2025-04-30
PTP001353,Aina binti Rahman,550314-01-9511,1955-03-14,F,Kuala Lumpur,2024-03-06
PTP001354,Farah bin Ismail,680304-15-7509,1968-03-04,F,Selangor,2025-12-26
PTP001355,Zulkifli bin Ismail,501016-12-8602,1950-10-16,F,Penang,2022-10-11
PTP001356,Lee Boon Huat,640716-11-7528,1964-07-16,M,Melaka,2022-12-16
PTP001357,Kumar a/p Suppiah,830922-13-7729,1983-09-22,M,Melaka,2024-05-25
PTP001358,Chong Siew Fong,610126-12-9576,1961-01-26,F,Penang,2022-06-15
PTP001359,Siti bin Ismail,560907-04-1740,1956-09-07,F,Labuan,2021-07-04
PTP001360,Ng Chee Keong,730313-04-2850,1973-03-13,F,Perlis,2024-08-18
PTP001361,Amir bin Abdullah,771111-02-1194,1977-11-11,F,Terengganu,2021-09-21
PTP001362,Raj a/l Muthu,590907-15-6187,1959-09-07,M,Sarawak,2021-05-01
PTP001363,Hafiz binti Ibrahim,640115-10-3694,1964-01-15,M,Sabah,2023-03-13
PTP001364,Lim Wei Ling,041214-01-1576,2004-12-14,M,Kuala Lumpur,2025-11-13
PTP001365,Raj a/p Suppiah,550921-03-5582,1955-09-21,M,Labuan,2022-07-30
PTP001366,Chong Kok Wai,550331-12-5840,1955-03-31,M,Penang,2023-02-18
PTP001367,Aisyah bin Abdullah,020531-03-2083,2002-05-31,F,Johor,2025-12-03
PTP001368,Ahmad bin Yusof,870527-11-0369,1987-05-27,M,Negeri Sembilan,2022-04-29
PTP001369,Farah bin Abdullah,750505-06-4719,1975-05-05,M,Kedah,2023-10-27
PTP001370,Aina bin Abdullah,691224-04-9548,1969-12-24,F,Melaka,2026-08-11
PTP001371,Aisyah binti Hassan,060413-07-5481,2006-04-13,M,Perak,2021-05-03
PTP001372,Farah binti Ibrahim,040418-02-3860,2004-04-18,F,Penang,2023-04-17
PTP001373,Muhammad binti Rahman,560418-03-9034,1956-04-18,F,Perak,2021-05-25
PTP001374,Tan Wei Ling,961212-16-8316,1996-12-12,M,Terengganu,2024-01-14
PTP001375,Nur bin Abdullah,830926-02-0431,1983-09-26,M,Kelantan,2025-11-03
PTP001376,Ahmad binti Rahman,010307-13-2051,2001-03-07,F,Perlis,2021-03-16
PTP001377,Muhammad bin Yusof,990702-12-5763,1999-07-02,M,Pahang,2022-07-19
PTP001378,Priya a/p Rajan,660403-03-9643,1966-04-03,M,Kedah,2025-11-24
PTP001379,Chong Siew Fong,791109-02-0244,1979-11-09,M,Kuala Lumpur,2025-08-19
PTP001380,Hafiz bin Ismail,950401-10-0716,1995-04-01,F,Terengganu,2021-11-10
PTP001381,Priya a/p Suppiah,941231-16-2005,1994-12-31,M,Penang,2023-09-28
PTP001382,Priya a/p Suppiah,930613-12-3609,1993-06-13,F,Negeri Sembilan,2023-10-22
PTP001383,Lee Boon Huat,801230-08-8631,1980-12-30,F,Pahang,2025-02-11
PTP001384,Farah binti Rahman,670516-16-4583,1967-05-16,M,Sarawak,2026-08-25
PTP001385,Chong Chee Keong,910305-10-9059,1991-03-05,M,Johor,2022-07-16
PTP001386,Lim Wei Ling,850818-08-7213,1985-08-18,F,Johor,2025-03-06
PTP001387,Ahmad binti Hassan,721007-09-9637,1972-10-07,F,Negeri Sembilan,2021-03-29
PTP001388,Aina binti Rahman,590118-16-0308,1959-01-18,F,Kelantan,2021-12-13
PTP001389,Nur binti Rahman,830503-06-7062,1983-05-03,M,Negeri Sembilan,2025-12-24
PTP001390,Farah bin Abdullah,840828-11-4301,1984-08-28,M,Selangor,2021-05-09
PTP001391,Chong Kok Wai,760104-14-0935,1976-01-04,M,Kelantan,2024-10-28
PTP001392,Suresh a/p Suppiah,881005-14-9381,1988-10-05,F,Sabah,2024-03-23
PTP001393,Nur bin Ismail,620930-01-4598,1962-09-30,F,Penang,2025-04-11
PTP001394,Lee Mei Yee,990807-13-0632,1999-08-07,F,Terengganu,2023-10-21
PTP001395,Ng Siew Fong,581127-01-2036,1958-11-27,F,Pahang,2024-01-06
PTP001396,Wong Kok Wai,530119-01-7207,1953-01-19,M,Putrajaya,2023-12-20
PTP001397,Devi a/p Rajan,620320-14-0959,1962-03-20,M,Melaka,2021-06-01
PTP001398,Devi a/p Rajan,910309-09-4524,1991-03-09,F,Labuan,2024-07-10
PTP001399,Siti bin Ismail,750108-02-3812,1975-01-08,M,Kuala Lumpur,2022-06-06
PTP001400,Wong Siew Fong,781223-11-0687,1978-12-23,M,Kuala Lumpur,2023-01-25
PTP001401,Kumar a/l Krishnan,740612-02-9839,1974-06-12,M,Terengganu,2023-11-28
PTP001402,Hafiz bin Abdullah,610402-03-3882,1961-04-02,M,Pahang,2022-03-24
PTP001403,Ng Kok Wai,000204-03-6987,2000-02-04,F,Perak,2025-03-02
PTP001404,Farah binti Hassan,650817-14-6139,1965-08-17,F,Negeri Sembilan,2021-04-12
PTP001405,Ahmad binti Hassan,910104-05-9686,1991-01-04,M,Johor,2021-05-08
PTP001406,Chong Boon Huat,970531-12-3520,1997-05-31,F,Kuala Lumpur,2023-05-17
PTP001407,Muhammad bin Abdullah,811202-08-9263,1981-12-02,F,Johor,2022-09-07
PTP001408,Ng Siew Fong,740212-15-5192,1974-02-12,F,Sarawak,2021-07-30
PTP001409,Raj a/p Rajan,010311-12-3782,2001-03-11,F,Pahang,2024-04-15
PTP001410,Wong Boon Huat,820705-14-5929,1982-07-05,M,Terengganu,2022-04-18
PTP001411,Farah binti Ibrahim,510420-16-9915,1951-04-20,M,Putrajaya,2026-09-03
PTP001412,Siti bin Yusof,721203-08-6678,1972-12-03,M,Melaka,2025-09-12
PTP001413,Muhammad bin Abdullah,730930-14-6898,1973-09-30,M,Labuan,2024-03-21
PTP001414,Devi a/l Muthu,620127-06-1979,1962-01-27,F,Melaka,2023-03-23
PTP001415,Lim Wei Ling,060430-14-0392,2006-04-30,M,Penang,2026-04-09
PTP001416,Zulkifli binti Rahman,950121-14-5805,1995-01-21,M,Kelantan,2022-06-27
PTP001417,Tan Mei Yee,580406-11-9690,1958-04-06,M,Kuala Lumpur,2023-09-16
PTP001418,Lee Kok Wai,691215-14-7368,1969-12-15,F,Negeri Sembilan,2021-10-30
PTP001419,Ng Chee Keong,860726-03-2494,1986-07-26,M,Terengganu,2026-05-09
PTP001420,Hafiz bin Ismail,540430-09-1587,1954-04-30,M,Negeri Sembilan,2026-02-01
PTP001421,Aina bin Yusof,811213-14-4673,1981-12-13,F,Kelantan,2026-07-14
PTP001422,Lim Wei Ling,600317-07-7053,1960-03-17,F,Pahang,2024-07-28
PTP001423,Siti bin Abdullah,940526-10-4486,1994-05-26,F,Putrajaya,2022-02-12
PTP001424,Raj a/l Krishnan,770825-04-3795,1977-08-25,F,Perak,2023-07-06
PTP001425,Zulkifli bin Ismail,810303-01-9804,1981-03-03,M,Sarawak,2022-01-29
PTP001426,Ahmad binti Hassan,890528-07-4617,1989-05-28,F,Putrajaya,2021-01-28
PTP001427,Lee Wei Ling,600103-04-7281,1960-01-03,F,Labuan,2022-06-01
PTP001428,Siti binti Hassan,960114-04-5795,1996-01-14,M,Kedah,2023-12-14
PTP001429,Zulkifli binti Hassan,991127-09-7429,1999-11-27,M,Pahang,2021-11-01
PTP001430,Zulkifli binti Hassan,031125-07-9145,2003-11-25,M,Selangor,2021-06-07
PTP001431,Aisyah bin Ismail,770306-07-4346,1977-03-06,F,Perak,2023-10-05
PTP001432,Ng Kok Wai,560131-10-2159,1956-01-31,M,Penang,2026-06-08
PTP001433,Muhammad binti Rahman,960905-07-2918,1996-09-05,M,Perlis,2023-05-28
PTP001434,Ng Siew Fong,810402-08-5713,1981-04-02,F,Sabah,2023-12-14
PTP001435,Lee Boon Huat,931224-16-8031,1993-12-24,F,Terengganu,2024-05-14
PTP001436,Nur bin Abdullah,871101-10-6874,1987-11-01,F,Pahang,2026-05-25
PTP001437,Tan Chee Keong,990923-15-5224,1999-09-23,M,Terengganu,2023-10-11
PTP001438,Wong Kok Wai,780606-14-3847,1978-06-06,M,Negeri Sembilan,2025-06-19
PTP001439,Aisyah bin Abdullah,571230-11-4286,1957-12-30,F,Perlis,2024-01-03
PTP001440,Wong Kok Wai,020409-09-0895,2002-04-09,F,Labuan,2025-05-23
PTP001441,Ahmad binti Hassan,850622-15-6714,1985-06-22,M,Sabah,2023-06-16
PTP001442,Tan Siew Fong,680325-11-2117,1968-03-25,M,Selangor,2023-04-25
PTP001443,Farah binti Hassan,611213-03-0806,1961-12-13,M,Terengganu,2025-04-03
PTP001444,Suresh a/p Suppiah,571002-08-4754,1957-10-02,M,Terengganu,2023-03-24
PTP001445,Zulkifli binti Ibrahim,610723-08-0223,1961-07-23,M,Selangor,2024-09-19
PTP001446,Hafiz bin Abdullah,840509-06-4638,1984-05-09,F,Selangor,2022-02-24
PTP001447,Ng Chee Keong,900713-02-4463,1990-07-13,M,Kelantan,2023-08-01
PTP001448,Amir bin Abdullah,611022-03-1210,1961-10-22,F,Selangor,2025-06-30
PTP001449,Chong Siew Fong,880823-05-1565,1988-08-23,F,Sarawak,2021-03-02
PTP001450,Wong Siew Fong,890228-01-4950,1989-02-28,F,Putrajaya,2024-07-02
PTP001451,Aina binti Rahman,050625-13-4771,2005-06-25,F,Penang,2023-04-11
PTP001452,Suresh a/l Krishnan,530906-16-4659,1953-09-06,M,Kelantan,2023-06-30
PTP001453,Kavitha a/p Suppiah,760320-12-8955,1976-03-20,M,Putrajaya,2021-03-12
PTP001454,Ahmad binti Rahman,810116-08-7325,1981-01-16,F,Labuan,2023-07-07
PTP001455,Lee Chee Keong,630527-03-1562,1963-05-27,M,Sarawak,2022-03-23
PTP001456,Muhammad bin Ismail,860614-13-7758,1986-06-14,M,Kuala Lumpur,2026-06-30
PTP001457,Amir binti Ibrahim,800706-11-2467,1980-07-06,M,Pahang,2026-07-15
PTP001458,Raj a/p Rajan,060118-16-8938,2006-01-18,F,Pahang,2025-07-24
PTP001459,Hafiz bin Yusof,000110-03-1721,2000-01-10,F,Penang,2023-08-24
PTP001460,Ahmad bin Ismail,650925-04-2722,1965-09-25,M,Putrajaya,2025-03-19
PTP001461,Aisyah binti Rahman,740517-06-8594,1974-05-17,F,Perak,2022-04-11
PTP001462,Amir bin Abdullah,941001-14-4820,1994-10-01,F,Pahang,2025-09-09
PTP001463,Siti bin Ismail,930331-10-8572,1993-03-31,M,Terengganu,2025-03-03
PTP001464,Nur binti Hassan,670121-05-2690,1967-01-21,F,Selangor,2023-10-27
PTP001465,Siti binti Rahman,630406-03-0091,1963-04-06,F,Sarawak,2024-07-25
PTP001466,Chong Kok Wai,740416-11-1551,1974-04-16,M,Putrajaya,2023-03-28
PTP001467,Zulkifli bin Ismail,721030-12-0231,1972-10-30,M,Melaka,2022-10-03
PTP001468,Wong Siew Fong,610506-10-6017,1961-05-06,F,Melaka,2024-03-10
PTP001469,Siti bin Abdullah,850720-07-4587,1985-07-20,M,Melaka,2023-04-10
PTP001470,Zulkifli bin Yusof,691004-13-5409,1969-10-04,F,Labuan,2022-02-24
PTP001471,Nur bin Ismail,930228-03-2400,1993-02-28,M,Sabah,2023-05-08
PTP001472,Raj a/l Muthu,850809-02-2244,1985-08-09,F,Perlis,2026-05-02
PTP001473,Zulkifli bin Abdullah,661030-08-9177,1966-10-30,F,Kelantan,2026-04-17
PTP001474,Lee Mei Yee,940212-11-8694,1994-02-12,M,Sarawak,2025-04-29
PTP001475,Raj a/p Rajan,690720-14-9183,1969-07-20,F,Labuan,2022-11-12
PTP001476,Chong Kok Wai,870123-12-2916,1987-01-23,M,Terengganu,2023-10-24
PTP001477,Lee Boon Huat,590305-14-3502,1959-03-05,M,Kelantan,2026-03-25
PTP001478,Ahmad bin Ismail,600805-15-5914,1960-08-05,M,Selangor,2025-03-13
PTP001479,Farah binti Hassan,620214-01-9941,1962-02-14,F,Kuala Lumpur,2024-06-25
PTP001480,Wong Wei Ling,030613-09-4492,2003-06-13,M,Selangor,2024-02-01
PTP001481,Kavitha a/p Suppiah,510213-16-2847,1951-02-13,F,Johor,2026-04-13
PTP001482,Aina binti Ibrahim,810922-05-2898,1981-09-22,M,Penang,2021-06-06
PTP001483,Tan Wei Ling,611129-15-1021,1961-11-29,F,Johor,2025-09-15
PTP001484,Priya a/l Muthu,590326-11-5185,1959-03-26,M,Terengganu,2024-02-11
PTP001485,Devi a/p Suppiah,030621-02-1064,2003-06-21,M,Perak,2021-02-28
PTP001486,Hafiz bin Abdullah,880131-09-9970,1988-01-31,M,Perlis,2023-12-29
PTP001487,Tan Mei Yee,920731-09-9184,1992-07-31,F,Johor,2022-12-10
PTP001488,Muhammad bin Yusof,051013-15-1444,2005-10-13,M,Penang,2024-10-30
PTP001489,Lim Mei Yee,660423-01-2774,1966-04-23,M,Sarawak,2023-01-18
PTP001490,Nur binti Hassan,780708-07-2174,1978-07-08,F,Kuala Lumpur,2025-03-15
PTP001491,Lim Mei Yee,570610-05-9257,1957-06-10,F,Perlis,2025-04-03
PTP001492,Lee Chee Keong,881229-06-4832,1988-12-29,F,Putrajaya,2023-07-15
PTP001493,Farah bin Yusof,751025-12-5715,1975-10-25,F,Sabah,2023-12-20
PTP001494,Suresh a/p Suppiah,060709-05-8813,2006-07-09,M,Perlis,2021-05-31
PTP001495,Ng Mei Yee,920901-07-5606,1992-09-01,F,Penang,2024-11-21
PTP001496,Hafiz binti Hassan,810615-02-1889,1981-06-15,M,Labuan,2023-05-14
PTP001497,Farah binti Hassan,810331-13-9640,1981-03-31,M,Pahang,2022-07-27
PTP001498,Tan Chee Keong,060623-14-7790,2006-06-23,F,Pahang,2022-03-05
PTP001499,Farah binti Hassan,970114-06-7648,1997-01-14,M,Selangor,2022-02-15
PTP001500,Wong Siew Fong,990118-14-6542,1999-01-18,F,Kedah,2025-12-04
PTP001501,Chong Mei Yee,740111-16-6572,1974-01-11,F,Kuala Lumpur,2023-11-01
PTP001502,Chong Wei Ling,610602-14-6977,1961-06-02,F,Kelantan,2023-08-18
PTP001503,Siti binti Hassan,621103-07-9305,1962-11-03,M,Perak,2021-04-27
PTP001504,Tan Wei Ling,800408-10-2317,1980-04-08,F,Putrajaya,2024-09-26
PTP001505,Ahmad binti Ibrahim,910221-05-3283,1991-02-21,M,Negeri Sembilan,2025-06-10
PTP001506,Nur bin Ismail,810617-14-1477,1981-06-17,M,Perak,2024-06-13
PTP001507,Siti binti Hassan,870415-04-7713,1987-04-15,F,Sarawak,2025-03-13
PTP001508,Wong Boon Huat,050324-08-1569,2005-03-24,F,Perak,2026-04-19
PTP001509,Lim Kok Wai,790928-11-4639,1979-09-28,F,Kelantan,2024-07-27
PTP001510,Aina bin Abdullah,720401-08-9970,1972-04-01,M,Kedah,2021-10-21
PTP001511,Zulkifli bin Abdullah,600803-13-1265,1960-08-03,M,Perak,2025-02-20
PTP001512,Nur binti Hassan,700728-14-1521,1970-07-28,F,Kelantan,2026-08-10
PTP001513,Amir binti Hassan,751203-13-7875,1975-12-03,M,Melaka,2023-01-07
PTP001514,Aisyah binti Ibrahim,961031-04-7617,1996-10-31,M,Terengganu,2025-09-24
PTP001515,Wong Wei Ling,660604-06-5226,1966-06-04,M,Kelantan,2022-02-20
PTP001516,Aisyah binti Rahman,030703-02-4963,2003-07-03,F,Melaka,2026-02-06
PTP001517,Wong Siew Fong,760212-12-7758,1976-02-12,F,Terengganu,2022-04-20
PTP001518,Wong Siew Fong,801010-13-1310,1980-10-10,M,Selangor,2022-04-03
PTP001519,Kavitha a/l Krishnan,630908-07-8436,1963-09-08,F,Perlis,2024-10-12
PTP001520,Ahmad bin Abdullah,700428-16-7540,1970-04-28,F,Kuala Lumpur,2021-07-18
PTP001521,Farah binti Ibrahim,050414-10-0385,2005-04-14,F,Sabah,2025-02-21
PTP001522,Ahmad binti Rahman,740702-11-4877,1974-07-02,M,Johor,2024-04-16
PTP001523,Chong Boon Huat,570624-13-4073,1957-06-24,M,Penang,2025-01-03
PTP001524,Siti binti Ibrahim,590630-16-7063,1959-06-30,F,Terengganu,2022-01-23
PTP001525,Lim Boon Huat,710819-15-0665,1971-08-19,M,Pahang,2026-02-20
PTP001526,Aina binti Ibrahim,510114-04-6257,1951-01-14,M,Pahang,2025-03-07
PTP001527,Ahmad bin Ismail,551212-09-1298,1955-12-12,F,Johor,2024-05-21
PTP001528,Amir bin Yusof,760522-08-0800,1976-05-22,F,Labuan,2023-02-24
PTP001529,Wong Mei Yee,950621-06-4535,1995-06-21,M,Kelantan,2023-06-01
PTP001530,Lee Wei Ling,710107-14-3393,1971-01-07,M,Perlis,2023-01-13
PTP001531,Hafiz bin Yusof,730422-11-1591,1973-04-22,M,Kedah,2022-06-16
PTP001532,Lim Wei Ling,990514-10-9983,1999-05-14,F,Perlis,2021-03-16
PTP001533,Hafiz bin Yusof,030127-01-5618,2003-01-27,F,Pahang,2024-09-08
PTP001534,Lim Kok Wai,010308-16-3451,2001-03-08,M,Kelantan,2024-11-19
PTP001535,Aina bin Abdullah,891030-16-9196,1989-10-30,F,Penang,2023-11-14
PTP001536,Chong Mei Yee,810820-10-4781,1981-08-20,F,Putrajaya,2023-05-01
PTP001537,Aina bin Yusof,670630-06-5761,1967-06-30,F,Perlis,2026-03-30
PTP001538,Lee Siew Fong,060605-16-3845,2006-06-05,F,Perak,2021-04-06
PTP001539,Tan Wei Ling,980928-13-3576,1998-09-28,M,Johor,2025-03-31
PTP001540,Siti binti Ibrahim,661230-13-9012,1966-12-30,F,Terengganu,2024-03-31
PTP001541,Aina binti Hassan,051028-11-5950,2005-10-28,M,Pahang,2023-06-11
PTP001542,Aisyah bin Ismail,711225-13-8107,1971-12-25,F,Negeri Sembilan,2026-08-20
PTP001543,Siti binti Rahman,931028-10-0054,1993-10-28,F,Putrajaya,2026-01-15
PTP001544,Tan Kok Wai,671007-14-6852,1967-10-07,F,Sarawak,2022-12-07
PTP001545,Lim Siew Fong,850924-03-9823,1985-09-24,F,Selangor,2021-04-29
PTP001546,Lim Siew Fong,860918-16-1490,1986-09-18,F,Selangor,2024-08-24
PTP001547,Nur bin Ismail,951204-15-6046,1995-12-04,M,Sabah,2025-05-14
PTP001548,Priya a/l Krishnan,581120-05-4800,1958-11-20,M,Selangor,2026-04-19
PTP001549,Hafiz bin Ismail,961008-15-3963,1996-10-08,M,Putrajaya,2023-04-28
PTP001550,Chong Mei Yee,870912-06-4011,1987-09-12,F,Penang,2026-08-11
PTP001551,Ng Boon Huat,950913-14-8515,1995-09-13,F,Kelantan,2021-01-29
PTP001552,Lee Boon Huat,501211-04-9944,1950-12-11,M,Putrajaya,2021-10-16
PTP001553,Tan Mei Yee,000612-13-0653,2000-06-12,F,Kelantan,2026-05-24
PTP001554,Muhammad bin Abdullah,510531-05-4300,1951-05-31,M,Sabah,2025-12-08
PTP001555,Farah bin Ismail,931208-08-7906,1993-12-08,M,Melaka,2025-02-10
PTP001556,Muhammad binti Rahman,010822-16-4009,2001-08-22,F,Pahang,2022-02-02
PTP001557,Lee Kok Wai,080517-09-9309,2008-05-17,F,Kuala Lumpur,2024-04-24
PTP001558,Amir bin Abdullah,830303-08-6076,1983-03-03,F,Negeri Sembilan,2022-07-28
PTP001559,Priya a/l Krishnan,980305-16-7206,1998-03-05,F,Perak,2024-06-10
PTP001560,Amir binti Rahman,890511-09-3734,1989-05-11,M,Sarawak,2022-06-11
PTP001561,Ahmad binti Hassan,950915-12-8332,1995-09-15,F,Labuan,2024-05-25
PTP001562,Kavitha a/p Rajan,961231-11-8574,1996-12-31,F,Kelantan,2022-11-29
PTP001563,Chong Kok Wai,580421-06-7929,1958-04-21,F,Selangor,2026-06-11
PTP001564,Amir bin Ismail,810101-08-2459,1981-01-01,F,Johor,2021-09-23
PTP001565,Hafiz bin Yusof,080526-01-8587,2008-05-26,M,Sarawak,2023-03-18
PTP001566,Wong Boon Huat,790610-04-5398,1979-06-10,M,Melaka,2025-01-29
PTP001567,Kumar a/p Suppiah,831228-08-4009,1983-12-28,F,Sabah,2021-11-22
PTP001568,Hafiz bin Ismail,810822-02-9980,1981-08-22,F,Melaka,2023-10-01
PTP001569,Ng Wei Ling,980303-05-8561,1998-03-03,F,Kuala Lumpur,2022-01-10
PTP001570,Aina bin Yusof,601011-16-7606,1960-10-11,M,Kuala Lumpur,2023-05-01
PTP001571,Tan Chee Keong,661118-16-1907,1966-11-18,F,Penang,2024-07-30
PTP001572,Zulkifli bin Yusof,990424-07-9802,1999-04-24,F,Negeri Sembilan,2026-05-04
PTP001573,Muhammad binti Ibrahim,760715-15-3191,1976-07-15,F,Selangor,2021-02-09
PTP001574,Chong Mei Yee,780424-16-2892,1978-04-24,F,Labuan,2023-10-29
PTP001575,Raj a/l Krishnan,680403-08-5589,1968-04-03,F,Negeri Sembilan,2024-03-08
PTP001576,Siti binti Rahman,720717-01-5229,1972-07-17,F,Labuan,2025-12-08
PTP001577,Aisyah binti Ibrahim,800415-10-1549,1980-04-15,F,Pahang,2022-10-31
PTP001578,Muhammad bin Ismail,700109-07-5033,1970-01-09,F,Pahang,2023-01-19
PTP001579,Amir bin Yusof,031104-07-9355,2003-11-04,M,Pahang,2026-04-17
PTP001580,Aisyah bin Ismail,070514-06-9996,2007-05-14,M,Pahang,2022-10-03
PTP001581,Wong Boon Huat,790320-09-3747,1979-03-20,F,Labuan,2026-04-25
PTP001582,Amir binti Hassan,540206-12-5166,1954-02-06,F,Negeri Sembilan,2024-05-28
PTP001583,Aisyah bin Abdullah,600606-13-0906,1960-06-06,F,Terengganu,2025-10-09
PTP001584,Raj a/l Muthu,731116-07-3417,1973-11-16,F,Negeri Sembilan,2022-07-28
PTP001585,Aisyah binti Rahman,880702-11-9143,1988-07-02,M,Sarawak,2025-03-10
PTP001586,Amir bin Abdullah,760103-03-3983,1976-01-03,M,Pahang,2026-08-23
PTP001587,Suresh a/p Suppiah,740405-02-6390,1974-04-05,F,Kedah,2026-05-19
PTP001588,Suresh a/p Suppiah,910801-02-1661,1991-08-01,M,Pahang,2024-02-22
PTP001589,Hafiz binti Hassan,050426-04-7730,2005-04-26,M,Penang,2024-02-05
PTP001590,Kavitha a/p Suppiah,891009-05-2464,1989-10-09,F,Sarawak,2024-08-22
PTP001591,Farah bin Yusof,910903-09-9120,1991-09-03,F,Selangor,2021-12-27
PTP001592,Tan Boon Huat,561106-11-5918,1956-11-06,F,Sarawak,2022-07-30
PTP001593,Nur binti Rahman,790808-12-5456,1979-08-08,M,Melaka,2023-01-25
PTP001594,Tan Chee Keong,511128-04-6730,1951-11-28,F,Kelantan,2023-11-12
PTP001595,Chong Wei Ling,891224-12-0265,1989-12-24,F,Kuala Lumpur,2026-06-16
PTP001596,Raj a/p Suppiah,960513-10-9417,1996-05-13,F,Penang,2026-08-28
PTP001597,Zulkifli bin Abdullah,671218-06-8413,1967-12-18,M,Putrajaya,2021-11-06
PTP001598,Ng Kok Wai,610314-09-7630,1961-03-14,F,Perak,2023-02-21
PTP001599,Aina binti Hassan,750705-15-8646,1975-07-05,F,Selangor,2024-09-15
PTP001600,Ahmad bin Yusof,690424-13-0309,1969-04-24,M,Kedah,2025-07-03
PTP001601,Amir bin Ismail,630128-11-8722,1963-01-28,F,Sarawak,2024-08-13
PTP001602,Kavitha a/p Rajan,570621-07-2429,1957-06-21,M,Negeri Sembilan,2024-12-23
PTP001603,Zulkifli bin Yusof,010522-02-2086,2001-05-22,F,Penang,2023-01-14
PTP001604,Priya a/p Rajan,930123-07-4963,1993-01-23,M,Perlis,2024-09-03
PTP001605,Nur binti Hassan,070305-01-2249,2007-03-05,F,Johor,2024-01-16
PTP001606,Nur binti Rahman,920325-02-7320,1992-03-25,F,Kelantan,2025-03-17
PTP001607,Aisyah bin Yusof,731014-04-1521,1973-10-14,M,Johor,2023-03-25
PTP001608,Tan Kok Wai,080721-12-5191,2008-07-21,F,Sarawak,2022-10-30
PTP001609,Suresh a/l Krishnan,890910-16-4182,1989-09-10,M,Putrajaya,2023-05-12
PTP001610,Aisyah binti Rahman,630422-04-5811,1963-04-22,F,Negeri Sembilan,2021-03-08
PTP001611,Amir bin Ismail,591107-03-6384,1959-11-07,F,Selangor,2021-09-25
PTP001612,Lee Wei Ling,550910-05-4079,1955-09-10,M,Selangor,2024-01-31
PTP001613,Siti binti Ibrahim,080829-16-0638,2008-08-29,M,Sarawak,2022-06-09
PTP001614,Aisyah bin Ismail,881215-14-2824,1988-12-15,M,Perak,2024-04-15
PTP001615,Muhammad bin Ismail,840817-01-8151,1984-08-17,M,Negeri Sembilan,2023-01-14
PTP001616,Lee Siew Fong,970928-11-0466,1997-09-28,M,Pahang,2025-07-12
PTP001617,Kumar a/p Rajan,620604-14-0761,1962-06-04,F,Sabah,2021-04-27
PTP001618,Farah bin Ismail,610430-03-6879,1961-04-30,M,Johor,2022-10-10
PTP001619,Aisyah bin Yusof,720915-15-2202,1972-09-15,M,Negeri Sembilan,2026-05-03
PTP001620,Amir bin Ismail,010912-11-8847,2001-09-12,F,Johor,2026-05-05
PTP001621,Aina bin Ismail,871029-05-3593,1987-10-29,M,Perak,2026-05-12
PTP001622,Ng Wei Ling,590201-13-4625,1959-02-01,M,Kedah,2023-07-13
PTP001623,Amir binti Hassan,820422-15-9679,1982-04-22,F,Perak,2023-07-16
PTP001624,Siti bin Yusof,080522-02-6308,2008-05-22,M,Sarawak,2024-09-05
PTP001625,Ahmad bin Ismail,950415-06-6500,1995-04-15,F,Selangor,2023-01-17
PTP001626,Farah bin Ismail,700305-13-7407,1970-03-05,M,Putrajaya,2026-05-24
PTP001627,Muhammad binti Ibrahim,520506-09-8429,1952-05-06,F,Pahang,2023-12-13
PTP001628,Hafiz bin Yusof,670128-15-1581,1967-01-28,F,Melaka,2023-02-03
PTP001629,Wong Boon Huat,571002-01-8901,1957-10-02,M,Johor,2021-09-16
PTP001630,Kumar a/l Muthu,840104-10-2069,1984-01-04,F,Negeri Sembilan,2023-07-20
PTP001631,Muhammad bin Yusof,600515-06-6513,1960-05-15,M,Perak,2026-01-28
PTP001632,Lim Boon Huat,840619-12-8611,1984-06-19,M,Kuala Lumpur,2023-06-28
PTP001633,Zulkifli bin Ismail,031211-12-2600,2003-12-11,M,Sabah,2025-01-25
PTP001634,Ng Chee Keong,860513-14-3312,1986-05-13,F,Kuala Lumpur,2023-07-16
PTP001635,Zulkifli binti Rahman,951219-16-7667,1995-12-19,F,Perak,2025-06-30
PTP001636,Amir binti Ibrahim,790601-10-3420,1979-06-01,M,Kuala Lumpur,2024-05-13
PTP001637,Hafiz bin Ismail,891103-08-6410,1989-11-03,M,Perlis,2025-08-08
PTP001638,Nur binti Hassan,540306-03-3707,1954-03-06,F,Perak,2025-05-21
PTP001639,Aina binti Ibrahim,070415-05-3372,2007-04-15,F,Perak,2025-07-03
PTP001640,Tan Boon Huat,790206-04-8529,1979-02-06,F,Johor,2024-02-03
PTP001641,Hafiz binti Hassan,990210-04-8867,1999-02-10,F,Perak,2026-04-14
PTP001642,Kavitha a/l Krishnan,510518-09-0671,1951-05-18,F,Melaka,2021-10-16
PTP001643,Wong Siew Fong,940126-06-7983,1994-01-26,F,Kedah,2022-04-08
PTP001644,Aina bin Yusof,600828-12-3953,1960-08-28,F,Perlis,2022-02-27
PTP001645,Muhammad binti Hassan,711121-09-4123,1971-11-21,F,Perlis,2025-09-24
PTP001646,Kumar a/l Muthu,600414-04-7955,1960-04-14,M,Labuan,2023-10-27
PTP001647,Amir bin Abdullah,001114-16-9186,2000-11-14,F,Kelantan,2023-06-26
PTP001648,Chong Boon Huat,760715-04-9431,1976-07-15,M,Johor,2021-06-22
PTP001649,Aina binti Rahman,650709-13-0653,1965-07-09,F,Putrajaya,2023-09-05
PTP001650,Zulkifli bin Abdullah,590419-13-7074,1959-04-19,M,Sarawak,2026-03-03
PTP001651,Farah bin Abdullah,851129-10-6752,1985-11-29,M,Putrajaya,2023-01-11
PTP001652,Farah binti Hassan,550801-08-4532,1955-08-01,F,Kuala Lumpur,2023-11-05
PTP001653,Amir bin Ismail,000515-07-9150,2000-05-15,F,Kelantan,2024-08-22
PTP001654,Lim Kok Wai,920808-03-5468,1992-08-08,F,Kedah,2024-11-28
PTP001655,Tan Boon Huat,531006-03-6652,1953-10-06,F,Labuan,2024-07-20
PTP001656,Lim Mei Yee,040727-16-5744,2004-07-27,F,Putrajaya,2023-02-02
PTP001657,Lim Mei Yee,990718-01-1826,1999-07-18,M,Negeri Sembilan,2025-01-20
PTP001658,Chong Mei Yee,880624-06-6520,1988-06-24,M,Sarawak,2026-09-05
PTP001659,Aina binti Ibrahim,010202-13-4315,2001-02-02,M,Pahang,2022-01-18
PTP001660,Aisyah bin Abdullah,860117-10-9340,1986-01-17,M,Pahang,2024-12-20
PTP001661,Ahmad bin Ismail,950317-05-4485,1995-03-17,M,Labuan,2023-07-10
PTP001662,Lim Chee Keong,001111-08-7214,2000-11-11,M,Perak,2023-07-09
PTP001663,Ahmad bin Yusof,690928-16-7191,1969-09-28,F,Sarawak,2021-02-20
PTP001664,Zulkifli bin Yusof,910420-13-9428,1991-04-20,F,Melaka,2025-08-16
PTP001665,Lee Kok Wai,780124-12-5972,1978-01-24,M,Pahang,2025-01-30
PTP001666,Siti binti Hassan,880914-08-8819,1988-09-14,M,Johor,2025-01-02
PTP001667,Chong Mei Yee,941119-04-9897,1994-11-19,M,Terengganu,2026-09-10
PTP001668,Aina bin Abdullah,780102-15-7174,1978-01-02,F,Perlis,2023-07-07
PTP001669,Priya a/l Muthu,800817-15-9158,1980-08-17,M,Terengganu,2021-09-22
PTP001670,Priya a/l Muthu,551116-12-1071,1955-11-16,F,Melaka,2026-05-07
PTP001671,Wong Kok Wai,940704-05-6492,1994-07-04,M,Putrajaya,2021-04-23
PTP001672,Amir binti Hassan,921120-08-9336,1992-11-20,F,Perak,2024-06-23
PTP001673,Suresh a/l Muthu,740824-12-9624,1974-08-24,M,Penang,2024-07-12
PTP001674,Siti binti Ibrahim,990428-07-4076,1999-04-28,M,Sabah,2021-09-18
PTP001675,Wong Boon Huat,560129-04-5436,1956-01-29,M,Johor,2021-05-01
PTP001676,Aisyah binti Rahman,671210-13-7772,1967-12-10,M,Pahang,2025-07-11
PTP001677,Farah bin Ismail,520414-14-4128,1952-04-14,F,Penang,2023-01-20
PTP001678,Nur bin Ismail,891120-12-1336,1989-11-20,F,Putrajaya,2023-01-26
PTP001679,Ahmad bin Yusof,890712-02-9127,1989-07-12,M,Terengganu,2022-01-21
PTP001680,Zulkifli bin Abdullah,690516-01-5355,1969-05-16,F,Negeri Sembilan,2022-01-27
PTP001681,Chong Siew Fong,070801-12-1136,2007-08-01,M,Sarawak,2021-04-24
PTP001682,Nur binti Hassan,840410-04-2534,1984-04-10,F,Sabah,2026-08-03
PTP001683,Lim Siew Fong,920127-05-7292,1992-01-27,M,Kuala Lumpur,2025-12-11
PTP001684,Lee Mei Yee,570715-04-5718,1957-07-15,M,Sabah,2022-05-08
PTP001685,Aina bin Ismail,061008-11-7449,2006-10-08,F,Putrajaya,2022-02-13
PTP001686,Tan Mei Yee,000620-08-5991,2000-06-20,M,Kedah,2022-04-22
PTP001687,Aisyah bin Abdullah,540221-12-0960,1954-02-21,F,Johor,2026-07-04
PTP001688,Lee Siew Fong,540407-13-8951,1954-04-07,M,Negeri Sembilan,2022-01-08
PTP001689,Nur binti Hassan,631021-14-6623,1963-10-21,F,Kelantan,2024-08-05
PTP001690,Hafiz bin Abdullah,740124-11-9195,1974-01-24,F,Kelantan,2021-12-04
PTP001691,Amir binti Ibrahim,840929-02-8643,1984-09-29,M,Sarawak,2024-06-06
PTP001692,Aina binti Ibrahim,021011-06-5138,2002-10-11,M,Selangor,2022-01-01
PTP001693,Devi a/p Rajan,650914-12-8810,1965-09-14,M,Perlis,2021-07-13
PTP001694,Ahmad bin Ismail,740909-04-7491,1974-09-09,M,Kedah,2023-01-01
PTP001695,Nur binti Rahman,770110-07-9357,1977-01-10,M,Kuala Lumpur,2024-08-04
PTP001696,Muhammad binti Hassan,550530-01-3938,1955-05-30,F,Sabah,2025-04-12
PTP001697,Lee Kok Wai,821231-02-2554,1982-12-31,M,Kedah,2025-05-17
PTP001698,Devi a/l Krishnan,970509-07-4466,1997-05-09,F,Selangor,2023-11-24
PTP001699,Wong Mei Yee,010711-07-7998,2001-07-11,F,Selangor,2025-08-31
PTP001700,Hafiz bin Ismail,060430-08-1155,2006-04-30,M,Johor,2025-06-08
PTP001701,Devi a/l Muthu,910124-06-8797,1991-01-24,F,Sabah,2022-10-13
PTP001702,Kavitha a/p Suppiah,050111-10-8786,2005-01-11,F,Negeri Sembilan,2023-11-17
PTP001703,Muhammad binti Rahman,501228-07-1417,1950-12-28,F,Sarawak,2023-12-08
PTP001704,Ahmad binti Rahman,910915-16-1791,1991-09-15,M,Kedah,2022-06-05
PTP001705,Lim Wei Ling,521013-03-3960,1952-10-13,F,Terengganu,2021-06-05
PTP001706,Wong Siew Fong,690730-02-8251,1969-07-30,M,Sarawak,2025-11-30
PTP001707,Ahmad bin Ismail,720325-11-4109,1972-03-25,M,Terengganu,2024-07-26
PTP001708,Ahmad binti Rahman,540519-13-2508,1954-05-19,F,Penang,2026-03-08
PTP001709,Nur binti Hassan,020321-15-0414,2002-03-21,F,Penang,2023-07-12
PTP001710,Lee Siew Fong,780616-06-2348,1978-06-16,F,Kuala Lumpur,2023-10-04
PTP001711,Wong Siew Fong,911119-01-2783,1991-11-19,F,Terengganu,2022-04-02
PTP001712,Muhammad binti Ibrahim,931130-08-0096,1993-11-30,F,Selangor,2021-06-07
PTP001713,Chong Wei Ling,990726-08-0576,1999-07-26,M,Selangor,2021-08-28
PTP001714,Kavitha a/p Suppiah,770312-10-6336,1977-03-12,F,Kedah,2026-05-06
PTP001715,Lee Boon Huat,990731-15-7850,1999-07-31,M,Putrajaya,2026-07-03
PTP001716,Amir binti Ibrahim,760430-06-6364,1976-04-30,F,Sabah,2025-01-15
PTP001717,Wong Mei Yee,931125-05-0697,1993-11-25,F,Perlis,2025-02-16
PTP001718,Priya a/l Krishnan,870803-07-6648,1987-08-03,F,Perlis,2023-07-19
PTP001719,Wong Kok Wai,050507-15-5956,2005-05-07,F,Pahang,2026-03-02
PTP001720,Zulkifli bin Ismail,950426-08-3554,1995-04-26,M,Sarawak,2025-06-22
PTP001721,Suresh a/p Suppiah,761223-12-5028,1976-12-23,M,Kelantan,2025-01-28
PTP001722,Zulkifli binti Ibrahim,940517-15-4920,1994-05-17,F,Kuala Lumpur,2022-08-02
PTP001723,Zulkifli bin Ismail,800912-13-8478,1980-09-12,F,Sabah,2023-03-28
PTP001724,Nur binti Rahman,820615-06-4478,1982-06-15,M,Kelantan,2025-12-20
PTP001725,Farah binti Rahman,890609-08-2139,1989-06-09,F,Pahang,2023-03-22
PTP001726,Tan Wei Ling,840220-01-0142,1984-02-20,M,Pahang,2021-05-25
PTP001727,Farah bin Ismail,631125-05-3489,1963-11-25,F,Penang,2022-01-04
PTP001728,Lee Siew Fong,520724-15-7783,1952-07-24,F,Sabah,2025-01-26
PTP001729,Zulkifli bin Ismail,980602-05-2674,1998-06-02,F,Johor,2024-04-01
PTP001730,Zulkifli binti Ibrahim,800427-16-4607,1980-04-27,M,Johor,2025-08-06
PTP001731,Kumar a/l Muthu,570323-05-6241,1957-03-23,F,Kelantan,2022-08-24
PTP001732,Ahmad bin Yusof,820314-12-7224,1982-03-14,M,Putrajaya,2026-05-08
PTP001733,Kavitha a/l Krishnan,950601-11-1392,1995-06-01,F,Penang,2021-03-23
PTP001734,Amir binti Ibrahim,831124-13-2449,1983-11-24,M,Sarawak,2022-12-27
PTP001735,Muhammad binti Hassan,921216-16-0261,1992-12-16,F,Sabah,2024-08-06
PTP001736,Priya a/l Krishnan,820222-01-8021,1982-02-22,F,Sabah,2025-02-04
PTP001737,Ng Mei Yee,520304-09-7355,1952-03-04,F,Pahang,2021-08-02
PTP001738,Hafiz binti Ibrahim,930705-03-5454,1993-07-05,M,Perak,2021-06-15
PTP001739,Tan Mei Yee,610123-13-3270,1961-01-23,F,Kelantan,2021-02-13
PTP001740,Amir binti Ibrahim,050130-13-5499,2005-01-30,F,Perlis,2025-05-10
PTP001741,Lim Mei Yee,991221-09-9050,1999-12-21,M,Labuan,2025-07-26
PTP001742,Hafiz binti Ibrahim,570825-03-5220,1957-08-25,M,Selangor,2024-02-28
PTP001743,Tan Chee Keong,621221-03-2901,1962-12-21,F,Penang,2022-06-11
PTP001744,Nur bin Abdullah,511222-03-0158,1951-12-22,M,Pahang,2022-09-23
PTP001745,Hafiz binti Ibrahim,750721-11-1733,1975-07-21,M,Kuala Lumpur,2021-10-16
PTP001746,Muhammad bin Ismail,910505-03-1500,1991-05-05,M,Perlis,2022-07-23
PTP001747,Muhammad binti Rahman,680222-11-8672,1968-02-22,M,Labuan,2023-08-13
PTP001748,Wong Siew Fong,851024-06-7687,1985-10-24,F,Kuala Lumpur,2023-03-20
PTP001749,Ahmad bin Abdullah,760507-06-3239,1976-05-07,F,Perak,2025-12-18
PTP001750,Ng Wei Ling,940124-07-3064,1994-01-24,F,Kedah,2023-02-15
PTP001751,Aina binti Hassan,640913-14-8301,1964-09-13,F,Sarawak,2022-10-28
PTP001752,Farah binti Ibrahim,620202-08-8692,1962-02-02,M,Melaka,2025-10-14
PTP001753,Tan Wei Ling,820910-03-8092,1982-09-10,F,Kuala Lumpur,2024-02-27
PTP001754,Hafiz bin Abdullah,701203-03-5216,1970-12-03,F,Penang,2025-10-28
PTP001755,Lee Kok Wai,571015-12-7871,1957-10-15,F,Labuan,2023-12-11
PTP001756,Lee Siew Fong,550828-07-3737,1955-08-28,M,Kuala Lumpur,2024-05-14
PTP001757,Hafiz binti Hassan,670716-13-7596,1967-07-16,F,Putrajaya,2024-12-16
PTP001758,Aisyah binti Rahman,681107-01-2284,1968-11-07,F,Kelantan,2022-09-18
PTP001759,Ahmad binti Rahman,940929-06-2474,1994-09-29,M,Sarawak,2022-09-04
PTP001760,Hafiz bin Ismail,721028-09-5526,1972-10-28,M,Selangor,2022-01-24
PTP001761,Amir bin Yusof,040611-09-3731,2004-06-11,M,Labuan,2026-07-31
PTP001762,Siti binti Rahman,750613-02-5789,1975-06-13,M,Penang,2026-08-07
PTP001763,Chong Mei Yee,801208-05-3852,1980-12-08,F,Sarawak,2024-08-17
PTP001764,Amir binti Ibrahim,940804-06-5547,1994-08-04,F,Perlis,2025-09-02
PTP001765,Zulkifli binti Hassan,590413-11-6117,1959-04-13,M,Terengganu,2022-05-15
PTP001766,Hafiz binti Hassan,710204-14-4032,1971-02-04,M,Pahang,2026-04-24
PTP001767,Raj a/p Suppiah,611216-09-9093,1961-12-16,F,Pahang,2023-08-15
PTP001768,Raj a/p Rajan,830923-08-4081,1983-09-23,F,Labuan,2023-03-08
PTP001769,Muhammad binti Rahman,050301-05-5269,2005-03-01,M,Labuan,2021-03-21
PTP001770,Ng Mei Yee,810104-03-7364,1981-01-04,F,Sarawak,2026-03-11
PTP001771,Lee Wei Ling,660610-16-4040,1966-06-10,M,Selangor,2024-02-06
PTP001772,Aina binti Rahman,920813-05-4468,1992-08-13,F,Labuan,2024-09-02
PTP001773,Chong Chee Keong,770814-07-9790,1977-08-14,M,Negeri Sembilan,2024-07-10
PTP001774,Lim Siew Fong,700827-10-4066,1970-08-27,F,Perlis,2021-09-06
PTP001775,Nur bin Ismail,531212-10-0414,1953-12-12,M,Perlis,2021-02-14
PTP001776,Siti binti Rahman,680621-13-9097,1968-06-21,M,Putrajaya,2021-11-19
PTP001777,Amir binti Rahman,881207-09-3240,1988-12-07,F,Negeri Sembilan,2024-07-10
PTP001778,Farah bin Abdullah,690129-04-0858,1969-01-29,F,Labuan,2022-10-30
PTP001779,Aisyah bin Yusof,600601-01-7114,1960-06-01,F,Kelantan,2025-02-19
PTP001780,Ahmad binti Ibrahim,550318-10-5308,1955-03-18,M,Kuala Lumpur,2022-12-31
PTP001781,Muhammad bin Ismail,691022-05-1675,1969-10-22,M,Kedah,2022-06-25
PTP001782,Lee Mei Yee,610905-03-6760,1961-09-05,F,Penang,2022-01-12
PTP001783,Ahmad bin Yusof,890608-14-6487,1989-06-08,M,Penang,2026-07-11
PTP001784,Muhammad binti Hassan,941203-08-3920,1994-12-03,M,Selangor,2023-04-29
PTP001785,Ng Chee Keong,791009-16-0694,1979-10-09,M,Kedah,2021-08-03
PTP001786,Priya a/l Krishnan,951103-11-6349,1995-11-03,F,Selangor,2023-08-11
PTP001787,Aisyah bin Yusof,520101-03-0657,1952-01-01,M,Kuala Lumpur,2024-04-01
PTP001788,Hafiz bin Abdullah,530115-12-1320,1953-01-15,F,Sabah,2023-05-06
PTP001789,Zulkifli bin Abdullah,050723-10-4352,2005-07-23,F,Kelantan,2025-06-15
PTP001790,Chong Mei Yee,891030-11-3207,1989-10-30,F,Melaka,2022-10-17
PTP001791,Amir binti Rahman,560120-01-7299,1956-01-20,F,Sarawak,2025-05-28
PTP001792,Aisyah bin Abdullah,070417-07-3279,2007-04-17,F,Sarawak,2023-01-28
PTP001793,Ahmad binti Ibrahim,610410-08-9287,1961-04-10,F,Sarawak,2024-05-27
PTP001794,Nur bin Ismail,040825-11-3380,2004-08-25,F,Kelantan,2021-04-08
PTP001795,Aisyah bin Yusof,610919-06-8055,1961-09-19,F,Negeri Sembilan,2024-09-02
PTP001796,Muhammad bin Abdullah,750223-01-0819,1975-02-23,M,Melaka,2023-10-15
PTP001797,Aisyah binti Ibrahim,930709-06-1593,1993-07-09,M,Terengganu,2021-01-01
PTP001798,Wong Boon Huat,960122-12-1246,1996-01-22,F,Perlis,2023-06-01
PTP001799,Ahmad bin Abdullah,650724-10-2323,1965-07-24,F,Putrajaya,2021-04-02
PTP001800,Ahmad binti Rahman,790808-06-0235,1979-08-08,M,Penang,2023-04-19
PTP001801,Aina binti Ibrahim,641224-09-4424,1964-12-24,M,Labuan,2023-08-20
PTP001802,Lim Chee Keong,510112-03-6513,1951-01-12,F,Selangor,2021-09-17
PTP001803,Hafiz binti Rahman,871216-06-0217,1987-12-16,M,Penang,2021-06-02
PTP001804,Ng Kok Wai,700218-07-4379,1970-02-18,M,Melaka,2024-02-25
PTP001805,Hafiz bin Abdullah,930504-02-9227,1993-05-04,F,Labuan,2023-02-10
PTP001806,Ng Wei Ling,561113-10-5964,1956-11-13,M,Terengganu,2023-08-07
PTP001807,Chong Chee Keong,691122-12-6082,1969-11-22,M,Pahang,2026-02-12
PTP001808,Aina binti Rahman,840313-12-7659,1984-03-13,F,Negeri Sembilan,2024-11-21
PTP001809,Wong Boon Huat,960701-14-5903,1996-07-01,F,Penang,2022-08-28
PTP001810,Raj a/l Krishnan,640818-15-7385,1964-08-18,M,Kuala Lumpur,2023-11-04
PTP001811,Siti bin Yusof,050126-11-8850,2005-01-26,M,Perak,2024-11-07
PTP001812,Wong Wei Ling,850106-14-1833,1985-01-06,M,Johor,2023-04-24
PTP001813,Zulkifli binti Ibrahim,850501-06-3715,1985-05-01,F,Labuan,2021-01-17
PTP001814,Farah bin Yusof,790509-13-8570,1979-05-09,F,Kedah,2022-04-24
PTP001815,Ng Wei Ling,510426-08-7432,1951-04-26,M,Sarawak,2024-12-09
PTP001816,Suresh a/l Muthu,570729-16-2365,1957-07-29,M,Negeri Sembilan,2021-01-03
PTP001817,Lee Chee Keong,820412-04-3129,1982-04-12,M,Selangor,2023-09-18
PTP001818,Nur bin Ismail,631031-03-1098,1963-10-31,F,Putrajaya,2021-05-08
PTP001819,Farah binti Ibrahim,030429-13-0173,2003-04-29,F,Pahang,2022-05-03
PTP001820,Amir binti Rahman,780511-16-9721,1978-05-11,M,Labuan,2025-05-08
PTP001821,Farah bin Abdullah,751230-09-7759,1975-12-30,F,Johor,2021-05-10
PTP001822,Chong Mei Yee,940516-16-0447,1994-05-16,F,Kuala Lumpur,2025-09-28
PTP001823,Tan Kok Wai,570819-09-8908,1957-08-19,M,Penang,2026-06-20
PTP001824,Ng Boon Huat,720131-04-7449,1972-01-31,F,Pahang,2023-10-03
PTP001825,Wong Wei Ling,050614-11-5075,2005-06-14,F,Sarawak,2023-09-16
PTP001826,Siti bin Yusof,851026-01-8295,1985-10-26,F,Penang,2025-08-09
PTP001827,Amir binti Ibrahim,691108-13-8776,1969-11-08,M,Melaka,2026-08-19
PTP001828,Wong Chee Keong,730609-15-4806,1973-06-09,M,Kuala Lumpur,2022-04-27
PTP001829,Wong Wei Ling,910718-05-1258,1991-07-18,M,Labuan,2024-04-04
PTP001830,Aisyah binti Ibrahim,901024-06-6172,1990-10-24,M,Negeri Sembilan,2026-06-15
PTP001831,Aina binti Rahman,040803-08-7285,2004-08-03,M,Johor,2023-01-19
PTP001832,Aina bin Yusof,600206-01-7177,1960-02-06,F,Terengganu,2022-11-05
PTP001833,Zulkifli binti Ibrahim,570526-12-8904,1957-05-26,M,Perlis,2025-10-28
PTP001834,Aisyah bin Yusof,520112-14-1096,1952-01-12,M,Penang,2026-04-25
PTP001835,Kavitha a/l Krishnan,630509-16-6575,1963-05-09,M,Perak,2023-12-13
PTP001836,Muhammad bin Yusof,751123-06-3219,1975-11-23,F,Terengganu,2022-05-11
PTP001837,Siti bin Yusof,731111-14-1898,1973-11-11,M,Kedah,2023-12-14
PTP001838,Siti binti Ibrahim,520111-13-0183,1952-01-11,F,Kuala Lumpur,2023-04-10
PTP001839,Amir bin Yusof,630312-01-4969,1963-03-12,M,Pahang,2021-02-19
PTP001840,Priya a/p Rajan,911221-16-7836,1991-12-21,F,Sarawak,2023-09-26
PTP001841,Zulkifli binti Ibrahim,070805-03-2393,2007-08-05,M,Perak,2022-02-10
PTP001842,Muhammad bin Yusof,860514-06-4047,1986-05-14,F,Terengganu,2021-10-06
PTP001843,Wong Wei Ling,940727-14-0703,1994-07-27,F,Kelantan,2023-07-13
PTP001844,Farah binti Rahman,870712-15-9935,1987-07-12,M,Perak,2021-04-24
PTP001845,Chong Kok Wai,790127-06-3954,1979-01-27,F,Labuan,2026-05-18
PTP001846,Ahmad binti Rahman,780309-03-9202,1978-03-09,M,Perak,2021-11-04
PTP001847,Aisyah binti Hassan,880803-15-5594,1988-08-03,F,Pahang,2021-06-13
PTP001848,Devi a/p Suppiah,620716-13-9659,1962-07-16,M,Labuan,2024-06-16
PTP001849,Hafiz binti Hassan,070910-03-4122,2007-09-10,F,Melaka,2024-10-12
PTP001850,Nur binti Hassan,860328-11-3922,1986-03-28,M,Terengganu,2024-03-29
PTP001851,Farah bin Yusof,600712-14-4563,1960-07-12,F,Perlis,2024-06-08
PTP001852,Lim Boon Huat,620926-10-3112,1962-09-26,F,Pahang,2023-02-11
PTP001853,Chong Siew Fong,921006-06-1920,1992-10-06,F,Kedah,2023-04-18
PTP001854,Farah bin Ismail,540830-16-6143,1954-08-30,M,Kelantan,2023-04-23
PTP001855,Chong Kok Wai,970522-11-2397,1997-05-22,F,Penang,2026-06-07
PTP001856,Aisyah bin Yusof,670622-13-0053,1967-06-22,M,Sarawak,2023-11-01
PTP001857,Devi a/l Krishnan,930906-14-3263,1993-09-06,F,Kuala Lumpur,2023-11-10
PTP001858,Wong Siew Fong,770418-04-7804,1977-04-18,F,Kelantan,2025-10-18
PTP001859,Siti bin Abdullah,660623-12-0892,1966-06-23,M,Penang,2024-07-06
PTP001860,Zulkifli binti Hassan,040819-05-1571,2004-08-19,F,Sarawak,2024-02-11
PTP001861,Suresh a/l Muthu,530405-01-1825,1953-04-05,F,Melaka,2021-06-13
PTP001862,Nur bin Ismail,730405-09-9054,1973-04-05,F,Kedah,2024-03-10
PTP001863,Aina binti Hassan,770217-08-2815,1977-02-17,F,Sarawak,2022-09-14
PTP001864,Kumar a/l Krishnan,920121-16-2040,1992-01-21,M,Kedah,2021-03-13
PTP001865,Hafiz bin Yusof,070504-06-2843,2007-05-04,M,Melaka,2025-07-23
PTP001866,Amir binti Rahman,840227-13-7309,1984-02-27,M,Kedah,2022-03-16
PTP001867,Wong Boon Huat,750215-15-7250,1975-02-15,M,Kelantan,2022-02-16
PTP001868,Amir bin Ismail,070908-16-7154,2007-09-08,F,Pahang,2025-04-07
PTP001869,Aina binti Rahman,721121-15-9937,1972-11-21,M,Terengganu,2021-03-26
PTP001870,Chong Boon Huat,670716-13-2758,1967-07-16,F,Sarawak,2022-08-15
PTP001871,Aisyah binti Hassan,941125-08-4762,1994-11-25,M,Kelantan,2023-06-12
PTP001872,Kavitha a/p Rajan,750205-03-7409,1975-02-05,M,Kelantan,2026-04-08
PTP001873,Ahmad binti Rahman,600130-14-7296,1960-01-30,F,Penang,2024-11-14
PTP001874,Nur binti Hassan,030429-12-4257,2003-04-29,F,Sabah,2025-11-27
PTP001875,Aina binti Ibrahim,940120-07-0594,1994-01-20,F,Terengganu,2022-11-22
PTP001876,Tan Boon Huat,540830-06-1513,1954-08-30,M,Melaka,2021-07-16
PTP001877,Amir binti Rahman,721120-05-4803,1972-11-20,M,Perlis,2021-11-21
PTP001878,Priya a/p Rajan,820104-14-5105,1982-01-04,M,Penang,2024-02-15
PTP001879,Suresh a/l Muthu,850410-06-4722,1985-04-10,F,Perlis,2023-08-08
PTP001880,Nur bin Yusof,010702-03-1103,2001-07-02,M,Melaka,2022-11-19
PTP001881,Hafiz bin Yusof,940206-12-2931,1994-02-06,M,Sabah,2023-01-03
PTP001882,Lee Chee Keong,880105-09-8409,1988-01-05,M,Kuala Lumpur,2023-10-04
PTP001883,Ahmad binti Rahman,790502-05-2167,1979-05-02,M,Terengganu,2025-06-02
PTP001884,Hafiz bin Ismail,051214-04-4066,2005-12-14,M,Kuala Lumpur,2024-02-18
PTP001885,Priya a/l Muthu,560603-10-7549,1956-06-03,F,Kelantan,2021-10-02
PTP001886,Devi a/l Krishnan,670506-13-4119,1967-05-06,F,Sabah,2025-07-13
PTP001887,Priya a/l Muthu,521229-07-1202,1952-12-29,F,Negeri Sembilan,2026-08-23
PTP001888,Wong Kok Wai,840208-13-4907,1984-02-08,F,Selangor,2022-04-19
PTP001889,Ahmad bin Ismail,590524-14-2411,1959-05-24,F,Perak,2024-07-12
PTP001890,Siti bin Abdullah,840728-08-7193,1984-07-28,F,Labuan,2024-05-21
PTP001891,Hafiz binti Hassan,880818-07-7590,1988-08-18,M,Perlis,2025-06-24
PTP001892,Siti binti Ibrahim,870506-04-4840,1987-05-06,F,Kuala Lumpur,2021-07-30
PTP001893,Aisyah binti Ibrahim,720518-14-1279,1972-05-18,F,Terengganu,2024-12-06
PTP001894,Hafiz bin Abdullah,550511-12-5430,1955-05-11,M,Negeri Sembilan,2026-05-09
PTP001895,Muhammad bin Ismail,020530-09-0981,2002-05-30,M,Sarawak,2026-09-07
PTP001896,Aisyah binti Hassan,570917-15-5684,1957-09-17,F,Negeri Sembilan,2025-03-01
PTP001897,Zulkifli bin Yusof,930410-04-7182,1993-04-10,F,Perlis,2025-02-16
PTP001898,Chong Boon Huat,620201-03-2512,1962-02-01,F,Pahang,2021-05-29
PTP001899,Ng Mei Yee,610528-05-2329,1961-05-28,M,Penang,2025-12-07
PTP001900,Nur bin Abdullah,650520-02-4962,1965-05-20,M,Perak,2025-04-22
PTP001901,Nur binti Rahman,640401-05-6994,1964-04-01,F,Sarawak,2023-03-08
PTP001902,Priya a/l Muthu,750530-09-7907,1975-05-30,M,Kedah,2021-01-03
PTP001903,Priya a/p Suppiah,731107-04-1310,1973-11-07,F,Pahang,2026-04-03
PTP001904,Raj a/l Krishnan,870826-11-8629,1987-08-26,M,Melaka,2025-03-05
PTP001905,Ahmad binti Rahman,880618-16-4459,1988-06-18,F,Negeri Sembilan,2023-10-02
PTP001906,Devi a/l Muthu,950216-10-4221,1995-02-16,M,Perak,2026-08-06
PTP001907,Lim Chee Keong,601209-15-2510,1960-12-09,M,Terengganu,2023-07-05
PTP001908,Wong Siew Fong,610731-11-4900,1961-07-31,M,Kedah,2025-08-18
PTP001909,Ng Wei Ling,050518-11-0932,2005-05-18,F,Kelantan,2022-10-28
PTP001910,Hafiz bin Abdullah,770324-11-6068,1977-03-24,M,Negeri Sembilan,2025-11-06
PTP001911,Hafiz binti Rahman,801127-07-6640,1980-11-27,F,Kedah,2023-08-24
PTP001912,Siti binti Hassan,700828-06-9797,1970-08-28,F,Kelantan,2024-03-19
PTP001913,Muhammad binti Ibrahim,640601-01-2458,1964-06-01,F,Labuan,2021-12-06
PTP001914,Kavitha a/p Rajan,910112-02-0034,1991-01-12,F,Sabah,2022-01-14
PTP001915,Farah binti Ibrahim,570420-12-9371,1957-04-20,M,Kuala Lumpur,2021-05-14
PTP001916,Raj a/l Muthu,760830-02-9549,1976-08-30,M,Kuala Lumpur,2022-11-08
PTP001917,Lim Chee Keong,850419-13-8034,1985-04-19,M,Melaka,2021-01-01
PTP001918,Chong Wei Ling,010226-10-2271,2001-02-26,M,Putrajaya,2024-04-08
PTP001919,Zulkifli bin Abdullah,920628-16-9936,1992-06-28,M,Negeri Sembilan,2023-12-01
PTP001920,Farah binti Ibrahim,670613-06-7744,1967-06-13,F,Terengganu,2021-05-12
PTP001921,Aisyah binti Rahman,941223-08-5067,1994-12-23,F,Sarawak,2024-06-09
PTP001922,Siti bin Abdullah,721124-03-0962,1972-11-24,M,Perak,2023-09-13
PTP001923,Priya a/p Rajan,910325-03-4628,1991-03-25,F,Pahang,2022-03-18
PTP001924,Wong Kok Wai,900427-04-9045,1990-04-27,F,Sarawak,2023-09-07
PTP001925,Lee Chee Keong,520722-13-3137,1952-07-22,F,Penang,2026-04-23
PTP001926,Amir binti Rahman,571019-06-8152,1957-10-19,F,Kelantan,2021-07-20
PTP001927,Farah binti Ibrahim,880611-14-5157,1988-06-11,M,Selangor,2024-08-18
PTP001928,Devi a/l Muthu,641206-16-5481,1964-12-06,M,Kuala Lumpur,2022-11-04
PTP001929,Aina binti Rahman,501029-09-3313,1950-10-29,M,Perlis,2022-07-29
PTP001930,Ng Mei Yee,651106-11-6111,1965-11-06,F,Selangor,2021-06-07
PTP001931,Zulkifli bin Ismail,920507-07-2421,1992-05-07,F,Melaka,2022-03-05
PTP001932,Suresh a/p Rajan,961119-14-0645,1996-11-19,F,Negeri Sembilan,2025-05-20
PTP001933,Farah bin Abdullah,070116-14-9655,2007-01-16,M,Labuan,2026-02-13
PTP001934,Suresh a/p Rajan,960604-11-9681,1996-06-04,M,Putrajaya,2025-09-06
PTP001935,Ahmad bin Ismail,510923-09-6468,1951-09-23,F,Selangor,2023-12-21
PTP001936,Hafiz bin Ismail,080101-13-0036,2008-01-01,F,Kuala Lumpur,2023-07-28
PTP001937,Lee Siew Fong,531006-14-0267,1953-10-06,F,Kuala Lumpur,2021-11-08
PTP001938,Priya a/l Krishnan,550205-04-3847,1955-02-05,F,Pahang,2026-07-28
PTP001939,Nur bin Abdullah,690115-14-1305,1969-01-15,F,Kedah,2022-12-27
PTP001940,Siti binti Ibrahim,780205-09-2769,1978-02-05,F,Melaka,2026-05-20
PTP001941,Aisyah bin Ismail,830927-06-5921,1983-09-27,M,Negeri Sembilan,2025-08-30
PTP001942,Kavitha a/l Muthu,891001-03-2548,1989-10-01,M,Selangor,2024-06-21
PTP001943,Amir bin Ismail,860910-04-7393,1986-09-10,F,Johor,2023-09-09
PTP001944,Chong Kok Wai,920328-04-7884,1992-03-28,F,Penang,2026-08-12
PTP001945,Lee Chee Keong,940601-13-3101,1994-06-01,F,Selangor,2024-12-30
PTP001946,Priya a/p Rajan,871009-11-2627,1987-10-09,M,Labuan,2021-12-20
PTP001947,Aisyah binti Rahman,760101-04-8395,1976-01-01,F,Sarawak,2024-12-10
PTP001948,Hafiz bin Yusof,541009-03-3715,1954-10-09,F,Putrajaya,2022-11-18
PTP001949,Farah bin Ismail,701126-02-0596,1970-11-26,F,Sarawak,2025-05-06
PTP001950,Ahmad binti Ibrahim,930306-12-5549,1993-03-06,F,Selangor,2021-01-16
PTP001951,Kumar a/p Rajan,610530-04-9742,1961-05-30,M,Perak,2024-07-14
PTP001952,Zulkifli binti Ibrahim,830424-11-1962,1983-04-24,M,Pahang,2026-04-24
PTP001953,Aisyah binti Hassan,000409-02-1746,2000-04-09,M,Negeri Sembilan,2023-10-05
PTP001954,Wong Chee Keong,691207-09-5569,1969-12-07,F,Penang,2022-07-15
PTP001955,Amir binti Ibrahim,610407-10-6666,1961-04-07,M,Selangor,2025-01-30
PTP001956,Muhammad bin Ismail,710205-04-5939,1971-02-05,M,Johor,2024-03-13
PTP001957,Lee Wei Ling,730818-06-9443,1973-08-18,M,Penang,2023-12-19
PTP001958,Amir bin Yusof,810618-03-8993,1981-06-18,F,Negeri Sembilan,2023-08-07
PTP001959,Kumar a/l Krishnan,060821-14-1523,2006-08-21,F,Melaka,2022-02-16
PTP001960,Muhammad bin Yusof,970313-01-1750,1997-03-13,F,Kuala Lumpur,2021-08-02
PTP001961,Wong Siew Fong,680407-04-4330,1968-04-07,M,Kedah,2026-04-06
PTP001962,Siti binti Ibrahim,560117-04-0275,1956-01-17,F,Sarawak,2021-12-02
PTP001963,Zulkifli bin Ismail,980919-14-0086,1998-09-19,F,Sarawak,2022-06-03
PTP001964,Ahmad binti Rahman,860705-07-6364,1986-07-05,M,Negeri Sembilan,2026-07-11
PTP001965,Aina binti Rahman,890612-10-4413,1989-06-12,M,Johor,2024-11-11
PTP001966,Aina binti Rahman,550724-01-1877,1955-07-24,F,Sarawak,2025-09-18
PTP001967,Chong Chee Keong,940906-04-4076,1994-09-06,M,Kuala Lumpur,2023-11-03
PTP001968,Kavitha a/l Muthu,930108-03-6467,1993-01-08,M,Sarawak,2023-08-04
PTP001969,Suresh a/l Muthu,791019-07-1814,1979-10-19,M,Perlis,2024-02-07
PTP001970,Hafiz bin Ismail,541027-05-2019,1954-10-27,F,Pahang,2022-03-15
PTP001971,Zulkifli binti Ibrahim,581211-09-7264,1958-12-11,M,Perak,2025-08-11
PTP001972,Nur binti Ibrahim,580513-08-8026,1958-05-13,F,Melaka,2023-04-27
PTP001973,Ahmad binti Rahman,590513-15-2598,1959-05-13,M,Kuala Lumpur,2025-11-27
PTP001974,Nur binti Rahman,560510-04-4705,1956-05-10,M,Negeri Sembilan,2026-02-23
PTP001975,Ahmad binti Rahman,600521-03-9608,1960-05-21,F,Terengganu,2024-02-19
PTP001976,Wong Chee Keong,881126-09-7812,1988-11-26,F,Melaka,2024-05-26
PTP001977,Hafiz bin Ismail,970909-01-3840,1997-09-09,F,Kelantan,2022-10-20
PTP001978,Suresh a/p Rajan,030503-04-4385,2003-05-03,F,Melaka,2023-06-16
PTP001979,Zulkifli binti Hassan,560219-13-0332,1956-02-19,M,Johor,2022-02-09
PTP001980,Raj a/p Rajan,060306-06-8143,2006-03-06,M,Perak,2023-09-16
PTP001981,Zulkifli binti Rahman,660515-11-0023,1966-05-15,F,Sarawak,2021-03-22
PTP001982,Amir binti Ibrahim,540902-14-4115,1954-09-02,F,Sarawak,2023-02-07
PTP001983,Chong Siew Fong,791231-12-1574,1979-12-31,F,Labuan,2025-07-05
PTP001984,Raj a/l Muthu,631216-11-5847,1963-12-16,F,Kedah,2023-03-15
PTP001985,Aisyah bin Yusof,610926-01-1249,1961-09-26,M,Perak,2024-09-27
PTP001986,Ahmad bin Ismail,070725-15-6756,2007-07-25,M,Johor,2023-08-06
PTP001987,Lim Boon Huat,860702-07-3579,1986-07-02,F,Johor,2025-12-13
PTP001988,Aina binti Rahman,671105-04-4594,1967-11-05,F,Sarawak,2021-05-30
PTP001989,Nur bin Yusof,850804-04-1532,1985-08-04,F,Kedah,2022-01-18
PTP001990,Amir bin Yusof,570506-06-0104,1957-05-06,F,Sarawak,2021-06-30
PTP001991,Kumar a/l Muthu,990813-08-9431,1999-08-13,F,Selangor,2025-08-14
PTP001992,Lee Kok Wai,850902-06-0440,1985-09-02,M,Selangor,2025-10-16
PTP001993,Siti bin Ismail,631004-02-2939,1963-10-04,M,Sarawak,2024-02-02
PTP001994,Hafiz bin Abdullah,560719-15-3696,1956-07-19,M,Kuala Lumpur,2023-03-21
PTP001995,Ng Chee Keong,950305-12-4908,1995-03-05,F,Perak,2022-04-28
PTP001996,Lim Kok Wai,970912-13-0124,1997-09-12,M,Terengganu,2021-09-17
PTP001997,Aisyah bin Abdullah,821104-03-2581,1982-11-04,M,Penang,2021-05-24
PTP001998,Aisyah bin Ismail,070225-06-4360,2007-02-25,F,Putrajaya,2022-09-22
PTP001999,Chong Siew Fong,070507-07-7357,2007-05-07,F,Sabah,2022-10-07
PTP002000,Amir bin Yusof,870312-07-0328,1987-03-12,M,Kelantan,2025-12-29
PTP002001,Zulkifli binti Rahman,900111-03-9525,1990-01-11,M,Perak,2024-04-25
PTP002002,Zulkifli bin Abdullah,900731-16-6465,1990-07-31,M,Kuala Lumpur,2021-08-09
PTP002003,Nur bin Ismail,970226-08-0831,1997-02-26,M,Kedah,2023-01-07
PTP002004,Zulkifli bin Abdullah,950329-09-4278,1995-03-29,F,Perak,2021-12-09
PTP002005,Hafiz bin Ismail,800614-05-3612,1980-06-14,M,Perak,2023-01-01
PTP002006,Zulkifli bin Abdullah,010811-11-7551,2001-08-11,M,Melaka,2025-12-17
PTP002007,Ahmad bin Abdullah,850731-01-0497,1985-07-31,M,Pahang,2024-10-15
PTP002008,Ng Siew Fong,740113-03-1353,1974-01-13,M,Labuan,2022-11-07
PTP002009,Zulkifli binti Ibrahim,910531-12-0937,1991-05-31,M,Perak,2022-02-07
PTP002010,Muhammad bin Yusof,820826-10-4786,1982-08-26,F,Sabah,2024-12-18
PTP002011,Siti bin Yusof,710514-16-4705,1971-05-14,F,Penang,2021-12-15
PTP002012,Amir bin Yusof,730627-02-5146,1973-06-27,F,Labuan,2022-09-09
PTP002013,Hafiz bin Abdullah,010409-02-9817,2001-04-09,M,Selangor,2021-06-15
PTP002014,Devi a/l Krishnan,530421-11-1453,1953-04-21,F,Melaka,2023-12-07
PTP002015,Aina bin Abdullah,730506-08-6766,1973-05-06,M,Melaka,2022-09-07
PTP002016,Raj a/l Muthu,881206-12-5081,1988-12-06,M,Kelantan,2023-07-23
PTP002017,Ahmad binti Ibrahim,530918-16-0868,1953-09-18,F,Sarawak,2021-06-21
PTP002018,Aina bin Yusof,850914-15-5817,1985-09-14,M,Sabah,2023-09-12
PTP002019,Amir bin Abdullah,550412-04-6417,1955-04-12,F,Johor,2022-05-31
PTP002020,Amir binti Ibrahim,701124-06-8969,1970-11-24,F,Labuan,2021-01-21
PTP002021,Aisyah binti Ibrahim,071014-07-8656,2007-10-14,M,Kelantan,2023-10-17
PTP002022,Muhammad bin Ismail,511108-13-4835,1951-11-08,M,Negeri Sembilan,2024-01-02
PTP002023,Ahmad bin Ismail,551117-14-2138,1955-11-17,F,Perlis,2025-07-28
PTP002024,Amir bin Abdullah,000207-15-0668,2000-02-07,F,Negeri Sembilan,2023-05-27
PTP002025,Farah binti Hassan,791121-02-3057,1979-11-21,F,Kedah,2025-05-16
PTP002026,Siti binti Hassan,031020-07-0381,2003-10-20,M,Labuan,2025-02-20
PTP002027,Amir binti Hassan,890306-01-3700,1989-03-06,M,Terengganu,2025-03-26
PTP002028,Zulkifli bin Yusof,001114-06-4512,2000-11-14,F,Perak,2023-09-16
PTP002029,Ng Wei Ling,031102-11-0615,2003-11-02,F,Kuala Lumpur,2026-03-23
PTP002030,Nur bin Ismail,650319-12-3183,1965-03-19,F,Pahang,2024-04-08
PTP002031,Nur bin Ismail,690626-04-1475,1969-06-26,M,Putrajaya,2022-05-16
PTP002032,Tan Siew Fong,541102-02-9936,1954-11-02,M,Kedah,2026-03-26
PTP002033,Lim Kok Wai,821214-07-2207,1982-12-14,F,Pahang,2022-01-10
PTP002034,Aisyah bin Abdullah,580814-03-1374,1958-08-14,F,Pahang,2023-07-14
PTP002035,Zulkifli binti Rahman,741111-01-0174,1974-11-11,M,Sarawak,2025-05-14
PTP002036,Kumar a/l Muthu,020610-11-6799,2002-06-10,M,Perak,2021-04-19
PTP002037,Aisyah binti Hassan,600111-16-8148,1960-01-11,F,Negeri Sembilan,2021-02-23
PTP002038,Devi a/l Muthu,840127-07-6418,1984-01-27,F,Terengganu,2022-05-06
PTP002039,Kumar a/l Krishnan,991125-03-2018,1999-11-25,F,Johor,2022-07-03
PTP002040,Aisyah bin Yusof,860926-16-5618,1986-09-26,M,Perak,2024-04-12
PTP002041,Siti bin Ismail,750703-05-1204,1975-07-03,M,Putrajaya,2025-07-27
PTP002042,Aisyah bin Abdullah,780730-03-4180,1978-07-30,M,Negeri Sembilan,2024-02-01
PTP002043,Aisyah binti Ibrahim,681026-02-6010,1968-10-26,M,Pahang,2022-06-17
PTP002044,Aisyah binti Rahman,011213-14-0759,2001-12-13,M,Johor,2023-09-01
PTP002045,Ahmad bin Abdullah,801208-07-0907,1980-12-08,M,Terengganu,2022-06-12
PTP002046,Aina bin Abdullah,961031-01-6328,1996-10-31,M,Putrajaya,2025-05-19
PTP002047,Nur bin Abdullah,590831-06-3581,1959-08-31,F,Pahang,2021-10-25
PTP002048,Aisyah bin Yusof,731227-06-7147,1973-12-27,M,Labuan,2024-12-28
PTP002049,Zulkifli binti Ibrahim,700624-05-3454,1970-06-24,F,Negeri Sembilan,2026-06-11
PTP002050,Amir bin Yusof,591202-01-8647,1959-12-02,F,Sarawak,2021-06-15
PTP002051,Hafiz binti Ibrahim,740618-05-6675,1974-06-18,M,Sarawak,2024-11-04
PTP002052,Chong Boon Huat,801106-04-0874,1980-11-06,M,Terengganu,2023-08-16
PTP002053,Tan Siew Fong,601017-02-8313,1960-10-17,F,Penang,2026-01-24
PTP002054,Siti bin Abdullah,531031-15-4181,1953-10-31,M,Kelantan,2024-03-31
PTP002055,Chong Kok Wai,640415-10-9055,1964-04-15,F,Penang,2025-09-20
PTP002056,Farah bin Yusof,610928-13-9318,1961-09-28,M,Perak,2024-04-25
PTP002057,Amir bin Abdullah,920225-10-9330,1992-02-25,M,Sabah,2024-09-15
PTP002058,Nur binti Hassan,940116-05-7043,1994-01-16,F,Kuala Lumpur,2023-02-19
PTP002059,Tan Siew Fong,760510-16-2539,1976-05-10,F,Johor,2025-07-29
PTP002060,Tan Boon Huat,800610-15-2849,1980-06-10,M,Negeri Sembilan,2026-02-16
PTP002061,Nur binti Hassan,960310-12-3997,1996-03-10,M,Selangor,2023-07-24
PTP002062,Lee Kok Wai,020603-04-2334,2002-06-03,F,Pahang,2024-03-12
PTP002063,Siti binti Rahman,521227-12-8921,1952-12-27,M,Perlis,2021-05-03
PTP002064,Zulkifli binti Rahman,990311-13-5647,1999-03-11,F,Penang,2023-12-26
PTP002065,Hafiz binti Rahman,920120-04-2387,1992-01-20,M,Pahang,2023-06-07
PTP002066,Kumar a/l Krishnan,070708-07-4375,2007-07-08,F,Perak,2024-10-11
PTP002067,Amir bin Yusof,620626-09-0664,1962-06-26,M,Sabah,2023-09-13
PTP002068,Tan Wei Ling,550614-14-9836,1955-06-14,F,Kelantan,2026-05-14
PTP002069,Kumar a/p Suppiah,501213-07-1229,1950-12-13,M,Sarawak,2021-09-14
PTP002070,Tan Wei Ling,911113-03-6147,1991-11-13,M,Melaka,2024-10-03
PTP002071,Aina bin Abdullah,800106-11-0890,1980-01-06,F,Perlis,2021-11-25
PTP002072,Suresh a/p Rajan,750901-15-6736,1975-09-01,M,Kuala Lumpur,2022-12-27
PTP002073,Amir binti Hassan,600609-01-8114,1960-06-09,F,Putrajaya,2025-02-17
PTP002074,Ahmad binti Ibrahim,520714-15-2289,1952-07-14,F,Perlis,2024-02-28
PTP002075,Farah bin Abdullah,700501-03-8062,1970-05-01,F,Kelantan,2022-06-17
PTP002076,Suresh a/l Muthu,570228-09-0372,1957-02-28,F,Melaka,2021-07-15
PTP002077,Priya a/p Rajan,740221-15-3802,1974-02-21,M,Perak,2021-10-03
PTP002078,Siti bin Ismail,620109-12-6575,1962-01-09,M,Putrajaya,2024-07-10
PTP002079,Nur bin Ismail,991018-04-1287,1999-10-18,M,Selangor,2021-11-21
PTP002080,Aisyah bin Ismail,770811-11-2168,1977-08-11,F,Labuan,2025-04-05
PTP002081,Nur bin Ismail,670430-15-1217,1967-04-30,F,Negeri Sembilan,2024-11-13
PTP002082,Siti bin Yusof,610829-11-0782,1961-08-29,M,Kelantan,2023-12-20
PTP002083,Muhammad binti Rahman,000406-09-4665,2000-04-06,M,Kedah,2024-04-19
PTP002084,Amir bin Abdullah,010304-13-7707,2001-03-04,M,Perak,2026-01-25
PTP002085,Wong Boon Huat,660914-06-3058,1966-09-14,M,Selangor,2026-03-13
PTP002086,Wong Siew Fong,970315-06-1676,1997-03-15,M,Melaka,2022-10-24
PTP002087,Zulkifli binti Hassan,791026-16-9936,1979-10-26,F,Kedah,2025-09-16
PTP002088,Priya a/p Rajan,631012-04-8442,1963-10-12,M,Pahang,2025-10-11
PTP002089,Nur bin Yusof,830630-15-0375,1983-06-30,F,Perlis,2025-07-31
PTP002090,Tan Kok Wai,620211-16-1000,1962-02-11,F,Labuan,2025-07-08
PTP002091,Suresh a/p Rajan,881226-01-5981,1988-12-26,M,Kelantan,2023-08-25
PTP002092,Siti bin Ismail,991002-08-5722,1999-10-02,F,Sabah,2022-08-12
PTP002093,Kavitha a/l Krishnan,980828-01-5489,1998-08-28,F,Johor,2021-12-20
PTP002094,Siti binti Ibrahim,040827-03-8566,2004-08-27,M,Penang,2023-12-22
PTP002095,Aisyah binti Rahman,830926-02-9134,1983-09-26,F,Kedah,2022-07-23
PTP002096,Chong Mei Yee,661230-01-2594,1966-12-30,M,Kuala Lumpur,2025-10-28
PTP002097,Chong Boon Huat,730819-08-8884,1973-08-19,F,Melaka,2024-09-17
PTP002098,Kavitha a/p Rajan,740727-10-9922,1974-07-27,F,Penang,2026-09-10
PTP002099,Hafiz binti Ibrahim,910428-15-0586,1991-04-28,F,Penang,2021-12-11
PTP002100,Priya a/p Suppiah,920817-15-6397,1992-08-17,F,Sarawak,2025-01-02
PTP002101,Aina binti Rahman,980604-09-6233,1998-06-04,M,Penang,2023-02-04
PTP002102,Zulkifli binti Rahman,050901-13-8879,2005-09-01,M,Perlis,2026-03-05
PTP002103,Siti bin Ismail,910216-11-8456,1991-02-16,M,Labuan,2026-09-03
PTP002104,Chong Mei Yee,760516-01-6530,1976-05-16,M,Kedah,2021-06-06
PTP002105,Amir bin Abdullah,550928-12-6392,1955-09-28,F,Pahang,2025-02-19
PTP002106,Ahmad binti Ibrahim,641011-04-2751,1964-10-11,F,Sabah,2026-02-14
PTP002107,Raj a/l Krishnan,620803-06-8578,1962-08-03,F,Putrajaya,2024-11-04
PTP002108,Farah bin Yusof,920801-10-3042,1992-08-01,M,Perak,2025-06-03
PTP002109,Lim Chee Keong,720203-04-5573,1972-02-03,F,Sabah,2024-01-08
PTP002110,Farah bin Ismail,040921-11-7918,2004-09-21,M,Pahang,2023-12-04
PTP002111,Aina bin Ismail,970715-13-9652,1997-07-15,M,Kedah,2025-05-13
PTP002112,Farah bin Abdullah,561017-08-8265,1956-10-17,M,Kelantan,2024-11-07
PTP002113,Hafiz bin Yusof,730626-09-6328,1973-06-26,F,Selangor,2025-02-21
PTP002114,Ng Mei Yee,890502-09-3673,1989-05-02,M,Sarawak,2024-08-05
PTP002115,Tan Boon Huat,551119-03-1854,1955-11-19,F,Labuan,2024-06-09
PTP002116,Zulkifli binti Ibrahim,660315-11-9535,1966-03-15,M,Melaka,2022-11-07
PTP002117,Farah bin Ismail,800303-13-5039,1980-03-03,M,Pahang,2021-06-04
PTP002118,Farah binti Hassan,840303-07-1756,1984-03-03,M,Sabah,2024-04-17
PTP002119,Lim Kok Wai,921121-16-8593,1992-11-21,M,Kedah,2025-02-08
PTP002120,Farah bin Abdullah,911117-01-4354,1991-11-17,M,Johor,2025-10-12
PTP002121,Kumar a/l Muthu,560112-12-2905,1956-01-12,F,Kelantan,2024-03-07
PTP002122,Chong Kok Wai,531109-02-9913,1953-11-09,M,Labuan,2022-05-15
PTP002123,Siti bin Ismail,740411-12-6589,1974-04-11,M,Perak,2021-01-28
PTP002124,Aisyah binti Rahman,700711-02-5315,1970-07-11,F,Putrajaya,2024-09-17
PTP002125,Siti bin Ismail,670411-16-5535,1967-04-11,F,Melaka,2025-12-17
PTP002126,Wong Mei Yee,510921-11-4719,1951-09-21,M,Perak,2024-10-22
PTP002127,Kumar a/l Muthu,650611-14-5444,1965-06-11,M,Perak,2024-06-01
PTP002128,Kumar a/p Rajan,990110-10-6103,1999-01-10,M,Kedah,2021-01-26
PTP002129,Priya a/l Muthu,651126-11-5199,1965-11-26,M,Sarawak,2021-10-25
PTP002130,Hafiz bin Abdullah,740315-07-6974,1974-03-15,M,Johor,2021-01-23
PTP002131,Zulkifli bin Yusof,080103-13-6321,2008-01-03,F,Perak,2024-03-08
PTP002132,Kavitha a/p Rajan,930316-14-7356,1993-03-16,F,Negeri Sembilan,2026-08-09
PTP002133,Ahmad bin Ismail,890226-12-8442,1989-02-26,M,Terengganu,2025-08-20
PTP002134,Muhammad bin Yusof,080715-07-2832,2008-07-15,M,Perak,2024-03-25
PTP002135,Lim Chee Keong,640120-05-0116,1964-01-20,F,Penang,2023-02-19
PTP002136,Ahmad bin Abdullah,971229-08-6805,1997-12-29,F,Labuan,2021-08-30
PTP002137,Zulkifli binti Rahman,950116-12-0396,1995-01-16,M,Labuan,2022-10-18
PTP002138,Muhammad binti Ibrahim,050303-15-2899,2005-03-03,M,Terengganu,2025-07-13
PTP002139,Amir binti Ibrahim,070315-12-9208,2007-03-15,F,Labuan,2026-05-21
PTP002140,Aina bin Abdullah,750515-11-2333,1975-05-15,M,Putrajaya,2022-07-10
PTP002141,Suresh a/p Rajan,810505-04-6430,1981-05-05,M,Sabah,2025-04-16
PTP002142,Kavitha a/p Suppiah,750206-06-1037,1975-02-06,F,Sarawak,2025-12-06
PTP002143,Nur bin Yusof,660320-06-0479,1966-03-20,F,Sabah,2023-03-24
PTP002144,Aina bin Yusof,641110-07-6749,1964-11-10,M,Johor,2022-12-08
PTP002145,Ng Siew Fong,680617-03-4967,1968-06-17,M,Perak,2025-10-16
PTP002146,Raj a/l Krishnan,050913-08-9463,2005-09-13,M,Pahang,2023-08-27
PTP002147,Muhammad binti Rahman,770726-15-8078,1977-07-26,M,Sabah,2024-06-15
PTP002148,Ahmad bin Yusof,721012-11-4276,1972-10-12,F,Labuan,2025-05-30
PTP002149,Hafiz bin Yusof,050823-15-0044,2005-08-23,M,Sabah,2022-04-23
PTP002150,Ahmad binti Hassan,080106-08-9763,2008-01-06,F,Labuan,2025-12-08
PTP002151,Farah bin Ismail,510105-08-2140,1951-01-05,M,Selangor,2022-04-06
PTP002152,Farah binti Rahman,770425-02-8978,1977-04-25,M,Sabah,2022-02-08
PTP002153,Raj a/p Suppiah,931029-15-8497,1993-10-29,F,Terengganu,2021-06-04
PTP002154,Ng Boon Huat,630627-12-8426,1963-06-27,F,Sabah,2023-05-13
PTP002155,Wong Wei Ling,810514-02-3309,1981-05-14,M,Melaka,2023-08-28
PTP002156,Aisyah binti Ibrahim,650929-03-9382,1965-09-29,F,Johor,2024-05-22
PTP002157,Siti bin Ismail,980311-03-0374,1998-03-11,M,Sabah,2026-03-01
PTP002158,Tan Mei Yee,601017-07-7831,1960-10-17,F,Sarawak,2024-11-27
PTP002159,Lim Wei Ling,960225-14-7702,1996-02-25,M,Sarawak,2021-08-21
PTP002160,Muhammad bin Ismail,711228-13-0793,1971-12-28,M,Perak,2026-08-10
PTP002161,Muhammad binti Ibrahim,080313-15-6719,2008-03-13,F,Perak,2022-04-19
PTP002162,Muhammad bin Abdullah,560306-04-6268,1956-03-06,F,Johor,2021-08-08
PTP002163,Kumar a/l Muthu,620506-02-7315,1962-05-06,M,Pahang,2022-06-15
PTP002164,Priya a/p Rajan,980423-02-4810,1998-04-23,M,Perlis,2025-11-28
PTP002165,Zulkifli bin Abdullah,780531-06-7460,1978-05-31,F,Johor,2025-04-07
PTP002166,Lee Chee Keong,920929-04-1476,1992-09-29,F,Selangor,2022-09-05
PTP002167,Lim Mei Yee,070330-01-9444,2007-03-30,F,Perak,2025-06-06
PTP002168,Aisyah bin Ismail,721022-01-9689,1972-10-22,M,Terengganu,2022-09-07
PTP002169,Tan Boon Huat,760827-01-3516,1976-08-27,F,Perak,2024-12-04
PTP002170,Tan Chee Keong,530502-15-1943,1953-05-02,M,Melaka,2026-07-27
PTP002171,Farah bin Yusof,510630-11-8841,1951-06-30,F,Kelantan,2023-02-21
PTP002172,Lim Chee Keong,051210-01-4249,2005-12-10,M,Perak,2024-06-11
PTP002173,Hafiz bin Abdullah,630826-14-2017,1963-08-26,F,Sabah,2021-04-16
PTP002174,Hafiz binti Hassan,590325-02-2725,1959-03-25,M,Putrajaya,2026-05-18
PTP002175,Aina bin Abdullah,750725-14-3738,1975-07-25,M,Perak,2021-12-16
PTP002176,Muhammad binti Hassan,040713-11-4277,2004-07-13,M,Selangor,2024-02-27
PTP002177,Lee Wei Ling,791221-08-0960,1979-12-21,M,Selangor,2023-06-28
PTP002178,Devi a/p Suppiah,020429-15-6038,2002-04-29,F,Negeri Sembilan,2025-01-27
PTP002179,Aina binti Ibrahim,610404-12-6094,1961-04-04,F,Perlis,2021-09-23
PTP002180,Raj a/p Suppiah,040201-04-2242,2004-02-01,F,Putrajaya,2022-12-08
PTP002181,Ahmad bin Yusof,500912-02-1941,1950-09-12,M,Kuala Lumpur,2025-11-14
PTP002182,Aisyah bin Yusof,830527-08-1644,1983-05-27,F,Kelantan,2023-04-29
PTP002183,Tan Kok Wai,691225-06-6943,1969-12-25,M,Selangor,2024-02-06
PTP002184,Ng Mei Yee,050306-15-1759,2005-03-06,M,Selangor,2022-02-04
PTP002185,Kavitha a/l Muthu,810603-15-1383,1981-06-03,M,Kuala Lumpur,2022-03-20
PTP002186,Nur bin Abdullah,700921-15-3755,1970-09-21,F,Penang,2025-08-01
PTP002187,Lee Mei Yee,941219-09-8061,1994-12-19,F,Sarawak,2021-07-15
PTP002188,Nur bin Abdullah,730921-01-9259,1973-09-21,F,Sabah,2025-06-29
PTP002189,Zulkifli binti Ibrahim,980905-12-7320,1998-09-05,F,Perlis,2024-11-30
PTP002190,Nur bin Abdullah,940921-01-5468,1994-09-21,M,Sarawak,2023-11-06
PTP002191,Hafiz binti Hassan,920720-14-6449,1992-07-20,F,Perak,2025-07-07
PTP002192,Muhammad bin Yusof,850404-08-2264,1985-04-04,F,Selangor,2021-11-20
PTP002193,Amir binti Rahman,940627-14-6972,1994-06-27,M,Negeri Sembilan,2021-05-12
PTP002194,Tan Wei Ling,980228-04-0828,1998-02-28,F,Labuan,2024-09-15
PTP002195,Amir bin Abdullah,770408-01-4303,1977-04-08,M,Penang,2026-03-30
PTP002196,Farah bin Ismail,761121-03-5188,1976-11-21,M,Kuala Lumpur,2024-01-10
PTP002197,Chong Wei Ling,770318-10-9796,1977-03-18,F,Kelantan,2023-11-13
PTP002198,Ng Wei Ling,840428-07-7589,1984-04-28,F,Johor,2026-07-12
PTP002199,Zulkifli binti Ibrahim,560907-10-1672,1956-09-07,F,Kelantan,2025-08-26
PTP002200,Hafiz binti Hassan,770720-02-7946,1977-07-20,F,Melaka,2022-02-12
PTP002201,Siti binti Hassan,970531-14-2998,1997-05-31,M,Negeri Sembilan,2023-10-14
PTP002202,Devi a/l Muthu,950120-03-4327,1995-01-20,M,Perlis,2022-04-12
PTP002203,Hafiz bin Abdullah,980107-15-8856,1998-01-07,M,Johor,2022-07-26
PTP002204,Siti binti Ibrahim,830903-01-4251,1983-09-03,M,Penang,2021-12-31
PTP002205,Aina bin Yusof,630909-15-2401,1963-09-09,M,Penang,2023-08-22
PTP002206,Kavitha a/l Krishnan,740126-01-1156,1974-01-26,F,Melaka,2025-12-26
PTP002207,Siti bin Abdullah,740708-15-5833,1974-07-08,M,Putrajaya,2024-05-30
PTP002208,Ahmad bin Yusof,750515-06-1011,1975-05-15,M,Melaka,2026-09-08
PTP002209,Farah binti Rahman,790610-03-2946,1979-06-10,M,Kelantan,2021-07-11
PTP002210,Aisyah bin Abdullah,550908-03-2585,1955-09-08,F,Melaka,2021-12-15
PTP002211,Aisyah bin Yusof,511030-05-7591,1951-10-30,F,Labuan,2022-11-09
PTP002212,Aina binti Hassan,681005-08-1931,1968-10-05,F,Penang,2021-07-24
PTP002213,Aisyah bin Abdullah,040910-16-9041,2004-09-10,M,Sabah,2025-10-01
PTP002214,Zulkifli bin Yusof,040227-08-5460,2004-02-27,F,Terengganu,2026-06-20
PTP002215,Wong Siew Fong,520214-13-2977,1952-02-14,F,Kuala Lumpur,2022-03-15
PTP002216,Lee Siew Fong,750630-13-6287,1975-06-30,M,Melaka,2025-09-24
PTP002217,Hafiz bin Yusof,870202-10-2485,1987-02-02,M,Putrajaya,2025-10-25
PTP002218,Farah bin Abdullah,031008-13-2332,2003-10-08,M,Terengganu,2021-02-17
PTP002219,Wong Mei Yee,940307-05-0005,1994-03-07,M,Melaka,2023-09-23
PTP002220,Zulkifli bin Ismail,030209-02-7141,2003-02-09,M,Melaka,2025-06-27
PTP002221,Zulkifli binti Rahman,830724-03-6961,1983-07-24,M,Penang,2025-06-07
PTP002222,Nur bin Abdullah,780520-08-5861,1978-05-20,M,Sarawak,2022-01-01
PTP002223,Nur binti Rahman,660716-14-0006,1966-07-16,F,Sabah,2025-07-27
PTP002224,Amir binti Hassan,780126-04-6563,1978-01-26,F,Selangor,2023-10-16
PTP002225,Amir binti Hassan,040809-16-2369,2004-08-09,F,Johor,2022-11-10
PTP002226,Ahmad bin Ismail,740218-10-4482,1974-02-18,M,Perlis,2022-02-03
PTP002227,Wong Boon Huat,970522-16-1070,1997-05-22,M,Melaka,2025-07-05
PTP002228,Ahmad binti Rahman,610327-15-9030,1961-03-27,M,Johor,2021-06-21
PTP002229,Amir binti Rahman,501111-04-3710,1950-11-11,F,Sabah,2024-01-18
PTP002230,Lee Siew Fong,990805-14-8821,1999-08-05,M,Kelantan,2025-06-04
PTP002231,Zulkifli binti Rahman,650707-10-1479,1965-07-07,F,Pahang,2025-12-09
PTP002232,Kavitha a/l Muthu,881111-04-2033,1988-11-11,M,Sabah,2023-12-06
PTP002233,Wong Mei Yee,830609-08-6250,1983-06-09,M,Terengganu,2021-08-28
PTP002234,Muhammad binti Rahman,630623-02-3720,1963-06-23,F,Sarawak,2022-04-10
PTP002235,Aisyah binti Ibrahim,080316-05-1638,2008-03-16,F,Pahang,2025-09-22
PTP002236,Aisyah binti Rahman,550928-01-0805,1955-09-28,M,Negeri Sembilan,2025-03-06
PTP002237,Aina binti Hassan,671015-06-0769,1967-10-15,F,Kelantan,2022-07-11
PTP002238,Lee Boon Huat,870806-14-7067,1987-08-06,F,Perlis,2025-03-17
PTP002239,Aisyah binti Hassan,560302-06-0235,1956-03-02,F,Pahang,2021-07-24
PTP002240,Devi a/p Suppiah,690127-11-8806,1969-01-27,M,Putrajaya,2025-10-02
PTP002241,Lim Chee Keong,580819-01-6965,1958-08-19,M,Kedah,2024-06-17
PTP002242,Aisyah binti Rahman,050902-05-3019,2005-09-02,F,Pahang,2025-02-22
PTP002243,Aisyah binti Ibrahim,660525-11-9890,1966-05-25,F,Kedah,2024-03-30
PTP002244,Aisyah bin Ismail,051107-06-1940,2005-11-07,M,Perak,2021-08-08
PTP002245,Hafiz binti Rahman,660913-16-7765,1966-09-13,F,Kelantan,2024-04-19
PTP002246,Chong Wei Ling,521207-13-0454,1952-12-07,M,Penang,2022-07-05
PTP002247,Muhammad bin Abdullah,880907-12-8247,1988-09-07,F,Kelantan,2022-12-26
PTP002248,Zulkifli bin Abdullah,951214-04-7775,1995-12-14,F,Labuan,2021-09-03
PTP002249,Priya a/p Rajan,880723-03-2832,1988-07-23,F,Putrajaya,2026-07-19
PTP002250,Raj a/p Suppiah,690118-05-6693,1969-01-18,F,Sabah,2021-02-25
PTP002251,Muhammad bin Ismail,660501-02-3340,1966-05-01,F,Kedah,2025-10-07
PTP002252,Aisyah binti Hassan,940620-13-8721,1994-06-20,M,Putrajaya,2026-05-15
PTP002253,Kavitha a/p Rajan,630112-12-4337,1963-01-12,M,Negeri Sembilan,2024-12-06
PTP002254,Zulkifli binti Ibrahim,740527-08-8248,1974-05-27,F,Melaka,2022-06-08
PTP002255,Lee Wei Ling,661124-02-7032,1966-11-24,F,Negeri Sembilan,2025-01-22
PTP002256,Hafiz binti Hassan,870318-05-3224,1987-03-18,M,Johor,2025-02-13
PTP002257,Priya a/p Suppiah,660416-10-8802,1966-04-16,F,Penang,2022-07-28
PTP002258,Aisyah bin Ismail,550923-08-4808,1955-09-23,M,Labuan,2026-01-21
PTP002259,Zulkifli bin Yusof,530925-13-2780,1953-09-25,M,Labuan,2022-11-27
PTP002260,Ng Siew Fong,560617-02-1102,1956-06-17,F,Kedah,2024-12-19
PTP002261,Nur bin Abdullah,630903-13-9975,1963-09-03,M,Pahang,2021-06-20
PTP002262,Lee Siew Fong,910413-08-5423,1991-04-13,M,Negeri Sembilan,2026-08-23
PTP002263,Muhammad bin Yusof,560303-03-6493,1956-03-03,F,Labuan,2021-02-18
PTP002264,Muhammad binti Rahman,660922-12-2822,1966-09-22,F,Melaka,2026-09-01
PTP002265,Raj a/l Krishnan,651025-09-7004,1965-10-25,M,Sarawak,2023-11-08
PTP002266,Wong Siew Fong,770222-07-7378,1977-02-22,M,Selangor,2025-01-21
PTP002267,Aina bin Abdullah,050718-05-8792,2005-07-18,F,Melaka,2024-08-05
PTP002268,Chong Siew Fong,530918-14-9606,1953-09-18,M,Kuala Lumpur,2025-05-01
PTP002269,Raj a/p Suppiah,960809-05-7853,1996-08-09,M,Melaka,2024-06-07
PTP002270,Lee Kok Wai,900928-08-0596,1990-09-28,M,Kelantan,2026-01-15
PTP002271,Siti bin Ismail,901030-08-9705,1990-10-30,F,Sabah,2023-11-01
PTP002272,Muhammad bin Ismail,610721-04-9006,1961-07-21,F,Selangor,2023-08-23
PTP002273,Priya a/p Rajan,630209-06-8471,1963-02-09,M,Sarawak,2025-05-25
PTP002274,Ahmad bin Abdullah,950115-01-3032,1995-01-15,M,Sabah,2022-11-19
PTP002275,Zulkifli binti Rahman,010723-15-7110,2001-07-23,F,Johor,2021-01-09
PTP002276,Suresh a/p Suppiah,740107-13-1993,1974-01-07,M,Penang,2021-07-05
PTP002277,Aisyah bin Abdullah,550524-10-1011,1955-05-24,M,Negeri Sembilan,2024-04-25
PTP002278,Ng Wei Ling,510526-02-7906,1951-05-26,F,Perlis,2024-07-31
PTP002279,Amir binti Rahman,971220-11-1600,1997-12-20,M,Selangor,2022-07-21
PTP002280,Tan Kok Wai,720922-13-2988,1972-09-22,M,Terengganu,2023-03-25
PTP002281,Kavitha a/p Suppiah,771123-15-1221,1977-11-23,F,Selangor,2024-02-17
PTP002282,Aisyah binti Rahman,530720-09-1507,1953-07-20,M,Selangor,2021-07-08
PTP002283,Raj a/l Muthu,750602-03-3683,1975-06-02,F,Selangor,2025-05-29
PTP002284,Muhammad binti Rahman,620611-09-7691,1962-06-11,M,Selangor,2026-01-05
PTP002285,Lim Kok Wai,890917-14-8982,1989-09-17,M,Negeri Sembilan,2025-02-13
PTP002286,Aina bin Yusof,880707-13-2610,1988-07-07,F,Putrajaya,2022-07-31
PTP002287,Zulkifli binti Rahman,590518-04-7741,1959-05-18,F,Penang,2021-03-05
PTP002288,Aina binti Rahman,911126-06-5947,1991-11-26,F,Penang,2025-01-31
PTP002289,Kumar a/p Rajan,810107-05-0364,1981-01-07,M,Perak,2026-02-05
PTP002290,Raj a/p Suppiah,730426-06-6228,1973-04-26,M,Negeri Sembilan,2025-11-03
PTP002291,Ahmad bin Yusof,620722-12-2280,1962-07-22,M,Putrajaya,2021-11-19
PTP002292,Farah bin Abdullah,070623-15-7973,2007-06-23,F,Negeri Sembilan,2025-01-19
PTP002293,Lim Kok Wai,551103-10-6309,1955-11-03,M,Penang,2022-01-05
PTP002294,Zulkifli bin Ismail,620616-09-1505,1962-06-16,F,Perak,2022-01-31
PTP002295,Siti bin Ismail,841102-16-5476,1984-11-02,M,Putrajaya,2025-11-20
PTP002296,Lee Boon Huat,551205-12-4364,1955-12-05,M,Johor,2021-08-07
PTP002297,Lee Kok Wai,550301-02-5225,1955-03-01,F,Perak,2024-11-20
PTP002298,Lim Chee Keong,080727-12-8141,2008-07-27,M,Selangor,2021-01-12
PTP002299,Aisyah bin Ismail,620929-11-6717,1962-09-29,F,Kuala Lumpur,2021-07-23
PTP002300,Siti binti Hassan,560511-16-2910,1956-05-11,M,Pahang,2026-02-25
PTP002301,Muhammad binti Rahman,030625-06-2636,2003-06-25,F,Putrajaya,2024-02-21
PTP002302,Aisyah bin Abdullah,651002-13-8884,1965-10-02,F,Selangor,2023-09-12
PTP002303,Farah bin Yusof,751016-02-1498,1975-10-16,M,Terengganu,2026-05-27
PTP002304,Wong Wei Ling,790214-03-5160,1979-02-14,M,Perlis,2021-01-05
PTP002305,Tan Boon Huat,850227-12-3725,1985-02-27,F,Kuala Lumpur,2021-11-28
PTP002306,Ahmad binti Rahman,000615-03-7048,2000-06-15,F,Selangor,2022-07-12
PTP002307,Raj a/l Muthu,520326-10-9204,1952-03-26,F,Negeri Sembilan,2021-01-19
PTP002308,Lim Siew Fong,080125-15-6769,2008-01-25,M,Perlis,2023-07-19
PTP002309,Amir binti Hassan,001105-16-1893,2000-11-05,F,Penang,2024-11-12
PTP002310,Priya a/l Krishnan,760618-03-3493,1976-06-18,M,Kuala Lumpur,2022-08-02
PTP002311,Siti binti Hassan,770211-13-3633,1977-02-11,M,Penang,2023-11-23
PTP002312,Priya a/l Krishnan,770602-15-4194,1977-06-02,M,Pahang,2026-04-03
PTP002313,Ahmad binti Rahman,060417-09-8940,2006-04-17,F,Kuala Lumpur,2022-09-13
PTP002314,Aina bin Yusof,921108-08-4118,1992-11-08,F,Sarawak,2025-10-25
PTP002315,Raj a/p Rajan,010428-13-4881,2001-04-28,F,Perak,2024-05-28
PTP002316,Ahmad binti Rahman,760702-15-4533,1976-07-02,M,Kelantan,2021-07-14
PTP002317,Farah binti Hassan,971019-03-5967,1997-10-19,F,Sabah,2025-01-14
PTP002318,Ahmad bin Yusof,561230-02-8861,1956-12-30,F,Pahang,2023-04-24
PTP002319,Amir binti Ibrahim,750814-01-9831,1975-08-14,M,Kedah,2022-03-15
PTP002320,Kumar a/p Suppiah,720818-13-1552,1972-08-18,M,Perak,2022-02-13
PTP002321,Ng Kok Wai,750626-13-0884,1975-06-26,M,Sabah,2024-09-07
PTP002322,Aina binti Hassan,050803-08-5163,2005-08-03,F,Penang,2021-04-08
PTP002323,Kumar a/p Rajan,950712-06-7171,1995-07-12,F,Terengganu,2022-12-27
PTP002324,Aisyah binti Ibrahim,030903-02-1293,2003-09-03,F,Johor,2021-09-01
PTP002325,Siti binti Hassan,850928-09-7211,1985-09-28,F,Kuala Lumpur,2024-10-13
PTP002326,Hafiz bin Abdullah,800109-15-3133,1980-01-09,M,Putrajaya,2025-11-30
PTP002327,Kavitha a/l Krishnan,970929-01-3778,1997-09-29,M,Kuala Lumpur,2021-07-22
PTP002328,Raj a/p Rajan,790616-10-0199,1979-06-16,M,Johor,2021-02-09
PTP002329,Siti bin Abdullah,561118-07-7019,1956-11-18,M,Negeri Sembilan,2021-01-13
PTP002330,Amir binti Ibrahim,661210-04-3627,1966-12-10,F,Sabah,2021-09-21
PTP002331,Nur binti Hassan,810209-11-2400,1981-02-09,M,Terengganu,2025-01-11
PTP002332,Ahmad binti Rahman,940428-16-9328,1994-04-28,M,Selangor,2025-05-08
PTP002333,Zulkifli bin Abdullah,510519-03-8957,1951-05-19,F,Putrajaya,2025-06-18
PTP002334,Nur binti Rahman,590921-09-2053,1959-09-21,M,Sarawak,2026-05-10
PTP002335,Farah bin Ismail,870616-01-0045,1987-06-16,F,Labuan,2024-03-29
PTP002336,Siti binti Hassan,891231-11-0131,1989-12-31,M,Sabah,2026-02-21
PTP002337,Tan Kok Wai,680829-07-6217,1968-08-29,F,Melaka,2024-11-26
PTP002338,Priya a/l Krishnan,750716-04-7526,1975-07-16,F,Sabah,2022-06-17
PTP002339,Ng Siew Fong,510611-05-3585,1951-06-11,M,Negeri Sembilan,2021-09-08
PTP002340,Kumar a/l Muthu,580428-02-9360,1958-04-28,M,Perlis,2024-09-17
PTP002341,Ahmad binti Ibrahim,990827-14-8362,1999-08-27,F,Kedah,2021-07-10
PTP002342,Muhammad bin Abdullah,860217-13-6432,1986-02-17,F,Kedah,2021-02-27
PTP002343,Tan Mei Yee,871114-11-7479,1987-11-14,F,Putrajaya,2022-07-12
PTP002344,Priya a/l Muthu,800426-06-9722,1980-04-26,F,Negeri Sembilan,2024-08-17
PTP002345,Nur bin Ismail,981229-14-2935,1998-12-29,M,Perak,2022-11-18
PTP002346,Zulkifli bin Ismail,570628-03-4191,1957-06-28,F,Putrajaya,2026-02-18
PTP002347,Lim Wei Ling,991108-15-1876,1999-11-08,M,Terengganu,2021-04-12
PTP002348,Zulkifli bin Abdullah,690325-06-3097,1969-03-25,F,Sabah,2022-10-26
PTP002349,Chong Boon Huat,831224-06-1106,1983-12-24,F,Johor,2022-02-10
PTP002350,Ng Mei Yee,030506-04-7106,2003-05-06,M,Johor,2026-06-26
PTP002351,Zulkifli binti Hassan,560408-11-9015,1956-04-08,M,Pahang,2026-08-23
PTP002352,Wong Chee Keong,030620-04-6254,2003-06-20,M,Kuala Lumpur,2026-03-15
PTP002353,Devi a/p Rajan,580606-03-8970,1958-06-06,F,Perak,2024-10-23
PTP002354,Suresh a/l Krishnan,030917-11-5095,2003-09-17,M,Johor,2026-05-19
PTP002355,Hafiz bin Ismail,740324-01-0884,1974-03-24,M,Sarawak,2022-07-20
PTP002356,Nur bin Ismail,710413-05-0969,1971-04-13,F,Penang,2024-04-21
PTP002357,Amir binti Ibrahim,721008-07-2157,1972-10-08,M,Penang,2024-02-11
PTP002358,Raj a/p Rajan,540420-01-2073,1954-04-20,M,Perak,2025-09-23
PTP002359,Tan Mei Yee,710629-05-3588,1971-06-29,M,Perak,2021-05-28
PTP002360,Siti binti Ibrahim,751206-04-3992,1975-12-06,F,Sarawak,2025-12-03
PTP002361,Priya a/l Muthu,930925-14-5496,1993-09-25,M,Perlis,2021-06-19
PTP002362,Ahmad binti Ibrahim,731230-02-5643,1973-12-30,M,Putrajaya,2023-11-05
PTP002363,Aisyah bin Yusof,930719-04-8802,1993-07-19,M,Perak,2026-02-15
PTP002364,Ng Chee Keong,710516-03-6811,1971-05-16,M,Labuan,2021-10-18
PTP002365,Aina bin Abdullah,780517-06-9536,1978-05-17,M,Johor,2024-05-07
PTP002366,Zulkifli binti Hassan,741217-03-6342,1974-12-17,F,Sabah,2021-04-30
PTP002367,Nur bin Abdullah,610408-14-7976,1961-04-08,M,Kuala Lumpur,2022-09-10
PTP002368,Farah binti Rahman,860519-13-7544,1986-05-19,M,Kelantan,2025-02-11
PTP002369,Lim Wei Ling,770209-13-5931,1977-02-09,F,Kuala Lumpur,2023-08-16
PTP002370,Amir binti Hassan,540201-02-7224,1954-02-01,F,Kelantan,2024-05-26
PTP002371,Chong Chee Keong,820413-08-9298,1982-04-13,F,Terengganu,2023-03-16
PTP002372,Aina binti Rahman,810922-06-7432,1981-09-22,M,Perak,2021-02-04
PTP002373,Aisyah bin Abdullah,580521-03-4841,1958-05-21,M,Melaka,2022-11-23
PTP002374,Ng Chee Keong,010825-11-9089,2001-08-25,F,Melaka,2023-06-06
PTP002375,Zulkifli bin Yusof,570304-02-8745,1957-03-04,F,Johor,2022-09-12
PTP002376,Nur binti Ibrahim,771022-10-1386,1977-10-22,F,Melaka,2025-07-28
PTP002377,Farah bin Ismail,630419-05-4615,1963-04-19,F,Sabah,2023-06-23
PTP002378,Lee Siew Fong,710323-08-3684,1971-03-23,M,Melaka,2025-02-06
PTP002379,Kumar a/p Rajan,790215-03-1289,1979-02-15,F,Labuan,2023-04-09
PTP002380,Amir binti Hassan,041030-15-6396,2004-10-30,F,Labuan,2025-07-20
PTP002381,Wong Siew Fong,560706-09-5496,1956-07-06,M,Terengganu,2024-09-17
PTP002382,Aina binti Rahman,950822-09-6439,1995-08-22,F,Kelantan,2023-09-10
PTP002383,Amir bin Ismail,540514-03-2901,1954-05-14,F,Negeri Sembilan,2021-09-18
PTP002384,Ahmad bin Yusof,671102-11-5019,1967-11-02,M,Pahang,2025-02-24
PTP002385,Chong Chee Keong,930115-11-6081,1993-01-15,F,Kelantan,2023-01-30
PTP002386,Lim Wei Ling,801016-08-0221,1980-10-16,F,Melaka,2024-05-22
PTP002387,Aina bin Abdullah,050124-09-2975,2005-01-24,F,Johor,2022-07-14
PTP002388,Amir binti Ibrahim,670707-07-4060,1967-07-07,M,Perlis,2024-03-17
PTP002389,Farah binti Hassan,541224-07-0914,1954-12-24,F,Perlis,2022-04-22
PTP002390,Wong Chee Keong,801207-04-0296,1980-12-07,M,Johor,2023-06-21
PTP002391,Raj a/p Rajan,580426-05-1970,1958-04-26,M,Terengganu,2026-07-24
PTP002392,Zulkifli binti Hassan,771209-11-2562,1977-12-09,M,Terengganu,2026-01-04
PTP002393,Lim Kok Wai,900716-15-4255,1990-07-16,F,Labuan,2024-02-19
PTP002394,Nur binti Ibrahim,700319-06-0414,1970-03-19,F,Pahang,2021-07-19
PTP002395,Hafiz binti Rahman,970613-15-2163,1997-06-13,F,Kelantan,2022-08-28
PTP002396,Nur binti Rahman,860908-01-1826,1986-09-08,F,Kuala Lumpur,2024-08-19
PTP002397,Kavitha a/l Krishnan,010731-05-7197,2001-07-31,M,Selangor,2021-07-11
PTP002398,Zulkifli binti Ibrahim,710621-02-0595,1971-06-21,M,Perak,2025-02-14
PTP002399,Priya a/p Rajan,760605-03-5065,1976-06-05,M,Pahang,2026-06-05
PTP002400,Lim Wei Ling,661023-14-0433,1966-10-23,F,Kedah,2026-03-12
PTP002401,Lim Kok Wai,900323-03-8099,1990-03-23,M,Kuala Lumpur,2022-05-21
PTP002402,Aisyah bin Yusof,630130-12-5751,1963-01-30,M,Kelantan,2023-03-24
PTP002403,Kumar a/p Rajan,521122-16-4032,1952-11-22,F,Perak,2022-12-22
PTP002404,Raj a/p Rajan,660706-08-2430,1966-07-06,M,Perak,2025-03-10
PTP002405,Aina bin Ismail,701110-06-0023,1970-11-10,F,Terengganu,2025-12-19
PTP002406,Lim Mei Yee,021227-08-2116,2002-12-27,M,Perlis,2026-04-25
PTP002407,Farah bin Abdullah,530312-16-6506,1953-03-12,M,Kuala Lumpur,2025-10-15
PTP002408,Siti binti Rahman,821028-16-1979,1982-10-28,M,Sarawak,2026-02-24
PTP002409,Ahmad binti Rahman,701011-04-2555,1970-10-11,F,Johor,2025-04-11
PTP002410,Chong Chee Keong,891128-06-1468,1989-11-28,F,Perlis,2024-12-21
PTP002411,Amir binti Rahman,610517-16-3281,1961-05-17,F,Putrajaya,2023-12-10
PTP002412,Nur bin Ismail,531117-05-2320,1953-11-17,M,Selangor,2023-12-12
PTP002413,Lee Mei Yee,730307-05-5670,1973-03-07,M,Sabah,2022-03-11
PTP002414,Lee Kok Wai,921107-02-6177,1992-11-07,M,Pahang,2023-01-02
PTP002415,Ahmad binti Rahman,770614-08-7844,1977-06-14,M,Penang,2023-05-15
PTP002416,Amir binti Rahman,631013-16-4518,1963-10-13,M,Kedah,2022-04-15
PTP002417,Farah bin Ismail,760229-10-1999,1976-02-29,F,Perak,2021-01-26
PTP002418,Kumar a/p Rajan,880510-13-2859,1988-05-10,F,Kuala Lumpur,2021-02-25
PTP002419,Lim Siew Fong,990106-16-5986,1999-01-06,F,Penang,2024-03-20
PTP002420,Wong Wei Ling,940421-12-5217,1994-04-21,F,Penang,2024-07-09
PTP002421,Kavitha a/l Muthu,811122-12-1416,1981-11-22,F,Melaka,2022-12-15
PTP002422,Farah binti Hassan,860124-14-4450,1986-01-24,M,Penang,2021-10-22
PTP002423,Nur bin Yusof,070729-11-7386,2007-07-29,F,Terengganu,2025-03-20
PTP002424,Ahmad bin Ismail,930701-01-4155,1993-07-01,M,Perlis,2023-01-28
PTP002425,Tan Siew Fong,631011-16-1574,1963-10-11,M,Penang,2022-10-11
PTP002426,Nur bin Yusof,711202-08-7045,1971-12-02,F,Putrajaya,2022-09-06
PTP002427,Aina bin Yusof,880415-16-3532,1988-04-15,M,Sabah,2026-02-03
PTP002428,Hafiz bin Ismail,631225-03-9862,1963-12-25,M,Perak,2025-10-13
PTP002429,Ng Wei Ling,990116-15-5556,1999-01-16,F,Perlis,2025-11-29
PTP002430,Nur binti Ibrahim,940928-10-3326,1994-09-28,M,Penang,2024-12-14
PTP002431,Nur bin Abdullah,521031-11-2976,1952-10-31,M,Johor,2025-04-15
PTP002432,Muhammad bin Yusof,600715-03-5766,1960-07-15,M,Terengganu,2022-08-16
PTP002433,Lee Mei Yee,530614-15-4654,1953-06-14,F,Selangor,2026-06-15
PTP002434,Aisyah bin Yusof,620202-15-6482,1962-02-02,F,Negeri Sembilan,2021-07-24
PTP002435,Amir bin Yusof,960823-15-9717,1996-08-23,F,Negeri Sembilan,2025-11-18
PTP002436,Nur binti Rahman,871105-12-6989,1987-11-05,M,Melaka,2021-12-31
PTP002437,Aisyah bin Ismail,870130-12-5156,1987-01-30,M,Labuan,2024-09-16
PTP002438,Aisyah binti Hassan,910416-14-3055,1991-04-16,F,Putrajaya,2023-03-27
PTP002439,Aina binti Ibrahim,800511-12-2250,1980-05-11,F,Kedah,2021-11-20
PTP002440,Farah bin Yusof,590322-15-0130,1959-03-22,M,Terengganu,2024-08-08
PTP002441,Zulkifli bin Ismail,900516-15-6775,1990-05-16,M,Perlis,2024-12-03
PTP002442,Muhammad binti Hassan,570125-10-8593,1957-01-25,F,Kelantan,2024-05-12
PTP002443,Devi a/p Suppiah,900125-08-4891,1990-01-25,F,Melaka,2024-11-29
PTP002444,Lee Boon Huat,070729-09-1195,2007-07-29,F,Johor,2024-04-11
PTP002445,Aina bin Yusof,670621-08-9952,1967-06-21,M,Melaka,2025-06-09
PTP002446,Amir bin Ismail,050830-09-6716,2005-08-30,F,Selangor,2024-02-04
PTP002447,Ahmad bin Yusof,041004-11-8200,2004-10-04,F,Perak,2022-12-03
PTP002448,Lim Siew Fong,691215-09-1634,1969-12-15,M,Sabah,2026-05-08
PTP002449,Suresh a/p Suppiah,850330-05-1002,1985-03-30,M,Johor,2022-03-01
PTP002450,Wong Mei Yee,640714-10-8496,1964-07-14,F,Sarawak,2026-05-15
PTP002451,Wong Mei Yee,871004-11-7743,1987-10-04,M,Perak,2024-03-21
PTP002452,Ahmad binti Hassan,770403-09-9284,1977-04-03,F,Negeri Sembilan,2021-06-02
PTP002453,Priya a/p Rajan,980301-02-0448,1998-03-01,M,Terengganu,2025-04-12
PTP002454,Muhammad bin Ismail,510212-15-5461,1951-02-12,F,Terengganu,2022-03-13
PTP002455,Aina binti Hassan,820919-16-0037,1982-09-19,F,Penang,2025-05-24
PTP002456,Raj a/l Krishnan,080824-10-3099,2008-08-24,F,Pahang,2023-06-14
PTP002457,Muhammad bin Abdullah,681111-08-8880,1968-11-11,F,Kuala Lumpur,2025-06-13
PTP002458,Siti bin Ismail,551226-14-2581,1955-12-26,M,Kuala Lumpur,2023-04-19
PTP002459,Hafiz binti Hassan,030828-06-4343,2003-08-28,F,Sarawak,2023-10-16
PTP002460,Nur binti Ibrahim,710615-15-9493,1971-06-15,F,Kelantan,2022-03-18
PTP002461,Farah binti Ibrahim,740520-05-9323,1974-05-20,F,Kelantan,2021-04-25
PTP002462,Muhammad binti Ibrahim,560906-16-7178,1956-09-06,F,Penang,2021-07-25
PTP002463,Ahmad binti Hassan,941204-07-5218,1994-12-04,M,Perak,2026-03-23
PTP002464,Farah bin Abdullah,790120-06-2653,1979-01-20,F,Perlis,2023-07-25
PTP002465,Hafiz binti Hassan,800730-06-3259,1980-07-30,M,Perak,2025-05-20
PTP002466,Lim Wei Ling,660404-05-0266,1966-04-04,M,Pahang,2022-09-20
PTP002467,Muhammad bin Ismail,660512-07-0163,1966-05-12,M,Selangor,2025-07-02
PTP002468,Aisyah binti Rahman,050918-15-1109,2005-09-18,M,Perlis,2023-06-18
PTP002469,Ahmad binti Rahman,810622-14-2326,1981-06-22,F,Terengganu,2026-02-12
PTP002470,Ahmad bin Ismail,711029-09-6065,1971-10-29,M,Kuala Lumpur,2024-07-15
PTP002471,Priya a/p Rajan,640110-09-7989,1964-01-10,M,Kedah,2021-11-17
PTP002472,Siti bin Abdullah,710317-05-8850,1971-03-17,F,Putrajaya,2021-04-29
PTP002473,Suresh a/l Muthu,000705-03-7441,2000-07-05,M,Sabah,2021-10-06
PTP002474,Farah bin Abdullah,700816-15-6776,1970-08-16,F,Putrajaya,2022-06-27
PTP002475,Wong Boon Huat,970508-16-5261,1997-05-08,F,Perlis,2022-02-21
PTP002476,Chong Chee Keong,950615-09-0819,1995-06-15,F,Terengganu,2022-03-10
PTP002477,Hafiz bin Ismail,630207-16-2430,1963-02-07,F,Penang,2023-07-21
PTP002478,Aina bin Abdullah,001123-11-6312,2000-11-23,F,Negeri Sembilan,2023-01-07
PTP002479,Kavitha a/p Rajan,520612-08-7953,1952-06-12,M,Sarawak,2023-11-10
PTP002480,Muhammad bin Ismail,851212-04-2129,1985-12-12,M,Penang,2026-01-23
PTP002481,Hafiz bin Yusof,791217-02-3861,1979-12-17,F,Perlis,2021-07-13
PTP002482,Tan Kok Wai,580216-02-7941,1958-02-16,F,Kuala Lumpur,2021-07-24
PTP002483,Farah bin Abdullah,880530-09-5815,1988-05-30,M,Pahang,2023-07-13
PTP002484,Siti bin Ismail,650922-05-8064,1965-09-22,F,Melaka,2022-03-25
PTP002485,Hafiz bin Ismail,050112-06-0351,2005-01-12,F,Negeri Sembilan,2023-10-21
PTP002486,Aisyah bin Ismail,581108-13-5251,1958-11-08,F,Kelantan,2022-09-05
PTP002487,Kavitha a/l Muthu,031020-07-3315,2003-10-20,F,Negeri Sembilan,2023-02-27
PTP002488,Ahmad binti Hassan,820419-16-8332,1982-04-19,F,Selangor,2024-05-22
PTP002489,Siti bin Abdullah,711114-12-6185,1971-11-14,F,Penang,2024-01-15
PTP002490,Hafiz binti Rahman,041215-09-2976,2004-12-15,F,Perlis,2024-07-06
PTP002491,Aina binti Ibrahim,910530-11-6784,1991-05-30,M,Melaka,2023-05-07
PTP002492,Hafiz binti Rahman,860905-11-2793,1986-09-05,M,Terengganu,2023-01-28
PTP002493,Muhammad binti Rahman,680107-12-8892,1968-01-07,M,Perak,2022-09-22
PTP002494,Farah bin Yusof,960104-06-2472,1996-01-04,F,Johor,2022-07-03
PTP002495,Aisyah bin Ismail,821207-02-2484,1982-12-07,F,Pahang,2021-10-20
PTP002496,Nur binti Rahman,841231-05-6694,1984-12-31,M,Negeri Sembilan,2025-07-06
PTP002497,Aisyah bin Abdullah,630316-11-4246,1963-03-16,M,Pahang,2023-01-07
PTP002498,Muhammad bin Ismail,610626-02-0714,1961-06-26,F,Kedah,2022-02-02
PTP002499,Muhammad bin Ismail,910810-05-1546,1991-08-10,M,Penang,2022-10-06
PTP002500,Chong Boon Huat,650612-04-6102,1965-06-12,M,Perlis,2025-03-05
PTP002501,Aisyah binti Hassan,820503-01-1703,1982-05-03,M,Pahang,2025-09-05
PTP002502,Ahmad binti Rahman,990718-10-5006,1999-07-18,M,Selangor,2023-12-10
PTP002503,Lim Siew Fong,000502-16-7245,2000-05-02,F,Kedah,2021-06-24
PTP002504,Aisyah binti Ibrahim,680710-13-4616,1968-07-10,F,Negeri Sembilan,2024-07-08
PTP002505,Siti bin Ismail,891110-10-2953,1989-11-10,M,Perak,2022-05-02
PTP002506,Lim Wei Ling,830505-07-2998,1983-05-05,M,Negeri Sembilan,2025-11-22
PTP002507,Siti bin Yusof,051030-09-8714,2005-10-30,M,Johor,2021-09-19
PTP002508,Chong Siew Fong,670411-04-1475,1967-04-11,F,Putrajaya,2024-02-27
PTP002509,Wong Siew Fong,650416-09-9426,1965-04-16,M,Sabah,2022-09-21
PTP002510,Zulkifli bin Abdullah,591224-02-3593,1959-12-24,F,Perlis,2023-03-27
PTP002511,Siti binti Ibrahim,770913-01-1022,1977-09-13,M,Terengganu,2025-08-06
PTP002512,Chong Mei Yee,011002-07-8912,2001-10-02,F,Sarawak,2023-03-17
PTP002513,Ahmad binti Hassan,860507-06-4426,1986-05-07,M,Kedah,2022-01-30
PTP002514,Suresh a/p Rajan,810405-14-2800,1981-04-05,M,Kuala Lumpur,2021-01-08
PTP002515,Aisyah bin Ismail,681115-15-7145,1968-11-15,M,Kedah,2026-01-22
PTP002516,Lim Siew Fong,070819-13-3339,2007-08-19,M,Labuan,2022-12-28
PTP002517,Kumar a/l Krishnan,841016-04-8885,1984-10-16,F,Sabah,2025-07-28
PTP002518,Nur binti Rahman,850318-10-1780,1985-03-18,M,Penang,2025-06-17
PTP002519,Zulkifli bin Ismail,940626-07-3696,1994-06-26,M,Johor,2023-02-17
PTP002520,Siti binti Rahman,010616-03-8656,2001-06-16,F,Pahang,2023-07-06
PTP002521,Hafiz binti Rahman,530208-13-1556,1953-02-08,M,Perlis,2021-03-23
PTP002522,Lim Wei Ling,720408-04-4364,1972-04-08,M,Penang,2025-02-25
PTP002523,Hafiz binti Rahman,960630-04-7547,1996-06-30,M,Terengganu,2022-06-06
PTP002524,Zulkifli binti Ibrahim,701227-08-8864,1970-12-27,F,Terengganu,2025-09-13
PTP002525,Ahmad binti Ibrahim,070615-05-6402,2007-06-15,F,Terengganu,2026-07-31
PTP002526,Siti bin Yusof,710626-12-9416,1971-06-26,M,Perak,2025-06-24
PTP002527,Amir bin Yusof,760125-06-5626,1976-01-25,F,Kedah,2024-08-18
PTP002528,Ng Boon Huat,630517-01-7280,1963-05-17,F,Perak,2024-01-23
PTP002529,Hafiz bin Ismail,510311-14-6931,1951-03-11,F,Penang,2021-04-03
PTP002530,Aisyah binti Rahman,680704-01-9214,1968-07-04,M,Putrajaya,2025-11-29
PTP002531,Wong Mei Yee,641201-12-9354,1964-12-01,F,Kelantan,2024-06-11
PTP002532,Zulkifli bin Ismail,721221-10-1843,1972-12-21,F,Putrajaya,2024-02-04
PTP002533,Hafiz bin Yusof,650327-11-3379,1965-03-27,F,Johor,2023-09-21
PTP002534,Aina bin Yusof,911016-01-4345,1991-10-16,F,Pahang,2025-04-09
PTP002535,Lim Boon Huat,870409-13-0162,1987-04-09,F,Sabah,2021-02-10
PTP002536,Tan Chee Keong,591018-13-2286,1959-10-18,F,Kuala Lumpur,2022-04-30
PTP002537,Zulkifli bin Yusof,640411-02-0296,1964-04-11,M,Melaka,2025-06-13
PTP002538,Muhammad bin Ismail,510927-01-9114,1951-09-27,M,Kuala Lumpur,2023-11-01
PTP002539,Zulkifli bin Yusof,540316-08-9748,1954-03-16,F,Melaka,2024-09-13
PTP002540,Aisyah bin Ismail,950613-01-2447,1995-06-13,F,Terengganu,2022-03-11
PTP002541,Nur bin Abdullah,650126-12-6395,1965-01-26,F,Johor,2021-02-22
PTP002542,Tan Mei Yee,031220-13-4796,2003-12-20,M,Melaka,2024-12-28
PTP002543,Chong Boon Huat,620806-10-7077,1962-08-06,F,Kuala Lumpur,2023-02-24
PTP002544,Ng Wei Ling,720208-04-8696,1972-02-08,F,Sabah,2026-08-21
PTP002545,Kumar a/l Muthu,610718-04-3343,1961-07-18,F,Terengganu,2025-08-25
PTP002546,Amir binti Hassan,690110-10-4129,1969-01-10,M,Kuala Lumpur,2022-05-19
PTP002547,Farah binti Rahman,921129-13-6131,1992-11-29,M,Negeri Sembilan,2025-05-31
PTP002548,Siti bin Abdullah,571003-11-5639,1957-10-03,F,Labuan,2021-06-08
PTP002549,Aisyah bin Ismail,520111-06-2962,1952-01-11,M,Selangor,2022-07-15
PTP002550,Amir binti Rahman,080211-01-4237,2008-02-11,F,Negeri Sembilan,2024-09-20
PTP002551,Raj a/l Krishnan,010708-11-6100,2001-07-08,M,Perlis,2026-05-22
PTP002552,Nur bin Yusof,690411-08-5120,1969-04-11,M,Labuan,2024-08-29
PTP002553,Raj a/l Krishnan,820228-12-3574,1982-02-28,M,Sabah,2021-12-02
PTP002554,Nur binti Rahman,951002-05-3028,1995-10-02,M,Penang,2021-08-19
PTP002555,Siti binti Ibrahim,890524-15-8104,1989-05-24,M,Perlis,2026-04-19
PTP002556,Zulkifli binti Ibrahim,771231-08-5677,1977-12-31,F,Pahang,2024-01-14
PTP002557,Aina binti Ibrahim,970819-10-2790,1997-08-19,F,Perak,2024-08-23
PTP002558,Muhammad bin Yusof,960908-11-8015,1996-09-08,F,Penang,2024-07-04
PTP002559,Farah bin Abdullah,921208-02-5951,1992-12-08,F,Penang,2026-01-12
PTP002560,Amir binti Hassan,560808-16-3773,1956-08-08,F,Sarawak,2023-11-25
PTP002561,Lee Kok Wai,770109-10-1837,1977-01-09,F,Johor,2024-12-31
PTP002562,Aina binti Rahman,830424-07-4259,1983-04-24,F,Sarawak,2024-12-30
PTP002563,Hafiz bin Yusof,060823-01-3641,2006-08-23,M,Johor,2021-05-31
PTP002564,Muhammad binti Ibrahim,510513-07-3926,1951-05-13,M,Perlis,2023-06-11
PTP002565,Zulkifli bin Yusof,051001-06-9122,2005-10-01,M,Terengganu,2021-06-03
PTP002566,Hafiz bin Ismail,550827-01-4673,1955-08-27,F,Sabah,2022-12-15
PTP002567,Lee Chee Keong,640315-04-7293,1964-03-15,F,Perlis,2024-07-18
PTP002568,Lim Mei Yee,050713-08-7907,2005-07-13,M,Johor,2024-08-31
PTP002569,Hafiz bin Ismail,021002-10-4574,2002-10-02,F,Labuan,2022-03-16
PTP002570,Wong Boon Huat,881011-13-2663,1988-10-11,F,Penang,2021-12-25
PTP002571,Aisyah bin Ismail,821028-09-6161,1982-10-28,F,Melaka,2024-06-25
PTP002572,Aina bin Yusof,631008-01-0605,1963-10-08,M,Kuala Lumpur,2024-10-30
PTP002573,Aina bin Abdullah,910409-08-5576,1991-04-09,M,Johor,2024-10-25
PTP002574,Aisyah binti Ibrahim,030831-10-4710,2003-08-31,M,Negeri Sembilan,2021-12-15
PTP002575,Zulkifli bin Yusof,800815-10-7500,1980-08-15,F,Putrajaya,2025-05-16
PTP002576,Farah binti Rahman,771109-11-9355,1977-11-09,F,Perak,2022-12-01
PTP002577,Tan Chee Keong,830925-05-1170,1983-09-25,F,Putrajaya,2022-04-01
PTP002578,Lee Siew Fong,900203-07-9968,1990-02-03,F,Penang,2021-10-31
PTP002579,Farah bin Yusof,840108-10-4303,1984-01-08,F,Johor,2026-03-08
PTP002580,Lim Kok Wai,850331-16-2619,1985-03-31,F,Johor,2023-12-26
PTP002581,Nur binti Ibrahim,761120-01-3439,1976-11-20,F,Perlis,2021-12-06
PTP002582,Chong Chee Keong,570201-16-8827,1957-02-01,M,Melaka,2022-04-13
PTP002583,Ahmad binti Ibrahim,861027-06-1726,1986-10-27,F,Putrajaya,2024-10-10
PTP002584,Siti bin Yusof,000402-14-6929,2000-04-02,M,Kedah,2021-07-12
PTP002585,Farah binti Ibrahim,911121-01-7613,1991-11-21,M,Pahang,2025-03-11
PTP002586,Aisyah bin Abdullah,070211-04-1996,2007-02-11,M,Penang,2023-03-11
PTP002587,Zulkifli bin Ismail,040313-16-5036,2004-03-13,M,Pahang,2021-02-12
PTP002588,Aisyah bin Abdullah,851227-02-8701,1985-12-27,F,Johor,2024-12-02
PTP002589,Tan Mei Yee,550601-11-0999,1955-06-01,M,Negeri Sembilan,2026-08-20
PTP002590,Lim Kok Wai,530221-03-5623,1953-02-21,F,Sarawak,2023-05-20
PTP002591,Lim Kok Wai,720218-03-3555,1972-02-18,F,Kelantan,2025-04-02
PTP002592,Nur bin Yusof,821125-02-0116,1982-11-25,F,Pahang,2023-10-02
PTP002593,Amir binti Rahman,730613-08-1408,1973-06-13,F,Kelantan,2025-10-29
PTP002594,Hafiz bin Yusof,010926-06-5850,2001-09-26,F,Johor,2025-03-19
PTP002595,Nur binti Rahman,030815-02-2195,2003-08-15,M,Labuan,2022-02-19
PTP002596,Ahmad bin Ismail,780722-14-6196,1978-07-22,F,Selangor,2026-06-15
PTP002597,Raj a/p Rajan,740722-03-6188,1974-07-22,F,Melaka,2024-11-06
PTP002598,Ng Kok Wai,910827-03-0572,1991-08-27,M,Putrajaya,2021-10-09
PTP002599,Lim Mei Yee,710908-10-6710,1971-09-08,F,Kuala Lumpur,2024-08-17
PTP002600,Kumar a/p Rajan,610527-01-2217,1961-05-27,F,Sarawak,2025-03-10
PTP002601,Hafiz binti Rahman,010710-07-6917,2001-07-10,M,Johor,2021-02-03
PTP002602,Ng Mei Yee,680520-15-1901,1968-05-20,M,Pahang,2023-12-15
PTP002603,Suresh a/p Suppiah,841105-02-6854,1984-11-05,F,Kelantan,2023-05-16
PTP002604,Ng Siew Fong,510430-01-9333,1951-04-30,M,Sabah,2023-12-02
PTP002605,Amir bin Yusof,740603-15-4417,1974-06-03,F,Terengganu,2026-09-03
PTP002606,Priya a/l Krishnan,070209-15-2224,2007-02-09,F,Johor,2022-04-04
PTP002607,Nur bin Abdullah,650530-14-9057,1965-05-30,M,Johor,2026-02-01
PTP002608,Lee Boon Huat,810322-02-3327,1981-03-22,F,Sarawak,2025-04-21
PTP002609,Tan Siew Fong,840108-16-3367,1984-01-08,F,Putrajaya,2026-08-26
PTP002610,Priya a/p Rajan,760213-07-6630,1976-02-13,F,Labuan,2025-01-11
PTP002611,Amir bin Abdullah,990719-08-0138,1999-07-19,M,Johor,2026-01-16
PTP002612,Aisyah bin Abdullah,541108-06-8928,1954-11-08,M,Kelantan,2024-11-30
PTP002613,Siti bin Abdullah,700306-09-1111,1970-03-06,M,Kedah,2022-06-30
PTP002614,Ng Boon Huat,790213-12-7376,1979-02-13,F,Perak,2021-12-15
PTP002615,Amir bin Abdullah,850408-01-0927,1985-04-08,F,Melaka,2021-01-30
PTP002616,Siti binti Hassan,951130-12-3935,1995-11-30,M,Kuala Lumpur,2022-02-13
PTP002617,Lee Wei Ling,640627-05-2362,1964-06-27,F,Putrajaya,2026-06-01
PTP002618,Zulkifli binti Rahman,961207-05-6386,1996-12-07,F,Perlis,2021-04-26
PTP002619,Farah bin Abdullah,611204-16-4891,1961-12-04,M,Sabah,2023-04-19
PTP002620,Nur bin Ismail,791227-14-1633,1979-12-27,M,Kuala Lumpur,2024-04-01
PTP002621,Aisyah bin Yusof,540725-14-1625,1954-07-25,F,Sarawak,2021-05-26
PTP002622,Siti bin Yusof,641221-13-7350,1964-12-21,M,Kuala Lumpur,2021-07-25
PTP002623,Tan Siew Fong,980105-11-3873,1998-01-05,F,Perlis,2022-09-13
PTP002624,Farah bin Ismail,511214-14-8908,1951-12-14,M,Selangor,2022-07-10
PTP002625,Aina binti Hassan,830623-01-0981,1983-06-23,M,Labuan,2024-10-20
PTP002626,Aina bin Abdullah,540417-01-7559,1954-04-17,M,Putrajaya,2023-09-24
PTP002627,Ahmad binti Ibrahim,010106-15-2812,2001-01-06,M,Penang,2022-01-02
PTP002628,Aisyah bin Yusof,060204-02-8344,2006-02-04,F,Penang,2022-03-24
PTP002629,Siti bin Abdullah,930417-01-4159,1993-04-17,F,Melaka,2025-05-16
PTP002630,Wong Wei Ling,550114-06-8964,1955-01-14,M,Labuan,2025-07-28
PTP002631,Amir bin Ismail,970331-14-0881,1997-03-31,M,Kedah,2021-01-26
PTP002632,Siti bin Ismail,520802-12-2362,1952-08-02,M,Kelantan,2024-05-20
PTP002633,Siti bin Ismail,920728-09-1348,1992-07-28,M,Selangor,2021-03-05
PTP002634,Hafiz binti Rahman,840902-06-6157,1984-09-02,M,Sarawak,2024-01-18
PTP002635,Farah binti Hassan,581015-04-3680,1958-10-15,M,Labuan,2023-01-19
PTP002636,Hafiz bin Yusof,010212-10-9129,2001-02-12,M,Perak,2025-08-03
PTP002637,Kavitha a/l Krishnan,880604-12-1834,1988-06-04,F,Kuala Lumpur,2024-01-13
PTP002638,Aina binti Ibrahim,820123-04-5237,1982-01-23,M,Sabah,2022-06-23
PTP002639,Aisyah binti Ibrahim,501013-10-9939,1950-10-13,F,Melaka,2025-10-27
PTP002640,Zulkifli binti Ibrahim,580406-14-2079,1958-04-06,M,Putrajaya,2026-05-16
PTP002641,Kumar a/l Krishnan,610118-10-7474,1961-01-18,F,Selangor,2025-04-03
PTP002642,Zulkifli bin Abdullah,941126-04-9369,1994-11-26,M,Labuan,2023-08-04
PTP002643,Chong Chee Keong,750120-03-7162,1975-01-20,F,Kuala Lumpur,2024-04-09
PTP002644,Zulkifli bin Ismail,760504-13-9960,1976-05-04,M,Sarawak,2021-07-26
PTP002645,Raj a/l Krishnan,961202-14-4430,1996-12-02,F,Kuala Lumpur,2024-08-28
PTP002646,Nur bin Yusof,580828-14-5219,1958-08-28,F,Perlis,2026-08-28
PTP002647,Ahmad bin Ismail,951202-03-2727,1995-12-02,M,Labuan,2023-02-07
PTP002648,Raj a/l Krishnan,750418-01-3410,1975-04-18,M,Selangor,2022-08-31
PTP002649,Zulkifli bin Yusof,690918-13-4074,1969-09-18,F,Kelantan,2021-09-07
PTP002650,Muhammad bin Yusof,060511-01-0055,2006-05-11,M,Johor,2026-02-01
PTP002651,Ahmad bin Abdullah,940810-03-6299,1994-08-10,M,Kedah,2023-10-30
PTP002652,Lim Kok Wai,650409-15-0732,1965-04-09,F,Selangor,2022-07-23
PTP002653,Muhammad bin Yusof,831219-14-7864,1983-12-19,F,Kelantan,2024-10-11
PTP002654,Ahmad bin Yusof,800919-09-3590,1980-09-19,M,Perlis,2023-10-01
PTP002655,Kavitha a/p Rajan,751229-15-1351,1975-12-29,M,Penang,2022-05-02
PTP002656,Aina bin Yusof,070724-12-4245,2007-07-24,F,Perak,2024-07-27
PTP002657,Ahmad bin Ismail,610328-09-0197,1961-03-28,M,Terengganu,2024-06-19
PTP002658,Nur binti Hassan,561016-14-6735,1956-10-16,M,Putrajaya,2023-04-14
PTP002659,Aina bin Yusof,840704-09-4642,1984-07-04,F,Kelantan,2024-08-10
PTP002660,Ahmad bin Abdullah,670315-02-9019,1967-03-15,M,Melaka,2025-11-05
PTP002661,Ng Siew Fong,770901-03-8306,1977-09-01,M,Perak,2021-03-07
PTP002662,Aina binti Hassan,981119-01-2445,1998-11-19,F,Perak,2023-07-01
PTP002663,Zulkifli bin Abdullah,610527-16-4293,1961-05-27,F,Perak,2021-05-18
PTP002664,Farah binti Ibrahim,930726-07-6743,1993-07-26,F,Sabah,2026-03-31
PTP002665,Hafiz bin Abdullah,780315-01-4827,1978-03-15,M,Sabah,2023-06-30
PTP002666,Suresh a/p Rajan,820620-11-1756,1982-06-20,M,Perlis,2022-01-23
PTP002667,Ng Mei Yee,830125-12-9248,1983-01-25,M,Negeri Sembilan,2021-10-12
PTP002668,Ahmad bin Abdullah,780904-15-9856,1978-09-04,M,Kedah,2025-06-17
PTP002669,Aisyah bin Abdullah,020407-02-1396,2002-04-07,M,Kedah,2021-08-15
PTP002670,Ahmad bin Abdullah,670209-06-3285,1967-02-09,M,Perlis,2022-08-11
PTP002671,Siti bin Abdullah,660504-09-8722,1966-05-04,F,Selangor,2021-10-09
PTP002672,Wong Mei Yee,770805-08-4236,1977-08-05,F,Kelantan,2026-08-01
PTP002673,Raj a/p Rajan,920130-05-7205,1992-01-30,F,Kedah,2021-07-08
PTP002674,Ahmad bin Abdullah,061207-03-5454,2006-12-07,M,Selangor,2024-05-13
PTP002675,Nur binti Ibrahim,591223-10-8057,1959-12-23,M,Melaka,2025-02-07
PTP002676,Aisyah bin Abdullah,510129-16-6714,1951-01-29,M,Sabah,2023-08-21
PTP002677,Ng Boon Huat,000712-05-7517,2000-07-12,M,Kelantan,2024-07-25
PTP002678,Suresh a/p Suppiah,931115-14-6347,1993-11-15,F,Kelantan,2026-01-30
PTP002679,Raj a/l Muthu,680710-15-6697,1968-07-10,F,Melaka,2022-09-18
PTP002680,Muhammad binti Ibrahim,831027-06-9472,1983-10-27,M,Sarawak,2024-04-16
PTP002681,Aisyah bin Abdullah,000323-10-8201,2000-03-23,F,Negeri Sembilan,2025-01-21
PTP002682,Farah binti Hassan,040113-07-5039,2004-01-13,M,Negeri Sembilan,2022-08-20
PTP002683,Devi a/p Rajan,760116-04-2470,1976-01-16,M,Pahang,2025-09-14
PTP002684,Chong Boon Huat,960118-12-2680,1996-01-18,F,Melaka,2025-11-08
PTP002685,Aisyah binti Ibrahim,821011-09-4637,1982-10-11,M,Johor,2022-12-06
PTP002686,Chong Kok Wai,630318-07-8957,1963-03-18,M,Perak,2022-02-19
PTP002687,Aisyah bin Ismail,891013-10-3692,1989-10-13,F,Negeri Sembilan,2026-03-14
PTP002688,Suresh a/p Rajan,601008-03-8654,1960-10-08,F,Perlis,2026-08-12
PTP002689,Devi a/l Krishnan,590616-01-5690,1959-06-16,M,Johor,2021-04-06
PTP002690,Siti binti Hassan,710623-10-3212,1971-06-23,F,Penang,2021-06-29
PTP002691,Ahmad bin Abdullah,520817-13-0834,1952-08-17,F,Perlis,2023-02-03
PTP002692,Lim Kok Wai,510520-05-1646,1951-05-20,F,Kuala Lumpur,2021-01-18
PTP002693,Ahmad binti Ibrahim,080404-07-1720,2008-04-04,F,Kuala Lumpur,2021-08-28
PTP002694,Amir bin Abdullah,670904-01-3438,1967-09-04,F,Labuan,2021-11-25
PTP002695,Hafiz binti Ibrahim,530116-04-9661,1953-01-16,F,Perlis,2022-04-24
PTP002696,Tan Boon Huat,040317-13-2549,2004-03-17,F,Kuala Lumpur,2021-07-06
PTP002697,Aina binti Ibrahim,950227-10-7645,1995-02-27,F,Terengganu,2026-09-10
PTP002698,Tan Chee Keong,931128-15-5582,1993-11-28,M,Pahang,2021-02-08
PTP002699,Tan Kok Wai,771219-06-9144,1977-12-19,F,Selangor,2022-11-10
PTP002700,Hafiz bin Yusof,620131-02-3714,1962-01-31,F,Johor,2026-04-16
PTP002701,Ahmad bin Yusof,771031-04-7700,1977-10-31,M,Perak,2025-08-29
PTP002702,Chong Boon Huat,840601-13-4117,1984-06-01,F,Labuan,2023-04-11
PTP002703,Hafiz binti Hassan,630522-08-0660,1963-05-22,F,Perlis,2022-05-10
PTP002704,Kumar a/p Rajan,011117-10-8962,2001-11-17,M,Terengganu,2022-03-11
PTP002705,Zulkifli bin Abdullah,581022-01-2780,1958-10-22,F,Negeri Sembilan,2024-12-12
PTP002706,Lim Chee Keong,760728-13-3051,1976-07-28,M,Johor,2023-03-07
PTP002707,Aisyah bin Yusof,660603-13-9035,1966-06-03,F,Putrajaya,2025-05-20
PTP002708,Hafiz bin Abdullah,910405-13-7249,1991-04-05,F,Penang,2023-11-30
PTP002709,Tan Chee Keong,720223-12-2327,1972-02-23,M,Pahang,2025-11-25
PTP002710,Wong Mei Yee,940319-05-6363,1994-03-19,M,Selangor,2021-08-13
PTP002711,Priya a/p Rajan,591014-12-0760,1959-10-14,F,Sabah,2026-05-22
PTP002712,Ng Boon Huat,000229-04-8817,2000-02-29,M,Perak,2024-03-01
PTP002713,Amir bin Yusof,910105-03-3610,1991-01-05,M,Selangor,2024-03-27
PTP002714,Kavitha a/p Suppiah,801019-03-0253,1980-10-19,F,Kedah,2024-05-19
PTP002715,Farah bin Abdullah,600112-13-7803,1960-01-12,F,Kelantan,2021-07-11
PTP002716,Nur bin Ismail,911217-11-3812,1991-12-17,F,Penang,2024-04-06
PTP002717,Ahmad bin Abdullah,051118-09-8170,2005-11-18,F,Melaka,2022-01-18
PTP002718,Aina binti Rahman,061105-04-5243,2006-11-05,F,Kedah,2022-09-29
PTP002719,Muhammad bin Ismail,810525-03-7357,1981-05-25,F,Pahang,2024-10-12
PTP002720,Aina binti Hassan,780427-16-8301,1978-04-27,M,Pahang,2022-02-08
PTP002721,Aisyah binti Ibrahim,601119-02-9806,1960-11-19,F,Sabah,2025-01-23
PTP002722,Tan Chee Keong,070117-10-4795,2007-01-17,F,Terengganu,2023-07-20
PTP002723,Hafiz binti Rahman,610315-05-0600,1961-03-15,F,Penang,2024-02-22
PTP002724,Hafiz bin Ismail,950203-02-8192,1995-02-03,F,Johor,2025-12-14
PTP002725,Amir binti Ibrahim,840426-16-8709,1984-04-26,M,Labuan,2025-01-21
PTP002726,Hafiz binti Hassan,840926-10-3739,1984-09-26,M,Sabah,2021-09-08
PTP002727,Muhammad binti Hassan,520709-11-7520,1952-07-09,M,Kelantan,2025-12-17
PTP002728,Siti binti Hassan,820523-09-6462,1982-05-23,F,Perak,2021-07-24
PTP002729,Zulkifli binti Hassan,010903-02-7351,2001-09-03,F,Perlis,2026-01-21
PTP002730,Hafiz binti Ibrahim,781221-13-3389,1978-12-21,M,Labuan,2023-10-24
PTP002731,Kavitha a/p Rajan,940110-11-3411,1994-01-10,F,Labuan,2021-10-04
PTP002732,Lee Siew Fong,960315-05-3569,1996-03-15,F,Labuan,2025-09-07
PTP002733,Ahmad binti Hassan,791005-13-9688,1979-10-05,M,Sabah,2021-08-02
PTP002734,Lee Chee Keong,900629-09-0098,1990-06-29,F,Selangor,2021-08-24
PTP002735,Aina binti Rahman,520706-03-5363,1952-07-06,F,Perlis,2022-08-17
PTP002736,Lee Chee Keong,560824-11-6741,1956-08-24,F,Kuala Lumpur,2023-11-21
PTP002737,Hafiz binti Rahman,031031-11-5640,2003-10-31,F,Sabah,2026-04-25
PTP002738,Suresh a/l Muthu,740218-08-8633,1974-02-18,F,Perak,2025-11-23
PTP002739,Aisyah binti Ibrahim,021227-05-7461,2002-12-27,M,Sabah,2023-01-12
PTP002740,Lim Boon Huat,010204-05-7899,2001-02-04,M,Johor,2021-09-02
PTP002741,Lee Boon Huat,970330-16-6978,1997-03-30,M,Labuan,2021-11-04
PTP002742,Ahmad binti Hassan,641225-06-8899,1964-12-25,F,Johor,2022-03-13
PTP002743,Zulkifli binti Rahman,070530-08-0530,2007-05-30,F,Sabah,2024-03-29
PTP002744,Chong Wei Ling,891104-07-9576,1989-11-04,M,Sabah,2022-03-01
PTP002745,Kavitha a/p Suppiah,001126-01-1567,2000-11-26,F,Sabah,2021-05-02
PTP002746,Muhammad bin Abdullah,790826-14-8951,1979-08-26,M,Penang,2025-06-17
PTP002747,Ahmad bin Ismail,831114-03-6554,1983-11-14,M,Putrajaya,2026-01-20
PTP002748,Kavitha a/l Muthu,990528-02-4771,1999-05-28,M,Sarawak,2021-06-11
PTP002749,Hafiz bin Ismail,010904-09-4581,2001-09-04,F,Kedah,2023-01-27
PTP002750,Devi a/p Rajan,050916-09-7267,2005-09-16,F,Kedah,2022-04-09
PTP002751,Aina bin Abdullah,550705-13-5326,1955-07-05,F,Kuala Lumpur,2021-01-22
PTP002752,Suresh a/l Krishnan,760507-04-9889,1976-05-07,M,Kedah,2022-10-03
PTP002753,Siti binti Rahman,030513-06-8862,2003-05-13,M,Sabah,2022-06-06
PTP002754,Lim Mei Yee,550611-02-4890,1955-06-11,F,Kuala Lumpur,2022-04-28
PTP002755,Ng Kok Wai,531208-15-6473,1953-12-08,F,Sabah,2022-05-29
PTP002756,Suresh a/l Krishnan,940517-12-3365,1994-05-17,F,Melaka,2026-02-02
PTP002757,Ahmad bin Yusof,631103-14-4937,1963-11-03,M,Perlis,2025-03-11
PTP002758,Devi a/l Muthu,920312-06-0730,1992-03-12,M,Johor,2026-07-22
PTP002759,Siti bin Ismail,051129-03-6085,2005-11-29,F,Kedah,2022-12-05
PTP002760,Zulkifli bin Yusof,701221-02-9581,1970-12-21,M,Sabah,2021-05-14
PTP002761,Nur bin Ismail,530623-07-2839,1953-06-23,M,Sabah,2022-10-05
PTP002762,Ahmad bin Ismail,890602-12-5429,1989-06-02,F,Kuala Lumpur,2023-09-30
PTP002763,Ng Chee Keong,840126-11-4647,1984-01-26,F,Kuala Lumpur,2022-04-10
PTP002764,Suresh a/l Krishnan,660813-07-3172,1966-08-13,M,Sarawak,2023-07-15
PTP002765,Nur binti Rahman,910507-06-9700,1991-05-07,F,Perak,2022-10-27
PTP002766,Tan Mei Yee,620918-08-2006,1962-09-18,M,Melaka,2021-01-30
PTP002767,Aina bin Abdullah,820824-15-5461,1982-08-24,F,Pahang,2024-01-12
PTP002768,Kumar a/p Rajan,780910-08-8133,1978-09-10,F,Sarawak,2022-07-03
PTP002769,Amir bin Yusof,590705-12-4552,1959-07-05,M,Penang,2021-11-05
PTP002770,Aina binti Hassan,600519-03-9279,1960-05-19,M,Putrajaya,2021-03-02
PTP002771,Tan Siew Fong,960824-05-2962,1996-08-24,F,Putrajaya,2024-11-01
PTP002772,Tan Kok Wai,560919-12-3803,1956-09-19,F,Perak,2021-11-08
PTP002773,Raj a/p Suppiah,601122-11-2476,1960-11-22,F,Melaka,2025-10-01
PTP002774,Siti binti Ibrahim,841029-01-6975,1984-10-29,M,Putrajaya,2025-04-19
PTP002775,Aina bin Yusof,690312-06-8733,1969-03-12,F,Pahang,2023-07-26
PTP002776,Nur bin Ismail,851117-04-1028,1985-11-17,F,Kedah,2022-07-17
PTP002777,Farah bin Abdullah,780307-09-3438,1978-03-07,M,Johor,2024-09-21
PTP002778,Ahmad bin Yusof,050808-15-7948,2005-08-08,F,Perak,2022-03-07
PTP002779,Siti binti Hassan,531222-09-2151,1953-12-22,M,Penang,2023-12-05
PTP002780,Amir binti Ibrahim,790410-11-8842,1979-04-10,M,Sabah,2026-08-18
PTP002781,Zulkifli binti Rahman,931021-16-0679,1993-10-21,F,Labuan,2021-01-31
PTP002782,Lim Chee Keong,811227-08-2787,1981-12-27,F,Terengganu,2025-04-15
PTP002783,Aina bin Abdullah,531023-06-5575,1953-10-23,F,Negeri Sembilan,2022-01-26
PTP002784,Zulkifli binti Hassan,570416-12-8639,1957-04-16,M,Sabah,2025-11-10
PTP002785,Ng Kok Wai,060905-05-6627,2006-09-05,M,Selangor,2024-08-06
PTP002786,Siti binti Ibrahim,870430-06-5937,1987-04-30,F,Sarawak,2023-12-27
PTP002787,Tan Siew Fong,761103-13-2765,1976-11-03,M,Sabah,2024-07-30
PTP002788,Kumar a/l Muthu,910708-06-5778,1991-07-08,F,Sabah,2023-01-22
PTP002789,Zulkifli binti Rahman,560215-07-9649,1956-02-15,F,Sabah,2024-05-13
PTP002790,Siti bin Ismail,620916-08-4481,1962-09-16,M,Negeri Sembilan,2021-02-22
PTP002791,Ahmad bin Yusof,611121-14-6462,1961-11-21,M,Putrajaya,2022-12-18
PTP002792,Aisyah bin Abdullah,810530-09-5614,1981-05-30,M,Terengganu,2021-06-12
PTP002793,Muhammad binti Rahman,910704-10-0644,1991-07-04,M,Kedah,2025-10-29
PTP002794,Muhammad bin Yusof,810809-08-4024,1981-08-09,F,Sarawak,2021-11-03
PTP002795,Amir binti Rahman,580601-03-1422,1958-06-01,M,Kelantan,2022-12-29
PTP002796,Wong Wei Ling,900712-05-7559,1990-07-12,F,Kuala Lumpur,2021-01-24
PTP002797,Aisyah bin Abdullah,800804-14-0899,1980-08-04,F,Perlis,2024-08-05
PTP002798,Nur binti Ibrahim,580704-12-0169,1958-07-04,M,Pahang,2022-06-16
PTP002799,Nur binti Hassan,530911-14-1476,1953-09-11,F,Perlis,2023-07-24
PTP002800,Kavitha a/l Muthu,841116-07-3247,1984-11-16,F,Johor,2022-08-24
PTP002801,Chong Mei Yee,700711-10-1526,1970-07-11,F,Negeri Sembilan,2021-02-20
PTP002802,Kavitha a/l Muthu,900220-13-5717,1990-02-20,F,Negeri Sembilan,2022-07-17
PTP002803,Priya a/p Suppiah,841012-06-7600,1984-10-12,F,Kelantan,2022-04-22
PTP002804,Aisyah bin Abdullah,890921-14-3414,1989-09-21,F,Negeri Sembilan,2025-01-22
PTP002805,Tan Mei Yee,030909-14-1138,2003-09-09,F,Pahang,2023-01-08
PTP002806,Zulkifli binti Rahman,800613-01-1417,1980-06-13,F,Sarawak,2024-10-25
PTP002807,Siti bin Abdullah,740816-06-4702,1974-08-16,M,Putrajaya,2022-12-08
PTP002808,Amir bin Abdullah,720222-16-2756,1972-02-22,M,Melaka,2024-06-14
PTP002809,Farah bin Ismail,570220-13-9381,1957-02-20,F,Putrajaya,2024-11-15
PTP002810,Amir bin Yusof,981106-12-3692,1998-11-06,F,Perak,2021-02-14
PTP002811,Ahmad binti Hassan,000707-15-2833,2000-07-07,M,Perlis,2025-09-09
PTP002812,Ahmad bin Abdullah,741221-11-3721,1974-12-21,F,Pahang,2023-12-27
PTP002813,Lee Chee Keong,780504-03-6403,1978-05-04,F,Kedah,2026-05-28
PTP002814,Chong Wei Ling,981108-02-9528,1998-11-08,M,Labuan,2024-08-08
PTP002815,Aisyah bin Abdullah,060724-10-8007,2006-07-24,F,Johor,2021-11-15
PTP002816,Zulkifli bin Yusof,551025-09-4518,1955-10-25,M,Putrajaya,2024-04-17
PTP002817,Aisyah bin Abdullah,670823-15-5757,1967-08-23,F,Melaka,2021-07-29
PTP002818,Lim Boon Huat,041216-13-3831,2004-12-16,F,Penang,2025-08-24
PTP002819,Ng Wei Ling,030315-12-8479,2003-03-15,M,Kuala Lumpur,2025-02-15
PTP002820,Siti bin Yusof,630211-04-0181,1963-02-11,F,Pahang,2022-09-03
PTP002821,Ng Siew Fong,630619-13-0334,1963-06-19,F,Kedah,2021-06-17
PTP002822,Aisyah bin Abdullah,070115-11-0598,2007-01-15,M,Kedah,2025-01-28
PTP002823,Aisyah bin Yusof,010930-08-3461,2001-09-30,M,Kelantan,2025-12-25
PTP002824,Ng Chee Keong,860704-01-6628,1986-07-04,F,Johor,2026-06-02
PTP002825,Siti binti Rahman,611101-14-7788,1961-11-01,F,Penang,2022-07-10
PTP002826,Wong Siew Fong,501028-14-5391,1950-10-28,M,Pahang,2021-03-08
PTP002827,Nur bin Yusof,570509-14-3348,1957-05-09,F,Sabah,2021-07-11
PTP002828,Wong Wei Ling,940301-11-5286,1994-03-01,M,Negeri Sembilan,2026-08-26
PTP002829,Muhammad binti Ibrahim,780718-15-0961,1978-07-18,F,Perlis,2022-07-20
PTP002830,Aisyah binti Ibrahim,930605-15-0487,1993-06-05,F,Kelantan,2021-11-15
PTP002831,Ahmad bin Abdullah,810531-13-2668,1981-05-31,M,Labuan,2023-04-24
PTP002832,Suresh a/p Rajan,750426-03-9283,1975-04-26,M,Labuan,2023-02-25
PTP002833,Aisyah binti Ibrahim,961114-11-3343,1996-11-14,M,Putrajaya,2022-05-07
PTP002834,Ahmad bin Yusof,961024-14-5045,1996-10-24,F,Sabah,2022-01-06
PTP002835,Siti bin Abdullah,800213-07-9688,1980-02-13,M,Penang,2025-07-18
PTP002836,Raj a/l Muthu,551128-04-4624,1955-11-28,F,Perlis,2023-08-31
PTP002837,Aisyah bin Yusof,040428-06-1040,2004-04-28,F,Putrajaya,2026-01-16
PTP002838,Amir bin Yusof,030416-06-4449,2003-04-16,M,Melaka,2023-02-17
PTP002839,Ng Chee Keong,680331-03-7633,1968-03-31,M,Perlis,2023-10-02
PTP002840,Ahmad binti Rahman,660825-13-4441,1966-08-25,M,Johor,2026-04-16
PTP002841,Suresh a/l Muthu,901124-04-6219,1990-11-24,F,Perak,2024-11-08
PTP002842,Nur binti Rahman,700110-02-1874,1970-01-10,F,Kuala Lumpur,2022-01-17
PTP002843,Amir bin Abdullah,890221-15-0785,1989-02-21,M,Selangor,2022-10-02
PTP002844,Muhammad binti Rahman,550705-06-6588,1955-07-05,M,Sabah,2021-05-09
PTP002845,Amir binti Hassan,681019-11-0494,1968-10-19,M,Putrajaya,2025-08-26
PTP002846,Aina binti Hassan,700502-06-7650,1970-05-02,F,Penang,2022-08-27
PTP002847,Ahmad binti Rahman,650202-04-9827,1965-02-02,F,Johor,2021-11-05
PTP002848,Wong Kok Wai,770618-05-0254,1977-06-18,M,Perak,2022-12-04
PTP002849,Muhammad binti Rahman,750722-02-2870,1975-07-22,F,Sarawak,2021-03-10
PTP002850,Nur binti Hassan,760202-13-3012,1976-02-02,F,Pahang,2023-12-20
PTP002851,Kumar a/p Rajan,550511-01-4837,1955-05-11,M,Negeri Sembilan,2026-06-08
PTP002852,Lee Chee Keong,971010-14-9775,1997-10-10,M,Penang,2022-10-27
PTP002853,Devi a/l Krishnan,801114-08-0146,1980-11-14,M,Melaka,2022-10-02
PTP002854,Ahmad bin Ismail,070225-13-7354,2007-02-25,M,Perak,2026-01-23
PTP002855,Farah bin Ismail,910802-10-0688,1991-08-02,F,Terengganu,2024-04-17
PTP002856,Wong Mei Yee,750224-03-8729,1975-02-24,F,Terengganu,2023-06-30
PTP002857,Lim Kok Wai,510424-09-8356,1951-04-24,M,Johor,2024-02-15
PTP002858,Suresh a/p Suppiah,880318-16-4075,1988-03-18,F,Melaka,2024-12-13
PTP002859,Nur bin Ismail,981008-08-7010,1998-10-08,M,Kelantan,2025-06-27
PTP002860,Chong Siew Fong,560811-14-4648,1956-08-11,M,Perak,2025-07-10
PTP002861,Aina binti Rahman,710701-06-2210,1971-07-01,M,Melaka,2025-03-08
PTP002862,Wong Chee Keong,950216-06-6729,1995-02-16,M,Selangor,2023-02-01
PTP002863,Muhammad binti Rahman,830104-14-2898,1983-01-04,M,Terengganu,2025-04-22
PTP002864,Chong Siew Fong,651031-05-9633,1965-10-31,M,Sarawak,2025-03-25
PTP002865,Ng Kok Wai,760314-13-9109,1976-03-14,F,Labuan,2024-08-06
PTP002866,Lee Kok Wai,761216-01-4933,1976-12-16,M,Kedah,2026-01-22
PTP002867,Ahmad bin Yusof,641203-09-9961,1964-12-03,M,Johor,2023-11-10
PTP002868,Zulkifli binti Ibrahim,810810-07-9822,1981-08-10,M,Perak,2024-09-02
PTP002869,Ahmad bin Abdullah,590610-03-4744,1959-06-10,F,Kuala Lumpur,2022-06-01
PTP002870,Priya a/l Muthu,530123-10-3716,1953-01-23,M,Negeri Sembilan,2026-03-26
PTP002871,Muhammad bin Abdullah,790510-07-8463,1979-05-10,F,Pahang,2021-10-17
PTP002872,Suresh a/p Suppiah,510808-05-0543,1951-08-08,F,Pahang,2022-09-16
PTP002873,Siti binti Hassan,761214-01-5398,1976-12-14,M,Kuala Lumpur,2025-04-21
PTP002874,Nur bin Abdullah,080302-16-6989,2008-03-02,F,Johor,2023-01-19
PTP002875,Aina binti Rahman,671210-05-9312,1967-12-10,M,Terengganu,2023-12-06
PTP002876,Ahmad bin Abdullah,050512-16-5971,2005-05-12,M,Selangor,2025-07-06
PTP002877,Wong Wei Ling,971227-14-9369,1997-12-27,F,Labuan,2026-01-12
PTP002878,Ng Boon Huat,820501-10-0110,1982-05-01,F,Kedah,2022-09-19
PTP002879,Muhammad binti Ibrahim,721017-06-5209,1972-10-17,M,Penang,2024-06-12
PTP002880,Aina binti Hassan,911015-13-1588,1991-10-15,M,Kuala Lumpur,2023-03-07
PTP002881,Nur binti Ibrahim,660131-06-1200,1966-01-31,F,Terengganu,2026-07-26
PTP002882,Muhammad bin Yusof,701124-06-0737,1970-11-24,M,Pahang,2021-09-12
PTP002883,Zulkifli binti Rahman,980926-07-3440,1998-09-26,F,Kuala Lumpur,2021-10-18
PTP002884,Siti binti Hassan,581119-10-4506,1958-11-19,F,Negeri Sembilan,2023-02-17
PTP002885,Wong Kok Wai,721025-01-7273,1972-10-25,F,Perak,2021-01-01
PTP002886,Muhammad bin Abdullah,931213-16-6775,1993-12-13,F,Penang,2023-07-13
PTP002887,Ng Wei Ling,710106-12-1471,1971-01-06,F,Kedah,2021-10-20
PTP002888,Suresh a/l Krishnan,680702-03-4390,1968-07-02,F,Kelantan,2022-11-13
PTP002889,Kumar a/l Muthu,021025-12-8337,2002-10-25,M,Terengganu,2023-02-28
PTP002890,Muhammad binti Ibrahim,680901-04-5258,1968-09-01,F,Melaka,2024-11-19
PTP002891,Chong Kok Wai,880616-12-4077,1988-06-16,M,Kelantan,2024-01-17
PTP002892,Wong Wei Ling,850526-02-4670,1985-05-26,M,Kedah,2021-07-12
PTP002893,Lee Mei Yee,060703-04-8840,2006-07-03,F,Selangor,2021-02-21
PTP002894,Ng Siew Fong,001002-05-2919,2000-10-02,M,Selangor,2023-10-16
PTP002895,Aisyah bin Ismail,650516-02-3908,1965-05-16,F,Kelantan,2023-05-07
PTP002896,Ng Boon Huat,751014-01-7287,1975-10-14,M,Perak,2024-02-16
PTP002897,Aina binti Ibrahim,921211-11-1483,1992-12-11,F,Negeri Sembilan,2025-05-24
PTP002898,Lim Chee Keong,040119-08-5612,2004-01-19,F,Perak,2025-11-27
PTP002899,Nur bin Yusof,720521-15-4914,1972-05-21,F,Selangor,2023-03-31
PTP002900,Kumar a/p Suppiah,080706-16-0697,2008-07-06,F,Kuala Lumpur,2026-08-23
PTP002901,Muhammad bin Yusof,610727-03-8861,1961-07-27,F,Kedah,2022-11-20
PTP002902,Siti binti Rahman,890828-13-1642,1989-08-28,M,Pahang,2021-11-20
PTP002903,Zulkifli bin Abdullah,630916-11-2670,1963-09-16,F,Kedah,2024-02-04
PTP002904,Tan Siew Fong,990604-13-0529,1999-06-04,F,Putrajaya,2023-02-03
PTP002905,Farah bin Ismail,640403-16-0114,1964-04-03,F,Labuan,2022-10-13
PTP002906,Amir binti Hassan,000115-16-0929,2000-01-15,M,Sarawak,2024-01-22
PTP002907,Muhammad binti Hassan,860715-13-1203,1986-07-15,F,Kedah,2021-11-24
PTP002908,Hafiz binti Rahman,970806-14-2167,1997-08-06,F,Sabah,2024-01-21
PTP002909,Aina binti Rahman,011226-01-5952,2001-12-26,M,Selangor,2023-10-14
PTP002910,Tan Boon Huat,560428-10-0269,1956-04-28,M,Terengganu,2022-07-19
PTP002911,Wong Wei Ling,690503-07-6361,1969-05-03,F,Kuala Lumpur,2026-06-15
PTP002912,Kumar a/p Suppiah,600313-08-0680,1960-03-13,F,Kelantan,2024-09-16
PTP002913,Ahmad binti Hassan,540213-02-2117,1954-02-13,M,Perlis,2023-09-05
PTP002914,Chong Siew Fong,771228-04-0179,1977-12-28,M,Kuala Lumpur,2023-12-26
PTP002915,Kumar a/p Rajan,991102-01-2345,1999-11-02,F,Perak,2022-04-30
PTP002916,Lee Chee Keong,911020-07-7537,1991-10-20,F,Putrajaya,2021-04-06
PTP002917,Muhammad bin Yusof,531024-06-6429,1953-10-24,M,Kuala Lumpur,2025-02-10
PTP002918,Hafiz binti Hassan,920507-16-4837,1992-05-07,F,Melaka,2025-10-29
PTP002919,Suresh a/p Rajan,880925-02-5226,1988-09-25,F,Negeri Sembilan,2024-01-25
PTP002920,Priya a/l Muthu,900511-04-9133,1990-05-11,M,Johor,2024-03-14
PTP002921,Farah bin Yusof,020719-07-4643,2002-07-19,F,Pahang,2025-05-14
PTP002922,Priya a/p Rajan,540227-12-2447,1954-02-27,M,Labuan,2025-06-19
PTP002923,Aisyah binti Rahman,580418-01-3845,1958-04-18,F,Johor,2026-07-21
PTP002924,Lee Siew Fong,900614-14-0499,1990-06-14,F,Selangor,2025-09-17
PTP002925,Siti binti Rahman,600212-13-0262,1960-02-12,M,Sarawak,2024-04-28
PTP002926,Tan Mei Yee,840124-12-0445,1984-01-24,M,Terengganu,2024-12-18
PTP002927,Tan Kok Wai,830527-08-1477,1983-05-27,F,Labuan,2023-03-27
PTP002928,Ahmad binti Hassan,590314-15-9372,1959-03-14,M,Terengganu,2022-01-20
PTP002929,Amir bin Abdullah,690529-07-4018,1969-05-29,F,Negeri Sembilan,2022-06-13
PTP002930,Ahmad binti Ibrahim,900508-13-4328,1990-05-08,F,Sarawak,2025-12-17
PTP002931,Lee Boon Huat,040301-15-9560,2004-03-01,M,Pahang,2022-02-02
PTP002932,Muhammad binti Ibrahim,581115-13-7122,1958-11-15,F,Kelantan,2026-03-01
PTP002933,Aisyah bin Abdullah,811103-08-3191,1981-11-03,F,Labuan,2023-05-30
PTP002934,Chong Kok Wai,680718-13-8961,1968-07-18,M,Terengganu,2023-12-17
PTP002935,Siti bin Ismail,751016-16-7766,1975-10-16,M,Melaka,2026-04-04
PTP002936,Kavitha a/l Muthu,910227-06-2686,1991-02-27,M,Terengganu,2023-09-28
PTP002937,Nur bin Ismail,871223-05-9891,1987-12-23,F,Sarawak,2025-11-07
PTP002938,Aisyah binti Hassan,700228-09-0654,1970-02-28,M,Perak,2022-06-30
PTP002939,Siti binti Rahman,871105-15-6161,1987-11-05,M,Melaka,2024-08-12
PTP002940,Nur bin Yusof,761006-06-3667,1976-10-06,F,Perak,2022-11-09
PTP002941,Siti bin Abdullah,780921-04-4118,1978-09-21,M,Penang,2021-07-11
PTP002942,Lim Chee Keong,980216-09-4806,1998-02-16,M,Sarawak,2025-09-30
PTP002943,Muhammad bin Yusof,720321-05-9963,1972-03-21,M,Labuan,2024-05-01
PTP002944,Tan Mei Yee,530918-09-5604,1953-09-18,M,Kelantan,2024-09-19
PTP002945,Devi a/l Krishnan,781021-14-9312,1978-10-21,M,Sarawak,2021-08-24
PTP002946,Ahmad binti Ibrahim,571006-13-4658,1957-10-06,M,Sarawak,2023-06-25
PTP002947,Aisyah binti Ibrahim,930201-05-2101,1993-02-01,F,Putrajaya,2022-09-26
PTP002948,Nur bin Abdullah,930512-14-8294,1993-05-12,M,Kelantan,2026-03-30
PTP002949,Kavitha a/p Suppiah,700622-01-7257,1970-06-22,M,Sarawak,2025-07-04
PTP002950,Aisyah bin Abdullah,590320-11-5131,1959-03-20,M,Negeri Sembilan,2025-01-20
PTP002951,Tan Boon Huat,070630-02-7748,2007-06-30,F,Kuala Lumpur,2022-07-09
PTP002952,Raj a/l Muthu,020613-14-7753,2002-06-13,F,Sabah,2022-06-26
PTP002953,Siti binti Hassan,690714-01-7040,1969-07-14,M,Selangor,2025-10-20
PTP002954,Aisyah bin Ismail,080227-12-6611,2008-02-27,F,Perlis,2021-06-13
PTP002955,Hafiz binti Hassan,980820-11-9748,1998-08-20,F,Sarawak,2021-10-18
PTP002956,Nur bin Yusof,990529-16-9409,1999-05-29,F,Penang,2022-03-04
PTP002957,Zulkifli binti Rahman,670903-02-9654,1967-09-03,F,Pahang,2023-11-22
PTP002958,Suresh a/p Rajan,570405-05-6831,1957-04-05,F,Negeri Sembilan,2021-02-28
PTP002959,Nur bin Yusof,790210-09-6242,1979-02-10,M,Perak,2023-06-06
PTP002960,Zulkifli bin Yusof,700702-03-1709,1970-07-02,F,Negeri Sembilan,2022-02-18
PTP002961,Ahmad bin Abdullah,520528-03-2989,1952-05-28,F,Perlis,2024-10-22
PTP002962,Nur bin Yusof,971213-10-8154,1997-12-13,F,Sabah,2022-11-01
PTP002963,Hafiz binti Ibrahim,790427-16-1052,1979-04-27,M,Perak,2022-10-24
PTP002964,Zulkifli binti Ibrahim,700816-16-0947,1970-08-16,F,Negeri Sembilan,2023-04-20
PTP002965,Ahmad binti Rahman,960929-03-3275,1996-09-29,F,Terengganu,2021-10-04
PTP002966,Aina bin Yusof,820205-09-6412,1982-02-05,M,Pahang,2025-06-30
PTP002967,Chong Mei Yee,931125-13-3158,1993-11-25,M,Selangor,2025-10-21
PTP002968,Aisyah bin Abdullah,590322-02-8896,1959-03-22,M,Perak,2025-12-27
PTP002969,Aisyah bin Ismail,900207-01-1621,1990-02-07,F,Pahang,2025-09-05
PTP002970,Kavitha a/p Suppiah,850822-14-4551,1985-08-22,F,Labuan,2024-12-30
PTP002971,Farah binti Rahman,540124-12-1636,1954-01-24,M,Melaka,2025-06-21
PTP002972,Ahmad bin Abdullah,601216-02-6331,1960-12-16,F,Pahang,2026-04-11
PTP002973,Lim Mei Yee,770828-02-5855,1977-08-28,M,Perlis,2025-08-27
PTP002974,Farah bin Abdullah,650417-05-2869,1965-04-17,F,Negeri Sembilan,2025-04-17
PTP002975,Zulkifli bin Yusof,510530-16-4851,1951-05-30,M,Perak,2023-12-02
PTP002976,Aisyah bin Yusof,650831-14-0278,1965-08-31,M,Pahang,2023-04-07
PTP002977,Kavitha a/l Muthu,060820-15-0325,2006-08-20,M,Perlis,2026-04-09
PTP002978,Aina binti Hassan,980116-09-2521,1998-01-16,M,Perlis,2023-03-06
PTP002979,Farah binti Ibrahim,930520-02-8856,1993-05-20,M,Selangor,2021-09-06
PTP002980,Lim Mei Yee,720322-01-9566,1972-03-22,F,Penang,2024-02-13
PTP002981,Aina binti Rahman,760526-05-4468,1976-05-26,F,Perak,2026-05-03
PTP002982,Farah binti Rahman,591104-09-8628,1959-11-04,M,Negeri Sembilan,2024-01-06
PTP002983,Devi a/p Rajan,830115-12-6187,1983-01-15,F,Negeri Sembilan,2024-07-25
PTP002984,Hafiz binti Ibrahim,840527-08-9388,1984-05-27,F,Selangor,2021-02-28
PTP002985,Zulkifli bin Abdullah,660122-05-7081,1966-01-22,M,Sabah,2024-10-11
PTP002986,Ahmad bin Ismail,060319-03-5796,2006-03-19,M,Pahang,2023-10-25
PTP002987,Tan Kok Wai,930803-07-5114,1993-08-03,M,Kuala Lumpur,2024-02-23
PTP002988,Hafiz binti Ibrahim,691226-15-7719,1969-12-26,F,Perlis,2023-07-21
PTP002989,Farah bin Abdullah,820206-10-1092,1982-02-06,F,Melaka,2026-03-01
PTP002990,Zulkifli bin Yusof,810818-05-9934,1981-08-18,F,Kelantan,2022-10-14
PTP002991,Aisyah bin Ismail,031118-08-3600,2003-11-18,M,Perlis,2024-02-07
PTP002992,Lee Boon Huat,990613-13-4586,1999-06-13,M,Putrajaya,2021-05-08
PTP002993,Lee Siew Fong,030318-07-1616,2003-03-18,F,Sarawak,2025-09-17
PTP002994,Siti bin Yusof,850906-07-1416,1985-09-06,F,Penang,2021-01-11
PTP002995,Zulkifli bin Ismail,710504-10-2403,1971-05-04,F,Terengganu,2022-01-05
PTP002996,Aisyah bin Yusof,560612-01-6887,1956-06-12,M,Kedah,2024-10-24
PTP002997,Siti bin Ismail,730621-16-1950,1973-06-21,F,Selangor,2022-07-01
PTP002998,Priya a/p Suppiah,791224-02-0588,1979-12-24,F,Pahang,2022-09-13
PTP002999,Kavitha a/p Suppiah,651114-02-9047,1965-11-14,F,Putrajaya,2024-01-23
PTP003000,Amir bin Abdullah,950723-15-6893,1995-07-23,F,Pahang,2026-01-04
