policy_id,participant_id,product_name,product_category,has_pif,start_date,end_date,term_years,payment_mode,contribution_amount,status,agent_id,branch
POL0000001,PTP001286,Family Takaful - Life Protection,Family,True,2021-11-14,2041-11-09,20,Monthly,1104.53,Lapsed,AGT0054,Putrajaya
POL0000002,PTP002107,Family Takaful - Education,Family,True,2024-12-15,2044-12-10,20,Annual,176.36,Active,AGT0143,Negeri Sembilan
POL0000003,PTP001514,Motor Takaful,General,False,2025-05-19,2030-05-18,5,Quarterly,839.72,Active,AGT0141,Putrajaya
POL0000004,PTP001684,Family Takaful - Life Protection,Family,True,2021-04-04,2026-04-03,5,Annual,1921.0,Active,AGT0039,Kedah
POL0000005,PTP002432,Medical & Health Takaful,Family,False,2022-03-22,2027-03-21,5,Monthly,273.31,Active,AGT0086,Penang
POL0000006,PTP002242,Personal Accident Takaful,General,False,2022-02-13,2027-02-12,5,Annual,1860.38,Lapsed,AGT0026,Perak
POL0000007,PTP000109,Fire Takaful,General,False,2026-06-24,2027-06-24,1,Annual,1835.05,Lapsed,AGT0010,Johor
POL0000008,PTP000193,Medical & Health Takaful,Family,False,2022-06-25,2027-06-24,5,Quarterly,988.04,Active,AGT0037,Kelantan
POL0000009,PTP002267,Motor Takaful,General,False,2023-08-05,2028-08-03,5,Annual,586.06,Active,AGT0117,Kuala Lumpur
POL0000010,PTP000994,Fire Takaful,General,False,2024-07-19,2025-07-19,1,Semi-Annual,870.41,Active,AGT0106,Kedah
POL0000011,PTP000783,Family Takaful - Retirement,Family,True,2024-12-22,2039-12-19,15,Annual,75.88,Active,AGT0026,Sabah
POL0000012,PTP002696,Family Takaful - Life Protection,Family,True,2022-02-15,2032-02-13,10,Monthly,692.08,Active,AGT0082,Putrajaya
POL0000013,PTP002770,Family Takaful - Education,Family,True,2025-01-04,2030-01-03,5,Annual,1305.23,Active,AGT0057,Melaka
POL0000014,PTP002912,Personal Accident Takaful,General,False,2024-02-22,2034-02-19,10,Semi-Annual,137.19,Cancelled,AGT0138,Sarawak
POL0000015,PTP000429,Family Takaful - Education,Family,True,2024-06-29,2025-06-29,1,Annual,651.71,Cancelled,AGT0027,Perak
POL0000016,PTP000930,Fire Takaful,General,False,2024-08-14,2025-08-14,1,Annual,436.98,Active,AGT0101,Penang
POL0000017,PTP000154,Motor Takaful,General,False,2025-11-29,2040-11-25,15,Monthly,1254.92,Matured,AGT0037,Kedah
POL0000018,PTP002617,Family Takaful - Retirement,Family,True,2023-12-30,2033-12-27,10,Semi-Annual,881.39,Active,AGT0122,Negeri Sembilan
POL0000019,PTP000102,Personal Accident Takaful,General,False,2023-08-08,2038-08-04,15,Annual,1464.98,Cancelled,AGT0006,Penang
POL0000020,PTP001770,Family Takaful - Life Protection,Family,True,2022-07-06,2042-07-01,20,Quarterly,672.63,Lapsed,AGT0130,Sarawak
POL0000021,PTP000488,Family Takaful - Retirement,Family,True,2026-08-03,2036-07-31,10,Quarterly,933.36,Active,AGT0038,Putrajaya
POL0000022,PTP000957,Family Takaful - Education,Family,True,2025-05-31,2045-05-26,20,Quarterly,1559.35,Lapsed,AGT0035,Penang
POL0000023,PTP001358,Motor Takaful,General,False,2025-02-17,2035-02-15,10,Quarterly,1302.94,Active,AGT0077,Penang
POL0000024,PTP001540,Personal Accident Takaful,General,False,2025-03-08,2026-03-08,1,Semi-Annual,1122.48,Active,AGT0150,Perlis
POL0000025,PTP001594,Family Takaful - Education,Family,True,2026-03-27,2031-03-26,5,Annual,634.79,Lapsed,AGT0066,Kelantan
POL0000026,PTP000724,Fire Takaful,General,False,2022-05-17,2032-05-14,10,Semi-Annual,1498.87,Active,AGT0022,Labuan
POL0000027,PTP001097,Fire Takaful,General,False,2022-04-16,2037-04-12,15,Monthly,174.1,Active,AGT0042,Sabah
POL0000028,PTP000316,Motor Takaful,General,False,2022-01-21,2037-01-17,15,Monthly,1150.86,Active,AGT0074,Johor
POL0000029,PTP000934,Personal Accident Takaful,General,False,2024-05-13,2034-05-11,10,Annual,1351.91,Active,AGT0015,Melaka
POL0000030,PTP002304,Family Takaful - Life Protection,Family,True,2026-06-18,2041-06-14,15,Quarterly,611.21,Active,AGT0033,Kelantan
POL0000031,PTP001183,Fire Takaful,General,False,2023-09-16,2028-09-14,5,Monthly,1552.77,Lapsed,AGT0109,Terengganu
POL0000032,PTP000122,Motor Takaful,General,False,2025-04-24,2030-04-23,5,Quarterly,277.32,Active,AGT0116,Putrajaya
POL0000033,PTP000505,Motor Takaful,General,False,2025-03-27,2040-03-23,15,Monthly,857.03,Active,AGT0081,Kelantan
POL0000034,PTP000986,Family Takaful - Retirement,Family,True,2022-12-14,2023-12-14,1,Quarterly,312.13,Active,AGT0057,Melaka
POL0000035,PTP002514,Motor Takaful,General,False,2021-06-12,2022-06-12,1,Quarterly,1804.31,Lapsed,AGT0109,Kedah
POL0000036,PTP001725,Medical & Health Takaful,Family,False,2025-01-06,2045-01-01,20,Monthly,1493.72,Active,AGT0116,Penang
POL0000037,PTP001342,Family Takaful - Life Protection,Family,True,2024-05-31,2034-05-29,10,Monthly,1637.79,Active,AGT0007,Sabah
POL0000038,PTP000866,Family Takaful - Life Protection,Family,True,2024-12-06,2025-12-06,1,Annual,942.95,Matured,AGT0112,Negeri Sembilan
POL0000039,PTP000574,Personal Accident Takaful,General,False,2025-03-24,2026-03-24,1,Annual,264.59,Active,AGT0033,Kelantan
POL0000040,PTP000894,Family Takaful - Education,Family,True,2025-01-01,2039-12-29,15,Semi-Annual,1792.57,Active,AGT0041,Sabah
POL0000041,PTP001991,Fire Takaful,General,False,2025-12-02,2040-11-28,15,Semi-Annual,1709.08,Lapsed,AGT0077,Kuala Lumpur
POL0000042,PTP000108,Family Takaful - Life Protection,Family,True,2024-08-17,2025-08-17,1,Semi-Annual,1946.97,Active,AGT0054,Melaka
POL0000043,PTP001182,Fire Takaful,General,False,2023-11-14,2043-11-09,20,Quarterly,828.69,Active,AGT0138,Kedah
POL0000044,PTP002346,Family Takaful - Education,Family,True,2024-05-16,2039-05-13,15,Quarterly,1522.31,Active,AGT0093,Melaka
POL0000045,PTP001549,Fire Takaful,General,False,2021-12-09,2031-12-07,10,Semi-Annual,1388.94,Active,AGT0051,Perak
POL0000046,PTP001465,Family Takaful - Education,Family,True,2022-04-14,2032-04-11,10,Annual,1408.53,Active,AGT0120,Pahang
POL0000047,PTP000876,Family Takaful - Education,Family,True,2022-07-03,2023-07-03,1,Semi-Annual,614.55,Active,AGT0113,Labuan
POL0000048,PTP002665,Medical & Health Takaful,Family,False,2025-10-07,2026-10-07,1,Monthly,1051.97,Active,AGT0096,Kuala Lumpur
POL0000049,PTP000245,Family Takaful - Education,Family,True,2026-05-22,2031-05-21,5,Quarterly,217.26,Active,AGT0084,Penang
POL0000050,PTP000266,Family Takaful - Retirement,Family,True,2023-07-27,2038-07-23,15,Annual,988.69,Active,AGT0027,Selangor
POL0000051,PTP001991,Personal Accident Takaful,General,False,2021-11-14,2041-11-09,20,Monthly,939.41,Active,AGT0104,Pahang
POL0000052,PTP001734,Family Takaful - Retirement,Family,True,2022-06-12,2032-06-09,10,Monthly,1533.92,Active,AGT0141,Selangor
POL0000053,PTP000585,Personal Accident Takaful,General,False,2025-10-19,2045-10-14,20,Quarterly,1330.26,Matured,AGT0019,Terengganu
POL0000054,PTP001079,Family Takaful - Life Protection,Family,True,2023-03-15,2024-03-14,1,Monthly,838.28,Active,AGT0014,Sabah
POL0000055,PTP002058,Medical & Health Takaful,Family,False,2024-10-05,2034-10-03,10,Monthly,1824.41,Active,AGT0036,Sabah
POL0000056,PTP001181,Fire Takaful,General,False,2022-01-27,2023-01-27,1,Quarterly,614.09,Active,AGT0105,Labuan
POL0000057,PTP000151,Family Takaful - Education,Family,True,2024-07-14,2025-07-14,1,Quarterly,549.38,Active,AGT0103,Perlis
POL0000058,PTP001024,Family Takaful - Life Protection,Family,True,2022-07-31,2027-07-30,5,Quarterly,314.58,Active,AGT0009,Pahang
POL0000059,PTP000951,Personal Accident Takaful,General,False,2022-06-19,2027-06-18,5,Monthly,1346.44,Active,AGT0036,Selangor
POL0000060,PTP000392,Fire Takaful,General,False,2021-07-09,2022-07-09,1,Quarterly,272.05,Active,AGT0079,Sarawak
POL0000061,PTP000916,Motor Takaful,General,False,2022-02-18,2027-02-17,5,Quarterly,494.26,Active,AGT0133,Kelantan
POL0000062,PTP000479,Personal Accident Takaful,General,False,2023-05-30,2028-05-28,5,Semi-Annual,524.35,Active,AGT0106,Negeri Sembilan
POL0000063,PTP001366,Family Takaful - Life Protection,Family,True,2023-06-07,2033-06-04,10,Annual,412.06,Active,AGT0077,Putrajaya
POL0000064,PTP001754,Personal Accident Takaful,General,False,2021-01-21,2026-01-20,5,Annual,564.23,Active,AGT0069,Sabah
POL0000065,PTP000224,Fire Takaful,General,False,2024-12-31,2029-12-30,5,Annual,902.67,Active,AGT0122,Kedah
POL0000066,PTP001134,Fire Takaful,General,False,2025-01-16,2030-01-15,5,Quarterly,1262.57,Active,AGT0024,Pahang
POL0000067,PTP002820,Family Takaful - Life Protection,Family,True,2025-04-21,2040-04-17,15,Semi-Annual,773.31,Active,AGT0017,Melaka
POL0000068,PTP001999,Personal Accident Takaful,General,False,2025-05-17,2030-05-16,5,Quarterly,770.98,Matured,AGT0131,Kuala Lumpur
POL0000069,PTP002538,Medical & Health Takaful,Family,False,2025-09-02,2035-08-31,10,Annual,255.19,Lapsed,AGT0095,Kedah
POL0000070,PTP001021,Medical & Health Takaful,Family,False,2025-02-28,2030-02-27,5,Annual,612.66,Lapsed,AGT0070,Kelantan
POL0000071,PTP001779,Fire Takaful,General,False,2024-07-25,2029-07-24,5,Annual,709.22,Active,AGT0148,Pahang
POL0000072,PTP001024,Family Takaful - Life Protection,Family,True,2024-04-01,2029-03-31,5,Annual,1760.99,Active,AGT0039,Negeri Sembilan
POL0000073,PTP000423,Family Takaful - Retirement,Family,True,2026-04-29,2027-04-29,1,Annual,355.48,Matured,AGT0108,Sarawak
POL0000074,PTP002562,Motor Takaful,General,False,2023-07-09,2033-07-06,10,Semi-Annual,579.33,Active,AGT0085,Perlis
POL0000075,PTP001010,Fire Takaful,General,False,2021-04-18,2036-04-14,15,Annual,1580.34,Lapsed,AGT0038,Negeri Sembilan
POL0000076,PTP002317,Medical & Health Takaful,Family,False,2023-08-27,2043-08-22,20,Monthly,1236.42,Active,AGT0091,Kedah
POL0000077,PTP002760,Motor Takaful,General,False,2021-12-08,2022-12-08,1,Quarterly,817.62,Active,AGT0023,Selangor
POL0000078,PTP001003,Family Takaful - Education,Family,True,2026-07-30,2031-07-29,5,Annual,974.27,Active,AGT0043,Selangor
POL0000079,PTP000391,Family Takaful - Retirement,Family,True,2025-10-02,2040-09-28,15,Monthly,1919.91,Active,AGT0036,Kelantan
POL0000080,PTP002998,Family Takaful - Retirement,Family,True,2023-05-02,2024-05-01,1,Monthly,307.04,Cancelled,AGT0102,Sarawak
POL0000081,PTP002426,Personal Accident Takaful,General,False,2024-05-04,2039-05-01,15,Semi-Annual,823.88,Active,AGT0037,Sabah
POL0000082,PTP001592,Personal Accident Takaful,General,False,2024-04-29,2034-04-27,10,Quarterly,1513.77,Matured,AGT0049,Johor
POL0000083,PTP001885,Family Takaful - Life Protection,Family,True,2024-05-16,2025-05-16,1,Semi-Annual,469.7,Active,AGT0021,Johor
POL0000084,PTP000744,Fire Takaful,General,False,2025-08-22,2040-08-18,15,Annual,1451.28,Active,AGT0105,Putrajaya
POL0000085,PTP002754,Family Takaful - Education,Family,True,2025-08-14,2045-08-09,20,Semi-Annual,487.18,Active,AGT0029,Kuala Lumpur
POL0000086,PTP000430,Medical & Health Takaful,Family,False,2022-03-17,2027-03-16,5,Monthly,732.31,Active,AGT0064,Melaka
POL0000087,PTP002996,Motor Takaful,General,False,2021-05-19,2022-05-19,1,Quarterly,429.64,Active,AGT0070,Sarawak
POL0000088,PTP001951,Fire Takaful,General,False,2025-09-14,2040-09-10,15,Quarterly,1330.74,Cancelled,AGT0071,Johor
POL0000089,PTP001153,Family Takaful - Education,Family,True,2023-12-23,2024-12-22,1,Monthly,1470.32,Matured,AGT0127,Sarawak
POL0000090,PTP000155,Family Takaful - Education,Family,True,2023-10-26,2043-10-21,20,Annual,227.72,Active,AGT0073,Penang
POL0000091,PTP000103,Family Takaful - Education,Family,True,2024-06-30,2029-06-29,5,Monthly,1792.58,Active,AGT0144,Perlis
POL0000092,PTP001709,Family Takaful - Education,Family,True,2025-07-14,2045-07-09,20,Monthly,1998.54,Matured,AGT0011,Kedah
POL0000093,PTP001196,Family Takaful - Life Protection,Family,True,2022-05-15,2027-05-14,5,Semi-Annual,552.74,Active,AGT0067,Perak
POL0000094,PTP000246,Family Takaful - Life Protection,Family,True,2024-07-31,2029-07-30,5,Monthly,195.64,Active,AGT0145,Johor
POL0000095,PTP001990,Personal Accident Takaful,General,False,2022-02-13,2027-02-12,5,Annual,1845.52,Active,AGT0083,Labuan
POL0000096,PTP000406,Personal Accident Takaful,General,False,2021-12-20,2036-12-16,15,Quarterly,276.21,Lapsed,AGT0026,Negeri Sembilan
POL0000097,PTP000067,Family Takaful - Life Protection,Family,True,2024-05-27,2039-05-24,15,Monthly,1354.56,Active,AGT0134,Penang
POL0000098,PTP001186,Family Takaful - Education,Family,True,2022-05-04,2027-05-03,5,Annual,1688.75,Matured,AGT0077,Pahang
POL0000099,PTP000560,Medical & Health Takaful,Family,False,2021-11-04,2041-10-30,20,Annual,465.6,Active,AGT0131,Terengganu
POL0000100,PTP002011,Medical & Health Takaful,Family,False,2024-04-21,2039-04-18,15,Monthly,415.67,Active,AGT0021,Kuala Lumpur
POL0000101,PTP002610,Medical & Health Takaful,Family,False,2024-05-20,2044-05-15,20,Annual,1942.72,Active,AGT0148,Negeri Sembilan
POL0000102,PTP000694,Family Takaful - Life Protection,Family,True,2022-09-14,2023-09-14,1,Monthly,729.28,Active,AGT0061,Penang
POL0000103,PTP001375,Family Takaful - Life Protection,Family,True,2024-09-19,2025-09-19,1,Annual,851.38,Cancelled,AGT0048,Kelantan
POL0000104,PTP000273,Medical & Health Takaful,Family,False,2023-11-04,2033-11-01,10,Semi-Annual,707.41,Active,AGT0128,Negeri Sembilan
POL0000105,PTP000308,Family Takaful - Education,Family,True,2022-07-24,2032-07-21,10,Monthly,601.84,Matured,AGT0120,Melaka
POL0000106,PTP002133,Motor Takaful,General,False,2025-01-10,2040-01-07,15,Semi-Annual,811.33,Active,AGT0057,Kuala Lumpur
POL0000107,PTP000126,Family Takaful - Retirement,Family,True,2022-03-11,2042-03-06,20,Semi-Annual,1981.3,Active,AGT0090,Kelantan
POL0000108,PTP000853,Family Takaful - Retirement,Family,True,2025-01-31,2045-01-26,20,Quarterly,627.68,Matured,AGT0048,Putrajaya
POL0000109,PTP002614,Fire Takaful,General,False,2021-12-20,2036-12-16,15,Annual,354.32,Active,AGT0093,Kelantan
POL0000110,PTP001504,Family Takaful - Education,Family,True,2023-11-27,2038-11-23,15,Annual,1754.23,Active,AGT0011,Penang
POL0000111,PTP001205,Personal Accident Takaful,General,False,2024-01-30,2025-01-29,1,Monthly,1685.72,Cancelled,AGT0097,Perlis
POL0000112,PTP000738,Family Takaful - Retirement,Family,True,2021-06-15,2041-06-10,20,Monthly,917.91,Matured,AGT0001,Perlis
POL0000113,PTP001676,Motor Takaful,General,False,2021-08-30,2031-08-28,10,Monthly,1977.14,Active,AGT0138,Perak
POL0000114,PTP000032,Medical & Health Takaful,Family,False,2025-07-28,2030-07-27,5,Monthly,424.74,Active,AGT0042,Perak
POL0000115,PTP000940,Family Takaful - Life Protection,Family,True,2022-08-30,2027-08-29,5,Quarterly,391.23,Active,AGT0138,Melaka
POL0000116,PTP001930,Family Takaful - Retirement,Family,True,2022-09-30,2042-09-25,20,Semi-Annual,425.58,Active,AGT0070,Penang
POL0000117,PTP000160,Fire Takaful,General,False,2024-01-03,2038-12-30,15,Monthly,1230.41,Active,AGT0027,Johor
POL0000118,PTP001009,Family Takaful - Retirement,Family,True,2021-05-02,2031-04-30,10,Annual,428.77,Matured,AGT0043,Perak
POL0000119,PTP000032,Personal Accident Takaful,General,False,2025-11-24,2035-11-22,10,Semi-Annual,279.44,Cancelled,AGT0143,Kuala Lumpur
POL0000120,PTP002453,Personal Accident Takaful,General,False,2026-03-18,2046-03-13,20,Quarterly,518.51,Matured,AGT0005,Penang
POL0000121,PTP000098,Family Takaful - Retirement,Family,True,2022-02-24,2042-02-19,20,Semi-Annual,611.01,Active,AGT0020,Pahang
POL0000122,PTP000518,Personal Accident Takaful,General,False,2022-01-27,2032-01-25,10,Annual,611.43,Lapsed,AGT0074,Perak
POL0000123,PTP002256,Family Takaful - Education,Family,True,2022-12-19,2023-12-19,1,Quarterly,1301.04,Active,AGT0057,Terengganu
POL0000124,PTP002039,Motor Takaful,General,False,2021-04-13,2026-04-12,5,Monthly,956.09,Active,AGT0025,Kedah
POL0000125,PTP002707,Motor Takaful,General,False,2025-12-27,2035-12-25,10,Quarterly,1865.77,Lapsed,AGT0104,Selangor
POL0000126,PTP001307,Personal Accident Takaful,General,False,2024-09-21,2044-09-16,20,Semi-Annual,680.17,Matured,AGT0096,Negeri Sembilan
POL0000127,PTP002859,Personal Accident Takaful,General,False,2021-03-27,2041-03-22,20,Quarterly,1531.14,Active,AGT0001,Perlis
POL0000128,PTP002469,Medical & Health Takaful,Family,False,2021-07-20,2031-07-18,10,Quarterly,750.61,Active,AGT0140,Perlis
POL0000129,PTP000061,Medical & Health Takaful,Family,False,2021-10-01,2022-10-01,1,Annual,807.59,Active,AGT0060,Putrajaya
POL0000130,PTP001120,Family Takaful - Retirement,Family,True,2025-12-24,2026-12-24,1,Semi-Annual,211.84,Active,AGT0107,Penang
POL0000131,PTP000913,Medical & Health Takaful,Family,False,2021-10-11,2031-10-09,10,Monthly,1196.1,Active,AGT0057,Selangor
POL0000132,PTP002098,Family Takaful - Retirement,Family,True,2023-03-08,2038-03-04,15,Quarterly,1459.63,Active,AGT0102,Negeri Sembilan
POL0000133,PTP001104,Family Takaful - Retirement,Family,True,2026-02-27,2041-02-23,15,Quarterly,1726.38,Active,AGT0003,Negeri Sembilan
POL0000134,PTP002767,Family Takaful - Life Protection,Family,True,2023-09-12,2028-09-10,5,Quarterly,1806.86,Active,AGT0132,Selangor
POL0000135,PTP000131,Family Takaful - Retirement,Family,True,2021-11-24,2036-11-20,15,Semi-Annual,1433.4,Active,AGT0085,Pahang
POL0000136,PTP001011,Personal Accident Takaful,General,False,2025-06-20,2045-06-15,20,Semi-Annual,260.62,Active,AGT0073,Selangor
POL0000137,PTP001574,Family Takaful - Life Protection,Family,True,2026-08-06,2046-08-01,20,Monthly,1627.54,Active,AGT0043,Terengganu
POL0000138,PTP001853,Family Takaful - Education,Family,True,2023-09-07,2028-09-05,5,Quarterly,482.17,Active,AGT0087,Negeri Sembilan
POL0000139,PTP001470,Family Takaful - Life Protection,Family,True,2023-06-30,2024-06-29,1,Quarterly,678.21,Active,AGT0058,Kuala Lumpur
POL0000140,PTP001145,Family Takaful - Education,Family,True,2022-07-27,2042-07-22,20,Quarterly,898.41,Matured,AGT0024,Putrajaya
POL0000141,PTP000647,Family Takaful - Education,Family,True,2026-06-12,2036-06-09,10,Quarterly,1904.99,Lapsed,AGT0007,Negeri Sembilan
POL0000142,PTP000357,Medical & Health Takaful,Family,False,2026-03-16,2046-03-11,20,Quarterly,1858.84,Matured,AGT0092,Kedah
POL0000143,PTP002419,Family Takaful - Life Protection,Family,True,2025-07-22,2040-07-18,15,Annual,1228.04,Matured,AGT0002,Kelantan
POL0000144,PTP000907,Family Takaful - Life Protection,Family,True,2024-12-24,2025-12-24,1,Monthly,1943.79,Lapsed,AGT0041,Kuala Lumpur
POL0000145,PTP001238,Motor Takaful,General,False,2025-01-07,2026-01-07,1,Monthly,410.65,Active,AGT0150,Kuala Lumpur
POL0000146,PTP000436,Motor Takaful,General,False,2023-09-08,2028-09-06,5,Quarterly,462.71,Active,AGT0125,Penang
POL0000147,PTP002473,Family Takaful - Education,Family,True,2021-01-09,2022-01-09,1,Quarterly,1309.95,Lapsed,AGT0088,Perlis
POL0000148,PTP000408,Medical & Health Takaful,Family,False,2022-08-22,2027-08-21,5,Annual,1691.29,Lapsed,AGT0072,Labuan
POL0000149,PTP000263,Motor Takaful,General,False,2025-02-18,2035-02-16,10,Semi-Annual,1941.16,Active,AGT0116,Perak
POL0000150,PTP000930,Family Takaful - Education,Family,True,2024-03-16,2034-03-14,10,Quarterly,1467.56,Active,AGT0060,Penang
POL0000151,PTP001578,Fire Takaful,General,False,2026-04-04,2041-03-31,15,Monthly,1836.3,Active,AGT0097,Negeri Sembilan
POL0000152,PTP001807,Fire Takaful,General,False,2024-03-25,2029-03-24,5,Monthly,915.68,Active,AGT0091,Sarawak
POL0000153,PTP002776,Motor Takaful,General,False,2022-03-04,2023-03-04,1,Annual,1356.66,Active,AGT0108,Perlis
POL0000154,PTP001393,Family Takaful - Education,Family,True,2024-11-12,2029-11-11,5,Annual,1334.73,Active,AGT0007,Sabah
POL0000155,PTP002269,Family Takaful - Education,Family,True,2024-08-08,2039-08-05,15,Annual,1117.51,Active,AGT0016,Perak
POL0000156,PTP000541,Family Takaful - Life Protection,Family,True,2021-10-11,2022-10-11,1,Annual,812.04,Active,AGT0123,Perlis
POL0000157,PTP000838,Family Takaful - Retirement,Family,True,2023-10-05,2028-10-03,5,Annual,344.78,Active,AGT0092,Perak
POL0000158,PTP000294,Personal Accident Takaful,General,False,2022-07-20,2037-07-16,15,Semi-Annual,1646.53,Active,AGT0095,Perlis
POL0000159,PTP000904,Medical & Health Takaful,Family,False,2021-12-10,2022-12-10,1,Quarterly,607.83,Active,AGT0050,Selangor
POL0000160,PTP000165,Family Takaful - Education,Family,True,2023-09-30,2038-09-26,15,Quarterly,1668.85,Active,AGT0138,Perak
POL0000161,PTP000997,Fire Takaful,General,False,2021-10-27,2026-10-26,5,Annual,329.24,Active,AGT0129,Kelantan
POL0000162,PTP001557,Motor Takaful,General,False,2023-05-05,2028-05-03,5,Semi-Annual,1943.25,Active,AGT0142,Sarawak
POL0000163,PTP002798,Medical & Health Takaful,Family,False,2025-08-18,2035-08-16,10,Semi-Annual,1161.74,Matured,AGT0135,Perak
POL0000164,PTP000169,Family Takaful - Education,Family,True,2022-02-07,2032-02-05,10,Monthly,1351.23,Lapsed,AGT0091,Sabah
POL0000165,PTP002869,Medical & Health Takaful,Family,False,2025-05-29,2035-05-27,10,Annual,408.78,Matured,AGT0057,Terengganu
POL0000166,PTP000261,Personal Accident Takaful,General,False,2022-08-15,2037-08-11,15,Semi-Annual,407.0,Active,AGT0089,Kedah
POL0000167,PTP001020,Medical & Health Takaful,Family,False,2025-02-05,2040-02-02,15,Annual,662.33,Active,AGT0106,Melaka
POL0000168,PTP002167,Medical & Health Takaful,Family,False,2024-04-17,2044-04-12,20,Quarterly,880.43,Active,AGT0148,Negeri Sembilan
POL0000169,PTP002901,Family Takaful - Retirement,Family,True,2022-05-08,2023-05-08,1,Quarterly,648.31,Active,AGT0106,Perak
POL0000170,PTP002325,Medical & Health Takaful,Family,False,2024-09-01,2039-08-29,15,Semi-Annual,1090.97,Matured,AGT0037,Kuala Lumpur
POL0000171,PTP001728,Personal Accident Takaful,General,False,2022-06-02,2037-05-29,15,Annual,1757.84,Active,AGT0060,Pahang
POL0000172,PTP002877,Family Takaful - Education,Family,True,2025-12-11,2045-12-06,20,Semi-Annual,1566.37,Active,AGT0069,Perak
POL0000173,PTP000299,Family Takaful - Life Protection,Family,True,2022-03-28,2032-03-25,10,Semi-Annual,902.32,Matured,AGT0048,Perak
POL0000174,PTP000803,Family Takaful - Retirement,Family,True,2026-07-15,2041-07-11,15,Monthly,1122.7,Active,AGT0089,Labuan
POL0000175,PTP002962,Motor Takaful,General,False,2026-03-15,2031-03-14,5,Semi-Annual,778.48,Active,AGT0014,Putrajaya
POL0000176,PTP000100,Family Takaful - Life Protection,Family,True,2023-08-01,2043-07-27,20,Monthly,1082.91,Active,AGT0143,Perak
POL0000177,PTP000996,Family Takaful - Life Protection,Family,True,2025-12-27,2030-12-26,5,Semi-Annual,1402.16,Active,AGT0102,Labuan
POL0000178,PTP001640,Personal Accident Takaful,General,False,2025-12-29,2026-12-29,1,Annual,821.08,Active,AGT0036,Perlis
POL0000179,PTP000822,Family Takaful - Education,Family,True,2022-04-08,2023-04-08,1,Quarterly,1977.46,Active,AGT0013,Negeri Sembilan
POL0000180,PTP002062,Family Takaful - Retirement,Family,True,2022-06-03,2037-05-30,15,Quarterly,1643.36,Active,AGT0055,Perlis
POL0000181,PTP001849,Fire Takaful,General,False,2025-04-10,2026-04-10,1,Quarterly,1896.64,Matured,AGT0139,Kelantan
POL0000182,PTP002043,Fire Takaful,General,False,2021-12-18,2026-12-17,5,Semi-Annual,793.32,Active,AGT0065,Negeri Sembilan
POL0000183,PTP001782,Motor Takaful,General,False,2022-06-30,2023-06-30,1,Semi-Annual,1146.47,Matured,AGT0072,Kuala Lumpur
POL0000184,PTP000466,Personal Accident Takaful,General,False,2023-02-09,2028-02-08,5,Semi-Annual,560.02,Lapsed,AGT0024,Sarawak
POL0000185,PTP001533,Family Takaful - Education,Family,True,2021-01-04,2022-01-04,1,Semi-Annual,261.15,Active,AGT0029,Labuan
POL0000186,PTP001414,Personal Accident Takaful,General,False,2021-09-03,2041-08-29,20,Quarterly,1761.66,Cancelled,AGT0131,Kuala Lumpur
POL0000187,PTP001171,Family Takaful - Retirement,Family,True,2021-10-07,2022-10-07,1,Semi-Annual,599.6,Active,AGT0090,Kelantan
POL0000188,PTP001577,Motor Takaful,General,False,2024-10-24,2025-10-24,1,Semi-Annual,1389.85,Active,AGT0027,Melaka
POL0000189,PTP002110,Fire Takaful,General,False,2023-06-09,2038-06-05,15,Semi-Annual,655.07,Active,AGT0013,Sarawak
POL0000190,PTP000173,Motor Takaful,General,False,2021-02-19,2022-02-19,1,Semi-Annual,1848.24,Active,AGT0115,Johor
POL0000191,PTP001995,Personal Accident Takaful,General,False,2026-01-21,2046-01-16,20,Monthly,561.41,Cancelled,AGT0010,Perak
POL0000192,PTP001895,Personal Accident Takaful,General,False,2022-02-25,2037-02-21,15,Quarterly,1800.04,Active,AGT0027,Perlis
POL0000193,PTP000383,Family Takaful - Education,Family,True,2025-02-07,2045-02-02,20,Annual,1859.29,Cancelled,AGT0133,Perlis
POL0000194,PTP000463,Family Takaful - Education,Family,True,2026-04-10,2041-04-06,15,Quarterly,905.15,Active,AGT0041,Perlis
POL0000195,PTP000269,Medical & Health Takaful,Family,False,2021-06-20,2031-06-18,10,Semi-Annual,1736.43,Cancelled,AGT0138,Sarawak
POL0000196,PTP001536,Family Takaful - Life Protection,Family,True,2023-11-13,2033-11-10,10,Monthly,1305.07,Active,AGT0109,Pahang
POL0000197,PTP001802,Fire Takaful,General,False,2022-09-07,2042-09-02,20,Semi-Annual,770.75,Cancelled,AGT0064,Sabah
POL0000198,PTP001157,Family Takaful - Life Protection,Family,True,2025-05-08,2040-05-04,15,Monthly,1335.94,Active,AGT0124,Pahang
POL0000199,PTP002292,Family Takaful - Education,Family,True,2021-09-30,2031-09-28,10,Semi-Annual,1101.88,Matured,AGT0110,Labuan
POL0000200,PTP002478,Personal Accident Takaful,General,False,2023-05-03,2024-05-02,1,Quarterly,1638.84,Active,AGT0132,Pahang
POL0000201,PTP000838,Family Takaful - Life Protection,Family,True,2026-03-08,2031-03-07,5,Annual,984.03,Active,AGT0144,Kedah
POL0000202,PTP001045,Family Takaful - Retirement,Family,True,2021-10-13,2031-10-11,10,Monthly,1631.46,Active,AGT0033,Terengganu
POL0000203,PTP001229,Medical & Health Takaful,Family,False,2022-03-13,2027-03-12,5,Annual,58.62,Lapsed,AGT0002,Labuan
POL0000204,PTP000513,Fire Takaful,General,False,2021-02-02,2036-01-30,15,Quarterly,1542.78,Active,AGT0043,Labuan
POL0000205,PTP001947,Medical & Health Takaful,Family,False,2026-02-11,2027-02-11,1,Semi-Annual,285.7,Active,AGT0033,Labuan
POL0000206,PTP002673,Motor Takaful,General,False,2025-05-17,2030-05-16,5,Monthly,52.14,Active,AGT0022,Perak
POL0000207,PTP000300,Family Takaful - Education,Family,True,2022-08-03,2032-07-31,10,Semi-Annual,324.58,Active,AGT0126,Sarawak
POL0000208,PTP002777,Family Takaful - Education,Family,True,2024-11-29,2039-11-26,15,Annual,1705.09,Cancelled,AGT0025,Perlis
POL0000209,PTP000493,Fire Takaful,General,False,2026-04-29,2027-04-29,1,Annual,783.59,Active,AGT0103,Kelantan
POL0000210,PTP001865,Medical & Health Takaful,Family,False,2024-04-27,2025-04-27,1,Annual,1234.15,Active,AGT0061,Sarawak
POL0000211,PTP001178,Personal Accident Takaful,General,False,2023-12-26,2024-12-25,1,Semi-Annual,84.06,Active,AGT0073,Perak
POL0000212,PTP002763,Medical & Health Takaful,Family,False,2025-02-02,2030-02-01,5,Quarterly,1571.65,Cancelled,AGT0047,Perak
POL0000213,PTP000362,Motor Takaful,General,False,2021-11-08,2031-11-06,10,Monthly,525.56,Active,AGT0093,Negeri Sembilan
POL0000214,PTP001959,Fire Takaful,General,False,2023-09-24,2038-09-20,15,Monthly,147.63,Active,AGT0030,Penang
POL0000215,PTP001347,Family Takaful - Education,Family,True,2022-01-29,2023-01-29,1,Quarterly,185.02,Active,AGT0008,Kuala Lumpur
POL0000216,PTP000552,Medical & Health Takaful,Family,False,2024-11-29,2044-11-24,20,Quarterly,1165.05,Active,AGT0120,Pahang
POL0000217,PTP002449,Medical & Health Takaful,Family,False,2023-04-13,2028-04-11,5,Quarterly,671.36,Active,AGT0023,Sabah
POL0000218,PTP000442,Family Takaful - Retirement,Family,True,2025-07-09,2040-07-05,15,Semi-Annual,1161.76,Active,AGT0130,Perlis
POL0000219,PTP002596,Medical & Health Takaful,Family,False,2024-03-07,2029-03-06,5,Monthly,1634.01,Matured,AGT0024,Labuan
POL0000220,PTP002838,Family Takaful - Life Protection,Family,True,2025-07-28,2040-07-24,15,Quarterly,761.49,Active,AGT0138,Pahang
POL0000221,PTP001081,Personal Accident Takaful,General,False,2022-11-13,2037-11-09,15,Semi-Annual,1356.13,Active,AGT0009,Perak
POL0000222,PTP000086,Motor Takaful,General,False,2025-05-22,2026-05-22,1,Annual,218.4,Lapsed,AGT0082,Penang
POL0000223,PTP002414,Family Takaful - Education,Family,True,2024-10-16,2034-10-14,10,Quarterly,456.52,Active,AGT0030,Kelantan
POL0000224,PTP002670,Family Takaful - Life Protection,Family,True,2021-08-22,2026-08-21,5,Semi-Annual,1977.29,Matured,AGT0056,Kelantan
POL0000225,PTP002451,Fire Takaful,General,False,2023-04-03,2024-04-02,1,Monthly,224.35,Active,AGT0010,Kuala Lumpur
POL0000226,PTP002156,Personal Accident Takaful,General,False,2023-08-20,2024-08-19,1,Monthly,1128.44,Lapsed,AGT0080,Kuala Lumpur
POL0000227,PTP000711,Motor Takaful,General,False,2023-08-03,2033-07-31,10,Semi-Annual,1413.09,Active,AGT0140,Sabah
POL0000228,PTP002560,Fire Takaful,General,False,2021-07-27,2041-07-22,20,Monthly,1492.21,Matured,AGT0057,Putrajaya
POL0000229,PTP001709,Medical & Health Takaful,Family,False,2021-12-29,2026-12-28,5,Annual,1552.11,Active,AGT0007,Penang
POL0000230,PTP000575,Family Takaful - Life Protection,Family,True,2025-10-24,2045-10-19,20,Semi-Annual,180.22,Lapsed,AGT0066,Putrajaya
POL0000231,PTP000016,Personal Accident Takaful,General,False,2024-11-24,2029-11-23,5,Monthly,193.62,Active,AGT0090,Sarawak
POL0000232,PTP002763,Personal Accident Takaful,General,False,2023-09-29,2024-09-28,1,Annual,1730.94,Active,AGT0052,Putrajaya
POL0000233,PTP002535,Motor Takaful,General,False,2024-04-03,2029-04-02,5,Monthly,234.6,Lapsed,AGT0036,Perlis
POL0000234,PTP002484,Family Takaful - Life Protection,Family,True,2026-04-28,2041-04-24,15,Semi-Annual,1480.22,Active,AGT0027,Kelantan
POL0000235,PTP001990,Medical & Health Takaful,Family,False,2026-05-16,2027-05-16,1,Annual,1042.72,Active,AGT0033,Sarawak
POL0000236,PTP001676,Family Takaful - Life Protection,Family,True,2025-11-07,2045-11-02,20,Semi-Annual,1075.63,Active,AGT0102,Sabah
POL0000237,PTP001884,Medical & Health Takaful,Family,False,2022-12-06,2042-12-01,20,Annual,359.88,Active,AGT0114,Selangor
POL0000238,PTP002335,Fire Takaful,General,False,2023-03-09,2038-03-05,15,Monthly,1304.98,Matured,AGT0084,Sabah
POL0000239,PTP000768,Motor Takaful,General,False,2021-01-03,2035-12-31,15,Quarterly,618.3,Lapsed,AGT0145,Johor
POL0000240,PTP000556,Family Takaful - Retirement,Family,True,2024-10-30,2044-10-25,20,Annual,979.41,Active,AGT0083,Labuan
POL0000241,PTP001558,Family Takaful - Retirement,Family,True,2021-04-13,2041-04-08,20,Semi-Annual,1685.28,Cancelled,AGT0137,Selangor
POL0000242,PTP001299,Family Takaful - Education,Family,True,2021-10-24,2031-10-22,10,Annual,293.36,Active,AGT0100,Pahang
POL0000243,PTP001978,Motor Takaful,General,False,2023-02-11,2043-02-06,20,Quarterly,186.44,Active,AGT0091,Kelantan
POL0000244,PTP001438,Personal Accident Takaful,General,False,2022-01-16,2042-01-11,20,Monthly,1089.11,Active,AGT0079,Perlis
POL0000245,PTP000162,Family Takaful - Education,Family,True,2025-01-18,2026-01-18,1,Quarterly,58.51,Active,AGT0047,Putrajaya
POL0000246,PTP002299,Personal Accident Takaful,General,False,2026-07-06,2036-07-03,10,Monthly,1296.93,Active,AGT0005,Perak
POL0000247,PTP002416,Family Takaful - Life Protection,Family,True,2021-03-15,2022-03-15,1,Quarterly,248.27,Active,AGT0004,Penang
POL0000248,PTP002637,Motor Takaful,General,False,2025-05-23,2026-05-23,1,Quarterly,1012.14,Active,AGT0006,Kelantan
POL0000249,PTP002710,Fire Takaful,General,False,2024-11-12,2029-11-11,5,Quarterly,1991.15,Active,AGT0049,Perlis
POL0000250,PTP002477,Family Takaful - Life Protection,Family,True,2022-05-03,2042-04-28,20,Quarterly,80.57,Matured,AGT0004,Labuan
POL0000251,PTP002618,Family Takaful - Life Protection,Family,True,2021-03-23,2026-03-22,5,Quarterly,1634.15,Matured,AGT0109,Perak
POL0000252,PTP001064,Fire Takaful,General,False,2026-01-23,2036-01-21,10,Semi-Annual,516.48,Cancelled,AGT0084,Labuan
POL0000253,PTP002828,Family Takaful - Education,Family,True,2024-02-09,2034-02-06,10,Semi-Annual,812.51,Matured,AGT0127,Melaka
POL0000254,PTP000204,Fire Takaful,General,False,2025-04-08,2045-04-03,20,Quarterly,1811.28,Active,AGT0078,Melaka
POL0000255,PTP001527,Family Takaful - Life Protection,Family,True,2023-11-08,2033-11-05,10,Semi-Annual,1462.88,Active,AGT0110,Perlis
POL0000256,PTP001450,Personal Accident Takaful,General,False,2023-03-25,2033-03-22,10,Semi-Annual,1038.02,Active,AGT0059,Terengganu
POL0000257,PTP002683,Motor Takaful,General,False,2025-10-24,2030-10-23,5,Annual,1716.62,Active,AGT0101,Negeri Sembilan
POL0000258,PTP002121,Family Takaful - Retirement,Family,True,2023-09-12,2028-09-10,5,Annual,107.13,Active,AGT0135,Labuan
POL0000259,PTP000019,Motor Takaful,General,False,2024-04-05,2029-04-04,5,Annual,360.18,Lapsed,AGT0144,Sarawak
POL0000260,PTP002691,Personal Accident Takaful,General,False,2023-10-29,2033-10-26,10,Annual,525.52,Cancelled,AGT0087,Kuala Lumpur
POL0000261,PTP001459,Family Takaful - Education,Family,True,2024-06-05,2034-06-03,10,Semi-Annual,1609.43,Cancelled,AGT0009,Sabah
POL0000262,PTP002180,Family Takaful - Retirement,Family,True,2025-07-01,2040-06-27,15,Monthly,372.11,Active,AGT0051,Melaka
POL0000263,PTP000706,Personal Accident Takaful,General,False,2023-03-15,2043-03-10,20,Annual,139.07,Active,AGT0126,Perak
POL0000264,PTP002418,Family Takaful - Retirement,Family,True,2024-01-10,2034-01-07,10,Monthly,1350.56,Active,AGT0008,Penang
POL0000265,PTP001728,Family Takaful - Life Protection,Family,True,2024-10-04,2044-09-29,20,Monthly,1985.97,Active,AGT0034,Selangor
POL0000266,PTP001229,Family Takaful - Retirement,Family,True,2021-04-05,2026-04-04,5,Monthly,1920.87,Active,AGT0088,Kedah
POL0000267,PTP000266,Family Takaful - Life Protection,Family,True,2026-03-16,2046-03-11,20,Quarterly,566.41,Lapsed,AGT0126,Pahang
POL0000268,PTP000771,Family Takaful - Education,Family,True,2022-02-16,2023-02-16,1,Semi-Annual,327.36,Active,AGT0071,Sabah
POL0000269,PTP001643,Family Takaful - Retirement,Family,True,2023-01-27,2038-01-23,15,Quarterly,1643.37,Active,AGT0098,Sabah
POL0000270,PTP002736,Family Takaful - Retirement,Family,True,2022-03-31,2023-03-31,1,Annual,1070.97,Active,AGT0050,Terengganu
POL0000271,PTP001428,Family Takaful - Retirement,Family,True,2024-11-02,2025-11-02,1,Annual,556.11,Cancelled,AGT0021,Kedah
POL0000272,PTP001328,Family Takaful - Education,Family,True,2021-11-18,2036-11-14,15,Semi-Annual,1347.85,Active,AGT0092,Pahang
POL0000273,PTP002803,Family Takaful - Life Protection,Family,True,2026-02-02,2027-02-02,1,Annual,1851.42,Active,AGT0048,Johor
POL0000274,PTP001703,Medical & Health Takaful,Family,False,2023-03-30,2028-03-28,5,Annual,912.41,Active,AGT0036,Penang
POL0000275,PTP002736,Family Takaful - Retirement,Family,True,2026-05-03,2036-04-30,10,Quarterly,1928.48,Lapsed,AGT0066,Johor
POL0000276,PTP000712,Personal Accident Takaful,General,False,2025-10-04,2026-10-04,1,Monthly,1051.71,Active,AGT0114,Kelantan
POL0000277,PTP000655,Family Takaful - Education,Family,True,2021-08-31,2036-08-27,15,Monthly,1163.49,Active,AGT0111,Kedah
POL0000278,PTP000083,Personal Accident Takaful,General,False,2023-08-21,2043-08-16,20,Monthly,1215.54,Active,AGT0127,Kuala Lumpur
POL0000279,PTP001273,Family Takaful - Retirement,Family,True,2021-05-14,2031-05-12,10,Quarterly,1456.15,Matured,AGT0033,Perlis
POL0000280,PTP001806,Family Takaful - Life Protection,Family,True,2022-02-14,2027-02-13,5,Quarterly,1906.92,Active,AGT0059,Kuala Lumpur
POL0000281,PTP001264,Motor Takaful,General,False,2024-11-10,2025-11-10,1,Quarterly,1332.26,Active,AGT0095,Kedah
POL0000282,PTP001642,Family Takaful - Retirement,Family,True,2025-02-09,2026-02-09,1,Quarterly,1725.09,Active,AGT0061,Johor
POL0000283,PTP001009,Family Takaful - Retirement,Family,True,2022-06-27,2037-06-23,15,Semi-Annual,755.53,Active,AGT0120,Sabah
POL0000284,PTP002484,Motor Takaful,General,False,2021-09-19,2022-09-19,1,Semi-Annual,1450.75,Active,AGT0074,Melaka
POL0000285,PTP000795,Family Takaful - Education,Family,True,2023-04-12,2033-04-09,10,Semi-Annual,535.03,Active,AGT0022,Kuala Lumpur
POL0000286,PTP002809,Fire Takaful,General,False,2022-10-05,2042-09-30,20,Monthly,993.43,Active,AGT0028,Pahang
POL0000287,PTP000065,Medical & Health Takaful,Family,False,2022-08-26,2042-08-21,20,Annual,273.65,Active,AGT0100,Pahang
POL0000288,PTP000264,Medical & Health Takaful,Family,False,2023-05-26,2028-05-24,5,Annual,1043.01,Active,AGT0022,Kuala Lumpur
POL0000289,PTP002995,Motor Takaful,General,False,2026-06-27,2031-06-26,5,Quarterly,1649.19,Active,AGT0141,Kedah
POL0000290,PTP001627,Motor Takaful,General,False,2021-11-06,2031-11-04,10,Annual,913.17,Active,AGT0124,Johor
POL0000291,PTP000111,Family Takaful - Retirement,Family,True,2022-07-15,2042-07-10,20,Annual,1052.0,Active,AGT0114,Negeri Sembilan
POL0000292,PTP001419,Personal Accident Takaful,General,False,2021-11-28,2031-11-26,10,Monthly,1733.61,Active,AGT0082,Kuala Lumpur
POL0000293,PTP000043,Personal Accident Takaful,General,False,2022-12-29,2023-12-29,1,Annual,305.32,Lapsed,AGT0134,Kedah
POL0000294,PTP002296,Medical & Health Takaful,Family,False,2021-05-21,2026-05-20,5,Semi-Annual,1502.31,Active,AGT0015,Sabah
POL0000295,PTP002435,Family Takaful - Retirement,Family,True,2025-06-26,2040-06-22,15,Monthly,1534.4,Active,AGT0013,Melaka
POL0000296,PTP000035,Motor Takaful,General,False,2023-04-23,2033-04-20,10,Annual,845.77,Active,AGT0077,Penang
POL0000297,PTP002198,Fire Takaful,General,False,2022-08-22,2027-08-21,5,Monthly,1588.17,Active,AGT0063,Perak
POL0000298,PTP001829,Family Takaful - Life Protection,Family,True,2021-10-21,2022-10-21,1,Semi-Annual,1749.13,Active,AGT0063,Melaka
POL0000299,PTP001538,Family Takaful - Education,Family,True,2022-02-16,2042-02-11,20,Quarterly,655.48,Active,AGT0061,Sabah
POL0000300,PTP001482,Personal Accident Takaful,General,False,2023-08-25,2028-08-23,5,Quarterly,111.48,Active,AGT0020,Kelantan
POL0000301,PTP002143,Family Takaful - Education,Family,True,2025-08-11,2030-08-10,5,Monthly,859.91,Active,AGT0145,Penang
POL0000302,PTP002657,Fire Takaful,General,False,2026-05-16,2031-05-15,5,Monthly,1489.64,Active,AGT0131,Negeri Sembilan
POL0000303,PTP002655,Medical & Health Takaful,Family,False,2025-10-21,2040-10-17,15,Monthly,409.17,Active,AGT0034,Penang
POL0000304,PTP001053,Fire Takaful,General,False,2022-02-13,2023-02-13,1,Monthly,1934.72,Active,AGT0112,Kedah
POL0000305,PTP001102,Motor Takaful,General,False,2025-02-04,2026-02-04,1,Semi-Annual,1599.19,Active,AGT0056,Putrajaya
POL0000306,PTP000027,Motor Takaful,General,False,2025-03-01,2026-03-01,1,Monthly,1541.26,Active,AGT0078,Terengganu
POL0000307,PTP001064,Family Takaful - Retirement,Family,True,2025-09-18,2045-09-13,20,Annual,971.59,Active,AGT0100,Johor
POL0000308,PTP002458,Family Takaful - Life Protection,Family,True,2026-02-01,2041-01-28,15,Quarterly,1022.11,Active,AGT0030,Perlis
POL0000309,PTP000580,Personal Accident Takaful,General,False,2025-10-10,2030-10-09,5,Annual,1190.08,Active,AGT0103,Kelantan
POL0000310,PTP001805,Motor Takaful,General,False,2023-06-16,2024-06-15,1,Annual,775.9,Active,AGT0026,Sarawak
POL0000311,PTP002231,Personal Accident Takaful,General,False,2026-05-12,2036-05-09,10,Monthly,1655.17,Active,AGT0036,Sarawak
POL0000312,PTP002816,Fire Takaful,General,False,2024-03-28,2039-03-25,15,Semi-Annual,1924.76,Active,AGT0101,Kelantan
POL0000313,PTP000721,Medical & Health Takaful,Family,False,2025-10-04,2030-10-03,5,Monthly,1468.67,Active,AGT0029,Penang
POL0000314,PTP001873,Medical & Health Takaful,Family,False,2022-02-01,2032-01-30,10,Monthly,389.53,Active,AGT0076,Kedah
POL0000315,PTP000462,Motor Takaful,General,False,2025-06-14,2045-06-09,20,Quarterly,1487.39,Matured,AGT0107,Melaka
POL0000316,PTP001963,Family Takaful - Education,Family,True,2023-10-23,2038-10-19,15,Annual,660.73,Active,AGT0124,Selangor
POL0000317,PTP000887,Medical & Health Takaful,Family,False,2023-08-06,2024-08-05,1,Quarterly,105.2,Active,AGT0059,Kelantan
POL0000318,PTP002986,Family Takaful - Life Protection,Family,True,2021-11-19,2031-11-17,10,Quarterly,1174.47,Lapsed,AGT0038,Johor
POL0000319,PTP002709,Fire Takaful,General,False,2022-11-18,2037-11-14,15,Annual,1873.33,Active,AGT0058,Melaka
POL0000320,PTP000264,Family Takaful - Education,Family,True,2023-12-19,2024-12-18,1,Quarterly,785.38,Active,AGT0021,Putrajaya
POL0000321,PTP000698,Family Takaful - Life Protection,Family,True,2022-10-05,2032-10-02,10,Quarterly,985.64,Active,AGT0138,Johor
POL0000322,PTP001829,Fire Takaful,General,False,2025-06-29,2026-06-29,1,Annual,1703.57,Active,AGT0115,Melaka
POL0000323,PTP002362,Medical & Health Takaful,Family,False,2024-03-12,2044-03-07,20,Monthly,1247.89,Active,AGT0035,Johor
POL0000324,PTP002009,Family Takaful - Education,Family,True,2022-03-29,2032-03-26,10,Annual,1115.26,Lapsed,AGT0107,Terengganu
POL0000325,PTP002117,Fire Takaful,General,False,2022-01-24,2042-01-19,20,Monthly,1258.63,Cancelled,AGT0003,Perlis
POL0000326,PTP000316,Medical & Health Takaful,Family,False,2023-05-16,2033-05-13,10,Quarterly,842.45,Active,AGT0105,Sarawak
POL0000327,PTP000386,Family Takaful - Life Protection,Family,True,2026-03-04,2036-03-01,10,Annual,1673.97,Lapsed,AGT0107,Johor
POL0000328,PTP001715,Motor Takaful,General,False,2024-06-03,2044-05-29,20,Annual,850.52,Matured,AGT0130,Penang
POL0000329,PTP000364,Motor Takaful,General,False,2023-05-16,2043-05-11,20,Monthly,1713.24,Active,AGT0043,Kuala Lumpur
POL0000330,PTP000467,Personal Accident Takaful,General,False,2023-04-29,2024-04-28,1,Annual,1024.2,Cancelled,AGT0090,Sarawak
POL0000331,PTP002799,Fire Takaful,General,False,2022-12-05,2023-12-05,1,Quarterly,808.58,Active,AGT0031,Kedah
POL0000332,PTP000315,Medical & Health Takaful,Family,False,2024-09-11,2034-09-09,10,Monthly,1177.87,Active,AGT0015,Kedah
POL0000333,PTP001951,Fire Takaful,General,False,2022-11-01,2042-10-27,20,Semi-Annual,746.65,Active,AGT0086,Kedah
POL0000334,PTP001400,Fire Takaful,General,False,2025-09-21,2030-09-20,5,Monthly,1376.16,Active,AGT0072,Sarawak
POL0000335,PTP002473,Fire Takaful,General,False,2022-09-24,2027-09-23,5,Semi-Annual,1826.01,Active,AGT0070,Penang
POL0000336,PTP002459,Fire Takaful,General,False,2023-01-25,2033-01-22,10,Monthly,1137.42,Active,AGT0066,Labuan
POL0000337,PTP001725,Family Takaful - Life Protection,Family,True,2022-03-12,2027-03-11,5,Annual,1428.0,Lapsed,AGT0032,Kelantan
POL0000338,PTP000956,Motor Takaful,General,False,2023-12-06,2033-12-03,10,Quarterly,553.51,Lapsed,AGT0143,Melaka
POL0000339,PTP001304,Family Takaful - Life Protection,Family,True,2022-01-20,2032-01-18,10,Monthly,809.74,Active,AGT0003,Labuan
POL0000340,PTP002449,Medical & Health Takaful,Family,False,2024-10-15,2044-10-10,20,Annual,139.98,Active,AGT0079,Terengganu
POL0000341,PTP002373,Motor Takaful,General,False,2026-03-19,2031-03-18,5,Monthly,1277.79,Active,AGT0046,Johor
POL0000342,PTP001888,Medical & Health Takaful,Family,False,2023-02-10,2033-02-07,10,Monthly,1319.16,Active,AGT0131,Penang
POL0000343,PTP000273,Family Takaful - Life Protection,Family,True,2023-06-03,2043-05-29,20,Annual,967.41,Active,AGT0123,Perak
POL0000344,PTP000496,Medical & Health Takaful,Family,False,2023-07-17,2033-07-14,10,Quarterly,1950.51,Active,AGT0044,Sabah
POL0000345,PTP001108,Family Takaful - Education,Family,True,2023-07-30,2024-07-29,1,Quarterly,853.0,Active,AGT0061,Perlis
POL0000346,PTP001281,Family Takaful - Retirement,Family,True,2021-03-01,2022-03-01,1,Monthly,1788.54,Active,AGT0080,Negeri Sembilan
POL0000347,PTP001100,Family Takaful - Life Protection,Family,True,2024-04-29,2044-04-24,20,Semi-Annual,1751.6,Active,AGT0008,Sabah
POL0000348,PTP002840,Family Takaful - Retirement,Family,True,2023-09-30,2033-09-27,10,Semi-Annual,64.28,Active,AGT0090,Penang
POL0000349,PTP000484,Fire Takaful,General,False,2025-10-11,2026-10-11,1,Annual,1960.76,Cancelled,AGT0003,Negeri Sembilan
POL0000350,PTP000423,Family Takaful - Retirement,Family,True,2026-07-21,2036-07-18,10,Monthly,425.19,Matured,AGT0120,Kuala Lumpur
POL0000351,PTP001311,Family Takaful - Retirement,Family,True,2022-07-04,2032-07-01,10,Monthly,1685.6,Active,AGT0015,Sabah
POL0000352,PTP001580,Personal Accident Takaful,General,False,2021-11-08,2022-11-08,1,Quarterly,102.96,Active,AGT0082,Melaka
POL0000353,PTP000743,Fire Takaful,General,False,2022-12-20,2023-12-20,1,Quarterly,1286.64,Active,AGT0098,Kelantan
POL0000354,PTP001773,Motor Takaful,General,False,2025-10-01,2045-09-26,20,Quarterly,387.87,Active,AGT0060,Kedah
POL0000355,PTP002201,Medical & Health Takaful,Family,False,2022-01-18,2042-01-13,20,Monthly,537.59,Active,AGT0139,Sarawak
POL0000356,PTP002494,Fire Takaful,General,False,2021-03-08,2041-03-03,20,Semi-Annual,1596.45,Active,AGT0039,Negeri Sembilan
POL0000357,PTP000010,Medical & Health Takaful,Family,False,2025-10-06,2030-10-05,5,Quarterly,1049.16,Active,AGT0049,Sarawak
POL0000358,PTP001229,Fire Takaful,General,False,2023-08-01,2028-07-30,5,Annual,551.84,Active,AGT0135,Kelantan
POL0000359,PTP001787,Motor Takaful,General,False,2023-11-09,2024-11-08,1,Semi-Annual,1040.07,Lapsed,AGT0045,Negeri Sembilan
POL0000360,PTP001021,Fire Takaful,General,False,2022-12-25,2037-12-21,15,Quarterly,1890.36,Active,AGT0088,Selangor
POL0000361,PTP001843,Family Takaful - Retirement,Family,True,2023-04-17,2033-04-14,10,Monthly,1651.33,Active,AGT0089,Sabah
POL0000362,PTP002292,Fire Takaful,General,False,2025-03-09,2045-03-04,20,Annual,580.36,Lapsed,AGT0003,Kedah
POL0000363,PTP002332,Medical & Health Takaful,Family,False,2025-09-25,2035-09-23,10,Semi-Annual,687.18,Active,AGT0121,Kelantan
POL0000364,PTP001345,Family Takaful - Education,Family,True,2023-11-26,2038-11-22,15,Quarterly,292.97,Active,AGT0088,Melaka
POL0000365,PTP000559,Motor Takaful,General,False,2026-02-09,2031-02-08,5,Semi-Annual,1872.39,Lapsed,AGT0103,Kelantan
POL0000366,PTP002115,Medical & Health Takaful,Family,False,2025-10-27,2040-10-23,15,Semi-Annual,1198.63,Active,AGT0105,Johor
POL0000367,PTP001875,Fire Takaful,General,False,2021-04-02,2036-03-29,15,Monthly,1189.27,Lapsed,AGT0113,Penang
POL0000368,PTP000331,Family Takaful - Education,Family,True,2023-05-31,2043-05-26,20,Annual,558.38,Active,AGT0101,Labuan
POL0000369,PTP001469,Medical & Health Takaful,Family,False,2025-11-06,2035-11-04,10,Semi-Annual,50.1,Active,AGT0130,Perlis
POL0000370,PTP000082,Fire Takaful,General,False,2022-01-28,2037-01-24,15,Semi-Annual,1008.22,Active,AGT0047,Sarawak
POL0000371,PTP001164,Fire Takaful,General,False,2023-04-30,2033-04-27,10,Annual,1240.86,Active,AGT0084,Selangor
POL0000372,PTP001140,Family Takaful - Retirement,Family,True,2021-03-10,2031-03-08,10,Annual,1574.0,Matured,AGT0148,Kedah
POL0000373,PTP001985,Family Takaful - Retirement,Family,True,2024-06-27,2025-06-27,1,Semi-Annual,314.64,Matured,AGT0144,Perlis
POL0000374,PTP000296,Medical & Health Takaful,Family,False,2022-11-19,2032-11-16,10,Monthly,1613.0,Active,AGT0009,Perak
POL0000375,PTP001354,Family Takaful - Education,Family,True,2023-09-13,2043-09-08,20,Annual,681.27,Active,AGT0045,Kelantan
POL0000376,PTP001233,Motor Takaful,General,False,2021-10-20,2036-10-16,15,Quarterly,1533.15,Active,AGT0074,Kedah
POL0000377,PTP001668,Personal Accident Takaful,General,False,2021-08-01,2036-07-28,15,Semi-Annual,431.93,Active,AGT0022,Selangor
POL0000378,PTP000326,Personal Accident Takaful,General,False,2022-08-02,2037-07-29,15,Annual,1121.08,Active,AGT0022,Sarawak
POL0000379,PTP000007,Personal Accident Takaful,General,False,2024-04-19,2044-04-14,20,Quarterly,1726.33,Matured,AGT0126,Putrajaya
POL0000380,PTP001435,Motor Takaful,General,False,2025-03-21,2040-03-17,15,Quarterly,145.11,Active,AGT0107,Perak
POL0000381,PTP000212,Family Takaful - Life Protection,Family,True,2025-09-27,2030-09-26,5,Semi-Annual,544.77,Active,AGT0067,Kelantan
POL0000382,PTP002084,Personal Accident Takaful,General,False,2025-03-27,2030-03-26,5,Monthly,503.63,Active,AGT0039,Sarawak
POL0000383,PTP000911,Family Takaful - Retirement,Family,True,2025-12-07,2040-12-03,15,Monthly,223.12,Active,AGT0057,Johor
POL0000384,PTP001829,Family Takaful - Retirement,Family,True,2024-02-21,2034-02-18,10,Annual,948.92,Active,AGT0106,Perak
POL0000385,PTP001590,Family Takaful - Life Protection,Family,True,2025-05-27,2040-05-23,15,Monthly,1099.46,Active,AGT0142,Labuan
POL0000386,PTP002032,Family Takaful - Retirement,Family,True,2026-07-24,2036-07-21,10,Semi-Annual,1245.89,Active,AGT0074,Pahang
POL0000387,PTP000567,Motor Takaful,General,False,2024-12-21,2029-12-20,5,Annual,919.94,Lapsed,AGT0008,Kedah
POL0000388,PTP001951,Medical & Health Takaful,Family,False,2026-03-23,2041-03-19,15,Semi-Annual,1137.27,Active,AGT0039,Selangor
POL0000389,PTP001967,Medical & Health Takaful,Family,False,2026-03-29,2036-03-26,10,Annual,207.01,Active,AGT0077,Penang
POL0000390,PTP000312,Family Takaful - Retirement,Family,True,2026-04-14,2031-04-13,5,Quarterly,1320.89,Active,AGT0015,Kuala Lumpur
POL0000391,PTP002636,Fire Takaful,General,False,2021-07-10,2041-07-05,20,Monthly,1709.66,Lapsed,AGT0096,Kelantan
POL0000392,PTP001463,Fire Takaful,General,False,2022-09-07,2027-09-06,5,Semi-Annual,1502.49,Active,AGT0135,Pahang
POL0000393,PTP002682,Fire Takaful,General,False,2025-09-28,2035-09-26,10,Quarterly,529.7,Matured,AGT0034,Perlis
POL0000394,PTP001761,Family Takaful - Education,Family,True,2021-02-25,2022-02-25,1,Monthly,557.45,Matured,AGT0147,Penang
POL0000395,PTP000288,Family Takaful - Education,Family,True,2023-10-03,2033-09-30,10,Semi-Annual,1190.58,Lapsed,AGT0020,Penang
POL0000396,PTP002458,Fire Takaful,General,False,2025-06-23,2035-06-21,10,Monthly,1987.56,Active,AGT0082,Sarawak
POL0000397,PTP001835,Personal Accident Takaful,General,False,2024-02-08,2039-02-04,15,Semi-Annual,881.45,Lapsed,AGT0121,Putrajaya
POL0000398,PTP001742,Family Takaful - Education,Family,True,2025-07-31,2045-07-26,20,Monthly,999.38,Active,AGT0119,Perlis
POL0000399,PTP001638,Fire Takaful,General,False,2025-04-20,2045-04-15,20,Monthly,1776.6,Lapsed,AGT0035,Terengganu
POL0000400,PTP001656,Family Takaful - Retirement,Family,True,2025-03-16,2026-03-16,1,Monthly,1077.17,Active,AGT0043,Kedah
POL0000401,PTP002834,Family Takaful - Life Protection,Family,True,2021-01-15,2026-01-14,5,Quarterly,1169.79,Active,AGT0074,Selangor
POL0000402,PTP001293,Family Takaful - Retirement,Family,True,2026-05-25,2031-05-24,5,Annual,1265.13,Active,AGT0040,Penang
POL0000403,PTP001038,Family Takaful - Education,Family,True,2024-12-23,2025-12-23,1,Monthly,471.75,Active,AGT0097,Kuala Lumpur
POL0000404,PTP001263,Medical & Health Takaful,Family,False,2024-06-13,2039-06-10,15,Quarterly,1741.85,Active,AGT0024,Melaka
POL0000405,PTP001859,Fire Takaful,General,False,2026-08-12,2036-08-09,10,Annual,376.94,Active,AGT0078,Perak
POL0000406,PTP000011,Family Takaful - Life Protection,Family,True,2024-09-02,2044-08-28,20,Monthly,561.79,Active,AGT0043,Kedah
POL0000407,PTP002067,Medical & Health Takaful,Family,False,2023-07-14,2033-07-11,10,Annual,1984.62,Active,AGT0128,Labuan
POL0000408,PTP001239,Family Takaful - Education,Family,True,2023-04-15,2024-04-14,1,Semi-Annual,1940.28,Active,AGT0049,Selangor
POL0000409,PTP000579,Family Takaful - Retirement,Family,True,2025-03-12,2030-03-11,5,Annual,571.69,Lapsed,AGT0137,Penang
POL0000410,PTP001431,Family Takaful - Life Protection,Family,True,2025-02-02,2030-02-01,5,Annual,1402.84,Active,AGT0084,Pahang
POL0000411,PTP002551,Personal Accident Takaful,General,False,2021-08-26,2041-08-21,20,Monthly,1068.9,Matured,AGT0142,Kelantan
POL0000412,PTP001353,Family Takaful - Retirement,Family,True,2022-03-30,2037-03-26,15,Quarterly,948.4,Active,AGT0053,Johor
POL0000413,PTP002407,Family Takaful - Life Protection,Family,True,2024-06-28,2044-06-23,20,Monthly,1536.3,Active,AGT0011,Kuala Lumpur
POL0000414,PTP000804,Motor Takaful,General,False,2021-09-24,2031-09-22,10,Quarterly,1738.99,Active,AGT0045,Negeri Sembilan
POL0000415,PTP000644,Family Takaful - Education,Family,True,2025-02-24,2045-02-19,20,Quarterly,953.46,Cancelled,AGT0014,Johor
POL0000416,PTP000711,Family Takaful - Education,Family,True,2024-07-11,2029-07-10,5,Quarterly,970.75,Active,AGT0023,Negeri Sembilan
POL0000417,PTP002965,Medical & Health Takaful,Family,False,2021-12-27,2026-12-26,5,Semi-Annual,536.44,Matured,AGT0092,Terengganu
POL0000418,PTP000802,Personal Accident Takaful,General,False,2021-08-10,2022-08-10,1,Monthly,675.42,Active,AGT0079,Negeri Sembilan
POL0000419,PTP000043,Medical & Health Takaful,Family,False,2025-12-12,2045-12-07,20,Monthly,221.5,Matured,AGT0105,Terengganu
POL0000420,PTP002515,Motor Takaful,General,False,2024-05-26,2034-05-24,10,Annual,673.55,Lapsed,AGT0111,Kedah
POL0000421,PTP001252,Family Takaful - Retirement,Family,True,2024-05-28,2025-05-28,1,Quarterly,1577.02,Active,AGT0026,Perak
POL0000422,PTP001666,Motor Takaful,General,False,2023-12-30,2033-12-27,10,Annual,347.77,Active,AGT0022,Johor
POL0000423,PTP000094,Medical & Health Takaful,Family,False,2022-03-05,2037-03-01,15,Annual,1965.29,Active,AGT0024,Selangor
POL0000424,PTP000242,Personal Accident Takaful,General,False,2022-06-27,2027-06-26,5,Quarterly,1345.1,Lapsed,AGT0032,Kelantan
POL0000425,PTP002194,Family Takaful - Life Protection,Family,True,2025-09-06,2045-09-01,20,Quarterly,1853.86,Active,AGT0128,Terengganu
POL0000426,PTP002614,Medical & Health Takaful,Family,False,2022-11-30,2037-11-26,15,Annual,1679.53,Cancelled,AGT0008,Sarawak
POL0000427,PTP002587,Family Takaful - Retirement,Family,True,2026-07-27,2046-07-22,20,Monthly,1609.28,Lapsed,AGT0003,Terengganu
POL0000428,PTP002330,Family Takaful - Life Protection,Family,True,2022-07-24,2032-07-21,10,Quarterly,1009.94,Active,AGT0117,Kuala Lumpur
POL0000429,PTP002882,Family Takaful - Life Protection,Family,True,2022-10-09,2027-10-08,5,Annual,109.49,Matured,AGT0069,Pahang
POL0000430,PTP002522,Medical & Health Takaful,Family,False,2022-06-12,2032-06-09,10,Annual,1619.87,Matured,AGT0038,Terengganu
POL0000431,PTP000362,Family Takaful - Retirement,Family,True,2024-10-02,2029-10-01,5,Monthly,1806.89,Active,AGT0132,Selangor
POL0000432,PTP002894,Family Takaful - Life Protection,Family,True,2025-06-25,2026-06-25,1,Monthly,1621.73,Active,AGT0008,Sabah
POL0000433,PTP000746,Family Takaful - Retirement,Family,True,2021-02-22,2036-02-19,15,Semi-Annual,1577.19,Matured,AGT0068,Putrajaya
POL0000434,PTP001635,Fire Takaful,General,False,2024-10-29,2025-10-29,1,Monthly,1450.13,Active,AGT0022,Pahang
POL0000435,PTP001785,Medical & Health Takaful,Family,False,2023-11-30,2028-11-28,5,Annual,118.79,Active,AGT0091,Perlis
POL0000436,PTP000552,Family Takaful - Life Protection,Family,True,2026-07-09,2046-07-04,20,Annual,1041.89,Lapsed,AGT0098,Terengganu
POL0000437,PTP001744,Fire Takaful,General,False,2023-09-01,2024-08-31,1,Monthly,451.71,Active,AGT0033,Perak
POL0000438,PTP002424,Family Takaful - Education,Family,True,2021-12-28,2022-12-28,1,Quarterly,1608.76,Active,AGT0003,Melaka
POL0000439,PTP001975,Personal Accident Takaful,General,False,2024-02-09,2039-02-05,15,Monthly,1809.97,Lapsed,AGT0004,Sarawak
POL0000440,PTP002085,Family Takaful - Education,Family,True,2023-04-30,2033-04-27,10,Semi-Annual,286.44,Matured,AGT0134,Pahang
POL0000441,PTP002990,Family Takaful - Life Protection,Family,True,2022-11-22,2042-11-17,20,Monthly,615.2,Active,AGT0032,Melaka
POL0000442,PTP001883,Personal Accident Takaful,General,False,2021-07-15,2031-07-13,10,Annual,505.05,Active,AGT0062,Terengganu
POL0000443,PTP000381,Fire Takaful,General,False,2025-08-02,2040-07-29,15,Monthly,469.35,Lapsed,AGT0085,Kedah
POL0000444,PTP000517,Fire Takaful,General,False,2025-06-02,2040-05-29,15,Semi-Annual,65.26,Matured,AGT0133,Kelantan
POL0000445,PTP002568,Motor Takaful,General,False,2025-08-23,2035-08-21,10,Quarterly,791.0,Active,AGT0043,Terengganu
POL0000446,PTP002718,Fire Takaful,General,False,2023-01-31,2028-01-30,5,Quarterly,1074.8,Lapsed,AGT0001,Johor
POL0000447,PTP002159,Family Takaful - Life Protection,Family,True,2022-09-24,2027-09-23,5,Monthly,778.36,Active,AGT0131,Pahang
POL0000448,PTP001750,Motor Takaful,General,False,2024-05-05,2039-05-02,15,Annual,995.67,Active,AGT0129,Selangor
POL0000449,PTP002502,Medical & Health Takaful,Family,False,2024-02-15,2034-02-12,10,Quarterly,1613.33,Active,AGT0069,Melaka
POL0000450,PTP002354,Family Takaful - Retirement,Family,True,2026-04-30,2036-04-27,10,Quarterly,335.79,Active,AGT0052,Penang
POL0000451,PTP001957,Family Takaful - Retirement,Family,True,2024-11-12,2034-11-10,10,Quarterly,1219.42,Matured,AGT0126,Melaka
POL0000452,PTP002202,Fire Takaful,General,False,2026-02-17,2036-02-15,10,Monthly,219.62,Lapsed,AGT0075,Kelantan
POL0000453,PTP002802,Family Takaful - Life Protection,Family,True,2025-10-22,2040-10-18,15,Monthly,680.3,Lapsed,AGT0031,Labuan
POL0000454,PTP001739,Family Takaful - Retirement,Family,True,2024-10-02,2029-10-01,5,Annual,573.03,Active,AGT0082,Penang
POL0000455,PTP001468,Personal Accident Takaful,General,False,2025-11-21,2035-11-19,10,Annual,1779.11,Active,AGT0110,Kedah
POL0000456,PTP002960,Family Takaful - Education,Family,True,2021-07-24,2041-07-19,20,Semi-Annual,1913.06,Lapsed,AGT0048,Kuala Lumpur
POL0000457,PTP000452,Medical & Health Takaful,Family,False,2023-02-25,2024-02-25,1,Semi-Annual,217.43,Active,AGT0040,Sabah
POL0000458,PTP001151,Family Takaful - Life Protection,Family,True,2022-06-02,2042-05-28,20,Quarterly,597.49,Active,AGT0043,Labuan
POL0000459,PTP001563,Medical & Health Takaful,Family,False,2021-07-19,2041-07-14,20,Semi-Annual,1275.44,Active,AGT0013,Penang
POL0000460,PTP002596,Personal Accident Takaful,General,False,2021-05-18,2031-05-16,10,Quarterly,65.81,Active,AGT0077,Selangor
POL0000461,PTP000295,Personal Accident Takaful,General,False,2024-09-28,2029-09-27,5,Quarterly,905.34,Active,AGT0135,Kelantan
POL0000462,PTP001640,Fire Takaful,General,False,2026-06-14,2027-06-14,1,Semi-Annual,1860.66,Active,AGT0107,Selangor
POL0000463,PTP001414,Family Takaful - Life Protection,Family,True,2022-09-24,2037-09-20,15,Annual,129.76,Active,AGT0069,Kelantan
POL0000464,PTP002593,Fire Takaful,General,False,2022-07-19,2037-07-15,15,Semi-Annual,315.26,Lapsed,AGT0102,Negeri Sembilan
POL0000465,PTP002557,Motor Takaful,General,False,2021-09-15,2022-09-15,1,Quarterly,1218.64,Lapsed,AGT0090,Perlis
POL0000466,PTP001821,Fire Takaful,General,False,2022-09-21,2042-09-16,20,Monthly,760.64,Active,AGT0022,Terengganu
POL0000467,PTP001315,Fire Takaful,General,False,2023-06-10,2043-06-05,20,Monthly,529.51,Active,AGT0117,Pahang
POL0000468,PTP001311,Motor Takaful,General,False,2022-07-23,2023-07-23,1,Annual,1832.66,Active,AGT0067,Sarawak
POL0000469,PTP002488,Family Takaful - Retirement,Family,True,2025-06-17,2040-06-13,15,Semi-Annual,1300.63,Active,AGT0102,Selangor
POL0000470,PTP001827,Motor Takaful,General,False,2021-04-02,2036-03-29,15,Monthly,1668.77,Active,AGT0145,Johor
POL0000471,PTP002487,Motor Takaful,General,False,2021-09-22,2036-09-18,15,Semi-Annual,992.39,Active,AGT0147,Melaka
POL0000472,PTP001225,Family Takaful - Education,Family,True,2024-06-10,2044-06-05,20,Semi-Annual,1572.47,Active,AGT0026,Perlis
POL0000473,PTP001129,Motor Takaful,General,False,2022-12-30,2042-12-25,20,Quarterly,1530.7,Active,AGT0087,Labuan
POL0000474,PTP001115,Medical & Health Takaful,Family,False,2025-12-28,2040-12-24,15,Semi-Annual,733.48,Active,AGT0010,Labuan
POL0000475,PTP000077,Family Takaful - Retirement,Family,True,2024-08-28,2034-08-26,10,Semi-Annual,1464.3,Active,AGT0054,Negeri Sembilan
POL0000476,PTP000912,Personal Accident Takaful,General,False,2025-11-05,2045-10-31,20,Annual,967.96,Active,AGT0106,Sabah
POL0000477,PTP000577,Fire Takaful,General,False,2021-01-11,2041-01-06,20,Monthly,567.98,Active,AGT0062,Negeri Sembilan
POL0000478,PTP000462,Family Takaful - Retirement,Family,True,2023-05-13,2033-05-10,10,Annual,1207.8,Active,AGT0014,Kuala Lumpur
POL0000479,PTP000450,Family Takaful - Education,Family,True,2024-09-26,2034-09-24,10,Quarterly,951.57,Lapsed,AGT0068,Kedah
POL0000480,PTP002717,Family Takaful - Education,Family,True,2023-12-11,2043-12-06,20,Quarterly,993.33,Active,AGT0094,Putrajaya
POL0000481,PTP002050,Family Takaful - Retirement,Family,True,2025-07-02,2035-06-30,10,Semi-Annual,252.53,Active,AGT0125,Negeri Sembilan
POL0000482,PTP000391,Medical & Health Takaful,Family,False,2024-09-08,2034-09-06,10,Semi-Annual,961.81,Active,AGT0038,Terengganu
POL0000483,PTP001528,Family Takaful - Retirement,Family,True,2021-03-14,2041-03-09,20,Semi-Annual,1582.22,Active,AGT0078,Labuan
POL0000484,PTP001484,Motor Takaful,General,False,2022-02-05,2037-02-01,15,Quarterly,834.78,Lapsed,AGT0136,Melaka
POL0000485,PTP002573,Fire Takaful,General,False,2022-04-27,2027-04-26,5,Quarterly,850.56,Active,AGT0078,Putrajaya
POL0000486,PTP000008,Family Takaful - Retirement,Family,True,2021-03-16,2036-03-12,15,Annual,248.44,Lapsed,AGT0114,Johor
POL0000487,PTP001043,Fire Takaful,General,False,2026-07-12,2046-07-07,20,Quarterly,1003.82,Cancelled,AGT0032,Terengganu
POL0000488,PTP002924,Family Takaful - Retirement,Family,True,2024-10-24,2025-10-24,1,Quarterly,1060.49,Active,AGT0073,Terengganu
POL0000489,PTP002925,Personal Accident Takaful,General,False,2025-07-07,2026-07-07,1,Monthly,289.19,Active,AGT0100,Johor
POL0000490,PTP000080,Family Takaful - Education,Family,True,2026-02-28,2036-02-26,10,Monthly,1250.76,Active,AGT0011,Johor
POL0000491,PTP001796,Fire Takaful,General,False,2021-05-25,2036-05-21,15,Semi-Annual,947.02,Active,AGT0126,Perlis
POL0000492,PTP002871,Motor Takaful,General,False,2022-12-31,2042-12-26,20,Monthly,659.57,Active,AGT0040,Johor
POL0000493,PTP001496,Motor Takaful,General,False,2023-08-27,2043-08-22,20,Annual,1552.77,Active,AGT0064,Terengganu
POL0000494,PTP000811,Personal Accident Takaful,General,False,2025-10-21,2040-10-17,15,Semi-Annual,1999.72,Matured,AGT0092,Perlis
POL0000495,PTP000187,Medical & Health Takaful,Family,False,2021-08-25,2036-08-21,15,Quarterly,299.77,Active,AGT0022,Sarawak
POL0000496,PTP000945,Personal Accident Takaful,General,False,2024-11-15,2025-11-15,1,Monthly,1518.9,Active,AGT0049,Kuala Lumpur
POL0000497,PTP002473,Medical & Health Takaful,Family,False,2024-06-23,2029-06-22,5,Semi-Annual,1010.37,Cancelled,AGT0059,Perlis
POL0000498,PTP001660,Personal Accident Takaful,General,False,2023-07-11,2033-07-08,10,Annual,985.58,Active,AGT0017,Melaka
POL0000499,PTP002131,Family Takaful - Education,Family,True,2023-03-14,2024-03-13,1,Annual,1345.18,Active,AGT0059,Terengganu
POL0000500,PTP002576,Medical & Health Takaful,Family,False,2025-02-03,2045-01-29,20,Annual,1636.83,Lapsed,AGT0132,Sabah
POL0000501,PTP001404,Family Takaful - Life Protection,Family,True,2025-08-28,2030-08-27,5,Annual,1799.01,Lapsed,AGT0068,Penang
POL0000502,PTP000580,Motor Takaful,General,False,2025-05-18,2040-05-14,15,Monthly,1881.0,Active,AGT0033,Perak
POL0000503,PTP000804,Personal Accident Takaful,General,False,2022-11-12,2023-11-12,1,Quarterly,564.52,Active,AGT0041,Kelantan
POL0000504,PTP000339,Family Takaful - Education,Family,True,2026-06-27,2046-06-22,20,Quarterly,1156.84,Lapsed,AGT0079,Kelantan
POL0000505,PTP001305,Medical & Health Takaful,Family,False,2023-12-18,2033-12-15,10,Semi-Annual,786.21,Lapsed,AGT0047,Terengganu
POL0000506,PTP002812,Personal Accident Takaful,General,False,2024-07-22,2034-07-20,10,Monthly,608.5,Active,AGT0025,Pahang
POL0000507,PTP000350,Family Takaful - Life Protection,Family,True,2025-04-14,2040-04-10,15,Monthly,415.78,Active,AGT0037,Kuala Lumpur
POL0000508,PTP000845,Motor Takaful,General,False,2022-02-15,2042-02-10,20,Annual,471.96,Active,AGT0026,Melaka
POL0000509,PTP002035,Family Takaful - Education,Family,True,2023-12-02,2038-11-28,15,Quarterly,1357.98,Active,AGT0020,Melaka
POL0000510,PTP002712,Motor Takaful,General,False,2023-09-26,2028-09-24,5,Semi-Annual,523.72,Cancelled,AGT0025,Johor
POL0000511,PTP000757,Medical & Health Takaful,Family,False,2022-11-24,2042-11-19,20,Annual,453.76,Active,AGT0001,Labuan
POL0000512,PTP001618,Family Takaful - Retirement,Family,True,2026-04-04,2041-03-31,15,Monthly,140.11,Cancelled,AGT0124,Perlis
POL0000513,PTP000445,Motor Takaful,General,False,2023-08-30,2038-08-26,15,Semi-Annual,785.57,Active,AGT0108,Labuan
POL0000514,PTP002823,Personal Accident Takaful,General,False,2021-09-27,2036-09-23,15,Monthly,411.81,Active,AGT0011,Negeri Sembilan
POL0000515,PTP002235,Motor Takaful,General,False,2025-06-05,2045-05-31,20,Semi-Annual,146.19,Active,AGT0100,Kedah
POL0000516,PTP000184,Family Takaful - Life Protection,Family,True,2022-10-25,2037-10-21,15,Semi-Annual,1697.65,Lapsed,AGT0066,Perlis
POL0000517,PTP001914,Family Takaful - Retirement,Family,True,2022-03-24,2042-03-19,20,Annual,1245.11,Active,AGT0060,Selangor
POL0000518,PTP001585,Personal Accident Takaful,General,False,2023-10-22,2043-10-17,20,Annual,114.72,Active,AGT0059,Negeri Sembilan
POL0000519,PTP000536,Family Takaful - Retirement,Family,True,2022-04-14,2042-04-09,20,Monthly,928.73,Active,AGT0018,Terengganu
POL0000520,PTP002289,Motor Takaful,General,False,2022-02-13,2027-02-12,5,Quarterly,824.36,Active,AGT0119,Selangor
POL0000521,PTP001894,Family Takaful - Retirement,Family,True,2022-12-19,2023-12-19,1,Quarterly,1923.41,Active,AGT0064,Kelantan
POL0000522,PTP002985,Family Takaful - Life Protection,Family,True,2024-10-28,2029-10-27,5,Monthly,832.98,Active,AGT0029,Perlis
POL0000523,PTP002341,Fire Takaful,General,False,2021-04-13,2041-04-08,20,Annual,1430.29,Active,AGT0071,Selangor
POL0000524,PTP000580,Personal Accident Takaful,General,False,2023-08-08,2028-08-06,5,Semi-Annual,1556.77,Active,AGT0129,Negeri Sembilan
POL0000525,PTP000787,Fire Takaful,General,False,2021-12-05,2022-12-05,1,Annual,846.09,Active,AGT0084,Penang
POL0000526,PTP001967,Family Takaful - Retirement,Family,True,2024-10-16,2034-10-14,10,Quarterly,785.89,Lapsed,AGT0089,Johor
POL0000527,PTP000107,Family Takaful - Life Protection,Family,True,2021-11-30,2031-11-28,10,Monthly,141.82,Active,AGT0140,Kedah
POL0000528,PTP000776,Family Takaful - Education,Family,True,2024-09-15,2034-09-13,10,Annual,1050.79,Active,AGT0004,Kedah
POL0000529,PTP001389,Personal Accident Takaful,General,False,2026-02-02,2027-02-02,1,Annual,1010.92,Active,AGT0125,Selangor
POL0000530,PTP000788,Family Takaful - Education,Family,True,2024-11-15,2039-11-12,15,Monthly,1025.62,Matured,AGT0078,Penang
POL0000531,PTP000531,Family Takaful - Retirement,Family,True,2025-04-14,2026-04-14,1,Annual,693.42,Active,AGT0060,Pahang
POL0000532,PTP000856,Family Takaful - Life Protection,Family,True,2026-01-10,2041-01-06,15,Monthly,1139.3,Lapsed,AGT0117,Kelantan
POL0000533,PTP001874,Medical & Health Takaful,Family,False,2025-11-20,2026-11-20,1,Semi-Annual,68.31,Active,AGT0084,Putrajaya
POL0000534,PTP002771,Fire Takaful,General,False,2023-08-14,2024-08-13,1,Annual,1296.15,Lapsed,AGT0012,Kedah
POL0000535,PTP000925,Family Takaful - Life Protection,Family,True,2023-12-19,2043-12-14,20,Annual,1592.93,Active,AGT0128,Melaka
POL0000536,PTP001394,Family Takaful - Education,Family,True,2021-01-02,2030-12-31,10,Monthly,1108.55,Active,AGT0113,Sarawak
POL0000537,PTP000480,Motor Takaful,General,False,2022-01-15,2032-01-13,10,Semi-Annual,804.68,Lapsed,AGT0042,Labuan
POL0000538,PTP000211,Medical & Health Takaful,Family,False,2025-01-14,2045-01-09,20,Semi-Annual,1450.33,Lapsed,AGT0106,Johor
POL0000539,PTP000431,Family Takaful - Education,Family,True,2021-07-29,2036-07-25,15,Annual,1909.06,Active,AGT0116,Terengganu
POL0000540,PTP001188,Fire Takaful,General,False,2024-12-09,2039-12-06,15,Quarterly,715.77,Active,AGT0117,Perak
POL0000541,PTP000682,Medical & Health Takaful,Family,False,2023-05-11,2033-05-08,10,Semi-Annual,1038.47,Matured,AGT0007,Sarawak
POL0000542,PTP002376,Family Takaful - Education,Family,True,2023-11-23,2038-11-19,15,Semi-Annual,1080.43,Lapsed,AGT0003,Perlis
POL0000543,PTP001553,Fire Takaful,General,False,2023-01-16,2038-01-12,15,Quarterly,181.97,Matured,AGT0141,Labuan
POL0000544,PTP000139,Motor Takaful,General,False,2025-12-19,2040-12-15,15,Annual,1786.22,Active,AGT0120,Kuala Lumpur
POL0000545,PTP002680,Family Takaful - Life Protection,Family,True,2025-07-23,2030-07-22,5,Annual,783.68,Active,AGT0048,Putrajaya
POL0000546,PTP000286,Fire Takaful,General,False,2021-12-16,2022-12-16,1,Quarterly,1895.39,Cancelled,AGT0032,Perak
POL0000547,PTP002269,Motor Takaful,General,False,2025-09-15,2030-09-14,5,Monthly,415.49,Active,AGT0043,Negeri Sembilan
POL0000548,PTP000827,Family Takaful - Life Protection,Family,True,2023-08-08,2028-08-06,5,Quarterly,1384.6,Active,AGT0037,Sarawak
POL0000549,PTP002527,Motor Takaful,General,False,2023-07-31,2033-07-28,10,Monthly,595.85,Lapsed,AGT0008,Kelantan
POL0000550,PTP002319,Family Takaful - Retirement,Family,True,2023-07-18,2024-07-17,1,Semi-Annual,827.71,Active,AGT0049,Pahang
POL0000551,PTP001793,Motor Takaful,General,False,2025-05-24,2035-05-22,10,Semi-Annual,1568.13,Active,AGT0130,Pahang
POL0000552,PTP000994,Medical & Health Takaful,Family,False,2021-07-18,2022-07-18,1,Semi-Annual,1581.67,Active,AGT0143,Pahang
POL0000553,PTP001177,Motor Takaful,General,False,2026-05-16,2036-05-13,10,Monthly,528.55,Cancelled,AGT0134,Selangor
POL0000554,PTP001049,Family Takaful - Life Protection,Family,True,2025-01-23,2035-01-21,10,Quarterly,1928.02,Active,AGT0002,Pahang
POL0000555,PTP001015,Medical & Health Takaful,Family,False,2025-08-08,2035-08-06,10,Semi-Annual,1942.71,Active,AGT0008,Labuan
POL0000556,PTP002283,Personal Accident Takaful,General,False,2025-10-04,2045-09-29,20,Annual,1083.57,Active,AGT0008,Sabah
POL0000557,PTP000173,Family Takaful - Life Protection,Family,True,2022-06-17,2027-06-16,5,Monthly,288.57,Matured,AGT0009,Penang
POL0000558,PTP002546,Fire Takaful,General,False,2024-08-28,2044-08-23,20,Annual,832.5,Matured,AGT0148,Perak
POL0000559,PTP002212,Personal Accident Takaful,General,False,2026-04-18,2046-04-13,20,Annual,1072.74,Active,AGT0133,Labuan
POL0000560,PTP000832,Personal Accident Takaful,General,False,2021-11-09,2031-11-07,10,Semi-Annual,1612.81,Active,AGT0105,Sabah
POL0000561,PTP002361,Personal Accident Takaful,General,False,2022-04-09,2037-04-05,15,Annual,1835.64,Active,AGT0030,Perlis
POL0000562,PTP000035,Family Takaful - Life Protection,Family,True,2023-03-09,2028-03-07,5,Monthly,1106.71,Active,AGT0005,Pahang
POL0000563,PTP000322,Fire Takaful,General,False,2021-06-19,2026-06-18,5,Semi-Annual,1077.79,Active,AGT0021,Perak
POL0000564,PTP000087,Family Takaful - Life Protection,Family,True,2022-10-15,2023-10-15,1,Annual,210.42,Active,AGT0094,Melaka
POL0000565,PTP000274,Medical & Health Takaful,Family,False,2024-02-03,2044-01-29,20,Quarterly,1021.66,Active,AGT0018,Kuala Lumpur
POL0000566,PTP001103,Medical & Health Takaful,Family,False,2025-08-28,2030-08-27,5,Semi-Annual,1755.17,Active,AGT0005,Johor
POL0000567,PTP001457,Family Takaful - Life Protection,Family,True,2025-07-20,2045-07-15,20,Semi-Annual,922.27,Active,AGT0014,Kedah
POL0000568,PTP002955,Medical & Health Takaful,Family,False,2021-08-15,2036-08-11,15,Semi-Annual,1092.38,Active,AGT0139,Sarawak
POL0000569,PTP000827,Family Takaful - Education,Family,True,2025-03-06,2045-03-01,20,Quarterly,1907.08,Matured,AGT0143,Sarawak
POL0000570,PTP001630,Motor Takaful,General,False,2021-02-12,2036-02-09,15,Monthly,145.5,Matured,AGT0086,Putrajaya
POL0000571,PTP002435,Family Takaful - Life Protection,Family,True,2023-07-28,2028-07-26,5,Monthly,832.61,Active,AGT0137,Pahang
POL0000572,PTP002049,Fire Takaful,General,False,2022-02-13,2042-02-08,20,Monthly,1286.82,Active,AGT0012,Johor
POL0000573,PTP002317,Medical & Health Takaful,Family,False,2026-07-27,2046-07-22,20,Annual,1963.37,Active,AGT0008,Perak
POL0000574,PTP001436,Family Takaful - Education,Family,True,2022-06-20,2023-06-20,1,Quarterly,282.36,Active,AGT0091,Perak
POL0000575,PTP000976,Family Takaful - Life Protection,Family,True,2022-09-04,2042-08-30,20,Monthly,927.43,Lapsed,AGT0148,Sarawak
POL0000576,PTP001953,Motor Takaful,General,False,2024-10-26,2044-10-21,20,Monthly,364.97,Active,AGT0096,Pahang
POL0000577,PTP000512,Family Takaful - Education,Family,True,2025-10-25,2030-10-24,5,Annual,1614.04,Active,AGT0043,Selangor
POL0000578,PTP001912,Family Takaful - Retirement,Family,True,2026-02-26,2036-02-24,10,Monthly,1407.18,Cancelled,AGT0080,Sabah
POL0000579,PTP001225,Motor Takaful,General,False,2026-03-31,2031-03-30,5,Quarterly,1186.51,Active,AGT0089,Penang
POL0000580,PTP002119,Motor Takaful,General,False,2023-09-01,2024-08-31,1,Annual,396.74,Lapsed,AGT0061,Perlis
POL0000581,PTP002902,Personal Accident Takaful,General,False,2026-03-04,2041-02-28,15,Semi-Annual,385.11,Active,AGT0079,Sarawak
POL0000582,PTP002580,Family Takaful - Retirement,Family,True,2024-05-31,2044-05-26,20,Annual,1798.63,Active,AGT0097,Terengganu
POL0000583,PTP001952,Family Takaful - Education,Family,True,2024-10-14,2039-10-11,15,Semi-Annual,1517.73,Active,AGT0133,Kuala Lumpur
POL0000584,PTP000642,Motor Takaful,General,False,2021-07-12,2026-07-11,5,Monthly,576.91,Active,AGT0033,Negeri Sembilan
POL0000585,PTP001929,Motor Takaful,General,False,2025-09-12,2026-09-12,1,Monthly,1271.64,Active,AGT0003,Penang
POL0000586,PTP001717,Fire Takaful,General,False,2024-12-22,2039-12-19,15,Annual,494.71,Active,AGT0043,Kelantan
POL0000587,PTP001565,Fire Takaful,General,False,2022-07-21,2027-07-20,5,Quarterly,763.64,Matured,AGT0057,Perlis
POL0000588,PTP002456,Family Takaful - Life Protection,Family,True,2021-08-06,2041-08-01,20,Semi-Annual,1532.93,Matured,AGT0016,Johor
POL0000589,PTP002781,Family Takaful - Retirement,Family,True,2022-08-31,2037-08-27,15,Monthly,521.37,Lapsed,AGT0048,Sabah
POL0000590,PTP001623,Family Takaful - Retirement,Family,True,2021-09-27,2031-09-25,10,Semi-Annual,1008.12,Active,AGT0004,Selangor
POL0000591,PTP002598,Family Takaful - Education,Family,True,2023-12-26,2028-12-24,5,Quarterly,1840.89,Active,AGT0085,Melaka
POL0000592,PTP001837,Personal Accident Takaful,General,False,2024-06-08,2029-06-07,5,Quarterly,357.93,Lapsed,AGT0083,Perlis
POL0000593,PTP002804,Medical & Health Takaful,Family,False,2026-05-26,2041-05-22,15,Monthly,1604.64,Cancelled,AGT0064,Selangor
POL0000594,PTP000692,Family Takaful - Life Protection,Family,True,2025-11-02,2030-11-01,5,Annual,1496.42,Lapsed,AGT0061,Kelantan
POL0000595,PTP001329,Family Takaful - Education,Family,True,2021-06-24,2026-06-23,5,Monthly,329.34,Active,AGT0015,Perlis
POL0000596,PTP001232,Personal Accident Takaful,General,False,2026-01-31,2041-01-27,15,Semi-Annual,181.73,Active,AGT0116,Labuan
POL0000597,PTP001022,Personal Accident Takaful,General,False,2024-08-23,2034-08-21,10,Monthly,556.62,Lapsed,AGT0073,Sabah
POL0000598,PTP002627,Family Takaful - Life Protection,Family,True,2022-05-27,2037-05-23,15,Quarterly,1257.52,Lapsed,AGT0016,Perlis
POL0000599,PTP001815,Family Takaful - Retirement,Family,True,2024-01-02,2043-12-28,20,Quarterly,488.04,Active,AGT0060,Kelantan
POL0000600,PTP002407,Family Takaful - Education,Family,True,2024-02-10,2034-02-07,10,Quarterly,1714.66,Lapsed,AGT0089,Sabah
POL0000601,PTP002103,Medical & Health Takaful,Family,False,2023-07-01,2033-06-28,10,Quarterly,940.51,Lapsed,AGT0131,Johor
POL0000602,PTP000907,Family Takaful - Life Protection,Family,True,2021-03-22,2036-03-18,15,Semi-Annual,503.26,Active,AGT0054,Kuala Lumpur
POL0000603,PTP000741,Family Takaful - Life Protection,Family,True,2025-09-30,2035-09-28,10,Quarterly,247.87,Active,AGT0122,Melaka
POL0000604,PTP000089,Fire Takaful,General,False,2025-03-14,2030-03-13,5,Annual,1443.43,Active,AGT0062,Kedah
POL0000605,PTP001421,Family Takaful - Education,Family,True,2024-08-20,2025-08-20,1,Quarterly,829.53,Active,AGT0034,Pahang
POL0000606,PTP000393,Personal Accident Takaful,General,False,2021-04-27,2036-04-23,15,Semi-Annual,1431.97,Matured,AGT0084,Labuan
POL0000607,PTP000222,Personal Accident Takaful,General,False,2023-12-29,2024-12-28,1,Quarterly,583.1,Matured,AGT0077,Pahang
POL0000608,PTP001611,Family Takaful - Retirement,Family,True,2021-10-19,2022-10-19,1,Quarterly,1207.78,Active,AGT0096,Penang
POL0000609,PTP000540,Family Takaful - Retirement,Family,True,2023-08-11,2043-08-06,20,Monthly,1611.53,Matured,AGT0133,Penang
POL0000610,PTP002402,Family Takaful - Education,Family,True,2023-10-19,2033-10-16,10,Semi-Annual,1811.67,Lapsed,AGT0058,Negeri Sembilan
POL0000611,PTP002504,Family Takaful - Retirement,Family,True,2021-10-08,2041-10-03,20,Annual,1440.25,Active,AGT0128,Pahang
POL0000612,PTP001467,Medical & Health Takaful,Family,False,2022-05-12,2037-05-08,15,Quarterly,892.87,Active,AGT0132,Perak
POL0000613,PTP001138,Medical & Health Takaful,Family,False,2023-10-05,2024-10-04,1,Annual,1687.8,Active,AGT0106,Perak
POL0000614,PTP000305,Fire Takaful,General,False,2025-02-02,2040-01-30,15,Quarterly,513.02,Active,AGT0001,Putrajaya
POL0000615,PTP001786,Family Takaful - Education,Family,True,2024-07-04,2025-07-04,1,Monthly,613.87,Active,AGT0144,Kelantan
POL0000616,PTP002052,Personal Accident Takaful,General,False,2025-01-08,2040-01-05,15,Annual,1211.51,Matured,AGT0079,Sarawak
POL0000617,PTP002810,Family Takaful - Life Protection,Family,True,2025-09-27,2026-09-27,1,Monthly,1830.16,Lapsed,AGT0010,Johor
POL0000618,PTP000181,Family Takaful - Education,Family,True,2024-03-11,2039-03-08,15,Monthly,1478.83,Lapsed,AGT0039,Labuan
POL0000619,PTP002104,Motor Takaful,General,False,2022-02-07,2042-02-02,20,Monthly,1208.1,Active,AGT0101,Johor
POL0000620,PTP001581,Family Takaful - Life Protection,Family,True,2022-04-12,2037-04-08,15,Annual,1935.43,Lapsed,AGT0091,Penang
POL0000621,PTP002161,Personal Accident Takaful,General,False,2024-12-17,2039-12-14,15,Monthly,1865.38,Cancelled,AGT0010,Kelantan
POL0000622,PTP001369,Medical & Health Takaful,Family,False,2022-10-19,2037-10-15,15,Monthly,983.33,Active,AGT0040,Labuan
POL0000623,PTP000642,Personal Accident Takaful,General,False,2021-01-08,2041-01-03,20,Semi-Annual,268.91,Active,AGT0050,Putrajaya
POL0000624,PTP000864,Family Takaful - Retirement,Family,True,2025-09-17,2035-09-15,10,Quarterly,84.6,Lapsed,AGT0008,Kedah
POL0000625,PTP000204,Personal Accident Takaful,General,False,2025-06-28,2045-06-23,20,Semi-Annual,914.72,Active,AGT0066,Terengganu
POL0000626,PTP001164,Motor Takaful,General,False,2023-04-18,2038-04-14,15,Monthly,949.83,Active,AGT0124,Melaka
POL0000627,PTP002312,Family Takaful - Education,Family,True,2025-11-16,2040-11-12,15,Annual,1077.37,Active,AGT0018,Pahang
POL0000628,PTP002013,Family Takaful - Education,Family,True,2021-12-11,2036-12-07,15,Annual,643.43,Active,AGT0094,Kelantan
POL0000629,PTP000849,Family Takaful - Retirement,Family,True,2023-10-17,2024-10-16,1,Annual,1032.37,Active,AGT0038,Selangor
POL0000630,PTP002949,Family Takaful - Education,Family,True,2022-07-06,2032-07-03,10,Semi-Annual,1082.05,Active,AGT0055,Kedah
POL0000631,PTP001924,Fire Takaful,General,False,2026-05-08,2041-05-04,15,Monthly,1599.47,Active,AGT0026,Kelantan
POL0000632,PTP002029,Fire Takaful,General,False,2026-05-25,2027-05-25,1,Quarterly,1204.21,Lapsed,AGT0028,Terengganu
POL0000633,PTP001160,Motor Takaful,General,False,2026-05-23,2031-05-22,5,Monthly,74.6,Active,AGT0015,Perak
POL0000634,PTP001536,Personal Accident Takaful,General,False,2024-04-03,2034-04-01,10,Monthly,676.44,Cancelled,AGT0076,Kuala Lumpur
POL0000635,PTP002078,Fire Takaful,General,False,2021-05-30,2041-05-25,20,Quarterly,1192.99,Active,AGT0127,Kelantan
POL0000636,PTP002585,Medical & Health Takaful,Family,False,2023-08-29,2043-08-24,20,Quarterly,1044.5,Active,AGT0025,Kelantan
POL0000637,PTP000879,Family Takaful - Education,Family,True,2023-04-09,2033-04-06,10,Quarterly,535.02,Lapsed,AGT0016,Selangor
POL0000638,PTP000123,Motor Takaful,General,False,2021-11-22,2031-11-20,10,Quarterly,485.63,Active,AGT0058,Selangor
POL0000639,PTP002015,Fire Takaful,General,False,2024-02-13,2025-02-12,1,Annual,903.48,Active,AGT0070,Perlis
POL0000640,PTP001588,Family Takaful - Life Protection,Family,True,2026-07-27,2031-07-26,5,Annual,750.49,Active,AGT0087,Perak
POL0000641,PTP001853,Personal Accident Takaful,General,False,2024-09-02,2039-08-30,15,Quarterly,158.59,Active,AGT0010,Perak
POL0000642,PTP000920,Family Takaful - Retirement,Family,True,2021-06-09,2031-06-07,10,Annual,795.37,Active,AGT0027,Sabah
POL0000643,PTP001473,Family Takaful - Education,Family,True,2025-02-20,2045-02-15,20,Monthly,1149.53,Lapsed,AGT0027,Sabah
POL0000644,PTP002077,Family Takaful - Education,Family,True,2024-10-11,2025-10-11,1,Annual,854.99,Active,AGT0139,Johor
POL0000645,PTP000737,Family Takaful - Life Protection,Family,True,2022-06-05,2037-06-01,15,Semi-Annual,1078.05,Lapsed,AGT0125,Kuala Lumpur
POL0000646,PTP002391,Motor Takaful,General,False,2025-04-13,2030-04-12,5,Semi-Annual,861.75,Active,AGT0101,Pahang
POL0000647,PTP002260,Personal Accident Takaful,General,False,2024-02-29,2034-02-26,10,Monthly,640.72,Active,AGT0067,Perak
POL0000648,PTP001029,Motor Takaful,General,False,2025-05-29,2030-05-28,5,Quarterly,1462.16,Matured,AGT0061,Putrajaya
POL0000649,PTP000315,Family Takaful - Retirement,Family,True,2025-02-12,2026-02-12,1,Monthly,491.41,Lapsed,AGT0029,Kuala Lumpur
POL0000650,PTP002849,Family Takaful - Life Protection,Family,True,2025-04-07,2040-04-03,15,Monthly,1281.03,Matured,AGT0032,Kedah
POL0000651,PTP002743,Motor Takaful,General,False,2025-08-02,2026-08-02,1,Monthly,797.31,Active,AGT0024,Johor
POL0000652,PTP000418,Personal Accident Takaful,General,False,2022-05-28,2032-05-25,10,Annual,1701.65,Cancelled,AGT0037,Negeri Sembilan
POL0000653,PTP002975,Medical & Health Takaful,Family,False,2025-08-04,2045-07-30,20,Quarterly,1126.81,Active,AGT0012,Kedah
POL0000654,PTP001073,Family Takaful - Education,Family,True,2024-02-25,2025-02-24,1,Monthly,436.11,Active,AGT0029,Johor
POL0000655,PTP001279,Family Takaful - Education,Family,True,2024-11-01,2025-11-01,1,Quarterly,1409.94,Active,AGT0030,Putrajaya
POL0000656,PTP002406,Fire Takaful,General,False,2021-01-10,2031-01-08,10,Monthly,658.05,Active,AGT0107,Selangor
POL0000657,PTP002346,Fire Takaful,General,False,2024-01-31,2025-01-30,1,Annual,1623.01,Active,AGT0076,Putrajaya
POL0000658,PTP002157,Family Takaful - Life Protection,Family,True,2021-10-11,2022-10-11,1,Semi-Annual,435.97,Lapsed,AGT0091,Kelantan
POL0000659,PTP001114,Family Takaful - Retirement,Family,True,2026-04-25,2031-04-24,5,Quarterly,1895.41,Active,AGT0121,Melaka
POL0000660,PTP000224,Medical & Health Takaful,Family,False,2024-01-02,2025-01-01,1,Annual,483.84,Active,AGT0149,Putrajaya
POL0000661,PTP000016,Motor Takaful,General,False,2023-07-30,2028-07-28,5,Quarterly,1236.49,Active,AGT0074,Penang
POL0000662,PTP000762,Personal Accident Takaful,General,False,2025-07-15,2035-07-13,10,Annual,188.08,Active,AGT0043,Perlis
POL0000663,PTP001847,Family Takaful - Retirement,Family,True,2023-08-16,2024-08-15,1,Monthly,1420.51,Active,AGT0102,Kedah
POL0000664,PTP000359,Fire Takaful,General,False,2021-05-29,2022-05-29,1,Annual,102.19,Active,AGT0076,Perlis
POL0000665,PTP000388,Family Takaful - Life Protection,Family,True,2024-08-12,2029-08-11,5,Annual,822.52,Matured,AGT0006,Kuala Lumpur
POL0000666,PTP001151,Medical & Health Takaful,Family,False,2024-04-05,2044-03-31,20,Semi-Annual,830.01,Matured,AGT0097,Melaka
POL0000667,PTP002084,Family Takaful - Retirement,Family,True,2021-10-12,2036-10-08,15,Quarterly,73.63,Active,AGT0028,Selangor
POL0000668,PTP000220,Medical & Health Takaful,Family,False,2026-04-04,2027-04-04,1,Annual,1519.31,Active,AGT0057,Labuan
POL0000669,PTP001283,Motor Takaful,General,False,2024-06-23,2044-06-18,20,Quarterly,434.68,Lapsed,AGT0010,Putrajaya
POL0000670,PTP002162,Family Takaful - Education,Family,True,2022-03-30,2023-03-30,1,Annual,912.58,Lapsed,AGT0010,Melaka
POL0000671,PTP002524,Family Takaful - Education,Family,True,2022-11-29,2023-11-29,1,Semi-Annual,572.7,Active,AGT0092,Pahang
POL0000672,PTP002425,Medical & Health Takaful,Family,False,2026-01-08,2036-01-06,10,Quarterly,493.53,Active,AGT0133,Negeri Sembilan
POL0000673,PTP002719,Motor Takaful,General,False,2025-07-26,2035-07-24,10,Quarterly,779.35,Active,AGT0028,Labuan
POL0000674,PTP002785,Family Takaful - Education,Family,True,2023-05-15,2028-05-13,5,Monthly,752.38,Matured,AGT0015,Negeri Sembilan
POL0000675,PTP002529,Fire Takaful,General,False,2023-01-08,2038-01-04,15,Semi-Annual,1271.69,Active,AGT0099,Johor
POL0000676,PTP002513,Medical & Health Takaful,Family,False,2026-02-13,2031-02-12,5,Annual,252.34,Active,AGT0146,Negeri Sembilan
POL0000677,PTP001752,Fire Takaful,General,False,2022-09-26,2032-09-23,10,Quarterly,1037.81,Matured,AGT0051,Terengganu
POL0000678,PTP002155,Medical & Health Takaful,Family,False,2024-09-11,2029-09-10,5,Quarterly,1679.41,Matured,AGT0100,Putrajaya
POL0000679,PTP002719,Family Takaful - Education,Family,True,2023-12-05,2024-12-04,1,Quarterly,1982.51,Active,AGT0052,Johor
POL0000680,PTP001973,Motor Takaful,General,False,2025-05-19,2040-05-15,15,Annual,1877.59,Active,AGT0094,Johor
POL0000681,PTP001957,Personal Accident Takaful,General,False,2023-07-27,2033-07-24,10,Quarterly,951.89,Active,AGT0032,Kelantan
POL0000682,PTP000559,Family Takaful - Retirement,Family,True,2021-04-11,2036-04-07,15,Quarterly,1410.1,Matured,AGT0095,Melaka
POL0000683,PTP001611,Family Takaful - Retirement,Family,True,2025-06-30,2030-06-29,5,Annual,1648.24,Active,AGT0076,Pahang
POL0000684,PTP001478,Medical & Health Takaful,Family,False,2021-01-21,2026-01-20,5,Quarterly,1218.63,Active,AGT0034,Labuan
POL0000685,PTP002850,Personal Accident Takaful,General,False,2022-02-10,2042-02-05,20,Annual,1971.85,Cancelled,AGT0150,Perak
POL0000686,PTP001484,Family Takaful - Retirement,Family,True,2022-06-01,2042-05-27,20,Monthly,1675.81,Active,AGT0045,Kelantan
POL0000687,PTP000220,Family Takaful - Education,Family,True,2021-07-16,2022-07-16,1,Monthly,1578.35,Active,AGT0015,Penang
POL0000688,PTP001339,Medical & Health Takaful,Family,False,2021-10-30,2036-10-26,15,Annual,187.31,Active,AGT0067,Melaka
POL0000689,PTP002554,Fire Takaful,General,False,2021-12-02,2026-12-01,5,Quarterly,1897.74,Active,AGT0143,Perak
POL0000690,PTP002684,Personal Accident Takaful,General,False,2023-03-03,2043-02-26,20,Annual,1714.7,Lapsed,AGT0014,Kelantan
POL0000691,PTP001959,Family Takaful - Life Protection,Family,True,2023-03-17,2028-03-15,5,Semi-Annual,193.47,Active,AGT0136,Johor
POL0000692,PTP002023,Fire Takaful,General,False,2026-03-25,2031-03-24,5,Annual,1274.85,Matured,AGT0093,Pahang
POL0000693,PTP002969,Medical & Health Takaful,Family,False,2021-10-15,2041-10-10,20,Monthly,320.08,Lapsed,AGT0136,Perak
POL0000694,PTP000573,Family Takaful - Education,Family,True,2025-08-10,2030-08-09,5,Annual,1513.77,Lapsed,AGT0032,Labuan
POL0000695,PTP001575,Family Takaful - Education,Family,True,2023-07-04,2024-07-03,1,Annual,353.3,Active,AGT0030,Perlis
POL0000696,PTP002489,Family Takaful - Life Protection,Family,True,2025-10-01,2045-09-26,20,Monthly,419.08,Active,AGT0119,Perlis
POL0000697,PTP001122,Family Takaful - Education,Family,True,2023-09-26,2028-09-24,5,Monthly,489.39,Lapsed,AGT0059,Sabah
POL0000698,PTP001407,Family Takaful - Life Protection,Family,True,2022-09-04,2037-08-31,15,Monthly,1619.83,Active,AGT0062,Putrajaya
POL0000699,PTP002389,Family Takaful - Retirement,Family,True,2024-08-07,2029-08-06,5,Semi-Annual,1875.75,Active,AGT0107,Melaka
POL0000700,PTP001058,Family Takaful - Retirement,Family,True,2024-02-15,2029-02-13,5,Annual,1612.8,Lapsed,AGT0139,Perlis
POL0000701,PTP002078,Family Takaful - Education,Family,True,2022-04-21,2023-04-21,1,Quarterly,652.76,Active,AGT0110,Melaka
POL0000702,PTP000100,Motor Takaful,General,False,2021-04-11,2031-04-09,10,Annual,1145.76,Active,AGT0086,Pahang
POL0000703,PTP002878,Family Takaful - Retirement,Family,True,2021-08-17,2036-08-13,15,Quarterly,1412.27,Lapsed,AGT0136,Labuan
POL0000704,PTP002498,Family Takaful - Education,Family,True,2022-12-05,2032-12-02,10,Quarterly,1175.4,Active,AGT0069,Kelantan
POL0000705,PTP000965,Medical & Health Takaful,Family,False,2022-11-21,2023-11-21,1,Annual,854.29,Active,AGT0006,Sarawak
POL0000706,PTP000598,Family Takaful - Life Protection,Family,True,2024-08-20,2044-08-15,20,Monthly,629.07,Active,AGT0082,Terengganu
POL0000707,PTP002695,Motor Takaful,General,False,2026-06-29,2041-06-25,15,Annual,1550.65,Cancelled,AGT0147,Sarawak
POL0000708,PTP002465,Personal Accident Takaful,General,False,2025-01-10,2040-01-07,15,Semi-Annual,1712.79,Lapsed,AGT0018,Perak
POL0000709,PTP001044,Fire Takaful,General,False,2026-01-24,2036-01-22,10,Monthly,1380.27,Active,AGT0056,Kelantan
POL0000710,PTP001868,Family Takaful - Education,Family,True,2023-06-14,2043-06-09,20,Semi-Annual,880.11,Active,AGT0119,Perlis
POL0000711,PTP000427,Family Takaful - Education,Family,True,2022-10-19,2032-10-16,10,Semi-Annual,1898.75,Lapsed,AGT0042,Sarawak
POL0000712,PTP000852,Family Takaful - Education,Family,True,2021-03-01,2041-02-24,20,Annual,133.77,Cancelled,AGT0009,Perak
POL0000713,PTP002368,Family Takaful - Life Protection,Family,True,2023-11-02,2043-10-28,20,Annual,321.67,Active,AGT0044,Johor
POL0000714,PTP000162,Medical & Health Takaful,Family,False,2023-04-11,2024-04-10,1,Annual,384.94,Active,AGT0110,Terengganu
POL0000715,PTP001191,Motor Takaful,General,False,2024-11-30,2029-11-29,5,Annual,408.59,Active,AGT0017,Putrajaya
POL0000716,PTP000093,Motor Takaful,General,False,2024-04-23,2029-04-22,5,Semi-Annual,1112.3,Lapsed,AGT0018,Perlis
POL0000717,PTP002793,Fire Takaful,General,False,2022-10-19,2037-10-15,15,Annual,1245.49,Lapsed,AGT0054,Kelantan
POL0000718,PTP001337,Family Takaful - Education,Family,True,2022-10-06,2042-10-01,20,Semi-Annual,1476.17,Active,AGT0024,Selangor
POL0000719,PTP000076,Family Takaful - Retirement,Family,True,2021-11-27,2022-11-27,1,Semi-Annual,1050.87,Active,AGT0066,Perak
POL0000720,PTP000528,Medical & Health Takaful,Family,False,2022-12-10,2027-12-09,5,Monthly,1395.66,Active,AGT0003,Putrajaya
POL0000721,PTP000552,Family Takaful - Life Protection,Family,True,2023-09-13,2033-09-10,10,Quarterly,124.66,Active,AGT0049,Melaka
POL0000722,PTP002797,Family Takaful - Life Protection,Family,True,2024-01-30,2029-01-28,5,Semi-Annual,1991.74,Lapsed,AGT0148,Johor
POL0000723,PTP001781,Personal Accident Takaful,General,False,2022-08-03,2042-07-29,20,Monthly,108.76,Matured,AGT0102,Kedah
POL0000724,PTP000508,Medical & Health Takaful,Family,False,2025-10-13,2045-10-08,20,Annual,801.74,Lapsed,AGT0079,Selangor
POL0000725,PTP001019,Family Takaful - Life Protection,Family,True,2021-01-06,2031-01-04,10,Semi-Annual,778.94,Active,AGT0005,Kelantan
POL0000726,PTP000408,Medical & Health Takaful,Family,False,2025-05-21,2035-05-19,10,Monthly,1181.56,Active,AGT0140,Negeri Sembilan
POL0000727,PTP001189,Personal Accident Takaful,General,False,2024-09-18,2044-09-13,20,Semi-Annual,103.57,Lapsed,AGT0025,Labuan
POL0000728,PTP001668,Family Takaful - Retirement,Family,True,2022-08-08,2042-08-03,20,Quarterly,1893.47,Active,AGT0034,Negeri Sembilan
POL0000729,PTP000393,Family Takaful - Education,Family,True,2025-01-09,2026-01-09,1,Monthly,669.81,Active,AGT0105,Perlis
POL0000730,PTP000405,Fire Takaful,General,False,2023-03-11,2024-03-10,1,Quarterly,693.3,Lapsed,AGT0096,Sabah
POL0000731,PTP002860,Family Takaful - Life Protection,Family,True,2022-10-29,2027-10-28,5,Monthly,1338.28,Active,AGT0141,Sarawak
POL0000732,PTP001868,Fire Takaful,General,False,2025-12-28,2035-12-26,10,Semi-Annual,508.27,Lapsed,AGT0079,Labuan
POL0000733,PTP001658,Family Takaful - Life Protection,Family,True,2024-10-24,2029-10-23,5,Monthly,1211.84,Lapsed,AGT0023,Johor
POL0000734,PTP001351,Personal Accident Takaful,General,False,2022-10-14,2032-10-11,10,Annual,672.72,Lapsed,AGT0119,Putrajaya
POL0000735,PTP002885,Motor Takaful,General,False,2022-12-27,2037-12-23,15,Monthly,128.73,Cancelled,AGT0071,Selangor
POL0000736,PTP000975,Family Takaful - Education,Family,True,2023-11-10,2033-11-07,10,Monthly,1614.57,Lapsed,AGT0121,Johor
POL0000737,PTP002227,Medical & Health Takaful,Family,False,2021-10-04,2031-10-02,10,Quarterly,1662.29,Active,AGT0057,Terengganu
POL0000738,PTP002878,Family Takaful - Retirement,Family,True,2024-04-23,2034-04-21,10,Quarterly,1212.7,Active,AGT0091,Perlis
POL0000739,PTP001815,Family Takaful - Retirement,Family,True,2025-12-28,2040-12-24,15,Monthly,1219.19,Active,AGT0049,Putrajaya
POL0000740,PTP002427,Personal Accident Takaful,General,False,2023-07-05,2024-07-04,1,Semi-Annual,1431.85,Active,AGT0037,Putrajaya
POL0000741,PTP001025,Family Takaful - Retirement,Family,True,2022-03-03,2023-03-03,1,Monthly,1994.77,Active,AGT0092,Putrajaya
POL0000742,PTP000160,Personal Accident Takaful,General,False,2022-03-23,2032-03-20,10,Quarterly,1335.63,Active,AGT0053,Sarawak
POL0000743,PTP001553,Fire Takaful,General,False,2025-03-20,2026-03-20,1,Quarterly,65.14,Active,AGT0111,Penang
POL0000744,PTP000533,Fire Takaful,General,False,2023-07-20,2024-07-19,1,Annual,1389.38,Active,AGT0028,Johor
POL0000745,PTP001010,Fire Takaful,General,False,2026-05-17,2046-05-12,20,Quarterly,1773.52,Active,AGT0085,Kelantan
POL0000746,PTP000200,Personal Accident Takaful,General,False,2023-06-22,2028-06-20,5,Annual,1065.7,Lapsed,AGT0133,Terengganu
POL0000747,PTP000597,Motor Takaful,General,False,2025-02-06,2045-02-01,20,Annual,1728.52,Active,AGT0027,Melaka
POL0000748,PTP000962,Motor Takaful,General,False,2026-03-30,2041-03-26,15,Monthly,1408.52,Lapsed,AGT0146,Selangor
POL0000749,PTP002643,Family Takaful - Education,Family,True,2026-04-11,2031-04-10,5,Semi-Annual,1018.06,Active,AGT0077,Melaka
POL0000750,PTP001281,Medical & Health Takaful,Family,False,2023-11-01,2033-10-29,10,Monthly,590.35,Active,AGT0149,Sabah
POL0000751,PTP001746,Family Takaful - Life Protection,Family,True,2025-04-29,2035-04-27,10,Quarterly,605.38,Active,AGT0116,Terengganu
POL0000752,PTP002327,Family Takaful - Education,Family,True,2025-05-21,2026-05-21,1,Semi-Annual,1876.53,Active,AGT0149,Sarawak
POL0000753,PTP002504,Motor Takaful,General,False,2024-09-11,2044-09-06,20,Annual,1494.51,Lapsed,AGT0147,Perlis
POL0000754,PTP001491,Motor Takaful,General,False,2024-07-11,2039-07-08,15,Quarterly,1039.4,Matured,AGT0128,Pahang
POL0000755,PTP001707,Fire Takaful,General,False,2021-10-23,2036-10-19,15,Semi-Annual,980.06,Cancelled,AGT0056,Negeri Sembilan
POL0000756,PTP002774,Family Takaful - Education,Family,True,2026-06-26,2031-06-25,5,Annual,160.74,Active,AGT0026,Putrajaya
POL0000757,PTP001908,Medical & Health Takaful,Family,False,2022-01-20,2027-01-19,5,Monthly,666.79,Active,AGT0001,Labuan
POL0000758,PTP002081,Motor Takaful,General,False,2023-06-12,2038-06-08,15,Quarterly,1188.54,Active,AGT0129,Pahang
POL0000759,PTP001158,Family Takaful - Education,Family,True,2023-08-26,2028-08-24,5,Semi-Annual,847.16,Active,AGT0142,Pahang
POL0000760,PTP002794,Personal Accident Takaful,General,False,2021-06-27,2026-06-26,5,Quarterly,487.21,Matured,AGT0101,Pahang
POL0000761,PTP000802,Family Takaful - Life Protection,Family,True,2026-02-22,2031-02-21,5,Semi-Annual,661.45,Lapsed,AGT0073,Putrajaya
POL0000762,PTP000639,Family Takaful - Retirement,Family,True,2021-08-08,2026-08-07,5,Quarterly,322.33,Active,AGT0124,Labuan
POL0000763,PTP000307,Family Takaful - Retirement,Family,True,2025-10-03,2045-09-28,20,Monthly,692.99,Active,AGT0092,Pahang
POL0000764,PTP001508,Family Takaful - Retirement,Family,True,2026-01-24,2027-01-24,1,Quarterly,1830.83,Active,AGT0106,Johor
POL0000765,PTP001927,Family Takaful - Retirement,Family,True,2021-10-29,2026-10-28,5,Semi-Annual,865.29,Active,AGT0093,Melaka
POL0000766,PTP001926,Personal Accident Takaful,General,False,2025-05-24,2026-05-24,1,Monthly,1543.64,Active,AGT0064,Penang
POL0000767,PTP002601,Family Takaful - Life Protection,Family,True,2026-05-11,2027-05-11,1,Semi-Annual,1693.34,Active,AGT0104,Johor
POL0000768,PTP000631,Family Takaful - Life Protection,Family,True,2022-09-05,2042-08-31,20,Monthly,1315.76,Active,AGT0076,Negeri Sembilan
POL0000769,PTP001718,Motor Takaful,General,False,2024-12-15,2029-12-14,5,Semi-Annual,1358.83,Active,AGT0083,Pahang
POL0000770,PTP002379,Family Takaful - Retirement,Family,True,2021-07-29,2026-07-28,5,Quarterly,1940.57,Lapsed,AGT0110,Selangor
POL0000771,PTP002047,Medical & Health Takaful,Family,False,2026-06-19,2046-06-14,20,Semi-Annual,1231.14,Matured,AGT0056,Kedah
POL0000772,PTP002647,Family Takaful - Life Protection,Family,True,2026-06-23,2041-06-19,15,Quarterly,1722.76,Active,AGT0016,Melaka
POL0000773,PTP002779,Personal Accident Takaful,General,False,2025-08-11,2026-08-11,1,Quarterly,107.0,Active,AGT0063,Kelantan
POL0000774,PTP002317,Medical & Health Takaful,Family,False,2022-08-06,2037-08-02,15,Monthly,1785.09,Active,AGT0048,Perak
POL0000775,PTP000255,Motor Takaful,General,False,2025-12-25,2035-12-23,10,Monthly,1900.35,Active,AGT0118,Kuala Lumpur
POL0000776,PTP001769,Fire Takaful,General,False,2026-03-09,2027-03-09,1,Monthly,1839.49,Cancelled,AGT0028,Sabah
POL0000777,PTP000159,Family Takaful - Education,Family,True,2023-04-29,2043-04-24,20,Semi-Annual,1704.27,Active,AGT0009,Putrajaya
POL0000778,PTP001788,Motor Takaful,General,False,2026-05-03,2031-05-02,5,Annual,1829.11,Active,AGT0019,Sarawak
POL0000779,PTP002810,Family Takaful - Life Protection,Family,True,2023-08-06,2043-08-01,20,Monthly,1482.65,Lapsed,AGT0041,Kelantan
POL0000780,PTP002658,Motor Takaful,General,False,2022-08-24,2023-08-24,1,Semi-Annual,54.77,Active,AGT0123,Penang
POL0000781,PTP000654,Family Takaful - Life Protection,Family,True,2025-09-08,2026-09-08,1,Quarterly,1738.49,Matured,AGT0131,Kedah
POL0000782,PTP002673,Medical & Health Takaful,Family,False,2025-12-26,2035-12-24,10,Monthly,404.57,Active,AGT0144,Pahang
POL0000783,PTP002012,Fire Takaful,General,False,2025-12-28,2030-12-27,5,Quarterly,1786.8,Active,AGT0050,Perak
POL0000784,PTP000651,Fire Takaful,General,False,2021-04-16,2022-04-16,1,Quarterly,1962.66,Active,AGT0148,Kuala Lumpur
POL0000785,PTP001193,Family Takaful - Retirement,Family,True,2025-08-31,2040-08-27,15,Semi-Annual,763.07,Active,AGT0070,Labuan
POL0000786,PTP001673,Family Takaful - Education,Family,True,2025-09-04,2026-09-04,1,Semi-Annual,1311.13,Active,AGT0066,Pahang
POL0000787,PTP000725,Family Takaful - Retirement,Family,True,2026-03-04,2031-03-03,5,Annual,933.44,Active,AGT0121,Labuan
POL0000788,PTP002243,Motor Takaful,General,False,2023-12-05,2024-12-04,1,Semi-Annual,910.96,Active,AGT0123,Putrajaya
POL0000789,PTP001877,Personal Accident Takaful,General,False,2021-08-05,2036-08-01,15,Annual,218.5,Cancelled,AGT0040,Negeri Sembilan
POL0000790,PTP000636,Medical & Health Takaful,Family,False,2021-09-09,2041-09-04,20,Quarterly,315.85,Matured,AGT0019,Kelantan
POL0000791,PTP001054,Family Takaful - Education,Family,True,2025-11-28,2026-11-28,1,Quarterly,52.55,Matured,AGT0020,Perlis
POL0000792,PTP000137,Family Takaful - Retirement,Family,True,2025-05-05,2040-05-01,15,Monthly,1108.36,Lapsed,AGT0020,Kelantan
POL0000793,PTP001549,Family Takaful - Retirement,Family,True,2026-04-18,2046-04-13,20,Monthly,1684.32,Active,AGT0150,Sarawak
POL0000794,PTP000505,Family Takaful - Life Protection,Family,True,2023-12-12,2028-12-10,5,Semi-Annual,1135.46,Active,AGT0096,Melaka
POL0000795,PTP000341,Personal Accident Takaful,General,False,2025-06-22,2026-06-22,1,Monthly,215.24,Cancelled,AGT0143,Melaka
POL0000796,PTP002279,Family Takaful - Education,Family,True,2025-12-08,2026-12-08,1,Monthly,1865.38,Active,AGT0132,Kelantan
POL0000797,PTP001991,Personal Accident Takaful,General,False,2022-02-25,2032-02-23,10,Annual,382.57,Active,AGT0027,Kuala Lumpur
POL0000798,PTP001931,Personal Accident Takaful,General,False,2024-03-14,2025-03-14,1,Quarterly,605.71,Active,AGT0141,Terengganu
POL0000799,PTP002999,Medical & Health Takaful,Family,False,2025-04-03,2040-03-30,15,Semi-Annual,1413.81,Active,AGT0014,Pahang
POL0000800,PTP000276,Family Takaful - Education,Family,True,2021-05-24,2041-05-19,20,Monthly,1854.05,Active,AGT0014,Johor
POL0000801,PTP002034,Motor Takaful,General,False,2025-01-23,2026-01-23,1,Monthly,1466.7,Active,AGT0039,Terengganu
POL0000802,PTP002725,Family Takaful - Retirement,Family,True,2026-04-24,2031-04-23,5,Quarterly,1387.85,Lapsed,AGT0045,Kuala Lumpur
POL0000803,PTP000336,Family Takaful - Education,Family,True,2022-12-07,2042-12-02,20,Annual,1807.38,Active,AGT0122,Melaka
POL0000804,PTP002656,Medical & Health Takaful,Family,False,2024-09-29,2029-09-28,5,Annual,1742.9,Active,AGT0116,Negeri Sembilan
POL0000805,PTP001043,Personal Accident Takaful,General,False,2022-11-16,2032-11-13,10,Semi-Annual,345.13,Active,AGT0043,Kuala Lumpur
POL0000806,PTP001153,Family Takaful - Education,Family,True,2025-07-15,2035-07-13,10,Quarterly,270.36,Active,AGT0011,Terengganu
POL0000807,PTP000381,Family Takaful - Life Protection,Family,True,2023-09-04,2038-08-31,15,Quarterly,1877.99,Matured,AGT0109,Kelantan
POL0000808,PTP002349,Personal Accident Takaful,General,False,2026-01-07,2041-01-03,15,Annual,1090.47,Lapsed,AGT0002,Pahang
POL0000809,PTP001407,Medical & Health Takaful,Family,False,2021-12-29,2036-12-25,15,Monthly,637.3,Lapsed,AGT0134,Negeri Sembilan
POL0000810,PTP002521,Fire Takaful,General,False,2025-05-21,2045-05-16,20,Semi-Annual,1042.82,Active,AGT0009,Kuala Lumpur
POL0000811,PTP000867,Personal Accident Takaful,General,False,2024-10-14,2044-10-09,20,Semi-Annual,831.5,Lapsed,AGT0092,Putrajaya
POL0000812,PTP001047,Family Takaful - Retirement,Family,True,2024-09-16,2025-09-16,1,Annual,1151.63,Active,AGT0067,Terengganu
POL0000813,PTP000998,Family Takaful - Retirement,Family,True,2022-08-19,2037-08-15,15,Monthly,1486.44,Active,AGT0030,Penang
POL0000814,PTP002833,Family Takaful - Education,Family,True,2025-03-04,2026-03-04,1,Semi-Annual,1926.21,Active,AGT0109,Pahang
POL0000815,PTP002444,Family Takaful - Life Protection,Family,True,2022-11-11,2023-11-11,1,Annual,523.39,Active,AGT0054,Kuala Lumpur
POL0000816,PTP002700,Medical & Health Takaful,Family,False,2023-03-25,2033-03-22,10,Monthly,1401.7,Matured,AGT0011,Perak
POL0000817,PTP000606,Fire Takaful,General,False,2025-09-11,2035-09-09,10,Annual,351.98,Active,AGT0035,Selangor
POL0000818,PTP001372,Personal Accident Takaful,General,False,2024-09-21,2034-09-19,10,Quarterly,1115.97,Lapsed,AGT0133,Labuan
POL0000819,PTP002245,Personal Accident Takaful,General,False,2022-02-22,2042-02-17,20,Monthly,324.77,Matured,AGT0073,Labuan
POL0000820,PTP002798,Family Takaful - Retirement,Family,True,2024-02-22,2039-02-18,15,Monthly,644.84,Active,AGT0150,Kedah
POL0000821,PTP001867,Family Takaful - Education,Family,True,2026-05-28,2046-05-23,20,Annual,1841.76,Cancelled,AGT0047,Penang
POL0000822,PTP001075,Medical & Health Takaful,Family,False,2021-11-18,2036-11-14,15,Semi-Annual,407.16,Active,AGT0070,Terengganu
POL0000823,PTP000591,Motor Takaful,General,False,2023-01-12,2038-01-08,15,Annual,919.73,Active,AGT0129,Putrajaya
POL0000824,PTP002416,Motor Takaful,General,False,2026-03-04,2041-02-28,15,Semi-Annual,694.75,Active,AGT0067,Putrajaya
POL0000825,PTP001208,Family Takaful - Education,Family,True,2023-08-24,2033-08-21,10,Quarterly,58.33,Lapsed,AGT0149,Sarawak
POL0000826,PTP001704,Family Takaful - Education,Family,True,2024-09-06,2044-09-01,20,Annual,898.18,Active,AGT0017,Sarawak
POL0000827,PTP001029,Medical & Health Takaful,Family,False,2023-10-18,2043-10-13,20,Monthly,1225.48,Active,AGT0072,Negeri Sembilan
POL0000828,PTP001207,Medical & Health Takaful,Family,False,2023-09-20,2038-09-16,15,Semi-Annual,1451.6,Active,AGT0018,Terengganu
POL0000829,PTP001678,Motor Takaful,General,False,2025-07-05,2030-07-04,5,Quarterly,1425.24,Matured,AGT0016,Putrajaya
POL0000830,PTP000116,Fire Takaful,General,False,2025-09-12,2035-09-10,10,Monthly,1245.91,Matured,AGT0060,Johor
POL0000831,PTP001552,Family Takaful - Education,Family,True,2022-06-22,2027-06-21,5,Semi-Annual,926.55,Active,AGT0014,Sarawak
POL0000832,PTP001803,Fire Takaful,General,False,2022-12-23,2037-12-19,15,Annual,181.44,Active,AGT0042,Negeri Sembilan
POL0000833,PTP001222,Medical & Health Takaful,Family,False,2024-12-13,2039-12-10,15,Monthly,416.7,Lapsed,AGT0027,Perak
POL0000834,PTP002563,Family Takaful - Education,Family,True,2023-05-09,2043-05-04,20,Annual,1412.13,Active,AGT0048,Labuan
POL0000835,PTP002211,Personal Accident Takaful,General,False,2021-07-14,2036-07-10,15,Semi-Annual,861.58,Active,AGT0077,Terengganu
POL0000836,PTP002551,Personal Accident Takaful,General,False,2024-09-19,2044-09-14,20,Quarterly,832.61,Active,AGT0084,Negeri Sembilan
POL0000837,PTP000328,Motor Takaful,General,False,2021-04-28,2026-04-27,5,Quarterly,1275.53,Active,AGT0020,Sabah
POL0000838,PTP002715,Motor Takaful,General,False,2025-04-11,2040-04-07,15,Semi-Annual,1188.8,Lapsed,AGT0070,Kelantan
POL0000839,PTP002414,Fire Takaful,General,False,2024-06-24,2029-06-23,5,Quarterly,1096.87,Cancelled,AGT0137,Negeri Sembilan
POL0000840,PTP001840,Family Takaful - Education,Family,True,2024-09-06,2029-09-05,5,Monthly,136.69,Active,AGT0043,Putrajaya
POL0000841,PTP000374,Personal Accident Takaful,General,False,2022-11-18,2027-11-17,5,Monthly,1504.29,Active,AGT0111,Kelantan
POL0000842,PTP002143,Medical & Health Takaful,Family,False,2024-04-15,2029-04-14,5,Annual,1585.91,Active,AGT0035,Perlis
POL0000843,PTP002219,Fire Takaful,General,False,2024-10-16,2029-10-15,5,Annual,968.84,Lapsed,AGT0008,Kedah
POL0000844,PTP000613,Family Takaful - Education,Family,True,2026-06-02,2041-05-29,15,Semi-Annual,1144.02,Active,AGT0021,Selangor
POL0000845,PTP001666,Family Takaful - Life Protection,Family,True,2023-07-22,2028-07-20,5,Semi-Annual,568.62,Lapsed,AGT0095,Labuan
POL0000846,PTP000995,Family Takaful - Retirement,Family,True,2025-10-08,2030-10-07,5,Quarterly,426.11,Matured,AGT0116,Labuan
POL0000847,PTP002640,Fire Takaful,General,False,2021-05-30,2022-05-30,1,Quarterly,546.64,Active,AGT0092,Labuan
POL0000848,PTP000895,Family Takaful - Education,Family,True,2022-05-31,2037-05-27,15,Quarterly,480.22,Active,AGT0089,Putrajaya
POL0000849,PTP000093,Family Takaful - Retirement,Family,True,2022-10-31,2032-10-28,10,Quarterly,131.43,Active,AGT0087,Negeri Sembilan
POL0000850,PTP001682,Motor Takaful,General,False,2023-07-03,2043-06-28,20,Annual,1601.74,Active,AGT0076,Johor
POL0000851,PTP000426,Medical & Health Takaful,Family,False,2026-05-07,2046-05-02,20,Monthly,1098.0,Active,AGT0150,Perlis
POL0000852,PTP002612,Personal Accident Takaful,General,False,2024-03-15,2039-03-12,15,Annual,1745.42,Active,AGT0101,Pahang
POL0000853,PTP001557,Motor Takaful,General,False,2021-02-11,2031-02-09,10,Semi-Annual,1929.62,Active,AGT0068,Perlis
POL0000854,PTP002046,Fire Takaful,General,False,2023-07-24,2028-07-22,5,Quarterly,415.45,Active,AGT0019,Sabah
POL0000855,PTP001161,Motor Takaful,General,False,2024-09-14,2034-09-12,10,Annual,1092.59,Active,AGT0109,Sabah
POL0000856,PTP000980,Fire Takaful,General,False,2023-12-09,2033-12-06,10,Semi-Annual,1186.23,Cancelled,AGT0108,Melaka
POL0000857,PTP000131,Medical & Health Takaful,Family,False,2025-08-17,2026-08-17,1,Semi-Annual,1290.55,Active,AGT0022,Perak
POL0000858,PTP002943,Family Takaful - Education,Family,True,2023-07-13,2028-07-11,5,Monthly,1173.05,Active,AGT0062,Labuan
POL0000859,PTP000374,Personal Accident Takaful,General,False,2025-03-20,2030-03-19,5,Quarterly,1111.39,Active,AGT0141,Kuala Lumpur
POL0000860,PTP001313,Motor Takaful,General,False,2021-11-07,2022-11-07,1,Monthly,1104.63,Matured,AGT0094,Sarawak
POL0000861,PTP000847,Medical & Health Takaful,Family,False,2024-02-22,2029-02-20,5,Annual,685.85,Active,AGT0116,Labuan
POL0000862,PTP000679,Motor Takaful,General,False,2026-03-03,2027-03-03,1,Annual,1996.07,Active,AGT0111,Terengganu
POL0000863,PTP001896,Fire Takaful,General,False,2024-04-26,2034-04-24,10,Semi-Annual,1923.39,Active,AGT0146,Terengganu
POL0000864,PTP001507,Family Takaful - Education,Family,True,2024-11-04,2034-11-02,10,Quarterly,1798.27,Active,AGT0100,Perak
POL0000865,PTP002307,Fire Takaful,General,False,2021-12-06,2036-12-02,15,Semi-Annual,273.73,Matured,AGT0074,Penang
POL0000866,PTP002291,Family Takaful - Life Protection,Family,True,2024-11-14,2029-11-13,5,Quarterly,1394.87,Lapsed,AGT0094,Perak
POL0000867,PTP000253,Medical & Health Takaful,Family,False,2022-11-03,2023-11-03,1,Semi-Annual,819.0,Active,AGT0018,Sabah
POL0000868,PTP000380,Family Takaful - Retirement,Family,True,2025-03-13,2040-03-09,15,Semi-Annual,626.02,Active,AGT0016,Sarawak
POL0000869,PTP000166,Personal Accident Takaful,General,False,2022-07-10,2037-07-06,15,Semi-Annual,1279.82,Active,AGT0007,Perak
POL0000870,PTP001230,Family Takaful - Education,Family,True,2023-02-12,2033-02-09,10,Quarterly,1382.24,Active,AGT0024,Sabah
POL0000871,PTP001166,Family Takaful - Retirement,Family,True,2021-02-09,2026-02-08,5,Annual,1186.36,Active,AGT0006,Melaka
POL0000872,PTP000370,Family Takaful - Life Protection,Family,True,2021-12-29,2041-12-24,20,Semi-Annual,1807.3,Lapsed,AGT0043,Terengganu
POL0000873,PTP001959,Motor Takaful,General,False,2024-07-22,2044-07-17,20,Monthly,1157.96,Active,AGT0123,Melaka
POL0000874,PTP000363,Family Takaful - Life Protection,Family,True,2023-08-28,2028-08-26,5,Annual,683.59,Active,AGT0142,Penang
POL0000875,PTP000467,Family Takaful - Life Protection,Family,True,2024-05-24,2029-05-23,5,Semi-Annual,560.87,Active,AGT0052,Sarawak
POL0000876,PTP002461,Personal Accident Takaful,General,False,2025-11-07,2030-11-06,5,Annual,1790.36,Active,AGT0023,Sabah
POL0000877,PTP002022,Family Takaful - Life Protection,Family,True,2024-04-04,2029-04-03,5,Monthly,276.15,Active,AGT0043,Penang
POL0000878,PTP002851,Fire Takaful,General,False,2023-04-15,2043-04-10,20,Quarterly,212.99,Active,AGT0075,Negeri Sembilan
POL0000879,PTP002296,Family Takaful - Education,Family,True,2022-10-29,2042-10-24,20,Monthly,1075.0,Active,AGT0136,Penang
POL0000880,PTP002370,Medical & Health Takaful,Family,False,2025-08-16,2035-08-14,10,Quarterly,1628.66,Active,AGT0147,Johor
POL0000881,PTP002770,Motor Takaful,General,False,2021-05-28,2041-05-23,20,Quarterly,350.46,Active,AGT0101,Sarawak
POL0000882,PTP000386,Medical & Health Takaful,Family,False,2022-09-13,2027-09-12,5,Annual,1532.73,Active,AGT0077,Penang
POL0000883,PTP001984,Family Takaful - Education,Family,True,2021-02-16,2026-02-15,5,Monthly,1397.02,Active,AGT0130,Labuan
POL0000884,PTP001191,Family Takaful - Education,Family,True,2024-08-08,2025-08-08,1,Quarterly,268.43,Lapsed,AGT0006,Kedah
POL0000885,PTP001116,Personal Accident Takaful,General,False,2023-12-16,2043-12-11,20,Monthly,767.37,Cancelled,AGT0020,Melaka
POL0000886,PTP002127,Medical & Health Takaful,Family,False,2025-05-20,2035-05-18,10,Annual,163.16,Active,AGT0040,Terengganu
POL0000887,PTP002898,Personal Accident Takaful,General,False,2026-02-25,2031-02-24,5,Annual,490.88,Lapsed,AGT0054,Johor
POL0000888,PTP001616,Family Takaful - Education,Family,True,2023-03-14,2038-03-10,15,Monthly,1921.38,Active,AGT0015,Pahang
POL0000889,PTP002827,Personal Accident Takaful,General,False,2025-12-06,2026-12-06,1,Annual,1910.51,Matured,AGT0053,Kuala Lumpur
POL0000890,PTP001739,Medical & Health Takaful,Family,False,2026-03-06,2027-03-06,1,Semi-Annual,76.65,Active,AGT0102,Kelantan
POL0000891,PTP002812,Motor Takaful,General,False,2023-10-03,2028-10-01,5,Quarterly,1974.29,Active,AGT0119,Kuala Lumpur
POL0000892,PTP000120,Medical & Health Takaful,Family,False,2022-03-19,2032-03-16,10,Monthly,1069.68,Lapsed,AGT0149,Labuan
POL0000893,PTP000270,Family Takaful - Retirement,Family,True,2021-07-18,2041-07-13,20,Quarterly,870.67,Active,AGT0077,Sarawak
POL0000894,PTP000126,Personal Accident Takaful,General,False,2025-07-22,2035-07-20,10,Annual,1784.63,Active,AGT0139,Sarawak
POL0000895,PTP002553,Fire Takaful,General,False,2022-12-02,2027-12-01,5,Monthly,962.83,Lapsed,AGT0127,Sabah
POL0000896,PTP000583,Motor Takaful,General,False,2024-08-24,2044-08-19,20,Quarterly,1685.01,Active,AGT0141,Pahang
POL0000897,PTP001124,Family Takaful - Retirement,Family,True,2024-07-19,2025-07-19,1,Monthly,462.57,Matured,AGT0108,Selangor
POL0000898,PTP000880,Family Takaful - Retirement,Family,True,2022-11-08,2027-11-07,5,Quarterly,885.31,Active,AGT0126,Sarawak
POL0000899,PTP001624,Motor Takaful,General,False,2023-02-28,2028-02-27,5,Monthly,1908.05,Active,AGT0061,Perlis
POL0000900,PTP001046,Medical & Health Takaful,Family,False,2025-01-31,2045-01-26,20,Annual,656.84,Matured,AGT0071,Perlis
POL0000901,PTP001965,Fire Takaful,General,False,2023-12-25,2024-12-24,1,Annual,816.14,Lapsed,AGT0034,Kuala Lumpur
POL0000902,PTP001640,Family Takaful - Life Protection,Family,True,2022-03-09,2037-03-05,15,Quarterly,699.19,Active,AGT0124,Kelantan
POL0000903,PTP000153,Family Takaful - Education,Family,True,2023-12-02,2033-11-29,10,Monthly,1051.1,Active,AGT0029,Melaka
POL0000904,PTP001037,Personal Accident Takaful,General,False,2021-11-22,2031-11-20,10,Monthly,906.85,Lapsed,AGT0055,Kelantan
POL0000905,PTP000281,Family Takaful - Education,Family,True,2025-08-24,2045-08-19,20,Monthly,793.36,Active,AGT0008,Sarawak
POL0000906,PTP001537,Family Takaful - Education,Family,True,2022-01-01,2041-12-27,20,Annual,1234.77,Lapsed,AGT0006,Pahang
POL0000907,PTP001400,Family Takaful - Retirement,Family,True,2024-01-10,2039-01-06,15,Semi-Annual,1944.13,Active,AGT0102,Kedah
POL0000908,PTP001556,Motor Takaful,General,False,2023-11-13,2028-11-11,5,Monthly,1024.67,Cancelled,AGT0007,Sarawak
POL0000909,PTP001189,Personal Accident Takaful,General,False,2024-01-22,2034-01-19,10,Semi-Annual,597.58,Lapsed,AGT0091,Perlis
POL0000910,PTP001737,Family Takaful - Education,Family,True,2021-02-06,2026-02-05,5,Monthly,1985.33,Active,AGT0106,Perak
POL0000911,PTP000624,Medical & Health Takaful,Family,False,2022-09-06,2027-09-05,5,Annual,1938.91,Lapsed,AGT0121,Melaka
POL0000912,PTP002814,Family Takaful - Life Protection,Family,True,2022-02-10,2037-02-06,15,Quarterly,1500.3,Active,AGT0136,Kedah
POL0000913,PTP002192,Family Takaful - Retirement,Family,True,2021-08-15,2041-08-10,20,Annual,683.45,Active,AGT0150,Sarawak
POL0000914,PTP001060,Family Takaful - Education,Family,True,2021-12-15,2036-12-11,15,Semi-Annual,1381.79,Active,AGT0030,Penang
POL0000915,PTP000775,Medical & Health Takaful,Family,False,2023-11-30,2024-11-29,1,Semi-Annual,519.07,Active,AGT0049,Labuan
POL0000916,PTP001899,Family Takaful - Education,Family,True,2021-03-05,2036-03-01,15,Annual,386.81,Matured,AGT0085,Pahang
POL0000917,PTP002908,Family Takaful - Education,Family,True,2024-06-02,2029-06-01,5,Semi-Annual,1208.14,Active,AGT0100,Perlis
POL0000918,PTP002360,Family Takaful - Retirement,Family,True,2024-04-17,2029-04-16,5,Annual,1678.85,Lapsed,AGT0091,Perlis
POL0000919,PTP000535,Medical & Health Takaful,Family,False,2024-11-05,2029-11-04,5,Monthly,1025.96,Active,AGT0018,Putrajaya
POL0000920,PTP000839,Family Takaful - Retirement,Family,True,2024-06-07,2039-06-04,15,Semi-Annual,1180.92,Active,AGT0082,Sabah
POL0000921,PTP000960,Family Takaful - Retirement,Family,True,2022-04-27,2037-04-23,15,Quarterly,1437.62,Lapsed,AGT0109,Melaka
POL0000922,PTP003000,Motor Takaful,General,False,2026-06-16,2027-06-16,1,Monthly,1389.36,Active,AGT0114,Selangor
POL0000923,PTP001906,Motor Takaful,General,False,2022-02-28,2027-02-27,5,Semi-Annual,1382.02,Active,AGT0087,Putrajaya
POL0000924,PTP001660,Family Takaful - Education,Family,True,2023-09-08,2024-09-07,1,Semi-Annual,1720.05,Active,AGT0024,Negeri Sembilan
POL0000925,PTP000712,Fire Takaful,General,False,2023-10-02,2033-09-29,10,Quarterly,1441.58,Lapsed,AGT0139,Sarawak
POL0000926,PTP002622,Family Takaful - Life Protection,Family,True,2026-06-03,2031-06-02,5,Annual,1365.28,Lapsed,AGT0104,Labuan
POL0000927,PTP002351,Motor Takaful,General,False,2022-05-26,2027-05-25,5,Quarterly,144.14,Active,AGT0084,Kelantan
POL0000928,PTP001122,Fire Takaful,General,False,2026-02-13,2041-02-09,15,Monthly,236.92,Active,AGT0144,Perak
POL0000929,PTP002986,Fire Takaful,General,False,2021-09-23,2041-09-18,20,Annual,1737.34,Cancelled,AGT0134,Melaka
POL0000930,PTP000299,Fire Takaful,General,False,2021-01-09,2036-01-06,15,Monthly,1469.06,Active,AGT0107,Johor
POL0000931,PTP000312,Family Takaful - Retirement,Family,True,2025-07-02,2035-06-30,10,Monthly,546.43,Cancelled,AGT0150,Kedah
POL0000932,PTP000248,Personal Accident Takaful,General,False,2026-02-17,2036-02-15,10,Quarterly,1610.48,Lapsed,AGT0078,Labuan
POL0000933,PTP000872,Fire Takaful,General,False,2024-10-10,2029-10-09,5,Annual,520.29,Cancelled,AGT0144,Labuan
POL0000934,PTP001878,Family Takaful - Education,Family,True,2021-08-20,2036-08-16,15,Monthly,1142.62,Active,AGT0088,Kedah
POL0000935,PTP000707,Family Takaful - Retirement,Family,True,2022-01-24,2027-01-23,5,Monthly,218.77,Active,AGT0042,Sabah
POL0000936,PTP001664,Medical & Health Takaful,Family,False,2021-09-05,2041-08-31,20,Annual,847.74,Active,AGT0005,Perak
POL0000937,PTP002217,Medical & Health Takaful,Family,False,2025-01-16,2030-01-15,5,Quarterly,1121.16,Lapsed,AGT0093,Putrajaya
POL0000938,PTP000259,Medical & Health Takaful,Family,False,2024-06-13,2039-06-10,15,Quarterly,1528.06,Cancelled,AGT0001,Selangor
POL0000939,PTP000774,Fire Takaful,General,False,2026-04-19,2027-04-19,1,Monthly,1672.33,Active,AGT0063,Labuan
POL0000940,PTP002131,Personal Accident Takaful,General,False,2021-09-06,2041-09-01,20,Annual,1281.45,Matured,AGT0112,Kedah
POL0000941,PTP000673,Family Takaful - Education,Family,True,2026-08-05,2027-08-05,1,Quarterly,1162.75,Active,AGT0070,Perak
POL0000942,PTP002755,Fire Takaful,General,False,2025-11-18,2040-11-14,15,Annual,1458.95,Matured,AGT0046,Perlis
POL0000943,PTP001424,Family Takaful - Education,Family,True,2026-04-29,2036-04-26,10,Semi-Annual,1362.74,Lapsed,AGT0102,Pahang
POL0000944,PTP001809,Family Takaful - Life Protection,Family,True,2025-10-16,2040-10-12,15,Semi-Annual,820.58,Active,AGT0131,Sabah
POL0000945,PTP002057,Family Takaful - Education,Family,True,2026-01-04,2045-12-30,20,Annual,579.32,Active,AGT0001,Kuala Lumpur
POL0000946,PTP000794,Family Takaful - Retirement,Family,True,2024-09-29,2029-09-28,5,Monthly,1521.85,Active,AGT0046,Kelantan
POL0000947,PTP002505,Family Takaful - Life Protection,Family,True,2021-08-27,2026-08-26,5,Annual,293.76,Active,AGT0066,Terengganu
POL0000948,PTP000704,Family Takaful - Retirement,Family,True,2025-12-21,2030-12-20,5,Monthly,520.97,Cancelled,AGT0119,Melaka
POL0000949,PTP000161,Fire Takaful,General,False,2025-04-10,2030-04-09,5,Annual,703.27,Active,AGT0038,Perak
POL0000950,PTP001114,Medical & Health Takaful,Family,False,2025-06-26,2040-06-22,15,Quarterly,767.79,Active,AGT0143,Sarawak
POL0000951,PTP001976,Personal Accident Takaful,General,False,2021-04-12,2022-04-12,1,Semi-Annual,1454.24,Lapsed,AGT0054,Kelantan
POL0000952,PTP002963,Personal Accident Takaful,General,False,2025-07-30,2045-07-25,20,Quarterly,1864.87,Active,AGT0112,Kedah
POL0000953,PTP000890,Family Takaful - Retirement,Family,True,2022-06-15,2027-06-14,5,Semi-Annual,1088.94,Active,AGT0041,Kedah
POL0000954,PTP001907,Family Takaful - Life Protection,Family,True,2023-06-17,2038-06-13,15,Quarterly,1364.63,Active,AGT0149,Sarawak
POL0000955,PTP000418,Family Takaful - Education,Family,True,2023-08-13,2028-08-11,5,Monthly,1449.05,Active,AGT0150,Negeri Sembilan
POL0000956,PTP000584,Fire Takaful,General,False,2023-05-01,2033-04-28,10,Monthly,1874.43,Active,AGT0115,Selangor
POL0000957,PTP001095,Family Takaful - Life Protection,Family,True,2023-02-22,2028-02-21,5,Quarterly,1779.43,Active,AGT0138,Sarawak
POL0000958,PTP002185,Family Takaful - Retirement,Family,True,2025-02-12,2040-02-09,15,Monthly,1287.5,Active,AGT0125,Selangor
POL0000959,PTP001104,Medical & Health Takaful,Family,False,2023-06-17,2038-06-13,15,Semi-Annual,247.0,Lapsed,AGT0030,Labuan
POL0000960,PTP001725,Motor Takaful,General,False,2025-04-29,2045-04-24,20,Annual,82.3,Active,AGT0092,Negeri Sembilan
POL0000961,PTP001239,Fire Takaful,General,False,2022-08-14,2023-08-14,1,Quarterly,766.92,Active,AGT0041,Perlis
POL0000962,PTP001186,Family Takaful - Education,Family,True,2024-08-16,2029-08-15,5,Annual,1440.91,Active,AGT0110,Terengganu
POL0000963,PTP002527,Family Takaful - Life Protection,Family,True,2023-12-14,2028-12-12,5,Quarterly,1076.04,Active,AGT0147,Kuala Lumpur
POL0000964,PTP000906,Motor Takaful,General,False,2026-02-15,2046-02-10,20,Annual,1824.85,Matured,AGT0133,Sarawak
POL0000965,PTP002776,Family Takaful - Life Protection,Family,True,2021-11-25,2031-11-23,10,Quarterly,94.57,Active,AGT0131,Terengganu
POL0000966,PTP002383,Personal Accident Takaful,General,False,2025-09-19,2035-09-17,10,Monthly,1605.84,Active,AGT0008,Perak
POL0000967,PTP001359,Family Takaful - Education,Family,True,2025-06-11,2040-06-07,15,Annual,897.08,Active,AGT0010,Kelantan
POL0000968,PTP002647,Medical & Health Takaful,Family,False,2023-07-04,2033-07-01,10,Annual,1013.71,Active,AGT0077,Perlis
POL0000969,PTP001011,Family Takaful - Life Protection,Family,True,2025-01-07,2045-01-02,20,Monthly,223.6,Active,AGT0086,Sabah
POL0000970,PTP001272,Family Takaful - Life Protection,Family,True,2026-04-08,2041-04-04,15,Monthly,379.35,Active,AGT0145,Kelantan
POL0000971,PTP000992,Fire Takaful,General,False,2025-12-15,2035-12-13,10,Annual,451.5,Active,AGT0066,Pahang
POL0000972,PTP002444,Family Takaful - Retirement,Family,True,2021-01-30,2026-01-29,5,Semi-Annual,1134.85,Active,AGT0074,Perlis
POL0000973,PTP001484,Medical & Health Takaful,Family,False,2025-02-16,2030-02-15,5,Monthly,195.25,Active,AGT0056,Kuala Lumpur
POL0000974,PTP000220,Family Takaful - Life Protection,Family,True,2022-01-08,2023-01-08,1,Annual,1341.26,Matured,AGT0098,Kelantan
POL0000975,PTP000908,Fire Takaful,General,False,2022-11-19,2032-11-16,10,Annual,1484.87,Active,AGT0048,Sabah
POL0000976,PTP002989,Family Takaful - Life Protection,Family,True,2024-03-13,2044-03-08,20,Quarterly,931.43,Active,AGT0017,Perlis
POL0000977,PTP002735,Medical & Health Takaful,Family,False,2021-01-21,2022-01-21,1,Monthly,1181.51,Active,AGT0078,Perlis
POL0000978,PTP001624,Fire Takaful,General,False,2021-04-04,2036-03-31,15,Quarterly,455.35,Active,AGT0078,Putrajaya
POL0000979,PTP002285,Motor Takaful,General,False,2023-03-21,2038-03-17,15,Semi-Annual,1052.49,Active,AGT0072,Penang
POL0000980,PTP001984,Medical & Health Takaful,Family,False,2021-08-27,2041-08-22,20,Quarterly,1358.25,Active,AGT0107,Negeri Sembilan
POL0000981,PTP002897,Fire Takaful,General,False,2025-02-07,2045-02-02,20,Semi-Annual,259.51,Active,AGT0126,Kedah
POL0000982,PTP002932,Family Takaful - Retirement,Family,True,2025-09-11,2040-09-07,15,Semi-Annual,1924.66,Active,AGT0127,Sarawak
POL0000983,PTP002821,Family Takaful - Life Protection,Family,True,2025-12-10,2045-12-05,20,Semi-Annual,1770.26,Active,AGT0147,Selangor
POL0000984,PTP002701,Family Takaful - Retirement,Family,True,2025-05-13,2040-05-09,15,Monthly,722.3,Active,AGT0114,Negeri Sembilan
POL0000985,PTP001841,Medical & Health Takaful,Family,False,2022-01-06,2042-01-01,20,Quarterly,1080.9,Cancelled,AGT0071,Kedah
POL0000986,PTP001082,Family Takaful - Retirement,Family,True,2021-06-27,2041-06-22,20,Semi-Annual,1647.85,Active,AGT0129,Kuala Lumpur
POL0000987,PTP001619,Family Takaful - Life Protection,Family,True,2024-08-17,2025-08-17,1,Monthly,342.1,Active,AGT0147,Kelantan
POL0000988,PTP001149,Medical & Health Takaful,Family,False,2022-11-09,2032-11-06,10,Semi-Annual,1864.16,Lapsed,AGT0060,Terengganu
POL0000989,PTP001029,Motor Takaful,General,False,2025-07-20,2045-07-15,20,Monthly,693.45,Active,AGT0027,Terengganu
POL0000990,PTP001593,Family Takaful - Education,Family,True,2023-08-22,2043-08-17,20,Monthly,931.15,Active,AGT0012,Sarawak
POL0000991,PTP001353,Personal Accident Takaful,General,False,2024-06-25,2039-06-22,15,Annual,1262.7,Active,AGT0077,Kuala Lumpur
POL0000992,PTP000869,Medical & Health Takaful,Family,False,2025-07-07,2035-07-05,10,Annual,910.53,Active,AGT0150,Johor
POL0000993,PTP002692,Fire Takaful,General,False,2021-12-02,2036-11-28,15,Quarterly,208.07,Active,AGT0087,Kuala Lumpur
POL0000994,PTP000974,Fire Takaful,General,False,2025-07-18,2035-07-16,10,Annual,1959.12,Lapsed,AGT0018,Kuala Lumpur
POL0000995,PTP000174,Personal Accident Takaful,General,False,2024-05-24,2025-05-24,1,Quarterly,662.02,Active,AGT0096,Perak
POL0000996,PTP002228,Medical & Health Takaful,Family,False,2025-07-01,2026-07-01,1,Quarterly,245.81,Active,AGT0081,Selangor
POL0000997,PTP000107,Family Takaful - Life Protection,Family,True,2024-10-19,2039-10-16,15,Monthly,426.39,Active,AGT0008,Penang
POL0000998,PTP000756,Personal Accident Takaful,General,False,2024-04-20,2034-04-18,10,Monthly,1719.49,Cancelled,AGT0024,Terengganu
POL0000999,PTP002290,Family Takaful - Education,Family,True,2025-04-26,2026-04-26,1,Monthly,1215.59,Active,AGT0103,Terengganu
POL0001000,PTP000149,Family Takaful - Retirement,Family,True,2024-10-08,2025-10-08,1,Quarterly,1172.39,Lapsed,AGT0148,Perlis
POL0001001,PTP002181,Medical & Health Takaful,Family,False,2021-11-30,2041-11-25,20,Annual,894.54,Active,AGT0002,Selangor
POL0001002,PTP002630,Family Takaful - Retirement,Family,True,2022-08-28,2042-08-23,20,Quarterly,1708.85,Lapsed,AGT0143,Terengganu
POL0001003,PTP000071,Medical & Health Takaful,Family,False,2022-02-20,2042-02-15,20,Quarterly,874.0,Cancelled,AGT0057,Sarawak
POL0001004,PTP000576,Family Takaful - Education,Family,True,2023-03-09,2033-03-06,10,Quarterly,1174.15,Cancelled,AGT0011,Melaka
POL0001005,PTP000170,Fire Takaful,General,False,2021-08-02,2026-08-01,5,Monthly,982.1,Matured,AGT0121,Labuan
POL0001006,PTP001488,Motor Takaful,General,False,2024-11-29,2039-11-26,15,Annual,351.27,Active,AGT0002,Kelantan
POL0001007,PTP001637,Family Takaful - Education,Family,True,2021-10-07,2026-10-06,5,Quarterly,1814.98,Lapsed,AGT0059,Kuala Lumpur
POL0001008,PTP001591,Motor Takaful,General,False,2025-02-26,2026-02-26,1,Annual,887.19,Active,AGT0044,Johor
POL0001009,PTP000483,Motor Takaful,General,False,2025-11-03,2026-11-03,1,Monthly,1671.35,Active,AGT0032,Perak
POL0001010,PTP002737,Fire Takaful,General,False,2023-08-01,2043-07-27,20,Quarterly,1695.32,Active,AGT0047,Pahang
POL0001011,PTP001463,Motor Takaful,General,False,2026-07-22,2046-07-17,20,Quarterly,1455.25,Active,AGT0039,Kedah
POL0001012,PTP000472,Personal Accident Takaful,General,False,2024-03-11,2034-03-09,10,Monthly,1220.06,Lapsed,AGT0150,Kelantan
POL0001013,PTP002594,Family Takaful - Education,Family,True,2025-07-16,2045-07-11,20,Semi-Annual,144.38,Active,AGT0089,Sabah
POL0001014,PTP000365,Family Takaful - Education,Family,True,2022-08-01,2023-08-01,1,Annual,1692.97,Active,AGT0032,Kelantan
POL0001015,PTP001123,Personal Accident Takaful,General,False,2022-02-27,2042-02-22,20,Semi-Annual,1548.92,Active,AGT0105,Kuala Lumpur
POL0001016,PTP002217,Fire Takaful,General,False,2021-11-05,2041-10-31,20,Monthly,1024.15,Active,AGT0142,Kedah
POL0001017,PTP001119,Medical & Health Takaful,Family,False,2024-08-26,2034-08-24,10,Semi-Annual,596.95,Active,AGT0104,Selangor
POL0001018,PTP002420,Fire Takaful,General,False,2024-09-23,2044-09-18,20,Quarterly,117.73,Active,AGT0117,Melaka
POL0001019,PTP001395,Medical & Health Takaful,Family,False,2025-11-06,2045-11-01,20,Semi-Annual,1137.13,Active,AGT0011,Labuan
POL0001020,PTP001057,Family Takaful - Life Protection,Family,True,2024-01-29,2025-01-28,1,Monthly,644.85,Active,AGT0092,Putrajaya
POL0001021,PTP002665,Medical & Health Takaful,Family,False,2025-11-01,2030-10-31,5,Quarterly,666.58,Active,AGT0137,Negeri Sembilan
POL0001022,PTP001861,Medical & Health Takaful,Family,False,2025-05-19,2045-05-14,20,Semi-Annual,216.87,Active,AGT0025,Kelantan
POL0001023,PTP001171,Medical & Health Takaful,Family,False,2022-07-24,2042-07-19,20,Annual,1961.8,Active,AGT0076,Kelantan
POL0001024,PTP002125,Family Takaful - Retirement,Family,True,2021-02-28,2026-02-27,5,Annual,1933.87,Active,AGT0115,Kelantan
POL0001025,PTP000348,Family Takaful - Education,Family,True,2025-05-18,2040-05-14,15,Annual,317.36,Active,AGT0049,Negeri Sembilan
POL0001026,PTP002445,Motor Takaful,General,False,2022-06-07,2032-06-04,10,Annual,1625.43,Matured,AGT0106,Labuan
POL0001027,PTP002665,Family Takaful - Education,Family,True,2022-05-27,2037-05-23,15,Quarterly,770.68,Lapsed,AGT0126,Negeri Sembilan
POL0001028,PTP000184,Family Takaful - Life Protection,Family,True,2021-09-15,2031-09-13,10,Annual,1652.63,Cancelled,AGT0053,Penang
POL0001029,PTP002937,Family Takaful - Life Protection,Family,True,2024-08-13,2029-08-12,5,Quarterly,583.36,Active,AGT0088,Kelantan
POL0001030,PTP000139,Family Takaful - Education,Family,True,2024-08-07,2044-08-02,20,Semi-Annual,1683.49,Active,AGT0017,Putrajaya
POL0001031,PTP000737,Family Takaful - Education,Family,True,2025-01-22,2026-01-22,1,Quarterly,711.98,Active,AGT0093,Kedah
POL0001032,PTP001354,Family Takaful - Life Protection,Family,True,2021-12-26,2026-12-25,5,Semi-Annual,1452.03,Active,AGT0106,Selangor
POL0001033,PTP001350,Motor Takaful,General,False,2023-07-31,2033-07-28,10,Quarterly,1344.57,Active,AGT0032,Selangor
POL0001034,PTP002477,Family Takaful - Education,Family,True,2022-08-25,2042-08-20,20,Semi-Annual,578.19,Matured,AGT0058,Johor
POL0001035,PTP001136,Fire Takaful,General,False,2021-11-04,2031-11-02,10,Annual,1731.13,Active,AGT0068,Sarawak
POL0001036,PTP002790,Personal Accident Takaful,General,False,2026-03-23,2041-03-19,15,Quarterly,1203.89,Active,AGT0078,Kuala Lumpur
POL0001037,PTP000609,Family Takaful - Education,Family,True,2022-04-16,2037-04-12,15,Quarterly,1864.59,Active,AGT0056,Labuan
POL0001038,PTP002551,Motor Takaful,General,False,2021-11-27,2041-11-22,20,Monthly,262.65,Cancelled,AGT0146,Kelantan
POL0001039,PTP000617,Personal Accident Takaful,General,False,2024-06-26,2029-06-25,5,Semi-Annual,1948.18,Cancelled,AGT0133,Perlis
POL0001040,PTP000890,Fire Takaful,General,False,2024-09-23,2034-09-21,10,Annual,1032.67,Cancelled,AGT0089,Perak
POL0001041,PTP001709,Family Takaful - Life Protection,Family,True,2024-05-15,2044-05-10,20,Quarterly,1069.22,Active,AGT0127,Perak
POL0001042,PTP001289,Family Takaful - Retirement,Family,True,2024-04-25,2029-04-24,5,Semi-Annual,300.11,Active,AGT0030,Penang
POL0001043,PTP001909,Motor Takaful,General,False,2023-02-04,2043-01-30,20,Monthly,99.22,Cancelled,AGT0065,Pahang
POL0001044,PTP001498,Family Takaful - Life Protection,Family,True,2023-02-04,2043-01-30,20,Quarterly,1926.26,Active,AGT0068,Putrajaya
POL0001045,PTP001625,Medical & Health Takaful,Family,False,2025-11-18,2040-11-14,15,Monthly,1834.41,Active,AGT0139,Labuan
POL0001046,PTP001226,Family Takaful - Retirement,Family,True,2026-01-04,2027-01-04,1,Quarterly,1459.77,Active,AGT0121,Pahang
POL0001047,PTP000851,Family Takaful - Education,Family,True,2023-06-01,2038-05-28,15,Quarterly,1133.12,Active,AGT0035,Kelantan
POL0001048,PTP000526,Family Takaful - Education,Family,True,2021-05-22,2036-05-18,15,Monthly,1690.72,Active,AGT0068,Kedah
POL0001049,PTP000016,Fire Takaful,General,False,2022-05-14,2023-05-14,1,Monthly,1620.28,Active,AGT0074,Terengganu
POL0001050,PTP000584,Motor Takaful,General,False,2025-04-14,2035-04-12,10,Annual,737.43,Active,AGT0053,Sarawak
POL0001051,PTP000284,Motor Takaful,General,False,2026-05-16,2027-05-16,1,Semi-Annual,1631.01,Active,AGT0063,Melaka
POL0001052,PTP002379,Medical & Health Takaful,Family,False,2022-11-06,2042-11-01,20,Annual,892.67,Active,AGT0007,Kuala Lumpur
POL0001053,PTP000844,Personal Accident Takaful,General,False,2024-05-24,2029-05-23,5,Annual,624.26,Active,AGT0139,Terengganu
POL0001054,PTP002260,Fire Takaful,General,False,2025-08-21,2026-08-21,1,Monthly,1480.64,Lapsed,AGT0122,Kelantan
POL0001055,PTP000220,Fire Takaful,General,False,2022-06-20,2023-06-20,1,Quarterly,764.39,Active,AGT0066,Sarawak
POL0001056,PTP001870,Medical & Health Takaful,Family,False,2023-06-19,2043-06-14,20,Semi-Annual,298.75,Active,AGT0012,Sarawak
POL0001057,PTP000879,Family Takaful - Education,Family,True,2022-10-19,2027-10-18,5,Semi-Annual,413.12,Active,AGT0011,Putrajaya
POL0001058,PTP000057,Family Takaful - Retirement,Family,True,2026-01-20,2031-01-19,5,Semi-Annual,1387.24,Lapsed,AGT0135,Sarawak
POL0001059,PTP001624,Motor Takaful,General,False,2026-03-13,2036-03-10,10,Annual,946.67,Active,AGT0118,Selangor
POL0001060,PTP000906,Medical & Health Takaful,Family,False,2025-04-26,2040-04-22,15,Semi-Annual,1726.28,Active,AGT0001,Putrajaya
POL0001061,PTP001547,Fire Takaful,General,False,2022-07-25,2027-07-24,5,Quarterly,1716.87,Active,AGT0047,Perak
POL0001062,PTP000496,Motor Takaful,General,False,2023-05-21,2043-05-16,20,Quarterly,859.91,Active,AGT0067,Putrajaya
POL0001063,PTP000548,Medical & Health Takaful,Family,False,2023-12-07,2028-12-05,5,Quarterly,1217.46,Matured,AGT0077,Terengganu
POL0001064,PTP002638,Motor Takaful,General,False,2025-10-31,2045-10-26,20,Monthly,373.89,Matured,AGT0103,Kelantan
POL0001065,PTP000133,Family Takaful - Retirement,Family,True,2024-12-14,2029-12-13,5,Quarterly,234.28,Active,AGT0068,Sarawak
POL0001066,PTP001393,Motor Takaful,General,False,2024-02-10,2044-02-05,20,Monthly,1762.65,Active,AGT0134,Negeri Sembilan
POL0001067,PTP001774,Family Takaful - Retirement,Family,True,2022-02-06,2027-02-05,5,Quarterly,1935.4,Active,AGT0100,Kedah
POL0001068,PTP001916,Motor Takaful,General,False,2021-12-28,2036-12-24,15,Monthly,1526.43,Active,AGT0058,Kelantan
POL0001069,PTP001034,Fire Takaful,General,False,2022-01-24,2023-01-24,1,Semi-Annual,1394.13,Active,AGT0093,Terengganu
POL0001070,PTP002346,Family Takaful - Retirement,Family,True,2022-11-15,2023-11-15,1,Annual,1264.2,Active,AGT0051,Johor
POL0001071,PTP000855,Personal Accident Takaful,General,False,2025-08-07,2030-08-06,5,Annual,1823.7,Active,AGT0128,Sabah
POL0001072,PTP002003,Medical & Health Takaful,Family,False,2026-03-05,2041-03-01,15,Annual,1063.35,Active,AGT0146,Sarawak
POL0001073,PTP001479,Personal Accident Takaful,General,False,2025-10-08,2026-10-08,1,Semi-Annual,456.81,Active,AGT0066,Penang
POL0001074,PTP002396,Family Takaful - Retirement,Family,True,2023-06-21,2043-06-16,20,Semi-Annual,95.8,Active,AGT0126,Perak
POL0001075,PTP000787,Family Takaful - Life Protection,Family,True,2021-02-23,2036-02-20,15,Monthly,1706.57,Active,AGT0008,Kuala Lumpur
POL0001076,PTP000385,Family Takaful - Education,Family,True,2021-12-02,2026-12-01,5,Semi-Annual,1239.09,Active,AGT0001,Negeri Sembilan
POL0001077,PTP001160,Family Takaful - Life Protection,Family,True,2023-03-26,2038-03-22,15,Annual,1945.05,Active,AGT0020,Melaka
POL0001078,PTP002397,Motor Takaful,General,False,2021-02-22,2022-02-22,1,Annual,54.94,Active,AGT0099,Melaka
POL0001079,PTP001886,Fire Takaful,General,False,2021-03-17,2031-03-15,10,Monthly,1686.53,Active,AGT0124,Kedah
POL0001080,PTP002173,Fire Takaful,General,False,2021-04-20,2036-04-16,15,Annual,935.67,Active,AGT0060,Kelantan
POL0001081,PTP001852,Family Takaful - Life Protection,Family,True,2021-05-30,2041-05-25,20,Monthly,1367.39,Active,AGT0047,Sarawak
POL0001082,PTP001877,Family Takaful - Life Protection,Family,True,2025-11-06,2035-11-04,10,Quarterly,486.26,Active,AGT0131,Kelantan
POL0001083,PTP002325,Motor Takaful,General,False,2025-12-03,2030-12-02,5,Semi-Annual,1796.82,Active,AGT0121,Johor
POL0001084,PTP002723,Personal Accident Takaful,General,False,2025-01-31,2035-01-29,10,Annual,1834.26,Active,AGT0041,Labuan
POL0001085,PTP001913,Family Takaful - Education,Family,True,2022-05-01,2023-05-01,1,Semi-Annual,1378.52,Active,AGT0025,Putrajaya
POL0001086,PTP002769,Medical & Health Takaful,Family,False,2023-04-23,2028-04-21,5,Annual,1473.81,Active,AGT0109,Pahang
POL0001087,PTP001665,Motor Takaful,General,False,2025-09-17,2026-09-17,1,Semi-Annual,118.12,Active,AGT0122,Sarawak
POL0001088,PTP001421,Motor Takaful,General,False,2025-03-31,2040-03-27,15,Semi-Annual,1730.89,Lapsed,AGT0050,Perlis
POL0001089,PTP001122,Family Takaful - Retirement,Family,True,2026-07-26,2027-07-26,1,Quarterly,378.02,Active,AGT0102,Labuan
POL0001090,PTP002695,Medical & Health Takaful,Family,False,2024-12-07,2044-12-02,20,Semi-Annual,817.73,Lapsed,AGT0133,Putrajaya
POL0001091,PTP002687,Fire Takaful,General,False,2025-05-06,2040-05-02,15,Semi-Annual,1257.09,Cancelled,AGT0021,Terengganu
POL0001092,PTP001449,Personal Accident Takaful,General,False,2023-09-05,2033-09-02,10,Semi-Annual,1714.65,Matured,AGT0010,Perak
POL0001093,PTP001038,Family Takaful - Education,Family,True,2025-02-02,2030-02-01,5,Quarterly,913.23,Active,AGT0002,Melaka
POL0001094,PTP002783,Personal Accident Takaful,General,False,2025-06-20,2035-06-18,10,Semi-Annual,1763.07,Active,AGT0007,Kedah
POL0001095,PTP001807,Personal Accident Takaful,General,False,2024-12-02,2034-11-30,10,Monthly,1130.23,Lapsed,AGT0124,Selangor
POL0001096,PTP001535,Family Takaful - Life Protection,Family,True,2023-06-04,2028-06-02,5,Semi-Annual,1472.32,Matured,AGT0149,Sarawak
POL0001097,PTP000765,Fire Takaful,General,False,2022-05-11,2027-05-10,5,Annual,843.81,Active,AGT0135,Kuala Lumpur
POL0001098,PTP002854,Family Takaful - Retirement,Family,True,2021-04-30,2036-04-26,15,Quarterly,481.75,Active,AGT0071,Penang
POL0001099,PTP001441,Family Takaful - Education,Family,True,2025-05-02,2030-05-01,5,Semi-Annual,394.52,Lapsed,AGT0081,Johor
POL0001100,PTP000188,Personal Accident Takaful,General,False,2022-08-02,2037-07-29,15,Quarterly,753.88,Matured,AGT0116,Perlis
POL0001101,PTP000844,Family Takaful - Life Protection,Family,True,2024-04-08,2039-04-05,15,Annual,961.19,Active,AGT0101,Perlis
POL0001102,PTP000153,Family Takaful - Life Protection,Family,True,2023-06-14,2028-06-12,5,Quarterly,1811.69,Lapsed,AGT0147,Labuan
POL0001103,PTP001084,Family Takaful - Education,Family,True,2024-10-06,2044-10-01,20,Monthly,335.94,Lapsed,AGT0148,Negeri Sembilan
POL0001104,PTP000286,Family Takaful - Education,Family,True,2021-12-30,2022-12-30,1,Annual,399.13,Active,AGT0124,Johor
POL0001105,PTP002794,Personal Accident Takaful,General,False,2024-09-05,2025-09-05,1,Semi-Annual,813.89,Active,AGT0119,Labuan
POL0001106,PTP002318,Fire Takaful,General,False,2026-04-07,2031-04-06,5,Quarterly,1060.82,Matured,AGT0006,Perlis
POL0001107,PTP000358,Family Takaful - Retirement,Family,True,2023-10-28,2028-10-26,5,Annual,1784.42,Matured,AGT0096,Melaka
POL0001108,PTP002892,Medical & Health Takaful,Family,False,2023-05-12,2033-05-09,10,Semi-Annual,94.71,Active,AGT0047,Perlis
POL0001109,PTP000130,Family Takaful - Life Protection,Family,True,2026-03-30,2027-03-30,1,Annual,1466.09,Active,AGT0121,Kuala Lumpur
POL0001110,PTP001970,Family Takaful - Education,Family,True,2022-05-06,2027-05-05,5,Quarterly,1219.44,Matured,AGT0103,Johor
POL0001111,PTP000895,Motor Takaful,General,False,2022-03-26,2027-03-25,5,Annual,415.83,Active,AGT0134,Negeri Sembilan
POL0001112,PTP002754,Family Takaful - Education,Family,True,2023-04-29,2028-04-27,5,Annual,1021.55,Active,AGT0130,Selangor
POL0001113,PTP002005,Motor Takaful,General,False,2021-09-28,2022-09-28,1,Annual,1274.54,Lapsed,AGT0094,Johor
POL0001114,PTP000123,Personal Accident Takaful,General,False,2025-10-17,2035-10-15,10,Monthly,129.62,Cancelled,AGT0136,Sarawak
POL0001115,PTP002204,Fire Takaful,General,False,2024-05-19,2039-05-16,15,Semi-Annual,1085.27,Active,AGT0051,Selangor
POL0001116,PTP000934,Family Takaful - Retirement,Family,True,2024-12-09,2039-12-06,15,Semi-Annual,465.48,Active,AGT0002,Negeri Sembilan
POL0001117,PTP001075,Motor Takaful,General,False,2022-06-14,2037-06-10,15,Monthly,410.17,Active,AGT0049,Johor
POL0001118,PTP001851,Motor Takaful,General,False,2023-09-30,2038-09-26,15,Semi-Annual,1617.0,Active,AGT0022,Perlis
POL0001119,PTP002018,Fire Takaful,General,False,2024-08-26,2044-08-21,20,Semi-Annual,1030.02,Matured,AGT0069,Kuala Lumpur
POL0001120,PTP002257,Motor Takaful,General,False,2024-07-16,2044-07-11,20,Quarterly,470.44,Cancelled,AGT0009,Putrajaya
POL0001121,PTP002566,Family Takaful - Retirement,Family,True,2025-11-20,2026-11-20,1,Semi-Annual,1697.25,Active,AGT0014,Johor
POL0001122,PTP001482,Family Takaful - Life Protection,Family,True,2023-04-27,2024-04-26,1,Annual,1802.92,Active,AGT0057,Selangor
POL0001123,PTP002460,Personal Accident Takaful,General,False,2022-11-08,2027-11-07,5,Annual,748.52,Active,AGT0001,Kedah
POL0001124,PTP000121,Medical & Health Takaful,Family,False,2022-04-26,2032-04-23,10,Monthly,586.6,Lapsed,AGT0119,Sarawak
POL0001125,PTP000670,Family Takaful - Education,Family,True,2022-04-27,2027-04-26,5,Semi-Annual,1739.44,Active,AGT0143,Pahang
POL0001126,PTP000018,Family Takaful - Education,Family,True,2024-04-11,2029-04-10,5,Quarterly,440.93,Active,AGT0099,Perak
POL0001127,PTP000228,Family Takaful - Retirement,Family,True,2022-05-25,2023-05-25,1,Monthly,1154.9,Matured,AGT0089,Negeri Sembilan
POL0001128,PTP002174,Family Takaful - Retirement,Family,True,2026-01-11,2031-01-10,5,Semi-Annual,1834.68,Active,AGT0125,Putrajaya
POL0001129,PTP000838,Motor Takaful,General,False,2022-09-08,2032-09-05,10,Semi-Annual,1670.5,Active,AGT0084,Kedah
POL0001130,PTP002156,Personal Accident Takaful,General,False,2022-03-06,2032-03-03,10,Quarterly,1723.14,Active,AGT0049,Perak
POL0001131,PTP001789,Family Takaful - Retirement,Family,True,2022-06-23,2042-06-18,20,Monthly,742.32,Active,AGT0048,Terengganu
POL0001132,PTP001496,Fire Takaful,General,False,2026-03-28,2041-03-24,15,Monthly,1559.31,Active,AGT0087,Kuala Lumpur
POL0001133,PTP000999,Family Takaful - Education,Family,True,2022-05-23,2042-05-18,20,Semi-Annual,875.28,Lapsed,AGT0068,Putrajaya
POL0001134,PTP001588,Family Takaful - Education,Family,True,2024-10-18,2025-10-18,1,Semi-Annual,1657.89,Active,AGT0073,Johor
POL0001135,PTP002921,Personal Accident Takaful,General,False,2024-08-25,2025-08-25,1,Quarterly,1045.32,Active,AGT0074,Perlis
POL0001136,PTP002916,Family Takaful - Retirement,Family,True,2021-06-18,2026-06-17,5,Monthly,1839.03,Active,AGT0106,Terengganu
POL0001137,PTP001420,Personal Accident Takaful,General,False,2024-12-14,2044-12-09,20,Quarterly,1410.65,Active,AGT0086,Penang
POL0001138,PTP000254,Motor Takaful,General,False,2022-07-04,2027-07-03,5,Semi-Annual,920.94,Active,AGT0116,Labuan
POL0001139,PTP002020,Family Takaful - Retirement,Family,True,2025-03-05,2045-02-28,20,Semi-Annual,1754.07,Active,AGT0031,Perak
POL0001140,PTP000889,Motor Takaful,General,False,2026-01-07,2031-01-06,5,Quarterly,1710.48,Active,AGT0121,Kuala Lumpur
POL0001141,PTP000070,Medical & Health Takaful,Family,False,2021-09-12,2031-09-10,10,Semi-Annual,1754.62,Active,AGT0073,Negeri Sembilan
POL0001142,PTP002332,Fire Takaful,General,False,2025-09-01,2040-08-28,15,Monthly,1797.96,Active,AGT0034,Sarawak
POL0001143,PTP002777,Motor Takaful,General,False,2024-10-28,2039-10-25,15,Annual,1335.03,Active,AGT0085,Terengganu
POL0001144,PTP002401,Family Takaful - Life Protection,Family,True,2024-11-08,2025-11-08,1,Annual,1863.75,Active,AGT0068,Selangor
POL0001145,PTP001539,Family Takaful - Retirement,Family,True,2022-05-23,2027-05-22,5,Quarterly,1826.97,Active,AGT0124,Kelantan
POL0001146,PTP001477,Family Takaful - Life Protection,Family,True,2021-09-15,2031-09-13,10,Monthly,1643.22,Active,AGT0052,Melaka
POL0001147,PTP000423,Medical & Health Takaful,Family,False,2021-07-22,2022-07-22,1,Semi-Annual,711.02,Active,AGT0062,Negeri Sembilan
POL0001148,PTP001447,Family Takaful - Retirement,Family,True,2024-10-09,2034-10-07,10,Quarterly,1851.08,Cancelled,AGT0109,Sarawak
POL0001149,PTP000834,Family Takaful - Retirement,Family,True,2026-06-05,2041-06-01,15,Monthly,858.78,Active,AGT0092,Selangor
POL0001150,PTP001236,Personal Accident Takaful,General,False,2022-01-11,2023-01-11,1,Monthly,1030.35,Active,AGT0021,Labuan
POL0001151,PTP000364,Family Takaful - Retirement,Family,True,2024-09-12,2039-09-09,15,Quarterly,1140.35,Active,AGT0149,Putrajaya
POL0001152,PTP002389,Family Takaful - Life Protection,Family,True,2023-07-03,2038-06-29,15,Monthly,1134.18,Lapsed,AGT0063,Penang
POL0001153,PTP002738,Fire Takaful,General,False,2025-09-18,2026-09-18,1,Semi-Annual,1070.85,Active,AGT0007,Penang
POL0001154,PTP000137,Family Takaful - Retirement,Family,True,2025-03-03,2045-02-26,20,Monthly,433.96,Active,AGT0095,Sarawak
POL0001155,PTP000710,Family Takaful - Education,Family,True,2022-10-25,2037-10-21,15,Monthly,605.82,Active,AGT0049,Kedah
POL0001156,PTP002899,Family Takaful - Life Protection,Family,True,2025-11-11,2030-11-10,5,Monthly,1024.56,Active,AGT0001,Kedah
POL0001157,PTP002226,Motor Takaful,General,False,2026-01-08,2046-01-03,20,Monthly,380.64,Active,AGT0055,Negeri Sembilan
POL0001158,PTP001161,Medical & Health Takaful,Family,False,2022-02-11,2037-02-07,15,Annual,1557.2,Active,AGT0070,Perak
POL0001159,PTP000033,Motor Takaful,General,False,2023-08-11,2033-08-08,10,Monthly,1049.38,Active,AGT0048,Kelantan
POL0001160,PTP001782,Family Takaful - Retirement,Family,True,2026-05-24,2036-05-21,10,Annual,340.35,Active,AGT0008,Melaka
POL0001161,PTP001897,Fire Takaful,General,False,2023-03-07,2028-03-05,5,Annual,1535.17,Active,AGT0114,Pahang
POL0001162,PTP002123,Family Takaful - Education,Family,True,2026-04-28,2041-04-24,15,Semi-Annual,1658.34,Active,AGT0146,Sabah
POL0001163,PTP001275,Medical & Health Takaful,Family,False,2026-01-01,2027-01-01,1,Semi-Annual,646.61,Active,AGT0056,Pahang
POL0001164,PTP001022,Family Takaful - Education,Family,True,2024-09-01,2034-08-30,10,Annual,1625.77,Active,AGT0037,Sarawak
POL0001165,PTP002520,Family Takaful - Retirement,Family,True,2021-02-11,2026-02-10,5,Monthly,1271.88,Lapsed,AGT0145,Kelantan
POL0001166,PTP001099,Personal Accident Takaful,General,False,2025-05-11,2040-05-07,15,Monthly,865.68,Cancelled,AGT0032,Sabah
POL0001167,PTP000570,Motor Takaful,General,False,2022-08-21,2027-08-20,5,Quarterly,1346.73,Active,AGT0144,Labuan
POL0001168,PTP000563,Family Takaful - Life Protection,Family,True,2021-08-03,2026-08-02,5,Quarterly,962.04,Active,AGT0143,Melaka
POL0001169,PTP000219,Medical & Health Takaful,Family,False,2021-09-21,2026-09-20,5,Annual,1053.63,Matured,AGT0134,Pahang
POL0001170,PTP002031,Motor Takaful,General,False,2023-09-29,2024-09-28,1,Semi-Annual,1860.07,Active,AGT0099,Pahang
POL0001171,PTP002768,Personal Accident Takaful,General,False,2026-01-15,2041-01-11,15,Semi-Annual,1320.87,Lapsed,AGT0118,Kelantan
POL0001172,PTP002301,Fire Takaful,General,False,2021-01-09,2022-01-09,1,Semi-Annual,1779.05,Active,AGT0034,Kelantan
POL0001173,PTP002610,Fire Takaful,General,False,2026-05-16,2041-05-12,15,Semi-Annual,559.22,Matured,AGT0068,Sarawak
POL0001174,PTP001697,Family Takaful - Life Protection,Family,True,2022-11-10,2037-11-06,15,Annual,121.02,Active,AGT0112,Terengganu
POL0001175,PTP000791,Family Takaful - Retirement,Family,True,2023-11-04,2028-11-02,5,Semi-Annual,132.51,Active,AGT0131,Perlis
POL0001176,PTP001815,Family Takaful - Retirement,Family,True,2026-02-11,2027-02-11,1,Quarterly,1737.64,Active,AGT0084,Penang
POL0001177,PTP002587,Motor Takaful,General,False,2022-01-15,2042-01-10,20,Semi-Annual,1943.47,Active,AGT0006,Pahang
POL0001178,PTP001675,Family Takaful - Retirement,Family,True,2022-02-19,2027-02-18,5,Semi-Annual,486.41,Active,AGT0023,Melaka
POL0001179,PTP000769,Family Takaful - Life Protection,Family,True,2023-02-01,2043-01-27,20,Annual,1026.37,Matured,AGT0106,Sarawak
POL0001180,PTP000763,Personal Accident Takaful,General,False,2026-06-30,2046-06-25,20,Monthly,1399.09,Lapsed,AGT0033,Sarawak
POL0001181,PTP000838,Motor Takaful,General,False,2022-01-28,2023-01-28,1,Monthly,834.31,Lapsed,AGT0126,Kuala Lumpur
POL0001182,PTP000157,Family Takaful - Retirement,Family,True,2022-09-11,2027-09-10,5,Semi-Annual,1226.12,Active,AGT0076,Perlis
POL0001183,PTP001483,Motor Takaful,General,False,2021-03-27,2031-03-25,10,Annual,1702.13,Active,AGT0047,Terengganu
POL0001184,PTP002525,Motor Takaful,General,False,2025-10-25,2026-10-25,1,Semi-Annual,1917.08,Active,AGT0129,Sarawak
POL0001185,PTP000184,Family Takaful - Retirement,Family,True,2021-01-26,2036-01-23,15,Semi-Annual,984.31,Active,AGT0011,Perlis
POL0001186,PTP000315,Family Takaful - Education,Family,True,2022-09-20,2027-09-19,5,Annual,262.03,Active,AGT0052,Putrajaya
POL0001187,PTP000452,Family Takaful - Retirement,Family,True,2026-01-05,2031-01-04,5,Quarterly,1934.53,Active,AGT0063,Penang
POL0001188,PTP002497,Family Takaful - Life Protection,Family,True,2025-12-22,2035-12-20,10,Monthly,535.38,Active,AGT0109,Perlis
POL0001189,PTP001440,Medical & Health Takaful,Family,False,2021-06-27,2026-06-26,5,Annual,482.24,Active,AGT0106,Terengganu
POL0001190,PTP001392,Motor Takaful,General,False,2021-04-01,2036-03-28,15,Semi-Annual,1537.53,Active,AGT0085,Pahang
POL0001191,PTP000614,Medical & Health Takaful,Family,False,2026-02-15,2031-02-14,5,Quarterly,1793.78,Active,AGT0122,Kuala Lumpur
POL0001192,PTP000590,Medical & Health Takaful,Family,False,2024-07-10,2025-07-10,1,Semi-Annual,65.05,Matured,AGT0112,Labuan
POL0001193,PTP000171,Medical & Health Takaful,Family,False,2021-01-12,2031-01-10,10,Monthly,951.6,Lapsed,AGT0046,Penang
POL0001194,PTP002859,Motor Takaful,General,False,2022-01-10,2037-01-06,15,Quarterly,934.6,Lapsed,AGT0062,Terengganu
POL0001195,PTP000769,Motor Takaful,General,False,2023-07-30,2028-07-28,5,Semi-Annual,82.56,Active,AGT0073,Pahang
POL0001196,PTP000336,Personal Accident Takaful,General,False,2025-09-11,2035-09-09,10,Monthly,972.51,Matured,AGT0149,Negeri Sembilan
POL0001197,PTP000772,Family Takaful - Life Protection,Family,True,2022-03-20,2042-03-15,20,Quarterly,493.04,Active,AGT0102,Melaka
POL0001198,PTP001689,Fire Takaful,General,False,2024-10-01,2034-09-29,10,Monthly,1491.47,Active,AGT0009,Negeri Sembilan
POL0001199,PTP000282,Personal Accident Takaful,General,False,2021-09-23,2031-09-21,10,Monthly,1434.68,Lapsed,AGT0026,Kuala Lumpur
POL0001200,PTP002486,Family Takaful - Life Protection,Family,True,2023-02-19,2033-02-16,10,Semi-Annual,813.13,Lapsed,AGT0058,Perlis
POL0001201,PTP000832,Personal Accident Takaful,General,False,2023-09-03,2024-09-02,1,Semi-Annual,665.63,Active,AGT0050,Putrajaya
POL0001202,PTP002870,Personal Accident Takaful,General,False,2021-08-05,2022-08-05,1,Semi-Annual,1176.4,Active,AGT0068,Kedah
POL0001203,PTP001847,Medical & Health Takaful,Family,False,2021-05-16,2026-05-15,5,Annual,236.99,Active,AGT0070,Putrajaya
POL0001204,PTP000252,Family Takaful - Education,Family,True,2023-01-24,2033-01-21,10,Quarterly,1422.34,Active,AGT0058,Sarawak
POL0001205,PTP002571,Personal Accident Takaful,General,False,2026-04-12,2027-04-12,1,Semi-Annual,925.71,Active,AGT0028,Putrajaya
POL0001206,PTP001551,Motor Takaful,General,False,2025-12-26,2035-12-24,10,Monthly,121.78,Active,AGT0061,Kedah
POL0001207,PTP000126,Personal Accident Takaful,General,False,2021-10-11,2022-10-11,1,Semi-Annual,1386.98,Matured,AGT0022,Kelantan
POL0001208,PTP002485,Personal Accident Takaful,General,False,2023-02-14,2028-02-13,5,Monthly,1449.08,Active,AGT0055,Kelantan
POL0001209,PTP001178,Fire Takaful,General,False,2026-08-09,2027-08-09,1,Semi-Annual,1062.31,Lapsed,AGT0012,Kelantan
POL0001210,PTP001436,Fire Takaful,General,False,2024-04-27,2034-04-25,10,Semi-Annual,1664.67,Active,AGT0095,Putrajaya
POL0001211,PTP000088,Fire Takaful,General,False,2026-07-31,2041-07-27,15,Monthly,1736.76,Active,AGT0101,Sabah
POL0001212,PTP000051,Medical & Health Takaful,Family,False,2024-08-05,2039-08-02,15,Quarterly,337.05,Active,AGT0149,Sabah
POL0001213,PTP001683,Family Takaful - Education,Family,True,2022-06-12,2037-06-08,15,Monthly,1585.89,Active,AGT0112,Selangor
POL0001214,PTP000482,Family Takaful - Education,Family,True,2023-06-22,2038-06-18,15,Monthly,1684.95,Active,AGT0147,Selangor
POL0001215,PTP002277,Family Takaful - Education,Family,True,2026-03-30,2027-03-30,1,Quarterly,145.53,Cancelled,AGT0128,Kelantan
POL0001216,PTP002732,Family Takaful - Life Protection,Family,True,2021-04-09,2031-04-07,10,Annual,1861.68,Active,AGT0126,Labuan
POL0001217,PTP000204,Family Takaful - Education,Family,True,2024-02-11,2044-02-06,20,Annual,955.08,Active,AGT0026,Johor
POL0001218,PTP002307,Family Takaful - Retirement,Family,True,2025-10-15,2045-10-10,20,Semi-Annual,1822.08,Active,AGT0126,Putrajaya
POL0001219,PTP000829,Fire Takaful,General,False,2024-07-26,2044-07-21,20,Monthly,755.93,Cancelled,AGT0043,Perak
POL0001220,PTP000152,Family Takaful - Retirement,Family,True,2022-05-08,2027-05-07,5,Quarterly,768.37,Matured,AGT0146,Putrajaya
POL0001221,PTP001157,Fire Takaful,General,False,2022-12-17,2032-12-14,10,Annual,137.52,Active,AGT0109,Putrajaya
POL0001222,PTP001089,Personal Accident Takaful,General,False,2025-09-01,2040-08-28,15,Monthly,418.82,Active,AGT0029,Labuan
POL0001223,PTP002978,Medical & Health Takaful,Family,False,2023-12-10,2043-12-05,20,Semi-Annual,926.09,Active,AGT0062,Terengganu
POL0001224,PTP002516,Motor Takaful,General,False,2024-09-26,2044-09-21,20,Quarterly,648.45,Active,AGT0149,Labuan
POL0001225,PTP000509,Family Takaful - Life Protection,Family,True,2024-12-07,2029-12-06,5,Monthly,1557.39,Active,AGT0016,Kelantan
POL0001226,PTP001042,Medical & Health Takaful,Family,False,2022-05-20,2027-05-19,5,Annual,793.97,Active,AGT0023,Perlis
POL0001227,PTP002398,Motor Takaful,General,False,2023-02-14,2028-02-13,5,Monthly,770.64,Active,AGT0020,Kedah
POL0001228,PTP002274,Medical & Health Takaful,Family,False,2023-06-07,2024-06-06,1,Annual,675.83,Active,AGT0132,Labuan
POL0001229,PTP001532,Family Takaful - Life Protection,Family,True,2023-08-23,2033-08-20,10,Quarterly,1694.05,Active,AGT0044,Kuala Lumpur
POL0001230,PTP000557,Motor Takaful,General,False,2024-02-08,2044-02-03,20,Semi-Annual,1914.4,Active,AGT0032,Johor
POL0001231,PTP000764,Motor Takaful,General,False,2022-10-08,2037-10-04,15,Quarterly,1202.24,Active,AGT0095,Johor
POL0001232,PTP001852,Family Takaful - Life Protection,Family,True,2022-11-08,2027-11-07,5,Quarterly,318.02,Active,AGT0118,Perlis
POL0001233,PTP001375,Family Takaful - Education,Family,True,2023-09-28,2043-09-23,20,Annual,1319.49,Active,AGT0015,Pahang
POL0001234,PTP001334,Medical & Health Takaful,Family,False,2026-07-21,2041-07-17,15,Monthly,1572.9,Active,AGT0053,Penang
POL0001235,PTP000515,Fire Takaful,General,False,2024-05-18,2029-05-17,5,Semi-Annual,638.53,Active,AGT0064,Penang
POL0001236,PTP000282,Fire Takaful,General,False,2024-09-15,2039-09-12,15,Quarterly,735.85,Matured,AGT0118,Sabah
POL0001237,PTP000206,Motor Takaful,General,False,2024-01-18,2044-01-13,20,Quarterly,117.55,Active,AGT0096,Putrajaya
POL0001238,PTP002637,Family Takaful - Retirement,Family,True,2025-09-07,2030-09-06,5,Semi-Annual,1770.02,Active,AGT0148,Johor
POL0001239,PTP001667,Motor Takaful,General,False,2025-03-27,2040-03-23,15,Semi-Annual,1954.14,Active,AGT0103,Melaka
POL0001240,PTP000934,Personal Accident Takaful,General,False,2024-01-22,2034-01-19,10,Monthly,1613.64,Lapsed,AGT0018,Selangor
POL0001241,PTP001229,Family Takaful - Life Protection,Family,True,2026-06-17,2046-06-12,20,Quarterly,974.19,Active,AGT0150,Perak
POL0001242,PTP000470,Family Takaful - Education,Family,True,2022-03-14,2042-03-09,20,Annual,1609.41,Active,AGT0030,Sarawak
POL0001243,PTP000638,Personal Accident Takaful,General,False,2023-10-03,2033-09-30,10,Semi-Annual,924.18,Active,AGT0079,Penang
POL0001244,PTP000413,Family Takaful - Education,Family,True,2024-08-23,2039-08-20,15,Quarterly,123.29,Active,AGT0095,Kelantan
POL0001245,PTP000218,Fire Takaful,General,False,2022-01-14,2037-01-10,15,Quarterly,608.27,Active,AGT0078,Pahang
POL0001246,PTP001325,Family Takaful - Retirement,Family,True,2025-09-01,2030-08-31,5,Quarterly,56.33,Cancelled,AGT0060,Pahang
POL0001247,PTP002905,Family Takaful - Retirement,Family,True,2025-05-14,2045-05-09,20,Quarterly,1432.93,Active,AGT0064,Negeri Sembilan
POL0001248,PTP000017,Medical & Health Takaful,Family,False,2021-12-08,2036-12-04,15,Semi-Annual,529.93,Active,AGT0099,Kelantan
POL0001249,PTP000255,Personal Accident Takaful,General,False,2024-10-26,2034-10-24,10,Monthly,970.95,Lapsed,AGT0013,Perlis
POL0001250,PTP000208,Personal Accident Takaful,General,False,2023-10-21,2043-10-16,20,Monthly,1074.7,Active,AGT0148,Terengganu
POL0001251,PTP000444,Medical & Health Takaful,Family,False,2023-02-17,2033-02-14,10,Semi-Annual,310.25,Active,AGT0022,Sabah
POL0001252,PTP000002,Family Takaful - Life Protection,Family,True,2022-11-09,2032-11-06,10,Annual,1284.56,Active,AGT0018,Kelantan
POL0001253,PTP002108,Family Takaful - Education,Family,True,2024-10-14,2039-10-11,15,Monthly,543.53,Active,AGT0086,Melaka
POL0001254,PTP000500,Family Takaful - Life Protection,Family,True,2023-06-14,2028-06-12,5,Semi-Annual,897.76,Lapsed,AGT0004,Perak
POL0001255,PTP002122,Family Takaful - Retirement,Family,True,2021-10-03,2031-10-01,10,Semi-Annual,1814.34,Active,AGT0113,Johor
POL0001256,PTP002732,Family Takaful - Retirement,Family,True,2026-04-24,2046-04-19,20,Monthly,382.35,Lapsed,AGT0046,Negeri Sembilan
POL0001257,PTP002428,Family Takaful - Life Protection,Family,True,2022-11-29,2023-11-29,1,Monthly,1638.16,Active,AGT0027,Negeri Sembilan
POL0001258,PTP000656,Motor Takaful,General,False,2024-01-13,2044-01-08,20,Monthly,270.16,Active,AGT0022,Sarawak
POL0001259,PTP002103,Family Takaful - Retirement,Family,True,2025-06-14,2045-06-09,20,Monthly,1183.11,Active,AGT0044,Perlis
POL0001260,PTP001317,Family Takaful - Life Protection,Family,True,2021-01-24,2022-01-24,1,Monthly,1666.25,Active,AGT0078,Kuala Lumpur
POL0001261,PTP000624,Family Takaful - Education,Family,True,2024-05-24,2034-05-22,10,Annual,899.89,Active,AGT0077,Penang
POL0001262,PTP002831,Motor Takaful,General,False,2022-08-25,2037-08-21,15,Monthly,413.9,Active,AGT0099,Putrajaya
POL0001263,PTP002737,Family Takaful - Retirement,Family,True,2022-02-21,2037-02-17,15,Semi-Annual,658.73,Active,AGT0148,Johor
POL0001264,PTP001284,Family Takaful - Life Protection,Family,True,2022-09-05,2023-09-05,1,Monthly,1141.51,Matured,AGT0026,Sarawak
POL0001265,PTP000253,Motor Takaful,General,False,2024-07-12,2029-07-11,5,Semi-Annual,474.57,Active,AGT0137,Sabah
POL0001266,PTP000966,Family Takaful - Retirement,Family,True,2023-01-20,2043-01-15,20,Monthly,538.88,Lapsed,AGT0038,Melaka
POL0001267,PTP001617,Family Takaful - Life Protection,Family,True,2025-05-29,2040-05-25,15,Quarterly,1675.58,Cancelled,AGT0041,Selangor
POL0001268,PTP000572,Family Takaful - Retirement,Family,True,2023-10-09,2033-10-06,10,Annual,359.91,Active,AGT0011,Putrajaya
POL0001269,PTP001942,Medical & Health Takaful,Family,False,2021-05-02,2031-04-30,10,Quarterly,1556.88,Active,AGT0138,Labuan
POL0001270,PTP002621,Fire Takaful,General,False,2025-10-14,2040-10-10,15,Semi-Annual,1824.41,Active,AGT0139,Labuan
POL0001271,PTP001994,Personal Accident Takaful,General,False,2022-07-04,2023-07-04,1,Semi-Annual,127.45,Active,AGT0075,Kuala Lumpur
POL0001272,PTP000084,Family Takaful - Life Protection,Family,True,2023-06-15,2024-06-14,1,Semi-Annual,1770.82,Matured,AGT0005,Labuan
POL0001273,PTP000593,Family Takaful - Retirement,Family,True,2026-03-08,2031-03-07,5,Quarterly,722.1,Active,AGT0075,Penang
POL0001274,PTP001790,Fire Takaful,General,False,2023-04-30,2043-04-25,20,Annual,396.87,Lapsed,AGT0060,Pahang
POL0001275,PTP002865,Family Takaful - Life Protection,Family,True,2023-06-19,2043-06-14,20,Quarterly,1332.25,Lapsed,AGT0131,Sarawak
POL0001276,PTP001562,Fire Takaful,General,False,2023-02-25,2028-02-24,5,Annual,1565.28,Active,AGT0110,Selangor
POL0001277,PTP001959,Fire Takaful,General,False,2021-06-12,2031-06-10,10,Quarterly,402.26,Active,AGT0117,Kedah
POL0001278,PTP000324,Motor Takaful,General,False,2025-02-13,2045-02-08,20,Monthly,508.77,Lapsed,AGT0149,Sabah
POL0001279,PTP002763,Family Takaful - Education,Family,True,2023-02-23,2033-02-20,10,Annual,536.42,Lapsed,AGT0089,Selangor
POL0001280,PTP001923,Personal Accident Takaful,General,False,2021-01-14,2036-01-11,15,Monthly,985.0,Lapsed,AGT0142,Negeri Sembilan
POL0001281,PTP002320,Family Takaful - Retirement,Family,True,2025-06-25,2030-06-24,5,Annual,1575.36,Active,AGT0107,Perlis
POL0001282,PTP000514,Personal Accident Takaful,General,False,2021-10-17,2026-10-16,5,Monthly,1116.33,Lapsed,AGT0149,Terengganu
POL0001283,PTP000299,Motor Takaful,General,False,2023-11-20,2043-11-15,20,Semi-Annual,594.97,Active,AGT0044,Sabah
POL0001284,PTP001519,Motor Takaful,General,False,2024-09-25,2034-09-23,10,Quarterly,246.6,Lapsed,AGT0084,Penang
POL0001285,PTP001438,Family Takaful - Retirement,Family,True,2022-01-30,2042-01-25,20,Semi-Annual,856.27,Active,AGT0026,Selangor
POL0001286,PTP002444,Medical & Health Takaful,Family,False,2026-08-02,2036-07-30,10,Quarterly,718.12,Cancelled,AGT0110,Kedah
POL0001287,PTP001647,Personal Accident Takaful,General,False,2024-12-27,2044-12-22,20,Semi-Annual,69.14,Lapsed,AGT0065,Penang
POL0001288,PTP002013,Family Takaful - Life Protection,Family,True,2026-07-28,2031-07-27,5,Semi-Annual,324.3,Active,AGT0125,Putrajaya
POL0001289,PTP000162,Fire Takaful,General,False,2023-03-25,2028-03-23,5,Monthly,472.13,Active,AGT0021,Putrajaya
POL0001290,PTP000259,Personal Accident Takaful,General,False,2023-08-01,2033-07-29,10,Semi-Annual,1891.84,Active,AGT0082,Perak
POL0001291,PTP000492,Family Takaful - Education,Family,True,2022-10-23,2037-10-19,15,Annual,1510.95,Active,AGT0128,Sarawak
POL0001292,PTP000289,Family Takaful - Education,Family,True,2024-06-06,2044-06-01,20,Quarterly,1690.46,Active,AGT0027,Selangor
POL0001293,PTP002192,Motor Takaful,General,False,2025-07-08,2030-07-07,5,Monthly,1949.28,Lapsed,AGT0086,Melaka
POL0001294,PTP002758,Personal Accident Takaful,General,False,2021-04-18,2022-04-18,1,Monthly,508.01,Active,AGT0005,Kedah
POL0001295,PTP002888,Medical & Health Takaful,Family,False,2024-05-04,2044-04-29,20,Monthly,1906.08,Active,AGT0012,Perak
POL0001296,PTP000278,Motor Takaful,General,False,2022-09-19,2032-09-16,10,Semi-Annual,197.82,Active,AGT0023,Putrajaya
POL0001297,PTP000187,Family Takaful - Life Protection,Family,True,2023-12-09,2038-12-05,15,Annual,172.23,Active,AGT0050,Sabah
POL0001298,PTP000264,Family Takaful - Retirement,Family,True,2026-05-13,2027-05-13,1,Quarterly,458.77,Cancelled,AGT0072,Sarawak
POL0001299,PTP002639,Family Takaful - Retirement,Family,True,2026-07-23,2036-07-20,10,Quarterly,465.44,Active,AGT0034,Johor
POL0001300,PTP000178,Medical & Health Takaful,Family,False,2025-01-19,2026-01-19,1,Monthly,1748.04,Active,AGT0102,Selangor
POL0001301,PTP000269,Family Takaful - Education,Family,True,2024-04-12,2025-04-12,1,Quarterly,438.59,Active,AGT0086,Putrajaya
POL0001302,PTP002340,Family Takaful - Retirement,Family,True,2022-06-30,2023-06-30,1,Quarterly,1455.47,Active,AGT0033,Kedah
POL0001303,PTP002445,Family Takaful - Retirement,Family,True,2025-09-30,2040-09-26,15,Monthly,304.43,Active,AGT0020,Labuan
POL0001304,PTP002930,Motor Takaful,General,False,2026-02-03,2041-01-30,15,Annual,875.86,Matured,AGT0017,Sarawak
POL0001305,PTP002049,Medical & Health Takaful,Family,False,2026-03-19,2027-03-19,1,Quarterly,301.15,Active,AGT0022,Kedah
POL0001306,PTP002518,Medical & Health Takaful,Family,False,2022-10-21,2023-10-21,1,Annual,591.58,Active,AGT0071,Terengganu
POL0001307,PTP000479,Motor Takaful,General,False,2023-11-02,2033-10-30,10,Annual,716.09,Matured,AGT0022,Putrajaya
POL0001308,PTP002967,Family Takaful - Life Protection,Family,True,2024-02-24,2025-02-23,1,Monthly,1100.17,Active,AGT0149,Kelantan
POL0001309,PTP001277,Fire Takaful,General,False,2021-06-14,2026-06-13,5,Monthly,1271.44,Active,AGT0125,Pahang
POL0001310,PTP002089,Family Takaful - Retirement,Family,True,2023-03-01,2043-02-24,20,Semi-Annual,256.78,Active,AGT0101,Perak
POL0001311,PTP000136,Family Takaful - Retirement,Family,True,2024-02-17,2034-02-14,10,Quarterly,1221.85,Active,AGT0115,Penang
POL0001312,PTP002762,Motor Takaful,General,False,2024-07-19,2034-07-17,10,Annual,110.64,Active,AGT0081,Perlis
POL0001313,PTP001869,Family Takaful - Education,Family,True,2022-07-29,2023-07-29,1,Monthly,1490.82,Lapsed,AGT0051,Putrajaya
POL0001314,PTP002290,Fire Takaful,General,False,2024-02-18,2029-02-16,5,Semi-Annual,157.58,Active,AGT0090,Pahang
POL0001315,PTP000898,Fire Takaful,General,False,2024-08-02,2034-07-31,10,Monthly,600.71,Active,AGT0133,Perlis
POL0001316,PTP001868,Medical & Health Takaful,Family,False,2022-11-06,2027-11-05,5,Monthly,1951.16,Lapsed,AGT0009,Kuala Lumpur
POL0001317,PTP001866,Personal Accident Takaful,General,False,2022-07-27,2023-07-27,1,Monthly,1854.86,Lapsed,AGT0080,Labuan
POL0001318,PTP000279,Family Takaful - Education,Family,True,2022-12-13,2032-12-10,10,Annual,834.94,Active,AGT0126,Selangor
POL0001319,PTP001145,Family Takaful - Education,Family,True,2021-04-05,2031-04-03,10,Annual,1126.31,Active,AGT0134,Perlis
POL0001320,PTP001054,Family Takaful - Retirement,Family,True,2022-09-03,2037-08-30,15,Semi-Annual,295.86,Active,AGT0128,Kuala Lumpur
POL0001321,PTP002850,Family Takaful - Retirement,Family,True,2025-08-25,2040-08-21,15,Monthly,210.22,Cancelled,AGT0129,Putrajaya
POL0001322,PTP001910,Personal Accident Takaful,General,False,2021-02-26,2026-02-25,5,Semi-Annual,522.27,Active,AGT0013,Negeri Sembilan
POL0001323,PTP002702,Family Takaful - Retirement,Family,True,2023-07-08,2024-07-07,1,Quarterly,953.98,Active,AGT0097,Perlis
POL0001324,PTP002172,Motor Takaful,General,False,2026-06-01,2036-05-29,10,Monthly,1221.4,Lapsed,AGT0015,Melaka
POL0001325,PTP000933,Motor Takaful,General,False,2022-02-19,2037-02-15,15,Quarterly,912.51,Active,AGT0147,Sabah
POL0001326,PTP001162,Medical & Health Takaful,Family,False,2021-04-02,2031-03-31,10,Monthly,1717.39,Active,AGT0050,Kuala Lumpur
POL0001327,PTP000382,Motor Takaful,General,False,2025-10-11,2035-10-09,10,Quarterly,527.87,Active,AGT0068,Terengganu
POL0001328,PTP002824,Medical & Health Takaful,Family,False,2025-03-03,2026-03-03,1,Monthly,1044.7,Active,AGT0095,Penang
POL0001329,PTP001945,Family Takaful - Education,Family,True,2021-03-30,2026-03-29,5,Annual,578.89,Active,AGT0040,Terengganu
POL0001330,PTP001562,Personal Accident Takaful,General,False,2026-04-06,2036-04-03,10,Semi-Annual,105.25,Active,AGT0036,Pahang
POL0001331,PTP000375,Fire Takaful,General,False,2022-09-27,2027-09-26,5,Semi-Annual,290.77,Active,AGT0018,Johor
POL0001332,PTP002425,Personal Accident Takaful,General,False,2021-04-21,2026-04-20,5,Monthly,104.15,Active,AGT0064,Kelantan
POL0001333,PTP002661,Motor Takaful,General,False,2023-04-16,2024-04-15,1,Semi-Annual,1578.92,Matured,AGT0046,Penang
POL0001334,PTP002765,Family Takaful - Retirement,Family,True,2023-12-21,2028-12-19,5,Annual,1311.12,Lapsed,AGT0113,Kedah
POL0001335,PTP001498,Personal Accident Takaful,General,False,2023-03-31,2043-03-26,20,Quarterly,567.75,Active,AGT0109,Johor
POL0001336,PTP000507,Personal Accident Takaful,General,False,2025-08-04,2026-08-04,1,Semi-Annual,1928.48,Active,AGT0147,Negeri Sembilan
POL0001337,PTP001107,Fire Takaful,General,False,2022-08-04,2037-07-31,15,Monthly,1594.61,Active,AGT0085,Pahang
POL0001338,PTP000859,Medical & Health Takaful,Family,False,2024-07-21,2044-07-16,20,Annual,1943.89,Active,AGT0095,Kuala Lumpur
POL0001339,PTP002187,Family Takaful - Education,Family,True,2024-01-10,2044-01-05,20,Semi-Annual,1182.03,Cancelled,AGT0047,Sarawak
POL0001340,PTP000548,Family Takaful - Life Protection,Family,True,2024-11-23,2044-11-18,20,Quarterly,772.35,Lapsed,AGT0131,Kuala Lumpur
POL0001341,PTP002842,Family Takaful - Life Protection,Family,True,2024-09-27,2029-09-26,5,Monthly,1040.57,Active,AGT0127,Pahang
POL0001342,PTP000187,Personal Accident Takaful,General,False,2026-07-30,2046-07-25,20,Annual,221.66,Lapsed,AGT0093,Melaka
POL0001343,PTP001208,Family Takaful - Life Protection,Family,True,2025-01-06,2030-01-05,5,Annual,596.97,Active,AGT0124,Melaka
POL0001344,PTP001169,Personal Accident Takaful,General,False,2024-01-26,2044-01-21,20,Quarterly,811.51,Active,AGT0110,Negeri Sembilan
POL0001345,PTP000217,Family Takaful - Education,Family,True,2025-11-16,2026-11-16,1,Quarterly,803.74,Active,AGT0140,Perlis
POL0001346,PTP000516,Fire Takaful,General,False,2026-02-17,2036-02-15,10,Quarterly,1622.14,Active,AGT0059,Terengganu
POL0001347,PTP002669,Personal Accident Takaful,General,False,2024-04-03,2039-03-31,15,Monthly,90.36,Active,AGT0006,Melaka
POL0001348,PTP000100,Medical & Health Takaful,Family,False,2022-10-06,2032-10-03,10,Semi-Annual,543.9,Lapsed,AGT0112,Kuala Lumpur
POL0001349,PTP000380,Personal Accident Takaful,General,False,2025-11-14,2026-11-14,1,Quarterly,1168.33,Active,AGT0065,Putrajaya
POL0001350,PTP000128,Medical & Health Takaful,Family,False,2022-08-11,2037-08-07,15,Semi-Annual,1906.79,Active,AGT0027,Labuan
POL0001351,PTP001216,Family Takaful - Life Protection,Family,True,2022-05-25,2037-05-21,15,Quarterly,1559.01,Active,AGT0016,Kedah
POL0001352,PTP002787,Fire Takaful,General,False,2024-05-02,2029-05-01,5,Semi-Annual,1364.27,Matured,AGT0040,Putrajaya
POL0001353,PTP002281,Motor Takaful,General,False,2025-01-04,2030-01-03,5,Quarterly,1387.07,Active,AGT0128,Melaka
POL0001354,PTP002335,Medical & Health Takaful,Family,False,2023-12-12,2033-12-09,10,Semi-Annual,1856.59,Active,AGT0091,Terengganu
POL0001355,PTP001870,Fire Takaful,General,False,2022-04-21,2027-04-20,5,Quarterly,924.82,Lapsed,AGT0127,Negeri Sembilan
POL0001356,PTP002790,Fire Takaful,General,False,2022-08-12,2037-08-08,15,Quarterly,1472.23,Active,AGT0038,Melaka
POL0001357,PTP000097,Family Takaful - Life Protection,Family,True,2023-05-24,2043-05-19,20,Annual,1931.73,Matured,AGT0034,Labuan
POL0001358,PTP001588,Family Takaful - Education,Family,True,2026-03-06,2041-03-02,15,Semi-Annual,1840.34,Lapsed,AGT0071,Kuala Lumpur
POL0001359,PTP001140,Fire Takaful,General,False,2025-05-15,2035-05-13,10,Monthly,1344.37,Active,AGT0142,Kelantan
POL0001360,PTP000948,Motor Takaful,General,False,2021-11-22,2022-11-22,1,Semi-Annual,1931.41,Active,AGT0035,Perak
POL0001361,PTP002179,Fire Takaful,General,False,2022-10-26,2023-10-26,1,Semi-Annual,979.81,Active,AGT0087,Terengganu
POL0001362,PTP000696,Personal Accident Takaful,General,False,2022-07-07,2037-07-03,15,Annual,1570.7,Active,AGT0070,Sabah
POL0001363,PTP000845,Motor Takaful,General,False,2023-05-11,2033-05-08,10,Quarterly,1413.46,Matured,AGT0059,Putrajaya
POL0001364,PTP000793,Fire Takaful,General,False,2022-06-30,2037-06-26,15,Quarterly,1064.06,Active,AGT0149,Sabah
POL0001365,PTP000327,Personal Accident Takaful,General,False,2024-11-12,2025-11-12,1,Quarterly,130.08,Active,AGT0126,Putrajaya
POL0001366,PTP000677,Family Takaful - Education,Family,True,2023-11-21,2028-11-19,5,Semi-Annual,1793.37,Cancelled,AGT0134,Kelantan
POL0001367,PTP002332,Fire Takaful,General,False,2025-04-17,2035-04-15,10,Annual,472.32,Active,AGT0092,Labuan
POL0001368,PTP001019,Family Takaful - Education,Family,True,2021-04-18,2031-04-16,10,Quarterly,403.95,Active,AGT0117,Kedah
POL0001369,PTP000125,Fire Takaful,General,False,2025-01-20,2026-01-20,1,Quarterly,978.8,Lapsed,AGT0120,Putrajaya
POL0001370,PTP000933,Family Takaful - Education,Family,True,2022-06-18,2042-06-13,20,Quarterly,978.85,Matured,AGT0071,Penang
POL0001371,PTP001276,Motor Takaful,General,False,2024-10-24,2025-10-24,1,Quarterly,1792.76,Active,AGT0117,Terengganu
POL0001372,PTP002485,Fire Takaful,General,False,2021-04-20,2041-04-15,20,Monthly,341.29,Active,AGT0016,Labuan
POL0001373,PTP000618,Family Takaful - Life Protection,Family,True,2021-04-23,2041-04-18,20,Annual,1327.66,Active,AGT0041,Johor
POL0001374,PTP002140,Motor Takaful,General,False,2024-02-18,2034-02-15,10,Semi-Annual,400.98,Active,AGT0010,Perak
POL0001375,PTP000961,Family Takaful - Life Protection,Family,True,2021-11-05,2031-11-03,10,Annual,1630.85,Matured,AGT0030,Putrajaya
POL0001376,PTP001478,Medical & Health Takaful,Family,False,2021-05-02,2026-05-01,5,Monthly,376.33,Lapsed,AGT0142,Kuala Lumpur
POL0001377,PTP001778,Personal Accident Takaful,General,False,2021-01-13,2041-01-08,20,Monthly,601.87,Active,AGT0004,Sabah
POL0001378,PTP001146,Family Takaful - Education,Family,True,2023-06-25,2024-06-24,1,Annual,141.8,Active,AGT0090,Labuan
POL0001379,PTP001330,Family Takaful - Retirement,Family,True,2024-10-16,2025-10-16,1,Monthly,1196.02,Active,AGT0012,Negeri Sembilan
POL0001380,PTP002534,Personal Accident Takaful,General,False,2025-11-28,2030-11-27,5,Annual,1807.45,Active,AGT0075,Kelantan
POL0001381,PTP000525,Medical & Health Takaful,Family,False,2022-12-31,2042-12-26,20,Semi-Annual,887.03,Active,AGT0032,Negeri Sembilan
POL0001382,PTP002826,Family Takaful - Life Protection,Family,True,2021-06-11,2031-06-09,10,Quarterly,1596.8,Active,AGT0070,Pahang
POL0001383,PTP000189,Fire Takaful,General,False,2023-11-28,2038-11-24,15,Annual,335.16,Matured,AGT0067,Sarawak
POL0001384,PTP001212,Motor Takaful,General,False,2023-04-05,2043-03-31,20,Monthly,1813.29,Active,AGT0097,Putrajaya
POL0001385,PTP001051,Family Takaful - Education,Family,True,2025-12-14,2045-12-09,20,Annual,1794.09,Active,AGT0093,Pahang
POL0001386,PTP001829,Family Takaful - Retirement,Family,True,2021-11-05,2022-11-05,1,Annual,156.47,Active,AGT0039,Perlis
POL0001387,PTP001187,Family Takaful - Education,Family,True,2026-01-08,2046-01-03,20,Annual,510.49,Active,AGT0082,Sarawak
POL0001388,PTP001862,Medical & Health Takaful,Family,False,2021-08-03,2022-08-03,1,Semi-Annual,1935.68,Active,AGT0029,Perlis
POL0001389,PTP001090,Family Takaful - Retirement,Family,True,2022-08-27,2032-08-24,10,Annual,1965.24,Active,AGT0070,Putrajaya
POL0001390,PTP000012,Family Takaful - Retirement,Family,True,2021-06-10,2036-06-06,15,Quarterly,1275.12,Active,AGT0018,Putrajaya
POL0001391,PTP001529,Medical & Health Takaful,Family,False,2023-01-01,2037-12-28,15,Quarterly,1804.87,Lapsed,AGT0057,Sabah
POL0001392,PTP001924,Family Takaful - Life Protection,Family,True,2024-11-03,2039-10-31,15,Semi-Annual,279.73,Active,AGT0124,Sabah
POL0001393,PTP000297,Family Takaful - Life Protection,Family,True,2023-10-18,2024-10-17,1,Semi-Annual,102.38,Active,AGT0130,Terengganu
POL0001394,PTP002405,Family Takaful - Education,Family,True,2025-02-13,2030-02-12,5,Semi-Annual,326.63,Active,AGT0100,Kelantan
POL0001395,PTP000081,Family Takaful - Education,Family,True,2021-01-04,2031-01-02,10,Quarterly,1837.9,Active,AGT0012,Sarawak
POL0001396,PTP000127,Family Takaful - Life Protection,Family,True,2024-01-06,2025-01-05,1,Quarterly,1651.25,Lapsed,AGT0104,Pahang
POL0001397,PTP002680,Family Takaful - Life Protection,Family,True,2022-05-28,2042-05-23,20,Annual,1055.39,Lapsed,AGT0138,Melaka
POL0001398,PTP002526,Fire Takaful,General,False,2025-12-23,2040-12-19,15,Monthly,1641.92,Lapsed,AGT0012,Perlis
POL0001399,PTP000181,Family Takaful - Education,Family,True,2026-08-05,2036-08-02,10,Monthly,1880.35,Lapsed,AGT0062,Kedah
POL0001400,PTP001824,Family Takaful - Education,Family,True,2021-07-28,2031-07-26,10,Monthly,1479.85,Lapsed,AGT0125,Negeri Sembilan
POL0001401,PTP001163,Family Takaful - Life Protection,Family,True,2025-05-07,2045-05-02,20,Annual,903.48,Active,AGT0118,Perlis
POL0001402,PTP000764,Personal Accident Takaful,General,False,2021-11-21,2031-11-19,10,Annual,1789.47,Lapsed,AGT0002,Pahang
POL0001403,PTP001045,Family Takaful - Retirement,Family,True,2025-11-26,2040-11-22,15,Quarterly,287.78,Active,AGT0139,Labuan
POL0001404,PTP001260,Family Takaful - Education,Family,True,2024-01-28,2029-01-26,5,Semi-Annual,1003.61,Matured,AGT0017,Melaka
POL0001405,PTP000446,Fire Takaful,General,False,2026-04-10,2031-04-09,5,Semi-Annual,865.62,Active,AGT0045,Penang
POL0001406,PTP002593,Family Takaful - Life Protection,Family,True,2022-07-13,2027-07-12,5,Quarterly,1441.83,Active,AGT0145,Selangor
POL0001407,PTP000059,Medical & Health Takaful,Family,False,2022-05-19,2027-05-18,5,Quarterly,1729.27,Active,AGT0002,Negeri Sembilan
POL0001408,PTP002943,Family Takaful - Retirement,Family,True,2023-11-26,2033-11-23,10,Annual,868.82,Active,AGT0069,Johor
POL0001409,PTP001904,Fire Takaful,General,False,2025-04-05,2040-04-01,15,Semi-Annual,63.78,Active,AGT0060,Penang
POL0001410,PTP000405,Medical & Health Takaful,Family,False,2024-06-24,2034-06-22,10,Annual,908.33,Active,AGT0116,Kelantan
POL0001411,PTP001526,Personal Accident Takaful,General,False,2026-04-25,2041-04-21,15,Semi-Annual,800.49,Active,AGT0101,Kuala Lumpur
POL0001412,PTP002303,Family Takaful - Retirement,Family,True,2022-05-30,2023-05-30,1,Semi-Annual,1025.26,Lapsed,AGT0036,Perlis
POL0001413,PTP001274,Family Takaful - Retirement,Family,True,2024-08-06,2029-08-05,5,Semi-Annual,187.69,Active,AGT0147,Labuan
POL0001414,PTP002168,Family Takaful - Life Protection,Family,True,2026-06-21,2031-06-20,5,Semi-Annual,962.64,Lapsed,AGT0037,Sabah
POL0001415,PTP000021,Medical & Health Takaful,Family,False,2021-11-12,2041-11-07,20,Monthly,755.54,Active,AGT0044,Putrajaya
POL0001416,PTP002783,Family Takaful - Life Protection,Family,True,2025-11-04,2035-11-02,10,Annual,117.67,Lapsed,AGT0036,Negeri Sembilan
POL0001417,PTP001700,Personal Accident Takaful,General,False,2025-11-04,2030-11-03,5,Quarterly,1189.1,Active,AGT0023,Melaka
POL0001418,PTP001013,Family Takaful - Education,Family,True,2023-03-06,2024-03-05,1,Quarterly,1110.77,Cancelled,AGT0062,Kedah
POL0001419,PTP000082,Family Takaful - Education,Family,True,2022-03-21,2023-03-21,1,Semi-Annual,1611.89,Active,AGT0103,Terengganu
POL0001420,PTP001031,Motor Takaful,General,False,2024-08-17,2034-08-15,10,Semi-Annual,1069.99,Active,AGT0075,Terengganu
POL0001421,PTP000629,Motor Takaful,General,False,2025-05-28,2026-05-28,1,Semi-Annual,720.03,Active,AGT0118,Melaka
POL0001422,PTP001420,Medical & Health Takaful,Family,False,2023-05-15,2033-05-12,10,Annual,192.07,Cancelled,AGT0140,Sarawak
POL0001423,PTP002664,Motor Takaful,General,False,2026-02-12,2027-02-12,1,Semi-Annual,1330.63,Active,AGT0102,Perlis
POL0001424,PTP002530,Medical & Health Takaful,Family,False,2023-10-11,2028-10-09,5,Semi-Annual,1625.38,Lapsed,AGT0138,Perlis
POL0001425,PTP002721,Family Takaful - Retirement,Family,True,2021-10-07,2036-10-03,15,Quarterly,1323.99,Active,AGT0100,Kuala Lumpur
POL0001426,PTP002837,Family Takaful - Education,Family,True,2022-03-31,2037-03-27,15,Annual,301.37,Matured,AGT0079,Labuan
POL0001427,PTP001725,Fire Takaful,General,False,2022-11-20,2042-11-15,20,Semi-Annual,432.06,Active,AGT0135,Terengganu
POL0001428,PTP000479,Medical & Health Takaful,Family,False,2026-02-18,2031-02-17,5,Monthly,896.51,Active,AGT0002,Perak
POL0001429,PTP002683,Personal Accident Takaful,General,False,2026-07-19,2027-07-19,1,Monthly,1233.1,Active,AGT0081,Perak
POL0001430,PTP000037,Family Takaful - Life Protection,Family,True,2026-02-04,2031-02-03,5,Quarterly,246.68,Active,AGT0094,Penang
POL0001431,PTP002344,Family Takaful - Education,Family,True,2024-01-28,2034-01-25,10,Annual,1475.47,Active,AGT0079,Melaka
POL0001432,PTP001709,Fire Takaful,General,False,2023-01-20,2028-01-19,5,Annual,119.52,Active,AGT0105,Sarawak
POL0001433,PTP002590,Personal Accident Takaful,General,False,2023-08-24,2043-08-19,20,Semi-Annual,463.67,Active,AGT0040,Negeri Sembilan
POL0001434,PTP000773,Fire Takaful,General,False,2022-06-23,2037-06-19,15,Quarterly,300.04,Active,AGT0024,Melaka
POL0001435,PTP000060,Family Takaful - Life Protection,Family,True,2021-08-08,2036-08-04,15,Semi-Annual,662.06,Active,AGT0071,Sabah
POL0001436,PTP000252,Family Takaful - Life Protection,Family,True,2024-03-05,2044-02-29,20,Semi-Annual,630.18,Active,AGT0072,Terengganu
POL0001437,PTP000060,Personal Accident Takaful,General,False,2023-05-20,2028-05-18,5,Monthly,1886.24,Matured,AGT0145,Putrajaya
POL0001438,PTP000101,Family Takaful - Life Protection,Family,True,2023-12-22,2033-12-19,10,Quarterly,57.62,Active,AGT0004,Putrajaya
POL0001439,PTP001984,Family Takaful - Education,Family,True,2022-12-14,2027-12-13,5,Quarterly,1371.47,Matured,AGT0034,Labuan
POL0001440,PTP001945,Fire Takaful,General,False,2023-06-23,2038-06-19,15,Semi-Annual,900.52,Active,AGT0102,Penang
POL0001441,PTP001793,Family Takaful - Life Protection,Family,True,2025-12-23,2035-12-21,10,Quarterly,977.84,Active,AGT0080,Johor
POL0001442,PTP001181,Medical & Health Takaful,Family,False,2022-02-03,2027-02-02,5,Annual,1822.82,Active,AGT0087,Kedah
POL0001443,PTP002377,Family Takaful - Life Protection,Family,True,2022-06-07,2042-06-02,20,Annual,569.2,Lapsed,AGT0036,Penang
POL0001444,PTP001417,Family Takaful - Education,Family,True,2022-02-07,2027-02-06,5,Quarterly,1775.17,Active,AGT0146,Kuala Lumpur
POL0001445,PTP001789,Family Takaful - Life Protection,Family,True,2026-04-20,2046-04-15,20,Semi-Annual,1716.62,Active,AGT0074,Putrajaya
POL0001446,PTP001939,Family Takaful - Life Protection,Family,True,2023-06-01,2043-05-27,20,Quarterly,186.25,Active,AGT0012,Kedah
POL0001447,PTP001843,Family Takaful - Education,Family,True,2022-03-26,2027-03-25,5,Semi-Annual,1973.47,Active,AGT0146,Terengganu
POL0001448,PTP001291,Medical & Health Takaful,Family,False,2021-12-25,2031-12-23,10,Monthly,1613.98,Lapsed,AGT0023,Perlis
POL0001449,PTP002759,Family Takaful - Life Protection,Family,True,2022-12-28,2023-12-28,1,Annual,1674.8,Matured,AGT0084,Penang
POL0001450,PTP000188,Family Takaful - Education,Family,True,2024-02-05,2034-02-02,10,Semi-Annual,419.7,Matured,AGT0101,Melaka
POL0001451,PTP001189,Family Takaful - Retirement,Family,True,2023-05-12,2028-05-10,5,Annual,1510.06,Active,AGT0065,Perak
POL0001452,PTP000641,Fire Takaful,General,False,2021-01-31,2022-01-31,1,Quarterly,953.61,Active,AGT0114,Kelantan
POL0001453,PTP002941,Motor Takaful,General,False,2023-09-06,2033-09-03,10,Monthly,356.56,Lapsed,AGT0130,Putrajaya
POL0001454,PTP002234,Family Takaful - Retirement,Family,True,2026-05-30,2027-05-30,1,Quarterly,159.94,Active,AGT0096,Sarawak
POL0001455,PTP000162,Family Takaful - Education,Family,True,2021-06-28,2041-06-23,20,Monthly,134.61,Active,AGT0055,Perak
POL0001456,PTP001402,Motor Takaful,General,False,2025-10-04,2040-09-30,15,Semi-Annual,1867.06,Active,AGT0095,Perlis
POL0001457,PTP000494,Medical & Health Takaful,Family,False,2022-11-10,2042-11-05,20,Annual,1333.24,Active,AGT0062,Negeri Sembilan
POL0001458,PTP001124,Personal Accident Takaful,General,False,2025-09-22,2030-09-21,5,Semi-Annual,479.43,Lapsed,AGT0091,Perlis
POL0001459,PTP002165,Family Takaful - Retirement,Family,True,2021-09-24,2031-09-22,10,Annual,628.54,Lapsed,AGT0086,Johor
POL0001460,PTP001907,Family Takaful - Retirement,Family,True,2026-07-21,2031-07-20,5,Monthly,661.49,Lapsed,AGT0132,Terengganu
POL0001461,PTP000444,Personal Accident Takaful,General,False,2026-08-09,2041-08-05,15,Annual,1159.32,Active,AGT0145,Terengganu
POL0001462,PTP002376,Medical & Health Takaful,Family,False,2024-09-02,2039-08-30,15,Quarterly,74.58,Lapsed,AGT0115,Pahang
POL0001463,PTP000629,Family Takaful - Life Protection,Family,True,2025-06-07,2035-06-05,10,Quarterly,1055.88,Active,AGT0145,Sabah
POL0001464,PTP000754,Family Takaful - Life Protection,Family,True,2024-08-28,2025-08-28,1,Semi-Annual,1478.09,Active,AGT0095,Sarawak
POL0001465,PTP001857,Fire Takaful,General,False,2022-06-19,2027-06-18,5,Annual,995.11,Active,AGT0018,Negeri Sembilan
POL0001466,PTP000590,Medical & Health Takaful,Family,False,2024-06-11,2029-06-10,5,Annual,161.96,Active,AGT0020,Kedah
POL0001467,PTP001994,Family Takaful - Life Protection,Family,True,2023-01-03,2042-12-29,20,Monthly,1141.15,Active,AGT0052,Terengganu
POL0001468,PTP002615,Personal Accident Takaful,General,False,2022-09-01,2032-08-29,10,Quarterly,1790.36,Active,AGT0043,Terengganu
POL0001469,PTP000135,Family Takaful - Education,Family,True,2024-06-05,2044-05-31,20,Quarterly,818.54,Active,AGT0007,Putrajaya
POL0001470,PTP001772,Fire Takaful,General,False,2024-09-07,2029-09-06,5,Annual,1226.74,Active,AGT0055,Negeri Sembilan
POL0001471,PTP002044,Medical & Health Takaful,Family,False,2026-02-19,2046-02-14,20,Annual,96.89,Active,AGT0080,Negeri Sembilan
POL0001472,PTP001636,Medical & Health Takaful,Family,False,2025-05-26,2040-05-22,15,Quarterly,1234.75,Active,AGT0002,Negeri Sembilan
POL0001473,PTP000862,Motor Takaful,General,False,2025-08-01,2045-07-27,20,Semi-Annual,359.6,Matured,AGT0005,Pahang
POL0001474,PTP001374,Motor Takaful,General,False,2023-01-11,2033-01-08,10,Annual,1584.9,Active,AGT0123,Sabah
POL0001475,PTP001545,Medical & Health Takaful,Family,False,2022-08-23,2027-08-22,5,Quarterly,1624.03,Active,AGT0041,Labuan
POL0001476,PTP001004,Fire Takaful,General,False,2024-05-30,2039-05-27,15,Quarterly,1847.53,Active,AGT0015,Melaka
POL0001477,PTP001915,Family Takaful - Life Protection,Family,True,2023-02-28,2028-02-27,5,Semi-Annual,543.96,Matured,AGT0111,Perlis
POL0001478,PTP001630,Family Takaful - Education,Family,True,2021-07-08,2031-07-06,10,Semi-Annual,245.25,Active,AGT0099,Penang
POL0001479,PTP002240,Family Takaful - Education,Family,True,2025-03-31,2045-03-26,20,Annual,821.92,Lapsed,AGT0134,Labuan
POL0001480,PTP002524,Family Takaful - Life Protection,Family,True,2024-01-19,2034-01-16,10,Semi-Annual,1227.94,Matured,AGT0063,Terengganu
POL0001481,PTP000342,Motor Takaful,General,False,2025-10-16,2045-10-11,20,Annual,1429.19,Lapsed,AGT0059,Negeri Sembilan
POL0001482,PTP001119,Family Takaful - Education,Family,True,2023-07-23,2028-07-21,5,Quarterly,1744.21,Active,AGT0032,Kelantan
POL0001483,PTP002373,Fire Takaful,General,False,2023-02-20,2033-02-17,10,Monthly,964.39,Lapsed,AGT0053,Labuan
POL0001484,PTP002023,Motor Takaful,General,False,2023-10-12,2043-10-07,20,Monthly,1124.52,Active,AGT0041,Sabah
POL0001485,PTP000114,Family Takaful - Education,Family,True,2025-04-29,2030-04-28,5,Semi-Annual,236.81,Active,AGT0002,Perak
POL0001486,PTP000985,Motor Takaful,General,False,2022-02-12,2032-02-10,10,Monthly,346.21,Matured,AGT0063,Kelantan
POL0001487,PTP002610,Personal Accident Takaful,General,False,2023-06-08,2024-06-07,1,Monthly,617.62,Active,AGT0046,Penang
POL0001488,PTP000688,Medical & Health Takaful,Family,False,2021-07-06,2026-07-05,5,Annual,526.59,Active,AGT0009,Johor
POL0001489,PTP000750,Motor Takaful,General,False,2024-11-25,2044-11-20,20,Quarterly,85.43,Active,AGT0117,Labuan
POL0001490,PTP002604,Family Takaful - Retirement,Family,True,2025-06-22,2045-06-17,20,Monthly,1410.1,Active,AGT0002,Johor
POL0001491,PTP002688,Motor Takaful,General,False,2021-11-21,2036-11-17,15,Semi-Annual,783.63,Lapsed,AGT0055,Sabah
POL0001492,PTP001205,Personal Accident Takaful,General,False,2024-06-19,2044-06-14,20,Quarterly,514.99,Lapsed,AGT0131,Labuan
POL0001493,PTP000466,Family Takaful - Retirement,Family,True,2021-10-25,2031-10-23,10,Annual,605.12,Active,AGT0030,Johor
POL0001494,PTP001906,Fire Takaful,General,False,2021-08-28,2041-08-23,20,Quarterly,931.78,Active,AGT0137,Sabah
POL0001495,PTP000136,Personal Accident Takaful,General,False,2023-11-09,2024-11-08,1,Quarterly,140.84,Active,AGT0134,Selangor
POL0001496,PTP002234,Fire Takaful,General,False,2023-04-08,2033-04-05,10,Monthly,1272.84,Active,AGT0053,Sabah
POL0001497,PTP000464,Medical & Health Takaful,Family,False,2021-02-21,2022-02-21,1,Quarterly,780.58,Active,AGT0020,Kedah
POL0001498,PTP000569,Fire Takaful,General,False,2024-12-05,2029-12-04,5,Annual,1437.23,Active,AGT0038,Kuala Lumpur
POL0001499,PTP000672,Family Takaful - Education,Family,True,2023-06-22,2024-06-21,1,Annual,242.52,Active,AGT0075,Sabah
POL0001500,PTP002168,Fire Takaful,General,False,2023-06-01,2028-05-30,5,Annual,1786.55,Active,AGT0026,Penang
POL0001501,PTP001643,Medical & Health Takaful,Family,False,2022-03-30,2023-03-30,1,Annual,1616.25,Lapsed,AGT0138,Perlis
POL0001502,PTP000556,Motor Takaful,General,False,2021-01-29,2026-01-28,5,Semi-Annual,673.72,Active,AGT0102,Melaka
POL0001503,PTP000694,Medical & Health Takaful,Family,False,2025-12-18,2030-12-17,5,Quarterly,1570.44,Active,AGT0147,Negeri Sembilan
POL0001504,PTP000343,Medical & Health Takaful,Family,False,2024-10-16,2029-10-15,5,Monthly,1299.4,Active,AGT0004,Terengganu
POL0001505,PTP000809,Family Takaful - Education,Family,True,2024-02-26,2025-02-25,1,Semi-Annual,168.26,Active,AGT0083,Pahang
POL0001506,PTP000011,Motor Takaful,General,False,2023-11-29,2043-11-24,20,Semi-Annual,673.82,Active,AGT0126,Putrajaya
POL0001507,PTP000256,Family Takaful - Life Protection,Family,True,2026-07-27,2046-07-22,20,Annual,538.48,Active,AGT0013,Selangor
POL0001508,PTP002291,Fire Takaful,General,False,2023-07-20,2024-07-19,1,Annual,1318.3,Active,AGT0076,Kuala Lumpur
POL0001509,PTP001392,Motor Takaful,General,False,2023-08-10,2033-08-07,10,Monthly,688.96,Active,AGT0042,Putrajaya
POL0001510,PTP000685,Medical & Health Takaful,Family,False,2025-12-19,2030-12-18,5,Quarterly,1863.2,Active,AGT0145,Selangor
POL0001511,PTP000483,Personal Accident Takaful,General,False,2023-08-26,2028-08-24,5,Monthly,71.22,Active,AGT0041,Penang
POL0001512,PTP000792,Family Takaful - Retirement,Family,True,2021-04-24,2036-04-20,15,Annual,1796.01,Active,AGT0019,Kuala Lumpur
POL0001513,PTP001491,Family Takaful - Education,Family,True,2023-01-03,2032-12-31,10,Semi-Annual,130.84,Active,AGT0121,Melaka
POL0001514,PTP001945,Personal Accident Takaful,General,False,2021-11-15,2022-11-15,1,Annual,948.73,Active,AGT0091,Putrajaya
POL0001515,PTP002322,Medical & Health Takaful,Family,False,2025-07-20,2030-07-19,5,Monthly,1279.97,Active,AGT0066,Kuala Lumpur
POL0001516,PTP001835,Fire Takaful,General,False,2021-04-14,2031-04-12,10,Monthly,1287.7,Matured,AGT0139,Johor
POL0001517,PTP002366,Family Takaful - Education,Family,True,2022-05-25,2023-05-25,1,Semi-Annual,1993.75,Lapsed,AGT0086,Perlis
POL0001518,PTP002048,Personal Accident Takaful,General,False,2025-07-06,2040-07-02,15,Monthly,906.01,Active,AGT0087,Perak
POL0001519,PTP001098,Motor Takaful,General,False,2025-06-23,2026-06-23,1,Monthly,238.04,Active,AGT0025,Putrajaya
POL0001520,PTP001730,Family Takaful - Retirement,Family,True,2024-09-18,2025-09-18,1,Annual,1867.37,Matured,AGT0120,Kuala Lumpur
POL0001521,PTP000529,Family Takaful - Life Protection,Family,True,2023-04-23,2043-04-18,20,Semi-Annual,58.18,Cancelled,AGT0079,Putrajaya
POL0001522,PTP002068,Personal Accident Takaful,General,False,2022-10-27,2037-10-23,15,Quarterly,947.88,Active,AGT0049,Perak
POL0001523,PTP000243,Motor Takaful,General,False,2024-12-18,2044-12-13,20,Quarterly,1306.45,Active,AGT0135,Labuan
POL0001524,PTP000966,Family Takaful - Retirement,Family,True,2026-08-06,2031-08-05,5,Quarterly,1958.02,Active,AGT0049,Sarawak
POL0001525,PTP002575,Fire Takaful,General,False,2024-10-22,2039-10-19,15,Monthly,1788.91,Active,AGT0066,Selangor
POL0001526,PTP002509,Family Takaful - Life Protection,Family,True,2025-07-01,2040-06-27,15,Semi-Annual,431.12,Lapsed,AGT0074,Negeri Sembilan
POL0001527,PTP001092,Family Takaful - Life Protection,Family,True,2026-02-07,2031-02-06,5,Quarterly,1191.8,Active,AGT0101,Terengganu
POL0001528,PTP000537,Fire Takaful,General,False,2023-09-10,2043-09-05,20,Annual,201.01,Active,AGT0104,Sabah
POL0001529,PTP000638,Medical & Health Takaful,Family,False,2023-10-17,2033-10-14,10,Quarterly,1947.95,Lapsed,AGT0080,Selangor
POL0001530,PTP001600,Fire Takaful,General,False,2022-10-10,2023-10-10,1,Annual,1711.59,Active,AGT0063,Melaka
POL0001531,PTP000243,Family Takaful - Education,Family,True,2023-12-09,2028-12-07,5,Annual,229.14,Active,AGT0066,Pahang
POL0001532,PTP000726,Personal Accident Takaful,General,False,2025-08-30,2030-08-29,5,Annual,832.25,Active,AGT0056,Sarawak
POL0001533,PTP001493,Medical & Health Takaful,Family,False,2021-05-12,2031-05-10,10,Semi-Annual,588.08,Active,AGT0031,Negeri Sembilan
POL0001534,PTP000834,Family Takaful - Retirement,Family,True,2024-04-04,2029-04-03,5,Monthly,213.9,Active,AGT0068,Melaka
POL0001535,PTP001201,Motor Takaful,General,False,2024-09-23,2039-09-20,15,Quarterly,1301.01,Lapsed,AGT0021,Negeri Sembilan
POL0001536,PTP000736,Personal Accident Takaful,General,False,2024-05-14,2039-05-11,15,Monthly,513.39,Matured,AGT0020,Sabah
POL0001537,PTP002557,Family Takaful - Education,Family,True,2022-05-19,2037-05-15,15,Annual,582.57,Active,AGT0045,Melaka
POL0001538,PTP002706,Medical & Health Takaful,Family,False,2024-03-26,2029-03-25,5,Annual,1193.94,Active,AGT0113,Sarawak
POL0001539,PTP001324,Family Takaful - Life Protection,Family,True,2026-07-24,2036-07-21,10,Monthly,1541.11,Active,AGT0001,Kuala Lumpur
POL0001540,PTP001904,Family Takaful - Retirement,Family,True,2022-05-04,2032-05-01,10,Monthly,768.74,Lapsed,AGT0057,Melaka
POL0001541,PTP001967,Motor Takaful,General,False,2022-12-28,2027-12-27,5,Annual,145.0,Lapsed,AGT0143,Sabah
POL0001542,PTP001066,Family Takaful - Retirement,Family,True,2023-03-17,2024-03-16,1,Monthly,100.14,Active,AGT0104,Negeri Sembilan
POL0001543,PTP000978,Fire Takaful,General,False,2026-05-14,2046-05-09,20,Annual,1297.91,Matured,AGT0079,Sarawak
POL0001544,PTP000195,Personal Accident Takaful,General,False,2021-10-18,2031-10-16,10,Monthly,1282.21,Active,AGT0100,Johor
POL0001545,PTP002972,Family Takaful - Education,Family,True,2025-03-27,2045-03-22,20,Quarterly,1271.98,Lapsed,AGT0080,Johor
POL0001546,PTP000603,Personal Accident Takaful,General,False,2021-09-19,2041-09-14,20,Monthly,1830.08,Active,AGT0003,Perlis
POL0001547,PTP000318,Personal Accident Takaful,General,False,2023-12-27,2038-12-23,15,Monthly,212.87,Active,AGT0043,Pahang
POL0001548,PTP000010,Family Takaful - Life Protection,Family,True,2023-02-22,2024-02-22,1,Monthly,859.86,Matured,AGT0014,Sabah
POL0001549,PTP001969,Family Takaful - Life Protection,Family,True,2025-08-30,2045-08-25,20,Quarterly,1925.75,Active,AGT0045,Kuala Lumpur
POL0001550,PTP002270,Medical & Health Takaful,Family,False,2021-11-24,2031-11-22,10,Semi-Annual,1507.69,Active,AGT0010,Putrajaya
POL0001551,PTP002534,Medical & Health Takaful,Family,False,2025-04-09,2045-04-04,20,Annual,1228.8,Active,AGT0067,Sabah
POL0001552,PTP000133,Family Takaful - Education,Family,True,2021-10-04,2031-10-02,10,Semi-Annual,215.32,Active,AGT0101,Selangor
POL0001553,PTP002629,Medical & Health Takaful,Family,False,2023-07-02,2038-06-28,15,Annual,380.68,Active,AGT0091,Terengganu
POL0001554,PTP000695,Motor Takaful,General,False,2024-08-12,2044-08-07,20,Semi-Annual,1431.94,Active,AGT0083,Labuan
POL0001555,PTP002858,Medical & Health Takaful,Family,False,2023-05-24,2038-05-20,15,Quarterly,1419.54,Active,AGT0008,Pahang
POL0001556,PTP001288,Medical & Health Takaful,Family,False,2026-05-12,2046-05-07,20,Quarterly,965.0,Active,AGT0112,Selangor
POL0001557,PTP001922,Family Takaful - Retirement,Family,True,2022-02-13,2023-02-13,1,Quarterly,769.5,Active,AGT0138,Johor
POL0001558,PTP001297,Family Takaful - Education,Family,True,2024-02-24,2029-02-22,5,Quarterly,1161.11,Active,AGT0112,Selangor
POL0001559,PTP000547,Motor Takaful,General,False,2024-12-27,2044-12-22,20,Annual,1283.71,Active,AGT0004,Perlis
POL0001560,PTP000867,Family Takaful - Retirement,Family,True,2024-06-12,2039-06-09,15,Annual,1819.04,Active,AGT0125,Pahang
POL0001561,PTP000336,Personal Accident Takaful,General,False,2022-12-04,2023-12-04,1,Semi-Annual,161.03,Active,AGT0043,Perak
POL0001562,PTP001556,Family Takaful - Retirement,Family,True,2024-03-16,2025-03-16,1,Quarterly,1076.47,Matured,AGT0089,Negeri Sembilan
POL0001563,PTP000250,Motor Takaful,General,False,2024-11-30,2044-11-25,20,Semi-Annual,1284.74,Active,AGT0062,Pahang
POL0001564,PTP000646,Personal Accident Takaful,General,False,2024-02-07,2029-02-05,5,Annual,967.73,Lapsed,AGT0085,Kuala Lumpur
POL0001565,PTP001832,Fire Takaful,General,False,2025-09-06,2035-09-04,10,Semi-Annual,1558.21,Active,AGT0058,Labuan
POL0001566,PTP001033,Motor Takaful,General,False,2024-12-15,2029-12-14,5,Quarterly,694.0,Active,AGT0085,Negeri Sembilan
POL0001567,PTP001718,Medical & Health Takaful,Family,False,2021-07-30,2022-07-30,1,Semi-Annual,1336.36,Lapsed,AGT0041,Labuan
POL0001568,PTP002413,Personal Accident Takaful,General,False,2022-12-19,2042-12-14,20,Annual,583.81,Active,AGT0042,Sarawak
POL0001569,PTP002557,Medical & Health Takaful,Family,False,2026-07-27,2036-07-24,10,Monthly,1373.35,Active,AGT0058,Pahang
POL0001570,PTP001103,Family Takaful - Education,Family,True,2025-11-28,2026-11-28,1,Semi-Annual,164.76,Lapsed,AGT0088,Penang
POL0001571,PTP000528,Family Takaful - Retirement,Family,True,2022-08-11,2037-08-07,15,Semi-Annual,1150.25,Active,AGT0082,Kedah
POL0001572,PTP002846,Motor Takaful,General,False,2024-10-27,2025-10-27,1,Quarterly,1428.97,Active,AGT0124,Kelantan
POL0001573,PTP002890,Family Takaful - Life Protection,Family,True,2024-09-28,2029-09-27,5,Annual,1249.3,Active,AGT0034,Perlis
POL0001574,PTP000687,Family Takaful - Education,Family,True,2024-01-16,2025-01-15,1,Quarterly,1046.69,Active,AGT0063,Sarawak
POL0001575,PTP001080,Medical & Health Takaful,Family,False,2021-11-09,2022-11-09,1,Annual,1078.06,Active,AGT0049,Putrajaya
POL0001576,PTP000590,Motor Takaful,General,False,2023-01-06,2038-01-02,15,Quarterly,1808.77,Active,AGT0130,Kuala Lumpur
POL0001577,PTP001175,Family Takaful - Education,Family,True,2021-09-28,2036-09-24,15,Annual,215.81,Active,AGT0063,Sarawak
POL0001578,PTP002775,Family Takaful - Life Protection,Family,True,2021-09-08,2041-09-03,20,Semi-Annual,1639.64,Active,AGT0136,Negeri Sembilan
POL0001579,PTP001024,Medical & Health Takaful,Family,False,2025-10-27,2026-10-27,1,Monthly,1346.69,Active,AGT0051,Penang
POL0001580,PTP000912,Medical & Health Takaful,Family,False,2021-07-17,2026-07-16,5,Monthly,1384.1,Active,AGT0062,Perlis
POL0001581,PTP001989,Fire Takaful,General,False,2025-08-20,2040-08-16,15,Annual,1882.11,Active,AGT0107,Pahang
POL0001582,PTP001869,Medical & Health Takaful,Family,False,2024-06-28,2034-06-26,10,Semi-Annual,729.76,Active,AGT0015,Sarawak
POL0001583,PTP001025,Motor Takaful,General,False,2022-03-30,2042-03-25,20,Semi-Annual,695.11,Active,AGT0029,Johor
POL0001584,PTP000207,Family Takaful - Life Protection,Family,True,2025-04-13,2045-04-08,20,Semi-Annual,448.42,Active,AGT0061,Kuala Lumpur
POL0001585,PTP002202,Motor Takaful,General,False,2022-07-09,2027-07-08,5,Quarterly,1397.74,Active,AGT0022,Sarawak
POL0001586,PTP001496,Fire Takaful,General,False,2021-10-14,2031-10-12,10,Semi-Annual,1948.92,Active,AGT0008,Putrajaya
POL0001587,PTP000094,Family Takaful - Life Protection,Family,True,2025-03-23,2035-03-21,10,Quarterly,83.86,Lapsed,AGT0109,Selangor
POL0001588,PTP001580,Medical & Health Takaful,Family,False,2024-02-27,2025-02-26,1,Monthly,673.66,Lapsed,AGT0077,Negeri Sembilan
POL0001589,PTP002077,Medical & Health Takaful,Family,False,2025-11-25,2030-11-24,5,Annual,259.36,Cancelled,AGT0144,Kedah
POL0001590,PTP001045,Fire Takaful,General,False,2022-07-11,2037-07-07,15,Annual,1409.66,Active,AGT0045,Negeri Sembilan
POL0001591,PTP000220,Medical & Health Takaful,Family,False,2024-09-02,2039-08-30,15,Semi-Annual,1840.54,Active,AGT0009,Sabah
POL0001592,PTP000938,Fire Takaful,General,False,2025-01-19,2045-01-14,20,Annual,1259.01,Active,AGT0029,Sabah
POL0001593,PTP001533,Motor Takaful,General,False,2023-01-11,2043-01-06,20,Monthly,565.71,Active,AGT0077,Terengganu
POL0001594,PTP000339,Medical & Health Takaful,Family,False,2024-09-29,2044-09-24,20,Semi-Annual,1185.64,Active,AGT0101,Negeri Sembilan
POL0001595,PTP001223,Medical & Health Takaful,Family,False,2023-10-27,2033-10-24,10,Monthly,331.54,Active,AGT0019,Terengganu
POL0001596,PTP000696,Family Takaful - Retirement,Family,True,2022-10-02,2042-09-27,20,Semi-Annual,782.58,Active,AGT0127,Selangor
POL0001597,PTP000284,Motor Takaful,General,False,2026-04-09,2041-04-05,15,Semi-Annual,1218.28,Lapsed,AGT0032,Negeri Sembilan
POL0001598,PTP001540,Medical & Health Takaful,Family,False,2021-06-28,2041-06-23,20,Quarterly,1374.19,Active,AGT0037,Pahang
POL0001599,PTP000183,Fire Takaful,General,False,2022-06-10,2042-06-05,20,Monthly,1410.47,Lapsed,AGT0080,Penang
POL0001600,PTP001891,Medical & Health Takaful,Family,False,2021-05-13,2036-05-09,15,Annual,520.56,Active,AGT0064,Johor
POL0001601,PTP001695,Family Takaful - Education,Family,True,2023-06-27,2033-06-24,10,Annual,74.52,Active,AGT0033,Penang
POL0001602,PTP001579,Family Takaful - Retirement,Family,True,2024-12-04,2039-12-01,15,Quarterly,681.05,Active,AGT0074,Sabah
POL0001603,PTP002940,Motor Takaful,General,False,2023-04-05,2028-04-03,5,Annual,1532.55,Active,AGT0129,Pahang
POL0001604,PTP000370,Family Takaful - Retirement,Family,True,2021-08-02,2036-07-29,15,Annual,1819.18,Active,AGT0131,Penang
POL0001605,PTP001424,Family Takaful - Retirement,Family,True,2026-04-02,2027-04-02,1,Semi-Annual,1400.51,Lapsed,AGT0107,Penang
POL0001606,PTP001726,Medical & Health Takaful,Family,False,2024-05-20,2025-05-20,1,Annual,1153.06,Matured,AGT0062,Kelantan
POL0001607,PTP001028,Medical & Health Takaful,Family,False,2021-02-27,2031-02-25,10,Semi-Annual,1158.91,Active,AGT0106,Johor
POL0001608,PTP000294,Family Takaful - Life Protection,Family,True,2023-04-29,2043-04-24,20,Quarterly,701.73,Active,AGT0067,Terengganu
POL0001609,PTP000306,Motor Takaful,General,False,2022-09-01,2032-08-29,10,Annual,820.11,Active,AGT0033,Penang
POL0001610,PTP000596,Fire Takaful,General,False,2025-10-26,2045-10-21,20,Semi-Annual,929.55,Active,AGT0100,Labuan
POL0001611,PTP002267,Family Takaful - Retirement,Family,True,2026-05-28,2046-05-23,20,Annual,1519.65,Lapsed,AGT0022,Perlis
POL0001612,PTP000920,Family Takaful - Education,Family,True,2024-11-24,2029-11-23,5,Monthly,1014.59,Active,AGT0053,Kelantan
POL0001613,PTP002338,Personal Accident Takaful,General,False,2023-01-21,2028-01-20,5,Monthly,1535.74,Active,AGT0035,Kedah
POL0001614,PTP000018,Family Takaful - Education,Family,True,2022-07-04,2037-06-30,15,Monthly,599.06,Active,AGT0100,Sarawak
POL0001615,PTP000443,Personal Accident Takaful,General,False,2022-01-06,2042-01-01,20,Annual,1659.72,Active,AGT0005,Terengganu
POL0001616,PTP002734,Family Takaful - Retirement,Family,True,2023-07-16,2038-07-12,15,Quarterly,58.64,Active,AGT0004,Perlis
POL0001617,PTP000773,Family Takaful - Retirement,Family,True,2025-09-05,2040-09-01,15,Semi-Annual,451.87,Active,AGT0096,Kelantan
POL0001618,PTP002541,Fire Takaful,General,False,2024-03-31,2029-03-30,5,Semi-Annual,1544.38,Lapsed,AGT0001,Negeri Sembilan
POL0001619,PTP000035,Personal Accident Takaful,General,False,2021-05-25,2026-05-24,5,Quarterly,1717.53,Active,AGT0005,Sarawak
POL0001620,PTP000523,Family Takaful - Retirement,Family,True,2022-12-15,2037-12-11,15,Annual,643.98,Active,AGT0084,Perak
POL0001621,PTP002800,Fire Takaful,General,False,2023-07-29,2033-07-26,10,Monthly,1686.15,Active,AGT0132,Perak
POL0001622,PTP000053,Family Takaful - Life Protection,Family,True,2021-01-14,2036-01-11,15,Semi-Annual,1721.05,Active,AGT0106,Perak
POL0001623,PTP002709,Family Takaful - Education,Family,True,2024-10-03,2029-10-02,5,Monthly,1841.03,Lapsed,AGT0025,Sabah
POL0001624,PTP002059,Personal Accident Takaful,General,False,2021-11-18,2036-11-14,15,Monthly,994.63,Lapsed,AGT0054,Kelantan
POL0001625,PTP001737,Medical & Health Takaful,Family,False,2025-05-30,2030-05-29,5,Semi-Annual,814.95,Active,AGT0130,Penang
POL0001626,PTP002663,Family Takaful - Life Protection,Family,True,2022-10-11,2037-10-07,15,Semi-Annual,1905.73,Active,AGT0072,Pahang
POL0001627,PTP000042,Family Takaful - Life Protection,Family,True,2023-04-04,2038-03-31,15,Quarterly,1241.67,Active,AGT0072,Selangor
POL0001628,PTP000922,Medical & Health Takaful,Family,False,2025-01-19,2030-01-18,5,Quarterly,722.82,Active,AGT0028,Sarawak
POL0001629,PTP000637,Fire Takaful,General,False,2023-10-25,2033-10-22,10,Annual,295.98,Cancelled,AGT0085,Perlis
POL0001630,PTP001850,Personal Accident Takaful,General,False,2022-02-06,2042-02-01,20,Monthly,1281.15,Lapsed,AGT0064,Kuala Lumpur
POL0001631,PTP001513,Medical & Health Takaful,Family,False,2026-02-06,2046-02-01,20,Monthly,170.1,Active,AGT0102,Pahang
POL0001632,PTP000622,Family Takaful - Retirement,Family,True,2024-04-11,2044-04-06,20,Semi-Annual,1227.08,Active,AGT0130,Kedah
POL0001633,PTP002080,Motor Takaful,General,False,2022-11-25,2023-11-25,1,Monthly,1818.52,Active,AGT0071,Putrajaya
POL0001634,PTP001810,Medical & Health Takaful,Family,False,2025-08-22,2035-08-20,10,Quarterly,1169.97,Active,AGT0022,Perlis
POL0001635,PTP001442,Medical & Health Takaful,Family,False,2025-08-23,2035-08-21,10,Quarterly,318.45,Cancelled,AGT0100,Johor
POL0001636,PTP002325,Fire Takaful,General,False,2024-09-04,2034-09-02,10,Monthly,1431.45,Matured,AGT0034,Negeri Sembilan
POL0001637,PTP002302,Personal Accident Takaful,General,False,2023-12-16,2043-12-11,20,Quarterly,1568.46,Active,AGT0066,Pahang
POL0001638,PTP001877,Medical & Health Takaful,Family,False,2025-08-04,2040-07-31,15,Quarterly,199.81,Matured,AGT0138,Perlis
POL0001639,PTP001406,Fire Takaful,General,False,2024-10-24,2025-10-24,1,Monthly,1565.04,Lapsed,AGT0150,Penang
POL0001640,PTP002857,Family Takaful - Retirement,Family,True,2024-11-20,2039-11-17,15,Quarterly,1502.39,Active,AGT0054,Terengganu
POL0001641,PTP002422,Personal Accident Takaful,General,False,2023-02-11,2038-02-07,15,Monthly,1623.78,Active,AGT0073,Penang
POL0001642,PTP000632,Fire Takaful,General,False,2026-02-26,2027-02-26,1,Monthly,859.38,Active,AGT0084,Kedah
POL0001643,PTP001679,Family Takaful - Education,Family,True,2026-07-12,2046-07-07,20,Annual,131.1,Active,AGT0036,Selangor
POL0001644,PTP000916,Fire Takaful,General,False,2023-05-30,2043-05-25,20,Monthly,1882.65,Matured,AGT0041,Selangor
POL0001645,PTP002367,Motor Takaful,General,False,2025-10-15,2040-10-11,15,Annual,1712.23,Cancelled,AGT0114,Sabah
POL0001646,PTP000072,Family Takaful - Life Protection,Family,True,2025-12-23,2030-12-22,5,Semi-Annual,625.71,Active,AGT0097,Terengganu
POL0001647,PTP001723,Medical & Health Takaful,Family,False,2021-01-04,2036-01-01,15,Monthly,1299.17,Active,AGT0084,Labuan
POL0001648,PTP001176,Personal Accident Takaful,General,False,2023-03-05,2043-02-28,20,Annual,845.67,Active,AGT0067,Kelantan
POL0001649,PTP001846,Family Takaful - Life Protection,Family,True,2023-09-27,2024-09-26,1,Monthly,815.32,Active,AGT0088,Melaka
POL0001650,PTP001744,Motor Takaful,General,False,2026-07-22,2031-07-21,5,Monthly,1451.43,Lapsed,AGT0133,Perlis
POL0001651,PTP002187,Family Takaful - Education,Family,True,2021-08-27,2026-08-26,5,Monthly,694.51,Active,AGT0046,Perlis
POL0001652,PTP001719,Family Takaful - Life Protection,Family,True,2024-07-19,2034-07-17,10,Monthly,1969.66,Active,AGT0145,Pahang
POL0001653,PTP002113,Family Takaful - Education,Family,True,2024-06-06,2025-06-06,1,Semi-Annual,1706.36,Active,AGT0081,Putrajaya
POL0001654,PTP000054,Family Takaful - Education,Family,True,2021-04-15,2022-04-15,1,Monthly,1836.91,Cancelled,AGT0009,Putrajaya
POL0001655,PTP000859,Motor Takaful,General,False,2024-08-04,2034-08-02,10,Quarterly,815.35,Active,AGT0128,Negeri Sembilan
POL0001656,PTP001000,Personal Accident Takaful,General,False,2025-07-05,2045-06-30,20,Monthly,502.36,Active,AGT0071,Johor
POL0001657,PTP000863,Family Takaful - Education,Family,True,2024-07-26,2044-07-21,20,Monthly,787.03,Active,AGT0037,Johor
POL0001658,PTP000824,Family Takaful - Education,Family,True,2024-12-05,2034-12-03,10,Semi-Annual,295.41,Active,AGT0045,Terengganu
POL0001659,PTP002582,Family Takaful - Education,Family,True,2022-03-01,2023-03-01,1,Monthly,1934.63,Active,AGT0091,Negeri Sembilan
POL0001660,PTP000059,Motor Takaful,General,False,2024-04-18,2029-04-17,5,Semi-Annual,1340.57,Active,AGT0047,Pahang
POL0001661,PTP002314,Medical & Health Takaful,Family,False,2021-05-29,2026-05-28,5,Quarterly,1532.65,Active,AGT0139,Putrajaya
POL0001662,PTP002783,Medical & Health Takaful,Family,False,2026-04-02,2041-03-29,15,Monthly,1712.54,Cancelled,AGT0100,Sabah
POL0001663,PTP002982,Motor Takaful,General,False,2024-08-04,2025-08-04,1,Semi-Annual,1793.78,Active,AGT0055,Labuan
POL0001664,PTP002254,Family Takaful - Life Protection,Family,True,2026-03-04,2036-03-01,10,Quarterly,615.88,Active,AGT0026,Sarawak
POL0001665,PTP001669,Family Takaful - Life Protection,Family,True,2022-10-22,2042-10-17,20,Annual,1345.79,Lapsed,AGT0047,Kelantan
POL0001666,PTP001565,Family Takaful - Life Protection,Family,True,2022-11-15,2023-11-15,1,Semi-Annual,970.25,Matured,AGT0144,Penang
POL0001667,PTP002257,Family Takaful - Retirement,Family,True,2022-04-26,2027-04-25,5,Monthly,485.36,Active,AGT0121,Perlis
POL0001668,PTP000232,Family Takaful - Retirement,Family,True,2025-11-28,2040-11-24,15,Annual,841.68,Active,AGT0035,Perak
POL0001669,PTP000137,Personal Accident Takaful,General,False,2023-07-22,2024-07-21,1,Annual,1847.64,Active,AGT0113,Melaka
POL0001670,PTP000138,Family Takaful - Retirement,Family,True,2023-01-31,2028-01-30,5,Monthly,1375.17,Active,AGT0004,Kelantan
POL0001671,PTP001794,Medical & Health Takaful,Family,False,2026-05-29,2027-05-29,1,Quarterly,1209.54,Active,AGT0121,Sabah
POL0001672,PTP001549,Family Takaful - Retirement,Family,True,2024-10-31,2039-10-28,15,Annual,175.08,Active,AGT0107,Labuan
POL0001673,PTP001060,Fire Takaful,General,False,2025-01-28,2026-01-28,1,Semi-Annual,1404.05,Active,AGT0116,Terengganu
POL0001674,PTP000728,Family Takaful - Retirement,Family,True,2025-12-22,2035-12-20,10,Semi-Annual,1946.5,Active,AGT0133,Perak
POL0001675,PTP001324,Family Takaful - Life Protection,Family,True,2025-09-14,2045-09-09,20,Monthly,1168.22,Lapsed,AGT0134,Terengganu
POL0001676,PTP000427,Personal Accident Takaful,General,False,2022-02-26,2023-02-26,1,Annual,663.61,Active,AGT0064,Kedah
POL0001677,PTP002226,Personal Accident Takaful,General,False,2024-11-11,2025-11-11,1,Annual,673.55,Active,AGT0108,Labuan
POL0001678,PTP000152,Fire Takaful,General,False,2025-02-17,2026-02-17,1,Monthly,1338.99,Cancelled,AGT0140,Sarawak
POL0001679,PTP002065,Fire Takaful,General,False,2023-05-09,2024-05-08,1,Quarterly,1725.99,Active,AGT0083,Kuala Lumpur
POL0001680,PTP000727,Personal Accident Takaful,General,False,2026-06-10,2036-06-07,10,Annual,1042.83,Active,AGT0077,Terengganu
POL0001681,PTP001544,Family Takaful - Life Protection,Family,True,2023-09-15,2028-09-13,5,Quarterly,1565.98,Active,AGT0093,Perak
POL0001682,PTP001143,Personal Accident Takaful,General,False,2024-08-07,2039-08-04,15,Monthly,154.51,Active,AGT0087,Labuan
POL0001683,PTP002173,Fire Takaful,General,False,2022-07-01,2037-06-27,15,Monthly,425.14,Lapsed,AGT0052,Sabah
POL0001684,PTP001104,Fire Takaful,General,False,2022-08-19,2037-08-15,15,Monthly,222.91,Active,AGT0100,Sabah
POL0001685,PTP002930,Fire Takaful,General,False,2025-03-28,2045-03-23,20,Semi-Annual,1874.27,Active,AGT0047,Sarawak
POL0001686,PTP002592,Medical & Health Takaful,Family,False,2021-04-11,2026-04-10,5,Semi-Annual,1384.83,Active,AGT0072,Labuan
POL0001687,PTP002295,Personal Accident Takaful,General,False,2025-12-24,2030-12-23,5,Monthly,855.76,Active,AGT0049,Johor
POL0001688,PTP002502,Family Takaful - Life Protection,Family,True,2023-01-03,2042-12-29,20,Monthly,1905.27,Lapsed,AGT0045,Kedah
POL0001689,PTP000572,Motor Takaful,General,False,2021-01-04,2036-01-01,15,Quarterly,411.59,Active,AGT0065,Johor
POL0001690,PTP002056,Family Takaful - Retirement,Family,True,2024-01-30,2034-01-27,10,Monthly,767.71,Lapsed,AGT0043,Pahang
POL0001691,PTP002207,Motor Takaful,General,False,2023-09-07,2024-09-06,1,Monthly,559.49,Active,AGT0060,Terengganu
POL0001692,PTP001648,Family Takaful - Life Protection,Family,True,2021-04-25,2026-04-24,5,Quarterly,1813.93,Active,AGT0111,Labuan
POL0001693,PTP000782,Family Takaful - Retirement,Family,True,2024-05-25,2044-05-20,20,Annual,67.69,Active,AGT0140,Kelantan
POL0001694,PTP001476,Medical & Health Takaful,Family,False,2022-02-15,2037-02-11,15,Annual,1665.22,Active,AGT0024,Sarawak
POL0001695,PTP000606,Personal Accident Takaful,General,False,2025-02-10,2026-02-10,1,Quarterly,1072.79,Matured,AGT0105,Pahang
POL0001696,PTP001581,Family Takaful - Retirement,Family,True,2023-05-12,2033-05-09,10,Monthly,904.6,Active,AGT0135,Sabah
POL0001697,PTP000864,Family Takaful - Education,Family,True,2022-11-28,2032-11-25,10,Quarterly,1111.53,Active,AGT0075,Kelantan
POL0001698,PTP001913,Fire Takaful,General,False,2023-05-25,2038-05-21,15,Annual,458.21,Active,AGT0005,Negeri Sembilan
POL0001699,PTP001587,Family Takaful - Education,Family,True,2022-02-27,2037-02-23,15,Annual,357.51,Cancelled,AGT0039,Selangor
POL0001700,PTP000966,Family Takaful - Life Protection,Family,True,2025-07-18,2035-07-16,10,Semi-Annual,1236.9,Lapsed,AGT0128,Negeri Sembilan
POL0001701,PTP002339,Family Takaful - Education,Family,True,2022-01-05,2037-01-01,15,Quarterly,1623.68,Active,AGT0057,Kuala Lumpur
POL0001702,PTP000937,Family Takaful - Education,Family,True,2021-09-08,2022-09-08,1,Quarterly,806.97,Lapsed,AGT0111,Sabah
POL0001703,PTP000589,Motor Takaful,General,False,2024-01-28,2034-01-25,10,Semi-Annual,1682.32,Active,AGT0001,Pahang
POL0001704,PTP001859,Motor Takaful,General,False,2025-03-30,2030-03-29,5,Semi-Annual,367.54,Active,AGT0027,Selangor
POL0001705,PTP002095,Family Takaful - Retirement,Family,True,2025-10-15,2026-10-15,1,Annual,120.95,Lapsed,AGT0016,Sabah
POL0001706,PTP001596,Family Takaful - Education,Family,True,2024-04-28,2039-04-25,15,Monthly,1202.72,Active,AGT0086,Sarawak
POL0001707,PTP002094,Personal Accident Takaful,General,False,2022-03-10,2037-03-06,15,Quarterly,1787.86,Matured,AGT0072,Penang
POL0001708,PTP000098,Medical & Health Takaful,Family,False,2025-05-12,2040-05-08,15,Semi-Annual,1114.09,Active,AGT0121,Kedah
POL0001709,PTP000605,Family Takaful - Education,Family,True,2025-10-30,2035-10-28,10,Quarterly,159.16,Matured,AGT0071,Perak
POL0001710,PTP000867,Personal Accident Takaful,General,False,2023-03-10,2033-03-07,10,Semi-Annual,568.85,Lapsed,AGT0004,Putrajaya
POL0001711,PTP000313,Personal Accident Takaful,General,False,2021-10-05,2022-10-05,1,Quarterly,1389.68,Active,AGT0096,Selangor
POL0001712,PTP000692,Family Takaful - Life Protection,Family,True,2021-04-15,2031-04-13,10,Monthly,1295.45,Lapsed,AGT0112,Putrajaya
POL0001713,PTP000387,Family Takaful - Retirement,Family,True,2024-10-23,2029-10-22,5,Quarterly,1863.68,Lapsed,AGT0128,Penang
POL0001714,PTP001044,Medical & Health Takaful,Family,False,2024-07-21,2034-07-19,10,Monthly,548.16,Active,AGT0142,Sabah
POL0001715,PTP001199,Personal Accident Takaful,General,False,2022-12-30,2027-12-29,5,Quarterly,61.28,Active,AGT0141,Penang
POL0001716,PTP001461,Personal Accident Takaful,General,False,2023-01-12,2024-01-12,1,Semi-Annual,1042.57,Active,AGT0113,Kelantan
POL0001717,PTP002243,Family Takaful - Education,Family,True,2022-05-08,2027-05-07,5,Annual,863.26,Active,AGT0012,Pahang
POL0001718,PTP000234,Medical & Health Takaful,Family,False,2023-07-23,2028-07-21,5,Monthly,593.19,Active,AGT0076,Kedah
POL0001719,PTP000222,Family Takaful - Life Protection,Family,True,2022-11-23,2032-11-20,10,Quarterly,139.36,Active,AGT0102,Perak
POL0001720,PTP000982,Motor Takaful,General,False,2023-08-02,2043-07-28,20,Semi-Annual,1922.55,Active,AGT0060,Labuan
POL0001721,PTP002632,Medical & Health Takaful,Family,False,2024-12-24,2034-12-22,10,Semi-Annual,460.45,Active,AGT0144,Terengganu
POL0001722,PTP002149,Family Takaful - Education,Family,True,2023-02-22,2028-02-21,5,Annual,1971.41,Active,AGT0025,Negeri Sembilan
POL0001723,PTP002280,Medical & Health Takaful,Family,False,2023-10-04,2028-10-02,5,Monthly,1202.03,Active,AGT0006,Pahang
POL0001724,PTP000235,Personal Accident Takaful,General,False,2024-01-21,2044-01-16,20,Monthly,1717.13,Active,AGT0008,Pahang
POL0001725,PTP000483,Motor Takaful,General,False,2022-05-29,2027-05-28,5,Quarterly,959.92,Active,AGT0014,Labuan
POL0001726,PTP001037,Family Takaful - Retirement,Family,True,2023-11-20,2038-11-16,15,Quarterly,1166.16,Active,AGT0019,Labuan
POL0001727,PTP000512,Medical & Health Takaful,Family,False,2023-10-27,2024-10-26,1,Semi-Annual,107.65,Active,AGT0136,Melaka
POL0001728,PTP002171,Medical & Health Takaful,Family,False,2024-09-11,2039-09-08,15,Annual,1520.91,Active,AGT0072,Kelantan
POL0001729,PTP001659,Medical & Health Takaful,Family,False,2021-01-21,2036-01-18,15,Annual,313.45,Active,AGT0015,Negeri Sembilan
POL0001730,PTP001925,Family Takaful - Retirement,Family,True,2022-03-01,2027-02-28,5,Monthly,63.03,Active,AGT0050,Perlis
POL0001731,PTP002117,Motor Takaful,General,False,2023-05-14,2043-05-09,20,Semi-Annual,1296.85,Lapsed,AGT0034,Negeri Sembilan
POL0001732,PTP000020,Family Takaful - Retirement,Family,True,2023-06-04,2043-05-30,20,Semi-Annual,531.78,Active,AGT0005,Perak
POL0001733,PTP001622,Motor Takaful,General,False,2024-09-07,2039-09-04,15,Semi-Annual,1949.83,Active,AGT0111,Perlis
POL0001734,PTP002297,Family Takaful - Retirement,Family,True,2021-07-30,2026-07-29,5,Monthly,1349.56,Active,AGT0103,Labuan
POL0001735,PTP002144,Family Takaful - Education,Family,True,2026-02-27,2036-02-25,10,Monthly,341.47,Active,AGT0063,Labuan
POL0001736,PTP001579,Family Takaful - Retirement,Family,True,2022-10-04,2042-09-29,20,Quarterly,1668.43,Lapsed,AGT0057,Selangor
POL0001737,PTP000857,Motor Takaful,General,False,2025-01-05,2030-01-04,5,Quarterly,1218.86,Lapsed,AGT0102,Kuala Lumpur
POL0001738,PTP002138,Fire Takaful,General,False,2024-11-17,2029-11-16,5,Annual,402.64,Matured,AGT0075,Selangor
POL0001739,PTP000381,Family Takaful - Education,Family,True,2023-11-07,2043-11-02,20,Annual,1628.88,Lapsed,AGT0078,Putrajaya
POL0001740,PTP001348,Family Takaful - Retirement,Family,True,2026-06-28,2031-06-27,5,Annual,1360.33,Matured,AGT0010,Melaka
POL0001741,PTP002411,Motor Takaful,General,False,2021-06-13,2041-06-08,20,Annual,1966.71,Active,AGT0080,Terengganu
POL0001742,PTP001595,Personal Accident Takaful,General,False,2024-10-09,2044-10-04,20,Annual,984.59,Active,AGT0099,Johor
POL0001743,PTP000129,Fire Takaful,General,False,2023-04-02,2033-03-30,10,Annual,91.41,Active,AGT0103,Johor
POL0001744,PTP000210,Motor Takaful,General,False,2021-03-24,2031-03-22,10,Annual,1630.2,Cancelled,AGT0081,Perlis
POL0001745,PTP002560,Fire Takaful,General,False,2024-02-13,2029-02-11,5,Quarterly,111.81,Lapsed,AGT0129,Putrajaya
POL0001746,PTP002711,Medical & Health Takaful,Family,False,2021-10-07,2036-10-03,15,Monthly,1908.13,Active,AGT0130,Putrajaya
POL0001747,PTP000742,Family Takaful - Life Protection,Family,True,2025-08-08,2030-08-07,5,Monthly,651.0,Active,AGT0068,Pahang
POL0001748,PTP001801,Motor Takaful,General,False,2025-09-15,2040-09-11,15,Monthly,1869.44,Matured,AGT0099,Pahang
POL0001749,PTP001955,Fire Takaful,General,False,2022-10-17,2042-10-12,20,Quarterly,1672.23,Lapsed,AGT0031,Sabah
POL0001750,PTP002010,Personal Accident Takaful,General,False,2025-02-12,2030-02-11,5,Monthly,553.6,Active,AGT0104,Selangor
POL0001751,PTP002614,Motor Takaful,General,False,2024-04-11,2025-04-11,1,Semi-Annual,1452.13,Active,AGT0144,Pahang
POL0001752,PTP001507,Family Takaful - Life Protection,Family,True,2026-03-21,2031-03-20,5,Semi-Annual,170.34,Active,AGT0107,Sarawak
POL0001753,PTP000508,Motor Takaful,General,False,2024-08-07,2034-08-05,10,Annual,1152.7,Active,AGT0032,Perlis
POL0001754,PTP002549,Personal Accident Takaful,General,False,2023-11-13,2033-11-10,10,Monthly,1117.5,Active,AGT0079,Selangor
POL0001755,PTP000020,Family Takaful - Education,Family,True,2024-01-19,2025-01-18,1,Semi-Annual,1579.47,Active,AGT0039,Kedah
POL0001756,PTP000504,Family Takaful - Education,Family,True,2025-09-28,2035-09-26,10,Monthly,1939.53,Active,AGT0125,Sabah
POL0001757,PTP002394,Medical & Health Takaful,Family,False,2022-10-23,2027-10-22,5,Semi-Annual,1479.3,Lapsed,AGT0079,Perak
POL0001758,PTP001858,Family Takaful - Life Protection,Family,True,2024-01-01,2033-12-29,10,Annual,1990.03,Active,AGT0039,Terengganu
POL0001759,PTP000471,Personal Accident Takaful,General,False,2026-05-22,2031-05-21,5,Annual,1634.27,Active,AGT0083,Melaka
POL0001760,PTP001825,Fire Takaful,General,False,2025-02-09,2045-02-04,20,Annual,1807.61,Lapsed,AGT0063,Labuan
POL0001761,PTP000275,Family Takaful - Education,Family,True,2024-08-14,2029-08-13,5,Quarterly,1949.14,Active,AGT0015,Perlis
POL0001762,PTP002840,Personal Accident Takaful,General,False,2026-07-23,2041-07-19,15,Semi-Annual,284.73,Active,AGT0103,Selangor
POL0001763,PTP002602,Family Takaful - Education,Family,True,2026-05-02,2036-04-29,10,Monthly,1860.35,Active,AGT0041,Terengganu
POL0001764,PTP001545,Personal Accident Takaful,General,False,2021-08-30,2022-08-30,1,Quarterly,622.36,Matured,AGT0105,Kelantan
POL0001765,PTP002025,Medical & Health Takaful,Family,False,2024-12-13,2029-12-12,5,Monthly,986.58,Active,AGT0040,Putrajaya
POL0001766,PTP002358,Fire Takaful,General,False,2026-04-04,2027-04-04,1,Quarterly,906.2,Lapsed,AGT0084,Selangor
POL0001767,PTP001682,Personal Accident Takaful,General,False,2024-04-25,2029-04-24,5,Annual,1999.18,Active,AGT0007,Negeri Sembilan
POL0001768,PTP000863,Motor Takaful,General,False,2022-02-17,2037-02-13,15,Annual,1821.47,Active,AGT0035,Sabah
POL0001769,PTP001796,Family Takaful - Education,Family,True,2022-08-13,2032-08-10,10,Monthly,658.42,Active,AGT0060,Penang
POL0001770,PTP001305,Motor Takaful,General,False,2024-06-19,2039-06-16,15,Annual,581.78,Active,AGT0108,Kuala Lumpur
POL0001771,PTP001159,Medical & Health Takaful,Family,False,2026-03-30,2046-03-25,20,Monthly,357.27,Active,AGT0112,Selangor
POL0001772,PTP001601,Fire Takaful,General,False,2022-03-17,2032-03-14,10,Semi-Annual,1434.56,Active,AGT0048,Kelantan
POL0001773,PTP000265,Family Takaful - Life Protection,Family,True,2023-11-21,2024-11-20,1,Annual,1418.06,Active,AGT0035,Perak
POL0001774,PTP002753,Family Takaful - Education,Family,True,2025-11-05,2040-11-01,15,Annual,906.15,Cancelled,AGT0074,Selangor
POL0001775,PTP001329,Family Takaful - Life Protection,Family,True,2023-01-03,2032-12-31,10,Monthly,355.71,Active,AGT0106,Melaka
POL0001776,PTP000907,Family Takaful - Retirement,Family,True,2023-07-06,2028-07-04,5,Annual,1892.84,Matured,AGT0120,Selangor
POL0001777,PTP001498,Motor Takaful,General,False,2021-10-05,2026-10-04,5,Monthly,1953.2,Cancelled,AGT0116,Kedah
POL0001778,PTP000766,Family Takaful - Education,Family,True,2023-07-05,2038-07-01,15,Annual,1562.74,Matured,AGT0144,Kelantan
POL0001779,PTP001215,Family Takaful - Retirement,Family,True,2024-09-22,2034-09-20,10,Monthly,310.1,Active,AGT0008,Putrajaya
POL0001780,PTP000046,Fire Takaful,General,False,2024-11-25,2034-11-23,10,Monthly,1964.47,Active,AGT0041,Terengganu
POL0001781,PTP000148,Motor Takaful,General,False,2025-06-21,2045-06-16,20,Semi-Annual,1010.79,Active,AGT0033,Sarawak
POL0001782,PTP001408,Fire Takaful,General,False,2025-11-13,2030-11-12,5,Semi-Annual,1868.92,Active,AGT0039,Kelantan
POL0001783,PTP001010,Family Takaful - Retirement,Family,True,2025-10-31,2026-10-31,1,Quarterly,118.23,Active,AGT0089,Penang
POL0001784,PTP001500,Family Takaful - Education,Family,True,2026-05-31,2046-05-26,20,Annual,1751.48,Active,AGT0093,Penang
POL0001785,PTP002397,Family Takaful - Life Protection,Family,True,2026-04-29,2046-04-24,20,Semi-Annual,538.4,Active,AGT0045,Putrajaya
POL0001786,PTP000811,Family Takaful - Retirement,Family,True,2023-10-26,2033-10-23,10,Monthly,1083.42,Active,AGT0127,Perlis
POL0001787,PTP002817,Family Takaful - Life Protection,Family,True,2022-04-04,2027-04-03,5,Annual,1878.94,Lapsed,AGT0102,Melaka
POL0001788,PTP002799,Medical & Health Takaful,Family,False,2021-11-12,2031-11-10,10,Annual,339.96,Lapsed,AGT0064,Perak
POL0001789,PTP000579,Family Takaful - Life Protection,Family,True,2023-12-08,2038-12-04,15,Monthly,126.3,Cancelled,AGT0001,Johor
POL0001790,PTP001105,Motor Takaful,General,False,2022-03-19,2027-03-18,5,Annual,1186.57,Active,AGT0143,Melaka
POL0001791,PTP000179,Personal Accident Takaful,General,False,2023-10-26,2028-10-24,5,Semi-Annual,922.5,Active,AGT0031,Perak
POL0001792,PTP001646,Motor Takaful,General,False,2022-03-27,2037-03-23,15,Quarterly,1520.45,Active,AGT0004,Selangor
POL0001793,PTP001326,Motor Takaful,General,False,2021-02-18,2031-02-16,10,Monthly,1712.89,Active,AGT0069,Selangor
POL0001794,PTP000789,Family Takaful - Life Protection,Family,True,2024-03-03,2025-03-03,1,Monthly,712.84,Active,AGT0029,Kuala Lumpur
POL0001795,PTP001389,Medical & Health Takaful,Family,False,2023-06-26,2033-06-23,10,Annual,1916.53,Lapsed,AGT0010,Sabah
POL0001796,PTP000433,Personal Accident Takaful,General,False,2023-08-25,2024-08-24,1,Annual,239.57,Active,AGT0108,Selangor
POL0001797,PTP000562,Fire Takaful,General,False,2021-11-04,2026-11-03,5,Semi-Annual,1829.55,Matured,AGT0115,Perlis
POL0001798,PTP001058,Family Takaful - Life Protection,Family,True,2022-04-16,2027-04-15,5,Semi-Annual,1426.02,Active,AGT0049,Kelantan
POL0001799,PTP000651,Family Takaful - Education,Family,True,2026-02-16,2036-02-14,10,Semi-Annual,1262.69,Active,AGT0083,Penang
POL0001800,PTP000706,Medical & Health Takaful,Family,False,2021-01-19,2041-01-14,20,Quarterly,339.84,Active,AGT0067,Perlis
POL0001801,PTP001514,Medical & Health Takaful,Family,False,2024-12-20,2039-12-17,15,Monthly,1445.1,Lapsed,AGT0101,Terengganu
POL0001802,PTP002012,Personal Accident Takaful,General,False,2022-01-31,2027-01-30,5,Semi-Annual,94.26,Lapsed,AGT0078,Kedah
POL0001803,PTP002054,Motor Takaful,General,False,2025-06-11,2035-06-09,10,Annual,1316.03,Active,AGT0011,Kelantan
POL0001804,PTP000591,Fire Takaful,General,False,2024-08-15,2029-08-14,5,Quarterly,1598.9,Lapsed,AGT0058,Selangor
POL0001805,PTP001933,Family Takaful - Life Protection,Family,True,2024-01-16,2044-01-11,20,Annual,1839.05,Active,AGT0048,Perlis
POL0001806,PTP000405,Family Takaful - Life Protection,Family,True,2025-01-31,2035-01-29,10,Semi-Annual,1005.51,Active,AGT0031,Selangor
POL0001807,PTP002818,Family Takaful - Retirement,Family,True,2023-03-31,2043-03-26,20,Monthly,528.53,Active,AGT0095,Melaka
POL0001808,PTP002595,Personal Accident Takaful,General,False,2024-02-18,2029-02-16,5,Annual,1366.89,Active,AGT0091,Johor
POL0001809,PTP002415,Family Takaful - Life Protection,Family,True,2021-03-04,2036-02-29,15,Semi-Annual,1243.23,Active,AGT0051,Sabah
POL0001810,PTP001518,Fire Takaful,General,False,2025-08-26,2030-08-25,5,Annual,1906.15,Active,AGT0036,Kedah
POL0001811,PTP001698,Motor Takaful,General,False,2023-08-25,2024-08-24,1,Annual,1622.09,Active,AGT0066,Johor
POL0001812,PTP002181,Family Takaful - Life Protection,Family,True,2024-11-11,2034-11-09,10,Annual,1287.82,Lapsed,AGT0009,Sabah
POL0001813,PTP000550,Motor Takaful,General,False,2021-03-14,2022-03-14,1,Annual,1728.74,Active,AGT0007,Perlis
POL0001814,PTP000533,Motor Takaful,General,False,2024-04-28,2034-04-26,10,Monthly,1741.72,Active,AGT0099,Negeri Sembilan
POL0001815,PTP001096,Medical & Health Takaful,Family,False,2023-07-04,2033-07-01,10,Semi-Annual,1350.54,Active,AGT0073,Kedah
POL0001816,PTP002545,Family Takaful - Education,Family,True,2021-05-06,2026-05-05,5,Quarterly,413.24,Lapsed,AGT0032,Perlis
POL0001817,PTP002716,Fire Takaful,General,False,2025-10-15,2040-10-11,15,Monthly,1720.65,Matured,AGT0109,Labuan
POL0001818,PTP001053,Medical & Health Takaful,Family,False,2026-05-29,2031-05-28,5,Monthly,1514.75,Active,AGT0016,Negeri Sembilan
POL0001819,PTP000007,Motor Takaful,General,False,2023-08-02,2043-07-28,20,Annual,538.13,Lapsed,AGT0045,Kelantan
POL0001820,PTP000074,Personal Accident Takaful,General,False,2021-12-14,2041-12-09,20,Annual,921.58,Lapsed,AGT0089,Kedah
POL0001821,PTP000772,Personal Accident Takaful,General,False,2024-03-03,2029-03-02,5,Quarterly,309.84,Active,AGT0034,Perak
POL0001822,PTP001081,Family Takaful - Life Protection,Family,True,2025-01-14,2040-01-11,15,Quarterly,979.94,Active,AGT0065,Terengganu
POL0001823,PTP001827,Fire Takaful,General,False,2024-10-20,2025-10-20,1,Monthly,371.47,Active,AGT0134,Terengganu
POL0001824,PTP000765,Family Takaful - Education,Family,True,2022-02-13,2032-02-11,10,Annual,1076.35,Cancelled,AGT0059,Kelantan
POL0001825,PTP000777,Motor Takaful,General,False,2023-08-02,2043-07-28,20,Annual,1662.85,Active,AGT0130,Negeri Sembilan
POL0001826,PTP000723,Personal Accident Takaful,General,False,2021-03-06,2031-03-04,10,Quarterly,951.14,Active,AGT0129,Negeri Sembilan
POL0001827,PTP001832,Personal Accident Takaful,General,False,2026-04-29,2027-04-29,1,Quarterly,1766.9,Active,AGT0046,Pahang
POL0001828,PTP000989,Family Takaful - Life Protection,Family,True,2021-08-12,2026-08-11,5,Semi-Annual,1982.02,Active,AGT0021,Perlis
POL0001829,PTP002920,Fire Takaful,General,False,2026-04-27,2046-04-22,20,Annual,1903.0,Lapsed,AGT0114,Putrajaya
POL0001830,PTP002152,Fire Takaful,General,False,2021-10-07,2041-10-02,20,Annual,1987.65,Active,AGT0107,Penang
POL0001831,PTP000921,Personal Accident Takaful,General,False,2024-08-26,2044-08-21,20,Semi-Annual,1451.36,Cancelled,AGT0150,Perak
POL0001832,PTP002885,Family Takaful - Education,Family,True,2022-04-16,2042-04-11,20,Annual,703.87,Active,AGT0086,Kuala Lumpur
POL0001833,PTP000358,Motor Takaful,General,False,2024-02-25,2039-02-21,15,Annual,466.84,Active,AGT0036,Kelantan
POL0001834,PTP002764,Family Takaful - Life Protection,Family,True,2025-04-02,2035-03-31,10,Annual,619.52,Active,AGT0146,Penang
POL0001835,PTP002900,Medical & Health Takaful,Family,False,2022-09-22,2027-09-21,5,Monthly,89.63,Active,AGT0008,Johor
POL0001836,PTP001047,Family Takaful - Life Protection,Family,True,2025-07-29,2040-07-25,15,Annual,1212.49,Active,AGT0022,Pahang
POL0001837,PTP002001,Family Takaful - Retirement,Family,True,2024-10-25,2025-10-25,1,Monthly,544.05,Active,AGT0102,Putrajaya
POL0001838,PTP000403,Fire Takaful,General,False,2021-02-27,2041-02-22,20,Semi-Annual,65.45,Active,AGT0091,Labuan
POL0001839,PTP000752,Family Takaful - Retirement,Family,True,2022-10-04,2027-10-03,5,Semi-Annual,993.35,Matured,AGT0101,Perlis
POL0001840,PTP001432,Fire Takaful,General,False,2022-06-11,2042-06-06,20,Quarterly,629.95,Matured,AGT0089,Johor
POL0001841,PTP001871,Family Takaful - Education,Family,True,2026-03-19,2031-03-18,5,Monthly,1498.74,Active,AGT0056,Melaka
POL0001842,PTP000843,Personal Accident Takaful,General,False,2023-08-21,2033-08-18,10,Annual,502.43,Active,AGT0115,Labuan
POL0001843,PTP002039,Medical & Health Takaful,Family,False,2023-05-22,2033-05-19,10,Quarterly,1811.24,Active,AGT0086,Labuan
POL0001844,PTP001322,Family Takaful - Education,Family,True,2023-04-28,2024-04-27,1,Annual,67.7,Active,AGT0066,Selangor
POL0001845,PTP001927,Medical & Health Takaful,Family,False,2021-11-04,2026-11-03,5,Monthly,1741.53,Cancelled,AGT0106,Penang
POL0001846,PTP002705,Motor Takaful,General,False,2021-05-25,2036-05-21,15,Annual,1692.62,Active,AGT0106,Labuan
POL0001847,PTP002739,Family Takaful - Retirement,Family,True,2026-04-28,2031-04-27,5,Monthly,1597.63,Active,AGT0044,Negeri Sembilan
POL0001848,PTP000944,Family Takaful - Retirement,Family,True,2025-05-17,2040-05-13,15,Quarterly,1025.88,Lapsed,AGT0013,Sarawak
POL0001849,PTP000630,Family Takaful - Retirement,Family,True,2023-03-19,2038-03-15,15,Semi-Annual,1863.96,Lapsed,AGT0093,Pahang
POL0001850,PTP002180,Medical & Health Takaful,Family,False,2025-04-05,2040-04-01,15,Monthly,453.42,Active,AGT0144,Penang
POL0001851,PTP000227,Fire Takaful,General,False,2026-08-07,2031-08-06,5,Quarterly,1069.05,Active,AGT0077,Putrajaya
POL0001852,PTP001582,Family Takaful - Retirement,Family,True,2025-08-28,2026-08-28,1,Annual,407.66,Active,AGT0053,Kelantan
POL0001853,PTP002746,Family Takaful - Life Protection,Family,True,2022-03-16,2042-03-11,20,Annual,819.98,Active,AGT0077,Melaka
POL0001854,PTP000914,Motor Takaful,General,False,2021-06-06,2041-06-01,20,Semi-Annual,670.81,Active,AGT0103,Sarawak
POL0001855,PTP000068,Family Takaful - Education,Family,True,2025-06-02,2030-06-01,5,Monthly,810.63,Lapsed,AGT0014,Terengganu
POL0001856,PTP002781,Family Takaful - Education,Family,True,2025-05-12,2035-05-10,10,Annual,160.15,Matured,AGT0015,Negeri Sembilan
POL0001857,PTP002054,Family Takaful - Education,Family,True,2022-01-06,2027-01-05,5,Semi-Annual,1494.75,Lapsed,AGT0051,Labuan
POL0001858,PTP002588,Fire Takaful,General,False,2023-10-07,2043-10-02,20,Quarterly,860.45,Active,AGT0042,Pahang
POL0001859,PTP002379,Fire Takaful,General,False,2025-05-27,2040-05-23,15,Monthly,948.58,Active,AGT0077,Kuala Lumpur
POL0001860,PTP001943,Family Takaful - Education,Family,True,2023-01-17,2043-01-12,20,Annual,1843.87,Active,AGT0025,Pahang
POL0001861,PTP001198,Fire Takaful,General,False,2023-01-20,2038-01-16,15,Quarterly,68.46,Active,AGT0056,Johor
POL0001862,PTP000869,Family Takaful - Life Protection,Family,True,2025-05-21,2045-05-16,20,Annual,1165.26,Lapsed,AGT0108,Selangor
POL0001863,PTP000642,Family Takaful - Education,Family,True,2023-10-20,2038-10-16,15,Semi-Annual,1527.8,Active,AGT0128,Labuan
POL0001864,PTP000343,Fire Takaful,General,False,2022-07-09,2042-07-04,20,Semi-Annual,1982.11,Active,AGT0096,Penang
POL0001865,PTP002960,Motor Takaful,General,False,2024-12-17,2039-12-14,15,Annual,1518.13,Active,AGT0094,Pahang
POL0001866,PTP002286,Motor Takaful,General,False,2022-10-04,2027-10-03,5,Semi-Annual,479.22,Active,AGT0034,Pahang
POL0001867,PTP002279,Medical & Health Takaful,Family,False,2021-04-16,2036-04-12,15,Quarterly,430.17,Lapsed,AGT0141,Sabah
POL0001868,PTP002492,Family Takaful - Life Protection,Family,True,2023-08-23,2033-08-20,10,Annual,1903.52,Active,AGT0128,Johor
POL0001869,PTP001535,Fire Takaful,General,False,2023-03-06,2033-03-03,10,Annual,1615.52,Active,AGT0041,Perlis
POL0001870,PTP002156,Fire Takaful,General,False,2024-06-22,2039-06-19,15,Semi-Annual,568.86,Active,AGT0083,Kuala Lumpur
POL0001871,PTP001864,Fire Takaful,General,False,2022-09-11,2042-09-06,20,Monthly,528.51,Matured,AGT0032,Terengganu
POL0001872,PTP002974,Fire Takaful,General,False,2021-07-21,2041-07-16,20,Annual,1115.35,Active,AGT0080,Terengganu
POL0001873,PTP000105,Fire Takaful,General,False,2024-10-18,2044-10-13,20,Monthly,266.67,Active,AGT0003,Johor
POL0001874,PTP000007,Motor Takaful,General,False,2025-09-19,2040-09-15,15,Semi-Annual,1209.35,Active,AGT0112,Penang
POL0001875,PTP002410,Family Takaful - Life Protection,Family,True,2026-01-04,2045-12-30,20,Annual,1632.07,Active,AGT0099,Negeri Sembilan
POL0001876,PTP001592,Personal Accident Takaful,General,False,2024-09-15,2029-09-14,5,Quarterly,1875.24,Active,AGT0114,Putrajaya
POL0001877,PTP001133,Fire Takaful,General,False,2025-07-31,2030-07-30,5,Annual,437.33,Active,AGT0038,Perak
POL0001878,PTP002837,Medical & Health Takaful,Family,False,2022-11-29,2042-11-24,20,Monthly,273.16,Active,AGT0047,Sarawak
POL0001879,PTP001987,Family Takaful - Retirement,Family,True,2023-04-27,2043-04-22,20,Annual,1777.83,Active,AGT0081,Kuala Lumpur
POL0001880,PTP001324,Family Takaful - Life Protection,Family,True,2022-04-18,2042-04-13,20,Semi-Annual,615.1,Matured,AGT0001,Melaka
POL0001881,PTP001939,Family Takaful - Life Protection,Family,True,2025-09-03,2026-09-03,1,Annual,1267.41,Active,AGT0020,Melaka
POL0001882,PTP001456,Motor Takaful,General,False,2026-06-17,2041-06-13,15,Annual,510.67,Active,AGT0147,Pahang
POL0001883,PTP002379,Family Takaful - Education,Family,True,2022-01-17,2037-01-13,15,Annual,1515.18,Cancelled,AGT0060,Kelantan
POL0001884,PTP001786,Family Takaful - Retirement,Family,True,2023-04-20,2043-04-15,20,Semi-Annual,910.38,Active,AGT0077,Terengganu
POL0001885,PTP002682,Personal Accident Takaful,General,False,2025-01-23,2040-01-20,15,Monthly,277.11,Lapsed,AGT0138,Melaka
POL0001886,PTP001075,Family Takaful - Retirement,Family,True,2025-05-18,2026-05-18,1,Quarterly,1841.7,Lapsed,AGT0082,Sabah
POL0001887,PTP001389,Medical & Health Takaful,Family,False,2023-10-25,2038-10-21,15,Semi-Annual,979.62,Active,AGT0041,Penang
POL0001888,PTP000581,Family Takaful - Life Protection,Family,True,2024-01-28,2044-01-23,20,Semi-Annual,937.45,Active,AGT0019,Penang
POL0001889,PTP002246,Personal Accident Takaful,General,False,2026-04-06,2036-04-03,10,Quarterly,777.96,Active,AGT0048,Kuala Lumpur
POL0001890,PTP002619,Personal Accident Takaful,General,False,2021-04-27,2022-04-27,1,Monthly,681.19,Active,AGT0090,Johor
POL0001891,PTP001795,Family Takaful - Life Protection,Family,True,2025-04-05,2035-04-03,10,Semi-Annual,1123.53,Active,AGT0146,Penang
POL0001892,PTP002342,Family Takaful - Life Protection,Family,True,2024-02-10,2034-02-07,10,Semi-Annual,1854.84,Active,AGT0121,Johor
POL0001893,PTP000552,Family Takaful - Life Protection,Family,True,2023-08-18,2028-08-16,5,Monthly,1878.59,Lapsed,AGT0105,Pahang
POL0001894,PTP000970,Family Takaful - Life Protection,Family,True,2025-03-04,2030-03-03,5,Semi-Annual,1759.73,Active,AGT0121,Pahang
POL0001895,PTP002398,Fire Takaful,General,False,2021-03-24,2041-03-19,20,Quarterly,822.11,Active,AGT0031,Kelantan
POL0001896,PTP000001,Motor Takaful,General,False,2026-07-01,2046-06-26,20,Semi-Annual,1003.15,Active,AGT0130,Perak
POL0001897,PTP002874,Personal Accident Takaful,General,False,2026-05-05,2031-05-04,5,Annual,956.89,Active,AGT0121,Putrajaya
POL0001898,PTP000900,Motor Takaful,General,False,2023-10-10,2038-10-06,15,Annual,1698.81,Active,AGT0128,Labuan
POL0001899,PTP002062,Personal Accident Takaful,General,False,2024-08-27,2034-08-25,10,Monthly,1953.36,Active,AGT0075,Melaka
POL0001900,PTP001491,Fire Takaful,General,False,2021-07-09,2036-07-05,15,Annual,1423.3,Active,AGT0007,Penang
POL0001901,PTP000071,Medical & Health Takaful,Family,False,2023-08-06,2028-08-04,5,Quarterly,1394.99,Active,AGT0038,Putrajaya
POL0001902,PTP002117,Family Takaful - Life Protection,Family,True,2024-11-16,2034-11-14,10,Monthly,802.33,Active,AGT0078,Penang
POL0001903,PTP001439,Medical & Health Takaful,Family,False,2026-08-10,2027-08-10,1,Annual,181.99,Active,AGT0150,Putrajaya
POL0001904,PTP000675,Family Takaful - Retirement,Family,True,2024-07-17,2044-07-12,20,Annual,226.59,Active,AGT0130,Negeri Sembilan
POL0001905,PTP000030,Medical & Health Takaful,Family,False,2024-09-10,2034-09-08,10,Monthly,1541.39,Active,AGT0101,Pahang
POL0001906,PTP002534,Fire Takaful,General,False,2026-05-09,2031-05-08,5,Quarterly,902.89,Matured,AGT0095,Kuala Lumpur
POL0001907,PTP001858,Fire Takaful,General,False,2021-04-09,2031-04-07,10,Quarterly,210.04,Matured,AGT0105,Perlis
POL0001908,PTP001837,Family Takaful - Life Protection,Family,True,2021-09-23,2026-09-22,5,Semi-Annual,1092.72,Active,AGT0063,Putrajaya
POL0001909,PTP000116,Personal Accident Takaful,General,False,2023-01-21,2038-01-17,15,Semi-Annual,1736.85,Active,AGT0146,Perak
POL0001910,PTP000458,Family Takaful - Retirement,Family,True,2022-11-30,2032-11-27,10,Annual,214.72,Active,AGT0062,Selangor
POL0001911,PTP001746,Fire Takaful,General,False,2023-02-27,2043-02-22,20,Semi-Annual,118.91,Active,AGT0009,Perlis
POL0001912,PTP002291,Family Takaful - Retirement,Family,True,2023-04-17,2038-04-13,15,Monthly,1567.81,Active,AGT0042,Sarawak
POL0001913,PTP002195,Medical & Health Takaful,Family,False,2025-10-10,2035-10-08,10,Monthly,1350.08,Matured,AGT0122,Labuan
POL0001914,PTP001522,Family Takaful - Retirement,Family,True,2024-12-28,2039-12-25,15,Semi-Annual,1580.09,Active,AGT0001,Pahang
POL0001915,PTP002617,Fire Takaful,General,False,2025-12-16,2040-12-12,15,Quarterly,1805.4,Active,AGT0004,Negeri Sembilan
POL0001916,PTP000161,Family Takaful - Life Protection,Family,True,2024-09-06,2044-09-01,20,Monthly,1319.42,Active,AGT0139,Pahang
POL0001917,PTP001333,Motor Takaful,General,False,2026-01-08,2031-01-07,5,Annual,461.9,Active,AGT0093,Labuan
POL0001918,PTP002578,Family Takaful - Life Protection,Family,True,2021-07-10,2041-07-05,20,Semi-Annual,91.5,Matured,AGT0005,Negeri Sembilan
POL0001919,PTP000351,Family Takaful - Retirement,Family,True,2021-08-31,2036-08-27,15,Semi-Annual,1483.53,Active,AGT0030,Kelantan
POL0001920,PTP001553,Family Takaful - Education,Family,True,2022-05-02,2037-04-28,15,Monthly,1544.73,Active,AGT0094,Kelantan
POL0001921,PTP001789,Family Takaful - Education,Family,True,2023-08-05,2033-08-02,10,Semi-Annual,82.46,Active,AGT0092,Kuala Lumpur
POL0001922,PTP000173,Family Takaful - Education,Family,True,2024-07-01,2034-06-29,10,Monthly,1126.39,Matured,AGT0142,Perak
POL0001923,PTP000533,Fire Takaful,General,False,2026-05-11,2027-05-11,1,Monthly,841.97,Matured,AGT0099,Negeri Sembilan
POL0001924,PTP002487,Personal Accident Takaful,General,False,2024-06-14,2044-06-09,20,Annual,521.89,Active,AGT0130,Kuala Lumpur
POL0001925,PTP002777,Family Takaful - Life Protection,Family,True,2025-06-01,2030-05-31,5,Annual,1146.72,Active,AGT0036,Sabah
POL0001926,PTP001247,Family Takaful - Retirement,Family,True,2024-08-25,2044-08-20,20,Monthly,1836.79,Active,AGT0135,Kedah
POL0001927,PTP000966,Family Takaful - Retirement,Family,True,2021-09-22,2031-09-20,10,Quarterly,1748.8,Active,AGT0105,Kelantan
POL0001928,PTP002877,Family Takaful - Life Protection,Family,True,2021-05-25,2022-05-25,1,Semi-Annual,1472.78,Active,AGT0141,Selangor
POL0001929,PTP001120,Fire Takaful,General,False,2025-09-05,2040-09-01,15,Semi-Annual,1282.33,Active,AGT0003,Kelantan
POL0001930,PTP000449,Fire Takaful,General,False,2025-11-28,2026-11-28,1,Annual,1151.03,Active,AGT0128,Selangor
POL0001931,PTP002417,Motor Takaful,General,False,2022-04-19,2037-04-15,15,Monthly,1940.78,Active,AGT0005,Kedah
POL0001932,PTP002567,Motor Takaful,General,False,2024-04-19,2039-04-16,15,Quarterly,1225.34,Active,AGT0094,Kuala Lumpur
POL0001933,PTP000415,Medical & Health Takaful,Family,False,2023-10-31,2033-10-28,10,Annual,559.16,Active,AGT0040,Terengganu
POL0001934,PTP001799,Family Takaful - Life Protection,Family,True,2022-04-03,2027-04-02,5,Quarterly,1738.86,Active,AGT0033,Putrajaya
POL0001935,PTP001649,Motor Takaful,General,False,2026-01-28,2041-01-24,15,Quarterly,385.82,Lapsed,AGT0150,Terengganu
POL0001936,PTP002041,Personal Accident Takaful,General,False,2024-06-19,2039-06-16,15,Monthly,596.19,Active,AGT0145,Putrajaya
POL0001937,PTP000491,Medical & Health Takaful,Family,False,2023-08-07,2028-08-05,5,Semi-Annual,224.63,Lapsed,AGT0025,Perlis
POL0001938,PTP000151,Family Takaful - Retirement,Family,True,2022-12-08,2037-12-04,15,Monthly,1878.75,Active,AGT0065,Putrajaya
POL0001939,PTP000359,Medical & Health Takaful,Family,False,2024-09-25,2025-09-25,1,Semi-Annual,1703.92,Lapsed,AGT0095,Sabah
POL0001940,PTP001762,Family Takaful - Retirement,Family,True,2024-03-08,2034-03-06,10,Quarterly,1380.26,Active,AGT0107,Negeri Sembilan
POL0001941,PTP002984,Family Takaful - Retirement,Family,True,2023-11-19,2024-11-18,1,Monthly,1336.73,Lapsed,AGT0119,Kuala Lumpur
POL0001942,PTP001042,Motor Takaful,General,False,2026-06-10,2041-06-06,15,Quarterly,313.32,Lapsed,AGT0050,Putrajaya
POL0001943,PTP001010,Motor Takaful,General,False,2025-05-26,2035-05-24,10,Semi-Annual,1485.09,Matured,AGT0122,Perlis
POL0001944,PTP000010,Fire Takaful,General,False,2026-06-14,2036-06-11,10,Monthly,1336.8,Active,AGT0067,Melaka
POL0001945,PTP000014,Personal Accident Takaful,General,False,2022-11-29,2037-11-25,15,Quarterly,1402.89,Active,AGT0073,Perak
POL0001946,PTP001334,Family Takaful - Retirement,Family,True,2024-10-30,2039-10-27,15,Quarterly,218.31,Active,AGT0111,Perak
POL0001947,PTP000362,Family Takaful - Life Protection,Family,True,2023-11-14,2024-11-13,1,Semi-Annual,1733.02,Active,AGT0003,Terengganu
POL0001948,PTP001119,Family Takaful - Life Protection,Family,True,2025-01-22,2030-01-21,5,Semi-Annual,1739.23,Active,AGT0103,Kuala Lumpur
POL0001949,PTP002092,Family Takaful - Retirement,Family,True,2022-12-06,2023-12-06,1,Annual,905.27,Active,AGT0101,Sarawak
POL0001950,PTP000842,Family Takaful - Retirement,Family,True,2021-05-14,2026-05-13,5,Quarterly,1330.32,Active,AGT0027,Kedah
POL0001951,PTP000621,Medical & Health Takaful,Family,False,2026-04-09,2031-04-08,5,Quarterly,930.04,Active,AGT0105,Perak
POL0001952,PTP001839,Medical & Health Takaful,Family,False,2025-10-26,2040-10-22,15,Semi-Annual,618.27,Matured,AGT0131,Johor
POL0001953,PTP002379,Fire Takaful,General,False,2024-04-14,2039-04-11,15,Annual,1097.99,Active,AGT0118,Negeri Sembilan
POL0001954,PTP002391,Fire Takaful,General,False,2022-09-11,2042-09-06,20,Quarterly,614.58,Lapsed,AGT0052,Perlis
POL0001955,PTP002003,Family Takaful - Retirement,Family,True,2026-07-21,2031-07-20,5,Annual,1976.97,Active,AGT0067,Selangor
POL0001956,PTP002813,Family Takaful - Retirement,Family,True,2023-07-31,2038-07-27,15,Annual,1315.81,Active,AGT0054,Sabah
POL0001957,PTP000131,Family Takaful - Life Protection,Family,True,2021-11-06,2036-11-02,15,Quarterly,290.71,Matured,AGT0124,Putrajaya
POL0001958,PTP002445,Family Takaful - Education,Family,True,2024-10-30,2029-10-29,5,Quarterly,639.69,Active,AGT0137,Kedah
POL0001959,PTP000776,Family Takaful - Life Protection,Family,True,2022-02-22,2032-02-20,10,Monthly,1601.2,Active,AGT0027,Kelantan
POL0001960,PTP001650,Family Takaful - Retirement,Family,True,2021-02-16,2026-02-15,5,Quarterly,536.59,Active,AGT0031,Kedah
POL0001961,PTP002052,Motor Takaful,General,False,2025-02-05,2030-02-04,5,Semi-Annual,190.33,Active,AGT0062,Labuan
POL0001962,PTP002229,Family Takaful - Education,Family,True,2025-01-12,2040-01-09,15,Monthly,529.84,Matured,AGT0149,Penang
POL0001963,PTP000089,Fire Takaful,General,False,2025-03-27,2040-03-23,15,Annual,74.01,Lapsed,AGT0061,Kelantan
POL0001964,PTP001447,Family Takaful - Education,Family,True,2024-04-01,2039-03-29,15,Quarterly,123.85,Active,AGT0045,Perak
POL0001965,PTP001274,Personal Accident Takaful,General,False,2026-07-19,2046-07-14,20,Quarterly,1296.24,Active,AGT0087,Johor
POL0001966,PTP002615,Personal Accident Takaful,General,False,2022-08-23,2037-08-19,15,Monthly,1925.25,Matured,AGT0063,Pahang
POL0001967,PTP000177,Medical & Health Takaful,Family,False,2022-05-29,2023-05-29,1,Semi-Annual,167.67,Active,AGT0083,Labuan
POL0001968,PTP002514,Motor Takaful,General,False,2026-07-27,2027-07-27,1,Monthly,819.63,Active,AGT0123,Terengganu
POL0001969,PTP000754,Personal Accident Takaful,General,False,2025-09-28,2045-09-23,20,Semi-Annual,821.54,Active,AGT0137,Sarawak
POL0001970,PTP001716,Motor Takaful,General,False,2022-01-16,2037-01-12,15,Quarterly,1136.45,Active,AGT0011,Putrajaya
POL0001971,PTP000926,Medical & Health Takaful,Family,False,2023-03-14,2024-03-13,1,Annual,1074.64,Active,AGT0072,Sarawak
POL0001972,PTP002370,Family Takaful - Education,Family,True,2023-03-10,2043-03-05,20,Quarterly,69.52,Active,AGT0014,Pahang
POL0001973,PTP002724,Medical & Health Takaful,Family,False,2022-12-27,2037-12-23,15,Annual,1602.38,Active,AGT0046,Negeri Sembilan
POL0001974,PTP002018,Family Takaful - Retirement,Family,True,2024-08-29,2039-08-26,15,Quarterly,1266.22,Active,AGT0044,Putrajaya
POL0001975,PTP000936,Motor Takaful,General,False,2022-04-26,2032-04-23,10,Quarterly,1881.61,Active,AGT0054,Sabah
POL0001976,PTP000554,Motor Takaful,General,False,2026-02-01,2031-01-31,5,Semi-Annual,1929.94,Active,AGT0029,Negeri Sembilan
POL0001977,PTP002428,Fire Takaful,General,False,2023-10-17,2043-10-12,20,Semi-Annual,1383.67,Active,AGT0095,Negeri Sembilan
POL0001978,PTP000962,Fire Takaful,General,False,2021-12-16,2041-12-11,20,Semi-Annual,1097.16,Active,AGT0069,Putrajaya
POL0001979,PTP002237,Family Takaful - Education,Family,True,2021-08-24,2036-08-20,15,Quarterly,1637.28,Lapsed,AGT0070,Perlis
POL0001980,PTP000888,Medical & Health Takaful,Family,False,2025-08-11,2045-08-06,20,Quarterly,1679.88,Active,AGT0090,Terengganu
POL0001981,PTP002616,Fire Takaful,General,False,2025-02-06,2026-02-06,1,Semi-Annual,596.28,Active,AGT0139,Labuan
POL0001982,PTP001479,Family Takaful - Education,Family,True,2021-02-25,2036-02-22,15,Monthly,1507.97,Active,AGT0014,Sarawak
POL0001983,PTP000474,Medical & Health Takaful,Family,False,2022-08-17,2023-08-17,1,Monthly,1278.79,Lapsed,AGT0093,Selangor
POL0001984,PTP001159,Family Takaful - Life Protection,Family,True,2023-05-09,2028-05-07,5,Semi-Annual,264.48,Active,AGT0149,Perlis
POL0001985,PTP001084,Family Takaful - Education,Family,True,2022-04-19,2023-04-19,1,Annual,212.62,Active,AGT0052,Sarawak
POL0001986,PTP001339,Family Takaful - Life Protection,Family,True,2021-01-30,2036-01-27,15,Quarterly,374.44,Lapsed,AGT0099,Kuala Lumpur
POL0001987,PTP002813,Motor Takaful,General,False,2023-04-29,2024-04-28,1,Semi-Annual,1979.9,Active,AGT0099,Kelantan
POL0001988,PTP000929,Family Takaful - Life Protection,Family,True,2022-04-25,2037-04-21,15,Monthly,234.26,Matured,AGT0040,Sarawak
POL0001989,PTP000432,Family Takaful - Education,Family,True,2021-09-19,2036-09-15,15,Annual,217.14,Active,AGT0150,Negeri Sembilan
POL0001990,PTP001297,Medical & Health Takaful,Family,False,2023-10-22,2024-10-21,1,Monthly,702.18,Active,AGT0147,Terengganu
POL0001991,PTP000119,Motor Takaful,General,False,2021-10-29,2041-10-24,20,Monthly,1797.18,Active,AGT0086,Perlis
POL0001992,PTP001807,Personal Accident Takaful,General,False,2023-08-12,2033-08-09,10,Annual,356.73,Cancelled,AGT0094,Terengganu
POL0001993,PTP000357,Medical & Health Takaful,Family,False,2025-11-06,2030-11-05,5,Semi-Annual,754.95,Active,AGT0008,Perak
POL0001994,PTP002886,Family Takaful - Life Protection,Family,True,2025-03-22,2040-03-18,15,Monthly,1988.78,Active,AGT0084,Perlis
POL0001995,PTP000089,Family Takaful - Life Protection,Family,True,2024-04-22,2044-04-17,20,Quarterly,376.84,Active,AGT0115,Putrajaya
POL0001996,PTP001818,Family Takaful - Retirement,Family,True,2021-11-29,2031-11-27,10,Semi-Annual,1180.95,Active,AGT0128,Pahang
POL0001997,PTP000785,Family Takaful - Life Protection,Family,True,2022-06-11,2037-06-07,15,Annual,1734.3,Active,AGT0090,Sabah
POL0001998,PTP001613,Family Takaful - Education,Family,True,2024-07-17,2044-07-12,20,Monthly,955.95,Active,AGT0142,Kedah
POL0001999,PTP000405,Medical & Health Takaful,Family,False,2022-03-10,2032-03-07,10,Monthly,1738.25,Active,AGT0067,Sabah
POL0002000,PTP002963,Family Takaful - Retirement,Family,True,2022-04-21,2027-04-20,5,Semi-Annual,620.89,Cancelled,AGT0079,Perlis
POL0002001,PTP001801,Family Takaful - Life Protection,Family,True,2021-11-01,2026-10-31,5,Annual,915.15,Matured,AGT0068,Penang
POL0002002,PTP002349,Family Takaful - Education,Family,True,2025-08-06,2040-08-02,15,Semi-Annual,1214.37,Matured,AGT0082,Kuala Lumpur
POL0002003,PTP002224,Family Takaful - Retirement,Family,True,2026-05-03,2027-05-03,1,Monthly,424.51,Matured,AGT0024,Labuan
POL0002004,PTP001652,Family Takaful - Education,Family,True,2026-03-06,2027-03-06,1,Quarterly,804.56,Active,AGT0010,Johor
POL0002005,PTP000425,Fire Takaful,General,False,2022-05-30,2037-05-26,15,Quarterly,465.77,Matured,AGT0134,Penang
POL0002006,PTP001864,Family Takaful - Life Protection,Family,True,2021-05-02,2026-05-01,5,Annual,1931.38,Active,AGT0092,Perlis
POL0002007,PTP001064,Family Takaful - Education,Family,True,2021-05-06,2022-05-06,1,Semi-Annual,1160.99,Active,AGT0034,Kelantan
POL0002008,PTP002961,Family Takaful - Education,Family,True,2025-11-28,2045-11-23,20,Quarterly,1648.81,Matured,AGT0020,Johor
POL0002009,PTP001726,Personal Accident Takaful,General,False,2024-02-22,2029-02-20,5,Quarterly,578.91,Active,AGT0018,Johor
POL0002010,PTP001039,Medical & Health Takaful,Family,False,2024-07-22,2034-07-20,10,Annual,1334.81,Active,AGT0136,Perak
POL0002011,PTP000520,Family Takaful - Life Protection,Family,True,2021-09-13,2036-09-09,15,Semi-Annual,1794.38,Active,AGT0019,Penang
POL0002012,PTP001732,Motor Takaful,General,False,2023-12-08,2038-12-04,15,Semi-Annual,156.89,Active,AGT0087,Perak
POL0002013,PTP000976,Family Takaful - Retirement,Family,True,2025-09-27,2040-09-23,15,Monthly,671.27,Lapsed,AGT0127,Negeri Sembilan
POL0002014,PTP001740,Family Takaful - Retirement,Family,True,2024-08-23,2029-08-22,5,Quarterly,1534.44,Active,AGT0111,Melaka
POL0002015,PTP002378,Personal Accident Takaful,General,False,2024-07-12,2025-07-12,1,Semi-Annual,888.79,Active,AGT0074,Johor
POL0002016,PTP000394,Fire Takaful,General,False,2023-05-24,2038-05-20,15,Monthly,1961.78,Matured,AGT0075,Perlis
POL0002017,PTP000992,Fire Takaful,General,False,2022-03-07,2023-03-07,1,Monthly,1895.63,Active,AGT0138,Perlis
POL0002018,PTP002362,Personal Accident Takaful,General,False,2024-08-08,2039-08-05,15,Monthly,1508.0,Active,AGT0135,Kedah
POL0002019,PTP000057,Family Takaful - Retirement,Family,True,2022-03-13,2032-03-10,10,Semi-Annual,1286.3,Active,AGT0126,Negeri Sembilan
POL0002020,PTP002042,Family Takaful - Life Protection,Family,True,2023-09-03,2033-08-31,10,Semi-Annual,1419.16,Cancelled,AGT0121,Kedah
POL0002021,PTP001770,Personal Accident Takaful,General,False,2026-05-12,2027-05-12,1,Annual,232.87,Active,AGT0093,Perak
POL0002022,PTP001487,Personal Accident Takaful,General,False,2023-09-16,2024-09-15,1,Annual,1348.23,Lapsed,AGT0082,Kuala Lumpur
POL0002023,PTP001041,Family Takaful - Education,Family,True,2023-05-28,2038-05-24,15,Monthly,86.16,Active,AGT0102,Putrajaya
POL0002024,PTP001101,Fire Takaful,General,False,2021-03-15,2041-03-10,20,Monthly,749.01,Active,AGT0091,Kuala Lumpur
POL0002025,PTP002454,Family Takaful - Retirement,Family,True,2026-06-02,2046-05-28,20,Monthly,348.66,Active,AGT0115,Perak
POL0002026,PTP001600,Medical & Health Takaful,Family,False,2021-07-23,2036-07-19,15,Quarterly,1895.34,Active,AGT0110,Johor
POL0002027,PTP000371,Motor Takaful,General,False,2024-11-19,2034-11-17,10,Annual,118.71,Active,AGT0125,Selangor
POL0002028,PTP002092,Motor Takaful,General,False,2021-08-09,2036-08-05,15,Quarterly,1029.49,Active,AGT0032,Perak
POL0002029,PTP002736,Personal Accident Takaful,General,False,2022-04-28,2037-04-24,15,Semi-Annual,1876.27,Active,AGT0142,Perak
POL0002030,PTP000657,Family Takaful - Life Protection,Family,True,2023-09-16,2024-09-15,1,Annual,411.49,Active,AGT0036,Terengganu
POL0002031,PTP000010,Personal Accident Takaful,General,False,2023-05-28,2043-05-23,20,Annual,1710.06,Active,AGT0045,Putrajaya
POL0002032,PTP002865,Family Takaful - Education,Family,True,2023-12-06,2024-12-05,1,Quarterly,419.49,Active,AGT0127,Sarawak
POL0002033,PTP000590,Family Takaful - Life Protection,Family,True,2024-07-16,2039-07-13,15,Annual,503.42,Matured,AGT0047,Johor
POL0002034,PTP002770,Family Takaful - Retirement,Family,True,2022-09-11,2023-09-11,1,Quarterly,1237.94,Active,AGT0062,Labuan
POL0002035,PTP001069,Family Takaful - Education,Family,True,2025-02-22,2045-02-17,20,Semi-Annual,937.92,Active,AGT0013,Pahang
POL0002036,PTP002321,Family Takaful - Life Protection,Family,True,2024-09-13,2029-09-12,5,Monthly,1907.03,Matured,AGT0148,Terengganu
POL0002037,PTP001471,Fire Takaful,General,False,2026-07-07,2041-07-03,15,Quarterly,1235.2,Active,AGT0047,Labuan
POL0002038,PTP000864,Medical & Health Takaful,Family,False,2024-11-27,2039-11-24,15,Monthly,340.48,Active,AGT0019,Perak
POL0002039,PTP002388,Family Takaful - Life Protection,Family,True,2021-12-15,2026-12-14,5,Monthly,675.21,Active,AGT0019,Kedah
POL0002040,PTP002686,Family Takaful - Life Protection,Family,True,2021-07-27,2022-07-27,1,Semi-Annual,107.29,Active,AGT0012,Sabah
POL0002041,PTP001066,Medical & Health Takaful,Family,False,2024-02-17,2044-02-12,20,Semi-Annual,1672.96,Lapsed,AGT0027,Sabah
POL0002042,PTP000865,Family Takaful - Life Protection,Family,True,2022-06-01,2027-05-31,5,Quarterly,494.89,Matured,AGT0143,Labuan
POL0002043,PTP001022,Motor Takaful,General,False,2024-08-10,2039-08-07,15,Semi-Annual,165.51,Active,AGT0027,Kedah
POL0002044,PTP001967,Family Takaful - Education,Family,True,2024-12-17,2044-12-12,20,Quarterly,1762.05,Active,AGT0044,Johor
POL0002045,PTP000923,Family Takaful - Education,Family,True,2025-10-04,2045-09-29,20,Annual,412.32,Active,AGT0133,Selangor
POL0002046,PTP002529,Personal Accident Takaful,General,False,2023-05-07,2038-05-03,15,Monthly,181.83,Active,AGT0020,Putrajaya
POL0002047,PTP002226,Family Takaful - Retirement,Family,True,2024-01-11,2044-01-06,20,Quarterly,1111.71,Active,AGT0051,Putrajaya
POL0002048,PTP002614,Family Takaful - Retirement,Family,True,2025-11-28,2030-11-27,5,Monthly,1110.27,Active,AGT0054,Putrajaya
POL0002049,PTP000251,Fire Takaful,General,False,2023-10-22,2043-10-17,20,Quarterly,569.84,Active,AGT0094,Pahang
POL0002050,PTP001264,Family Takaful - Education,Family,True,2025-12-06,2040-12-02,15,Monthly,1770.55,Active,AGT0060,Terengganu
POL0002051,PTP001319,Fire Takaful,General,False,2022-06-18,2027-06-17,5,Monthly,1838.58,Active,AGT0131,Selangor
POL0002052,PTP002736,Motor Takaful,General,False,2023-01-04,2042-12-30,20,Quarterly,1321.22,Active,AGT0083,Kuala Lumpur
POL0002053,PTP000559,Fire Takaful,General,False,2024-02-23,2039-02-19,15,Quarterly,988.43,Cancelled,AGT0132,Labuan
POL0002054,PTP001451,Family Takaful - Life Protection,Family,True,2026-03-18,2027-03-18,1,Annual,1984.6,Lapsed,AGT0026,Pahang
POL0002055,PTP000962,Family Takaful - Life Protection,Family,True,2021-05-17,2036-05-13,15,Annual,1555.02,Active,AGT0127,Kuala Lumpur
POL0002056,PTP002641,Fire Takaful,General,False,2025-07-03,2030-07-02,5,Quarterly,1542.82,Active,AGT0147,Penang
POL0002057,PTP002944,Medical & Health Takaful,Family,False,2022-01-18,2023-01-18,1,Semi-Annual,1978.96,Active,AGT0057,Selangor
POL0002058,PTP002437,Family Takaful - Life Protection,Family,True,2026-07-01,2031-06-30,5,Quarterly,1466.47,Active,AGT0015,Kedah
POL0002059,PTP001998,Medical & Health Takaful,Family,False,2021-11-13,2036-11-09,15,Quarterly,66.42,Active,AGT0055,Selangor
POL0002060,PTP001697,Family Takaful - Education,Family,True,2022-07-16,2023-07-16,1,Semi-Annual,1797.5,Cancelled,AGT0095,Perak
POL0002061,PTP000185,Medical & Health Takaful,Family,False,2022-08-13,2023-08-13,1,Semi-Annual,812.75,Active,AGT0077,Perak
POL0002062,PTP001223,Medical & Health Takaful,Family,False,2024-01-11,2039-01-07,15,Semi-Annual,525.48,Matured,AGT0083,Kuala Lumpur
POL0002063,PTP001740,Family Takaful - Retirement,Family,True,2022-07-05,2042-06-30,20,Monthly,1338.11,Active,AGT0057,Kelantan
POL0002064,PTP001807,Motor Takaful,General,False,2022-05-06,2027-05-05,5,Annual,97.25,Cancelled,AGT0009,Terengganu
POL0002065,PTP001953,Motor Takaful,General,False,2021-04-03,2026-04-02,5,Semi-Annual,661.86,Active,AGT0138,Johor
POL0002066,PTP002329,Motor Takaful,General,False,2025-08-25,2045-08-20,20,Semi-Annual,1726.41,Active,AGT0112,Pahang
POL0002067,PTP002884,Medical & Health Takaful,Family,False,2021-11-22,2036-11-18,15,Quarterly,563.9,Active,AGT0081,Melaka
POL0002068,PTP000228,Fire Takaful,General,False,2025-01-20,2026-01-20,1,Semi-Annual,1948.8,Matured,AGT0084,Perlis
POL0002069,PTP001984,Personal Accident Takaful,General,False,2024-02-24,2025-02-23,1,Quarterly,1149.75,Active,AGT0101,Labuan
POL0002070,PTP001295,Motor Takaful,General,False,2023-09-22,2024-09-21,1,Monthly,1853.27,Active,AGT0066,Penang
POL0002071,PTP001242,Personal Accident Takaful,General,False,2021-05-17,2031-05-15,10,Monthly,1488.57,Active,AGT0123,Selangor
POL0002072,PTP002339,Family Takaful - Education,Family,True,2023-11-10,2033-11-07,10,Semi-Annual,1909.19,Active,AGT0066,Selangor
POL0002073,PTP000201,Family Takaful - Education,Family,True,2021-06-14,2031-06-12,10,Semi-Annual,122.95,Lapsed,AGT0066,Terengganu
POL0002074,PTP001032,Motor Takaful,General,False,2026-03-08,2041-03-04,15,Quarterly,1080.42,Active,AGT0138,Putrajaya
POL0002075,PTP001438,Family Takaful - Life Protection,Family,True,2025-01-19,2040-01-16,15,Quarterly,86.91,Matured,AGT0102,Perlis
POL0002076,PTP000552,Family Takaful - Retirement,Family,True,2025-12-22,2040-12-18,15,Quarterly,168.01,Active,AGT0121,Pahang
POL0002077,PTP000325,Family Takaful - Education,Family,True,2022-04-05,2027-04-04,5,Monthly,1351.8,Lapsed,AGT0099,Terengganu
POL0002078,PTP000725,Fire Takaful,General,False,2025-03-08,2026-03-08,1,Monthly,1135.9,Active,AGT0085,Selangor
POL0002079,PTP001263,Family Takaful - Life Protection,Family,True,2022-03-22,2032-03-19,10,Annual,1883.16,Matured,AGT0019,Labuan
POL0002080,PTP001052,Family Takaful - Education,Family,True,2025-11-08,2035-11-06,10,Annual,988.0,Matured,AGT0100,Sarawak
POL0002081,PTP000416,Fire Takaful,General,False,2021-06-13,2026-06-12,5,Quarterly,1564.94,Lapsed,AGT0032,Putrajaya
POL0002082,PTP001647,Medical & Health Takaful,Family,False,2021-08-26,2026-08-25,5,Annual,756.33,Active,AGT0131,Melaka
POL0002083,PTP001199,Family Takaful - Retirement,Family,True,2025-04-05,2045-03-31,20,Semi-Annual,867.87,Lapsed,AGT0130,Sabah
POL0002084,PTP001030,Fire Takaful,General,False,2024-06-16,2025-06-16,1,Quarterly,1885.87,Active,AGT0018,Penang
POL0002085,PTP000992,Personal Accident Takaful,General,False,2025-12-24,2030-12-23,5,Semi-Annual,580.12,Lapsed,AGT0041,Putrajaya
POL0002086,PTP002937,Family Takaful - Retirement,Family,True,2022-01-14,2032-01-12,10,Semi-Annual,1835.12,Cancelled,AGT0148,Negeri Sembilan
POL0002087,PTP000082,Family Takaful - Education,Family,True,2024-06-21,2039-06-18,15,Semi-Annual,712.53,Matured,AGT0061,Perak
POL0002088,PTP002640,Fire Takaful,General,False,2024-03-30,2044-03-25,20,Annual,1495.83,Active,AGT0123,Kedah
POL0002089,PTP001960,Medical & Health Takaful,Family,False,2026-05-10,2041-05-06,15,Annual,1615.47,Matured,AGT0116,Kuala Lumpur
POL0002090,PTP001318,Family Takaful - Life Protection,Family,True,2024-01-29,2029-01-27,5,Monthly,733.69,Matured,AGT0117,Johor
POL0002091,PTP001735,Family Takaful - Life Protection,Family,True,2026-01-03,2036-01-01,10,Annual,911.0,Active,AGT0103,Kuala Lumpur
POL0002092,PTP002835,Motor Takaful,General,False,2021-12-01,2041-11-26,20,Quarterly,284.96,Matured,AGT0042,Kelantan
POL0002093,PTP001037,Family Takaful - Life Protection,Family,True,2024-11-03,2044-10-29,20,Quarterly,1332.75,Active,AGT0112,Labuan
POL0002094,PTP000064,Motor Takaful,General,False,2024-12-25,2039-12-22,15,Annual,1516.45,Active,AGT0030,Selangor
POL0002095,PTP002574,Family Takaful - Retirement,Family,True,2025-11-22,2030-11-21,5,Annual,1603.18,Active,AGT0078,Melaka
POL0002096,PTP001825,Medical & Health Takaful,Family,False,2026-05-26,2027-05-26,1,Semi-Annual,579.8,Lapsed,AGT0120,Kuala Lumpur
POL0002097,PTP000553,Family Takaful - Retirement,Family,True,2021-03-16,2022-03-16,1,Semi-Annual,751.95,Active,AGT0073,Kuala Lumpur
POL0002098,PTP002622,Personal Accident Takaful,General,False,2024-08-06,2039-08-03,15,Quarterly,1633.87,Active,AGT0056,Labuan
POL0002099,PTP001059,Family Takaful - Retirement,Family,True,2024-01-08,2034-01-05,10,Semi-Annual,706.43,Lapsed,AGT0122,Kelantan
POL0002100,PTP002758,Medical & Health Takaful,Family,False,2023-05-13,2028-05-11,5,Semi-Annual,1664.75,Cancelled,AGT0001,Pahang
POL0002101,PTP000109,Motor Takaful,General,False,2024-10-30,2029-10-29,5,Annual,1571.68,Active,AGT0121,Perak
POL0002102,PTP002163,Fire Takaful,General,False,2022-08-09,2037-08-05,15,Semi-Annual,808.69,Active,AGT0143,Labuan
POL0002103,PTP000247,Fire Takaful,General,False,2024-01-22,2029-01-20,5,Annual,1483.99,Lapsed,AGT0006,Kedah
POL0002104,PTP001679,Medical & Health Takaful,Family,False,2021-05-08,2026-05-07,5,Annual,1566.84,Active,AGT0079,Melaka
POL0002105,PTP002216,Family Takaful - Life Protection,Family,True,2024-03-15,2029-03-14,5,Monthly,1399.33,Active,AGT0124,Kelantan
POL0002106,PTP000421,Medical & Health Takaful,Family,False,2024-12-24,2029-12-23,5,Annual,982.49,Active,AGT0066,Perak
POL0002107,PTP001140,Medical & Health Takaful,Family,False,2022-03-11,2037-03-07,15,Monthly,1987.81,Active,AGT0100,Sarawak
POL0002108,PTP002787,Medical & Health Takaful,Family,False,2024-09-28,2025-09-28,1,Annual,1716.33,Lapsed,AGT0088,Sabah
POL0002109,PTP001411,Family Takaful - Education,Family,True,2022-02-10,2037-02-06,15,Semi-Annual,1232.55,Active,AGT0122,Kuala Lumpur
POL0002110,PTP001968,Motor Takaful,General,False,2022-08-05,2027-08-04,5,Monthly,154.27,Active,AGT0017,Sarawak
POL0002111,PTP000884,Personal Accident Takaful,General,False,2024-06-15,2044-06-10,20,Quarterly,85.85,Matured,AGT0123,Negeri Sembilan
POL0002112,PTP000950,Family Takaful - Life Protection,Family,True,2025-11-06,2045-11-01,20,Quarterly,1727.89,Lapsed,AGT0072,Negeri Sembilan
POL0002113,PTP000401,Motor Takaful,General,False,2021-01-16,2022-01-16,1,Semi-Annual,1408.57,Matured,AGT0031,Johor
POL0002114,PTP002642,Fire Takaful,General,False,2022-12-16,2042-12-11,20,Annual,1701.75,Matured,AGT0011,Kedah
POL0002115,PTP000280,Family Takaful - Education,Family,True,2022-09-30,2042-09-25,20,Monthly,951.19,Active,AGT0092,Terengganu
POL0002116,PTP000393,Family Takaful - Education,Family,True,2022-08-18,2023-08-18,1,Quarterly,1628.96,Active,AGT0016,Terengganu
POL0002117,PTP002469,Medical & Health Takaful,Family,False,2025-11-06,2040-11-02,15,Semi-Annual,1310.29,Active,AGT0147,Negeri Sembilan
POL0002118,PTP000774,Motor Takaful,General,False,2023-05-02,2038-04-28,15,Semi-Annual,746.63,Matured,AGT0136,Negeri Sembilan
POL0002119,PTP001577,Family Takaful - Life Protection,Family,True,2026-04-26,2041-04-22,15,Semi-Annual,520.58,Active,AGT0063,Selangor
POL0002120,PTP002995,Family Takaful - Life Protection,Family,True,2026-01-12,2041-01-08,15,Monthly,1591.17,Cancelled,AGT0148,Sarawak
POL0002121,PTP000306,Medical & Health Takaful,Family,False,2022-10-11,2032-10-08,10,Semi-Annual,140.84,Active,AGT0041,Perlis
POL0002122,PTP001817,Motor Takaful,General,False,2022-08-20,2032-08-17,10,Semi-Annual,1730.73,Active,AGT0131,Kedah
POL0002123,PTP002831,Medical & Health Takaful,Family,False,2022-08-12,2037-08-08,15,Annual,1910.63,Lapsed,AGT0125,Kedah
POL0002124,PTP002090,Fire Takaful,General,False,2024-01-05,2043-12-31,20,Quarterly,204.55,Matured,AGT0112,Putrajaya
POL0002125,PTP000679,Motor Takaful,General,False,2026-06-21,2041-06-17,15,Annual,551.37,Matured,AGT0022,Kuala Lumpur
POL0002126,PTP001207,Family Takaful - Education,Family,True,2025-12-20,2040-12-16,15,Quarterly,1424.67,Active,AGT0098,Pahang
POL0002127,PTP000749,Personal Accident Takaful,General,False,2024-02-28,2025-02-27,1,Annual,1500.13,Active,AGT0132,Kuala Lumpur
POL0002128,PTP000577,Family Takaful - Education,Family,True,2024-03-16,2025-03-16,1,Monthly,564.55,Active,AGT0027,Penang
POL0002129,PTP000552,Motor Takaful,General,False,2024-02-21,2029-02-19,5,Quarterly,1584.09,Active,AGT0047,Perlis
POL0002130,PTP001493,Medical & Health Takaful,Family,False,2022-02-13,2032-02-11,10,Quarterly,1259.63,Lapsed,AGT0082,Selangor
POL0002131,PTP000324,Motor Takaful,General,False,2023-05-09,2033-05-06,10,Monthly,457.6,Active,AGT0008,Johor
POL0002132,PTP002947,Family Takaful - Retirement,Family,True,2024-05-22,2034-05-20,10,Quarterly,821.55,Cancelled,AGT0024,Kedah
POL0002133,PTP001955,Family Takaful - Education,Family,True,2021-07-09,2022-07-09,1,Annual,1974.85,Active,AGT0049,Penang
POL0002134,PTP001848,Family Takaful - Retirement,Family,True,2025-08-27,2026-08-27,1,Quarterly,1613.72,Active,AGT0027,Putrajaya
POL0002135,PTP000873,Medical & Health Takaful,Family,False,2023-05-23,2028-05-21,5,Annual,1675.94,Lapsed,AGT0012,Penang
POL0002136,PTP000024,Family Takaful - Education,Family,True,2024-03-31,2044-03-26,20,Quarterly,385.02,Active,AGT0142,Sabah
POL0002137,PTP000653,Fire Takaful,General,False,2023-12-06,2024-12-05,1,Annual,1966.51,Active,AGT0135,Kelantan
POL0002138,PTP001371,Family Takaful - Retirement,Family,True,2025-10-13,2040-10-09,15,Semi-Annual,153.35,Matured,AGT0070,Kedah
POL0002139,PTP001399,Motor Takaful,General,False,2021-06-19,2031-06-17,10,Monthly,1665.91,Active,AGT0143,Selangor
POL0002140,PTP000134,Family Takaful - Retirement,Family,True,2024-10-20,2025-10-20,1,Semi-Annual,211.67,Lapsed,AGT0018,Johor
POL0002141,PTP002344,Family Takaful - Retirement,Family,True,2025-07-23,2026-07-23,1,Quarterly,1669.53,Active,AGT0049,Melaka
POL0002142,PTP002026,Medical & Health Takaful,Family,False,2025-11-26,2040-11-22,15,Semi-Annual,146.89,Active,AGT0129,Pahang
POL0002143,PTP001541,Family Takaful - Life Protection,Family,True,2024-07-21,2039-07-18,15,Semi-Annual,732.38,Active,AGT0080,Kelantan
POL0002144,PTP001069,Personal Accident Takaful,General,False,2021-08-22,2036-08-18,15,Semi-Annual,1201.79,Active,AGT0129,Perlis
POL0002145,PTP000450,Personal Accident Takaful,General,False,2026-07-09,2036-07-06,10,Monthly,1712.83,Lapsed,AGT0041,Labuan
POL0002146,PTP002044,Family Takaful - Education,Family,True,2022-04-20,2032-04-17,10,Monthly,1145.43,Active,AGT0095,Selangor
POL0002147,PTP000310,Motor Takaful,General,False,2026-08-07,2036-08-04,10,Annual,740.54,Active,AGT0044,Kelantan
POL0002148,PTP002015,Fire Takaful,General,False,2025-04-12,2035-04-10,10,Semi-Annual,1780.79,Active,AGT0075,Penang
POL0002149,PTP001225,Family Takaful - Retirement,Family,True,2022-07-17,2042-07-12,20,Semi-Annual,1947.2,Lapsed,AGT0104,Labuan
POL0002150,PTP002578,Family Takaful - Education,Family,True,2021-09-06,2031-09-04,10,Monthly,1703.7,Active,AGT0032,Kedah
POL0002151,PTP001796,Fire Takaful,General,False,2025-08-28,2030-08-27,5,Semi-Annual,850.88,Matured,AGT0114,Kuala Lumpur
POL0002152,PTP001202,Family Takaful - Life Protection,Family,True,2023-11-10,2024-11-09,1,Monthly,851.41,Active,AGT0002,Putrajaya
POL0002153,PTP001566,Fire Takaful,General,False,2021-11-18,2036-11-14,15,Monthly,1324.09,Active,AGT0020,Melaka
POL0002154,PTP000901,Medical & Health Takaful,Family,False,2025-01-14,2045-01-09,20,Quarterly,971.2,Active,AGT0120,Kelantan
POL0002155,PTP001684,Fire Takaful,General,False,2022-03-06,2023-03-06,1,Monthly,660.13,Matured,AGT0022,Pahang
POL0002156,PTP000155,Family Takaful - Education,Family,True,2026-07-18,2041-07-14,15,Annual,77.11,Active,AGT0029,Selangor
POL0002157,PTP000023,Medical & Health Takaful,Family,False,2026-04-23,2046-04-18,20,Semi-Annual,538.32,Cancelled,AGT0093,Putrajaya
POL0002158,PTP001790,Family Takaful - Education,Family,True,2025-10-19,2040-10-15,15,Monthly,990.33,Active,AGT0125,Perak
POL0002159,PTP002819,Family Takaful - Education,Family,True,2022-10-15,2027-10-14,5,Quarterly,1128.81,Active,AGT0031,Melaka
POL0002160,PTP000841,Family Takaful - Education,Family,True,2022-09-11,2023-09-11,1,Annual,756.64,Cancelled,AGT0094,Labuan
POL0002161,PTP002191,Family Takaful - Life Protection,Family,True,2023-03-15,2038-03-11,15,Annual,1909.78,Matured,AGT0072,Kuala Lumpur
POL0002162,PTP002146,Fire Takaful,General,False,2022-02-23,2027-02-22,5,Monthly,1389.6,Active,AGT0150,Melaka
POL0002163,PTP001174,Fire Takaful,General,False,2026-03-21,2041-03-17,15,Monthly,1202.25,Active,AGT0043,Pahang
POL0002164,PTP001659,Personal Accident Takaful,General,False,2022-06-13,2023-06-13,1,Annual,1087.63,Active,AGT0004,Kuala Lumpur
POL0002165,PTP000610,Family Takaful - Retirement,Family,True,2026-07-04,2027-07-04,1,Annual,1594.65,Matured,AGT0044,Kuala Lumpur
POL0002166,PTP002678,Medical & Health Takaful,Family,False,2023-09-14,2038-09-10,15,Semi-Annual,171.42,Matured,AGT0091,Johor
POL0002167,PTP001303,Family Takaful - Education,Family,True,2025-05-23,2040-05-19,15,Monthly,1803.07,Active,AGT0106,Perak
POL0002168,PTP002346,Medical & Health Takaful,Family,False,2024-11-23,2044-11-18,20,Quarterly,1726.32,Active,AGT0014,Perak
POL0002169,PTP001474,Family Takaful - Life Protection,Family,True,2025-03-19,2045-03-14,20,Quarterly,1001.94,Lapsed,AGT0038,Sabah
POL0002170,PTP001337,Personal Accident Takaful,General,False,2024-02-05,2034-02-02,10,Monthly,139.7,Active,AGT0069,Selangor
POL0002171,PTP002509,Medical & Health Takaful,Family,False,2026-03-12,2031-03-11,5,Annual,1653.6,Matured,AGT0138,Sarawak
POL0002172,PTP002606,Family Takaful - Retirement,Family,True,2022-04-26,2023-04-26,1,Monthly,1965.37,Active,AGT0083,Negeri Sembilan
POL0002173,PTP002111,Family Takaful - Retirement,Family,True,2023-09-14,2043-09-09,20,Monthly,501.3,Lapsed,AGT0071,Perlis
POL0002174,PTP000254,Family Takaful - Life Protection,Family,True,2024-07-06,2039-07-03,15,Annual,52.56,Matured,AGT0099,Melaka
POL0002175,PTP002316,Personal Accident Takaful,General,False,2023-10-01,2038-09-27,15,Monthly,777.28,Active,AGT0120,Kuala Lumpur
POL0002176,PTP002603,Personal Accident Takaful,General,False,2024-07-13,2044-07-08,20,Monthly,1651.8,Active,AGT0004,Perak
POL0002177,PTP002002,Fire Takaful,General,False,2021-04-07,2026-04-06,5,Annual,1705.09,Active,AGT0030,Sarawak
POL0002178,PTP000018,Fire Takaful,General,False,2021-07-15,2031-07-13,10,Monthly,1846.21,Matured,AGT0031,Pahang
POL0002179,PTP002011,Family Takaful - Retirement,Family,True,2024-05-08,2039-05-05,15,Monthly,459.01,Active,AGT0047,Labuan
POL0002180,PTP001260,Family Takaful - Education,Family,True,2025-04-17,2030-04-16,5,Semi-Annual,1045.52,Lapsed,AGT0114,Sabah
POL0002181,PTP001411,Family Takaful - Retirement,Family,True,2023-07-06,2028-07-04,5,Quarterly,75.64,Cancelled,AGT0093,Penang
POL0002182,PTP001310,Personal Accident Takaful,General,False,2025-02-23,2026-02-23,1,Semi-Annual,278.28,Active,AGT0120,Penang
POL0002183,PTP000377,Personal Accident Takaful,General,False,2025-11-28,2045-11-23,20,Semi-Annual,1044.78,Active,AGT0093,Johor
POL0002184,PTP000854,Personal Accident Takaful,General,False,2022-05-09,2042-05-04,20,Monthly,1288.45,Active,AGT0092,Penang
POL0002185,PTP001186,Family Takaful - Education,Family,True,2022-06-05,2023-06-05,1,Monthly,1937.16,Active,AGT0011,Melaka
POL0002186,PTP001531,Family Takaful - Education,Family,True,2024-09-18,2039-09-15,15,Quarterly,1181.93,Active,AGT0040,Labuan
POL0002187,PTP001668,Fire Takaful,General,False,2022-08-19,2037-08-15,15,Semi-Annual,1145.42,Active,AGT0131,Putrajaya
POL0002188,PTP002506,Family Takaful - Life Protection,Family,True,2021-06-22,2041-06-17,20,Semi-Annual,1874.56,Active,AGT0053,Kuala Lumpur
POL0002189,PTP001538,Family Takaful - Education,Family,True,2025-02-12,2040-02-09,15,Monthly,437.45,Active,AGT0039,Negeri Sembilan
POL0002190,PTP000505,Family Takaful - Life Protection,Family,True,2026-05-09,2031-05-08,5,Semi-Annual,1239.0,Active,AGT0036,Pahang
POL0002191,PTP002193,Personal Accident Takaful,General,False,2021-10-12,2041-10-07,20,Annual,482.56,Active,AGT0074,Sarawak
POL0002192,PTP001765,Family Takaful - Retirement,Family,True,2023-05-01,2038-04-27,15,Quarterly,732.39,Active,AGT0079,Pahang
POL0002193,PTP002839,Motor Takaful,General,False,2024-02-21,2034-02-18,10,Monthly,1907.03,Active,AGT0140,Pahang
POL0002194,PTP000446,Family Takaful - Retirement,Family,True,2025-04-12,2030-04-11,5,Monthly,1590.06,Active,AGT0141,Labuan
POL0002195,PTP001683,Personal Accident Takaful,General,False,2023-07-24,2028-07-22,5,Monthly,1952.68,Active,AGT0003,Melaka
POL0002196,PTP000638,Personal Accident Takaful,General,False,2023-05-11,2028-05-09,5,Quarterly,1635.23,Active,AGT0146,Kelantan
POL0002197,PTP000017,Personal Accident Takaful,General,False,2022-08-18,2032-08-15,10,Quarterly,102.83,Active,AGT0067,Selangor
POL0002198,PTP000100,Personal Accident Takaful,General,False,2024-06-25,2029-06-24,5,Annual,1560.83,Matured,AGT0110,Negeri Sembilan
POL0002199,PTP001915,Family Takaful - Education,Family,True,2026-08-09,2031-08-08,5,Quarterly,807.96,Active,AGT0123,Perlis
POL0002200,PTP001748,Family Takaful - Life Protection,Family,True,2025-08-20,2045-08-15,20,Quarterly,106.44,Cancelled,AGT0125,Sarawak
POL0002201,PTP002171,Family Takaful - Education,Family,True,2022-08-27,2027-08-26,5,Monthly,420.32,Active,AGT0008,Penang
POL0002202,PTP002494,Personal Accident Takaful,General,False,2022-11-27,2032-11-24,10,Monthly,955.08,Active,AGT0120,Terengganu
POL0002203,PTP000407,Motor Takaful,General,False,2025-06-11,2030-06-10,5,Annual,253.41,Lapsed,AGT0104,Putrajaya
POL0002204,PTP002161,Fire Takaful,General,False,2022-12-14,2042-12-09,20,Monthly,1315.39,Matured,AGT0140,Kelantan
POL0002205,PTP000047,Family Takaful - Education,Family,True,2025-03-30,2040-03-26,15,Monthly,1714.36,Matured,AGT0041,Labuan
POL0002206,PTP002409,Family Takaful - Education,Family,True,2024-06-30,2029-06-29,5,Semi-Annual,770.5,Active,AGT0129,Selangor
POL0002207,PTP001730,Motor Takaful,General,False,2021-11-04,2036-10-31,15,Quarterly,1213.73,Active,AGT0026,Putrajaya
POL0002208,PTP002477,Medical & Health Takaful,Family,False,2021-02-04,2026-02-03,5,Monthly,290.46,Active,AGT0068,Selangor
POL0002209,PTP002531,Motor Takaful,General,False,2024-11-17,2034-11-15,10,Annual,551.95,Active,AGT0012,Melaka
POL0002210,PTP002188,Family Takaful - Life Protection,Family,True,2023-02-28,2033-02-25,10,Semi-Annual,862.13,Active,AGT0118,Perak
POL0002211,PTP001585,Family Takaful - Education,Family,True,2023-01-19,2024-01-19,1,Monthly,472.28,Active,AGT0109,Perlis
POL0002212,PTP001220,Family Takaful - Education,Family,True,2024-08-04,2044-07-30,20,Annual,1774.08,Active,AGT0078,Kedah
POL0002213,PTP002623,Family Takaful - Education,Family,True,2026-08-05,2046-07-31,20,Quarterly,66.8,Active,AGT0045,Pahang
POL0002214,PTP002892,Personal Accident Takaful,General,False,2023-09-15,2038-09-11,15,Annual,258.48,Lapsed,AGT0135,Labuan
POL0002215,PTP000095,Family Takaful - Retirement,Family,True,2021-11-25,2031-11-23,10,Semi-Annual,1583.71,Active,AGT0026,Kedah
POL0002216,PTP002588,Fire Takaful,General,False,2025-12-06,2030-12-05,5,Semi-Annual,1443.09,Lapsed,AGT0031,Labuan
POL0002217,PTP002739,Family Takaful - Retirement,Family,True,2025-05-08,2030-05-07,5,Semi-Annual,576.7,Cancelled,AGT0065,Kedah
POL0002218,PTP000805,Personal Accident Takaful,General,False,2022-04-01,2037-03-28,15,Quarterly,1953.26,Active,AGT0010,Terengganu
POL0002219,PTP002660,Personal Accident Takaful,General,False,2026-05-11,2041-05-07,15,Monthly,897.67,Active,AGT0004,Putrajaya
POL0002220,PTP002134,Family Takaful - Retirement,Family,True,2025-07-01,2035-06-29,10,Monthly,1798.91,Active,AGT0115,Negeri Sembilan
POL0002221,PTP001665,Medical & Health Takaful,Family,False,2022-07-23,2023-07-23,1,Annual,1219.8,Active,AGT0082,Perlis
POL0002222,PTP001405,Fire Takaful,General,False,2022-05-28,2032-05-25,10,Semi-Annual,1810.77,Active,AGT0086,Perlis
POL0002223,PTP001647,Medical & Health Takaful,Family,False,2022-12-16,2042-12-11,20,Monthly,398.38,Cancelled,AGT0042,Perak
POL0002224,PTP002944,Medical & Health Takaful,Family,False,2026-04-19,2046-04-14,20,Annual,579.05,Active,AGT0026,Pahang
POL0002225,PTP001065,Family Takaful - Education,Family,True,2023-07-22,2043-07-17,20,Quarterly,369.1,Active,AGT0138,Sarawak
POL0002226,PTP000970,Motor Takaful,General,False,2022-07-07,2027-07-06,5,Annual,1676.92,Active,AGT0092,Melaka
POL0002227,PTP001734,Fire Takaful,General,False,2025-09-22,2030-09-21,5,Annual,1147.84,Cancelled,AGT0016,Kedah
POL0002228,PTP001477,Medical & Health Takaful,Family,False,2025-03-08,2040-03-04,15,Monthly,573.94,Active,AGT0080,Sarawak
POL0002229,PTP002010,Fire Takaful,General,False,2021-11-21,2031-11-19,10,Quarterly,1673.24,Active,AGT0124,Kedah
POL0002230,PTP002568,Family Takaful - Retirement,Family,True,2021-01-17,2036-01-14,15,Monthly,111.34,Active,AGT0110,Perlis
POL0002231,PTP001169,Personal Accident Takaful,General,False,2025-05-18,2026-05-18,1,Annual,1191.67,Active,AGT0010,Penang
POL0002232,PTP000027,Family Takaful - Education,Family,True,2022-03-12,2037-03-08,15,Semi-Annual,814.84,Active,AGT0080,Kedah
POL0002233,PTP000159,Family Takaful - Education,Family,True,2022-01-29,2037-01-25,15,Semi-Annual,1775.92,Matured,AGT0034,Labuan
POL0002234,PTP002979,Family Takaful - Retirement,Family,True,2022-10-03,2023-10-03,1,Semi-Annual,1827.1,Active,AGT0034,Pahang
POL0002235,PTP002725,Fire Takaful,General,False,2026-02-18,2031-02-17,5,Quarterly,160.17,Active,AGT0106,Kelantan
POL0002236,PTP001530,Personal Accident Takaful,General,False,2025-06-26,2045-06-21,20,Monthly,1778.93,Lapsed,AGT0016,Kelantan
POL0002237,PTP000270,Personal Accident Takaful,General,False,2022-04-29,2037-04-25,15,Semi-Annual,231.75,Active,AGT0038,Terengganu
POL0002238,PTP000138,Family Takaful - Education,Family,True,2025-07-26,2035-07-24,10,Annual,393.48,Cancelled,AGT0066,Kedah
POL0002239,PTP001271,Personal Accident Takaful,General,False,2024-06-09,2039-06-06,15,Annual,709.94,Active,AGT0092,Kuala Lumpur
POL0002240,PTP001311,Family Takaful - Life Protection,Family,True,2024-03-11,2039-03-08,15,Semi-Annual,1783.09,Active,AGT0106,Selangor
POL0002241,PTP000643,Motor Takaful,General,False,2025-03-12,2045-03-07,20,Quarterly,1760.57,Lapsed,AGT0141,Labuan
POL0002242,PTP001407,Family Takaful - Retirement,Family,True,2026-07-15,2036-07-12,10,Quarterly,1149.37,Active,AGT0018,Terengganu
POL0002243,PTP001324,Family Takaful - Life Protection,Family,True,2022-11-06,2027-11-05,5,Monthly,146.98,Active,AGT0071,Kedah
POL0002244,PTP000084,Fire Takaful,General,False,2023-10-06,2028-10-04,5,Annual,1226.04,Active,AGT0072,Negeri Sembilan
POL0002245,PTP002636,Personal Accident Takaful,General,False,2024-03-22,2029-03-21,5,Quarterly,494.41,Active,AGT0080,Terengganu
POL0002246,PTP002782,Medical & Health Takaful,Family,False,2025-10-22,2040-10-18,15,Semi-Annual,1401.8,Matured,AGT0014,Negeri Sembilan
POL0002247,PTP001936,Medical & Health Takaful,Family,False,2022-06-15,2032-06-12,10,Annual,1290.77,Lapsed,AGT0124,Perak
POL0002248,PTP002089,Family Takaful - Life Protection,Family,True,2024-04-26,2025-04-26,1,Monthly,1147.69,Active,AGT0020,Selangor
POL0002249,PTP000132,Motor Takaful,General,False,2025-12-17,2045-12-12,20,Quarterly,618.57,Active,AGT0043,Kedah
POL0002250,PTP000271,Medical & Health Takaful,Family,False,2023-11-30,2028-11-28,5,Quarterly,286.15,Active,AGT0130,Terengganu
POL0002251,PTP002476,Medical & Health Takaful,Family,False,2021-07-26,2026-07-25,5,Monthly,604.16,Active,AGT0094,Labuan
POL0002252,PTP002310,Motor Takaful,General,False,2021-12-29,2031-12-27,10,Semi-Annual,1545.69,Active,AGT0090,Kelantan
POL0002253,PTP001435,Family Takaful - Education,Family,True,2022-08-27,2027-08-26,5,Semi-Annual,609.3,Active,AGT0120,Selangor
POL0002254,PTP002106,Personal Accident Takaful,General,False,2021-03-24,2036-03-20,15,Quarterly,1713.97,Active,AGT0062,Pahang
POL0002255,PTP002500,Fire Takaful,General,False,2024-04-12,2029-04-11,5,Annual,679.22,Active,AGT0069,Pahang
POL0002256,PTP002537,Family Takaful - Education,Family,True,2026-04-20,2031-04-19,5,Monthly,1993.79,Active,AGT0042,Penang
POL0002257,PTP002610,Family Takaful - Education,Family,True,2021-10-20,2026-10-19,5,Quarterly,817.23,Active,AGT0131,Penang
POL0002258,PTP001309,Family Takaful - Retirement,Family,True,2023-12-12,2038-12-08,15,Quarterly,1950.62,Lapsed,AGT0117,Kuala Lumpur
POL0002259,PTP001998,Family Takaful - Education,Family,True,2025-02-24,2026-02-24,1,Semi-Annual,915.7,Matured,AGT0006,Kelantan
POL0002260,PTP000534,Medical & Health Takaful,Family,False,2023-06-10,2028-06-08,5,Quarterly,915.38,Matured,AGT0052,Perak
POL0002261,PTP001751,Family Takaful - Retirement,Family,True,2026-01-30,2031-01-29,5,Annual,56.47,Active,AGT0014,Melaka
POL0002262,PTP002012,Family Takaful - Education,Family,True,2026-05-26,2046-05-21,20,Quarterly,1261.95,Active,AGT0133,Labuan
POL0002263,PTP002027,Fire Takaful,General,False,2024-09-08,2029-09-07,5,Quarterly,1415.72,Active,AGT0112,Sarawak
POL0002264,PTP001593,Motor Takaful,General,False,2022-03-22,2042-03-17,20,Semi-Annual,636.06,Active,AGT0140,Kedah
POL0002265,PTP002077,Family Takaful - Retirement,Family,True,2026-01-27,2046-01-22,20,Quarterly,349.54,Active,AGT0038,Selangor
POL0002266,PTP000413,Medical & Health Takaful,Family,False,2024-12-12,2025-12-12,1,Semi-Annual,665.58,Active,AGT0073,Putrajaya
POL0002267,PTP002226,Personal Accident Takaful,General,False,2026-07-17,2027-07-17,1,Semi-Annual,754.18,Lapsed,AGT0050,Sarawak
POL0002268,PTP000290,Fire Takaful,General,False,2026-01-01,2045-12-27,20,Quarterly,1884.52,Active,AGT0055,Negeri Sembilan
POL0002269,PTP002028,Family Takaful - Retirement,Family,True,2025-04-18,2026-04-18,1,Annual,1251.71,Lapsed,AGT0119,Kelantan
POL0002270,PTP001478,Fire Takaful,General,False,2021-07-27,2026-07-26,5,Monthly,269.49,Lapsed,AGT0012,Sabah
POL0002271,PTP002043,Motor Takaful,General,False,2025-10-04,2035-10-02,10,Semi-Annual,1342.68,Matured,AGT0134,Putrajaya
POL0002272,PTP000232,Personal Accident Takaful,General,False,2021-01-21,2031-01-19,10,Quarterly,285.22,Matured,AGT0059,Kuala Lumpur
POL0002273,PTP002662,Personal Accident Takaful,General,False,2025-09-24,2030-09-23,5,Monthly,236.33,Active,AGT0056,Labuan
POL0002274,PTP001570,Motor Takaful,General,False,2023-05-03,2028-05-01,5,Annual,1473.86,Active,AGT0043,Labuan
POL0002275,PTP001176,Fire Takaful,General,False,2025-04-26,2030-04-25,5,Annual,399.02,Active,AGT0023,Penang
POL0002276,PTP001426,Family Takaful - Life Protection,Family,True,2023-12-02,2028-11-30,5,Quarterly,1101.17,Matured,AGT0007,Putrajaya
POL0002277,PTP001332,Medical & Health Takaful,Family,False,2023-03-01,2024-02-29,1,Semi-Annual,655.44,Active,AGT0069,Johor
POL0002278,PTP002432,Fire Takaful,General,False,2025-03-19,2035-03-17,10,Annual,665.37,Active,AGT0068,Sarawak
POL0002279,PTP002265,Family Takaful - Retirement,Family,True,2021-01-26,2041-01-21,20,Quarterly,1898.32,Lapsed,AGT0115,Penang
POL0002280,PTP001454,Medical & Health Takaful,Family,False,2023-07-26,2038-07-22,15,Monthly,1079.49,Active,AGT0016,Pahang
POL0002281,PTP002761,Family Takaful - Education,Family,True,2022-10-02,2032-09-29,10,Monthly,222.91,Lapsed,AGT0050,Penang
POL0002282,PTP002675,Motor Takaful,General,False,2025-11-15,2040-11-11,15,Monthly,304.63,Active,AGT0149,Johor
POL0002283,PTP001122,Family Takaful - Retirement,Family,True,2025-03-09,2040-03-05,15,Monthly,887.79,Active,AGT0104,Putrajaya
POL0002284,PTP002812,Medical & Health Takaful,Family,False,2021-02-09,2022-02-09,1,Monthly,1453.84,Lapsed,AGT0061,Melaka
POL0002285,PTP000007,Personal Accident Takaful,General,False,2021-11-29,2022-11-29,1,Annual,1975.12,Active,AGT0088,Putrajaya
POL0002286,PTP001551,Fire Takaful,General,False,2024-05-30,2039-05-27,15,Annual,771.78,Active,AGT0118,Sarawak
POL0002287,PTP002971,Family Takaful - Life Protection,Family,True,2026-05-07,2041-05-03,15,Monthly,1949.6,Lapsed,AGT0087,Selangor
POL0002288,PTP001775,Motor Takaful,General,False,2024-08-21,2044-08-16,20,Quarterly,90.97,Active,AGT0014,Negeri Sembilan
POL0002289,PTP001746,Personal Accident Takaful,General,False,2023-02-01,2024-02-01,1,Annual,655.71,Active,AGT0108,Johor
POL0002290,PTP001537,Personal Accident Takaful,General,False,2024-10-01,2029-09-30,5,Annual,1707.04,Active,AGT0004,Pahang
POL0002291,PTP000835,Personal Accident Takaful,General,False,2024-04-28,2029-04-27,5,Monthly,1109.19,Cancelled,AGT0136,Penang
POL0002292,PTP002601,Personal Accident Takaful,General,False,2025-09-08,2030-09-07,5,Monthly,1178.62,Matured,AGT0097,Johor
POL0002293,PTP001441,Personal Accident Takaful,General,False,2021-08-19,2036-08-15,15,Monthly,267.53,Active,AGT0032,Kelantan
POL0002294,PTP002474,Family Takaful - Education,Family,True,2023-06-22,2038-06-18,15,Annual,1702.36,Active,AGT0148,Kuala Lumpur
POL0002295,PTP001103,Family Takaful - Education,Family,True,2022-05-05,2037-05-01,15,Annual,1330.99,Active,AGT0111,Sarawak
POL0002296,PTP000426,Motor Takaful,General,False,2024-03-13,2039-03-10,15,Annual,914.17,Active,AGT0141,Putrajaya
POL0002297,PTP001111,Motor Takaful,General,False,2025-09-18,2026-09-18,1,Quarterly,1732.85,Active,AGT0131,Kedah
POL0002298,PTP000076,Motor Takaful,General,False,2026-07-01,2046-06-26,20,Annual,1058.3,Active,AGT0145,Perak
POL0002299,PTP001049,Personal Accident Takaful,General,False,2023-06-07,2038-06-03,15,Annual,729.02,Cancelled,AGT0101,Perlis
POL0002300,PTP000725,Medical & Health Takaful,Family,False,2023-11-05,2043-10-31,20,Quarterly,415.42,Active,AGT0010,Putrajaya
POL0002301,PTP000266,Family Takaful - Retirement,Family,True,2023-11-21,2038-11-17,15,Semi-Annual,1638.03,Active,AGT0050,Sarawak
POL0002302,PTP001576,Medical & Health Takaful,Family,False,2022-09-13,2023-09-13,1,Semi-Annual,177.99,Active,AGT0134,Penang
POL0002303,PTP001135,Family Takaful - Education,Family,True,2022-10-15,2042-10-10,20,Semi-Annual,405.9,Lapsed,AGT0104,Negeri Sembilan
POL0002304,PTP002495,Fire Takaful,General,False,2022-05-03,2027-05-02,5,Annual,926.29,Lapsed,AGT0015,Melaka
POL0002305,PTP002745,Fire Takaful,General,False,2022-11-18,2027-11-17,5,Semi-Annual,1338.29,Matured,AGT0105,Kedah
POL0002306,PTP001922,Motor Takaful,General,False,2021-12-18,2026-12-17,5,Monthly,280.42,Active,AGT0132,Penang
POL0002307,PTP002905,Family Takaful - Life Protection,Family,True,2025-04-11,2045-04-06,20,Monthly,1616.49,Active,AGT0113,Kuala Lumpur
POL0002308,PTP001245,Medical & Health Takaful,Family,False,2024-06-04,2034-06-02,10,Monthly,1216.93,Lapsed,AGT0140,Penang
POL0002309,PTP001346,Family Takaful - Education,Family,True,2023-07-02,2043-06-27,20,Quarterly,547.17,Active,AGT0145,Penang
POL0002310,PTP002881,Fire Takaful,General,False,2021-10-25,2041-10-20,20,Quarterly,1955.93,Active,AGT0137,Kuala Lumpur
POL0002311,PTP000087,Motor Takaful,General,False,2025-10-11,2026-10-11,1,Monthly,1298.96,Matured,AGT0075,Negeri Sembilan
POL0002312,PTP000331,Medical & Health Takaful,Family,False,2025-10-14,2040-10-10,15,Annual,237.23,Lapsed,AGT0039,Melaka
POL0002313,PTP000669,Family Takaful - Education,Family,True,2025-08-04,2040-07-31,15,Monthly,147.8,Active,AGT0133,Terengganu
POL0002314,PTP002271,Family Takaful - Life Protection,Family,True,2024-02-22,2025-02-21,1,Annual,547.14,Active,AGT0083,Labuan
POL0002315,PTP000724,Family Takaful - Retirement,Family,True,2021-01-28,2022-01-28,1,Quarterly,499.42,Active,AGT0017,Perlis
POL0002316,PTP000379,Medical & Health Takaful,Family,False,2024-11-24,2044-11-19,20,Annual,1138.85,Active,AGT0039,Negeri Sembilan
POL0002317,PTP002502,Family Takaful - Retirement,Family,True,2026-04-02,2041-03-29,15,Monthly,564.74,Active,AGT0089,Sarawak
POL0002318,PTP000742,Family Takaful - Retirement,Family,True,2021-11-05,2041-10-31,20,Monthly,1166.55,Active,AGT0104,Kedah
POL0002319,PTP000870,Family Takaful - Retirement,Family,True,2022-07-03,2027-07-02,5,Annual,913.98,Active,AGT0122,Kuala Lumpur
POL0002320,PTP002178,Family Takaful - Retirement,Family,True,2024-06-07,2029-06-06,5,Quarterly,874.16,Active,AGT0093,Terengganu
POL0002321,PTP001082,Family Takaful - Life Protection,Family,True,2024-02-14,2034-02-11,10,Quarterly,1099.51,Active,AGT0134,Selangor
POL0002322,PTP000481,Family Takaful - Education,Family,True,2024-07-07,2034-07-05,10,Semi-Annual,980.71,Lapsed,AGT0095,Johor
POL0002323,PTP000864,Motor Takaful,General,False,2025-01-24,2035-01-22,10,Quarterly,1621.67,Active,AGT0053,Labuan
POL0002324,PTP001482,Family Takaful - Education,Family,True,2023-06-03,2043-05-29,20,Monthly,1015.19,Active,AGT0043,Pahang
POL0002325,PTP000613,Fire Takaful,General,False,2023-06-22,2028-06-20,5,Semi-Annual,593.58,Active,AGT0025,Sarawak
POL0002326,PTP002331,Family Takaful - Retirement,Family,True,2026-05-31,2046-05-26,20,Semi-Annual,1777.4,Matured,AGT0043,Selangor
POL0002327,PTP002011,Family Takaful - Life Protection,Family,True,2023-07-02,2033-06-29,10,Annual,87.06,Lapsed,AGT0084,Pahang
POL0002328,PTP002951,Motor Takaful,General,False,2021-07-01,2031-06-29,10,Quarterly,1574.75,Active,AGT0075,Kuala Lumpur
POL0002329,PTP001950,Personal Accident Takaful,General,False,2022-10-15,2042-10-10,20,Semi-Annual,789.13,Lapsed,AGT0134,Putrajaya
POL0002330,PTP000737,Motor Takaful,General,False,2023-02-15,2038-02-11,15,Annual,95.43,Matured,AGT0041,Terengganu
POL0002331,PTP002076,Medical & Health Takaful,Family,False,2023-06-11,2038-06-07,15,Monthly,87.97,Active,AGT0138,Perak
POL0002332,PTP002771,Family Takaful - Life Protection,Family,True,2025-09-09,2030-09-08,5,Monthly,1523.68,Cancelled,AGT0118,Terengganu
POL0002333,PTP000083,Family Takaful - Education,Family,True,2021-12-12,2031-12-10,10,Quarterly,436.03,Active,AGT0116,Selangor
POL0002334,PTP000881,Personal Accident Takaful,General,False,2024-05-16,2025-05-16,1,Semi-Annual,1667.39,Matured,AGT0114,Labuan
POL0002335,PTP001383,Personal Accident Takaful,General,False,2025-04-05,2045-03-31,20,Annual,1043.18,Active,AGT0125,Penang
POL0002336,PTP000969,Medical & Health Takaful,Family,False,2026-04-20,2027-04-20,1,Semi-Annual,1073.78,Active,AGT0048,Penang
POL0002337,PTP000721,Fire Takaful,General,False,2022-09-07,2027-09-06,5,Annual,1969.68,Lapsed,AGT0085,Putrajaya
POL0002338,PTP002818,Fire Takaful,General,False,2025-01-29,2030-01-28,5,Annual,1530.96,Lapsed,AGT0100,Melaka
POL0002339,PTP001181,Family Takaful - Retirement,Family,True,2022-04-12,2027-04-11,5,Annual,1271.21,Active,AGT0044,Perak
POL0002340,PTP000050,Motor Takaful,General,False,2023-04-22,2033-04-19,10,Semi-Annual,1554.64,Active,AGT0034,Kelantan
POL0002341,PTP000500,Family Takaful - Life Protection,Family,True,2021-08-21,2036-08-17,15,Annual,196.58,Active,AGT0111,Sarawak
POL0002342,PTP002479,Motor Takaful,General,False,2023-12-14,2033-12-11,10,Annual,194.77,Active,AGT0136,Sarawak
POL0002343,PTP002125,Fire Takaful,General,False,2022-09-15,2042-09-10,20,Annual,324.73,Active,AGT0150,Kelantan
POL0002344,PTP000061,Family Takaful - Retirement,Family,True,2023-01-30,2038-01-26,15,Annual,1038.35,Lapsed,AGT0028,Kuala Lumpur
POL0002345,PTP001006,Medical & Health Takaful,Family,False,2023-02-20,2024-02-20,1,Semi-Annual,752.57,Active,AGT0107,Sabah
POL0002346,PTP001295,Fire Takaful,General,False,2021-05-22,2041-05-17,20,Semi-Annual,797.47,Active,AGT0055,Pahang
POL0002347,PTP000689,Motor Takaful,General,False,2021-01-07,2041-01-02,20,Annual,1784.69,Lapsed,AGT0135,Penang
POL0002348,PTP000376,Family Takaful - Education,Family,True,2026-03-01,2027-03-01,1,Quarterly,600.57,Matured,AGT0053,Kelantan
POL0002349,PTP000106,Family Takaful - Life Protection,Family,True,2025-08-23,2045-08-18,20,Semi-Annual,107.22,Cancelled,AGT0130,Negeri Sembilan
POL0002350,PTP001070,Personal Accident Takaful,General,False,2024-01-20,2029-01-18,5,Annual,1614.33,Active,AGT0029,Sarawak
POL0002351,PTP000712,Medical & Health Takaful,Family,False,2026-07-18,2041-07-14,15,Quarterly,1714.67,Matured,AGT0058,Penang
POL0002352,PTP002930,Motor Takaful,General,False,2021-11-07,2041-11-02,20,Semi-Annual,156.9,Active,AGT0077,Kedah
POL0002353,PTP000192,Personal Accident Takaful,General,False,2026-04-05,2046-03-31,20,Semi-Annual,1938.7,Cancelled,AGT0097,Melaka
POL0002354,PTP000724,Family Takaful - Education,Family,True,2022-05-13,2042-05-08,20,Monthly,1530.52,Active,AGT0135,Labuan
POL0002355,PTP001144,Medical & Health Takaful,Family,False,2022-11-12,2042-11-07,20,Quarterly,228.42,Active,AGT0041,Kelantan
POL0002356,PTP001462,Motor Takaful,General,False,2025-12-11,2035-12-09,10,Quarterly,805.91,Active,AGT0055,Johor
POL0002357,PTP000545,Family Takaful - Education,Family,True,2026-06-28,2046-06-23,20,Monthly,270.99,Active,AGT0063,Perak
POL0002358,PTP002024,Personal Accident Takaful,General,False,2024-07-13,2044-07-08,20,Monthly,1111.67,Matured,AGT0137,Pahang
POL0002359,PTP002503,Personal Accident Takaful,General,False,2022-11-15,2023-11-15,1,Monthly,858.28,Matured,AGT0030,Kelantan
POL0002360,PTP001410,Family Takaful - Life Protection,Family,True,2026-02-01,2031-01-31,5,Monthly,1759.79,Active,AGT0146,Johor
POL0002361,PTP000040,Motor Takaful,General,False,2024-11-10,2029-11-09,5,Monthly,238.88,Active,AGT0018,Putrajaya
POL0002362,PTP002466,Fire Takaful,General,False,2023-01-11,2033-01-08,10,Annual,175.65,Matured,AGT0044,Perak
POL0002363,PTP000799,Motor Takaful,General,False,2021-03-15,2022-03-15,1,Annual,469.89,Cancelled,AGT0046,Selangor
POL0002364,PTP002318,Fire Takaful,General,False,2022-01-08,2042-01-03,20,Monthly,657.89,Matured,AGT0071,Kelantan
POL0002365,PTP002524,Medical & Health Takaful,Family,False,2021-12-04,2026-12-03,5,Monthly,1641.12,Matured,AGT0127,Perak
POL0002366,PTP002011,Family Takaful - Life Protection,Family,True,2021-05-29,2031-05-27,10,Monthly,760.7,Active,AGT0053,Terengganu
POL0002367,PTP000937,Family Takaful - Life Protection,Family,True,2023-04-28,2033-04-25,10,Annual,103.08,Lapsed,AGT0108,Perak
POL0002368,PTP001334,Family Takaful - Education,Family,True,2021-05-27,2031-05-25,10,Semi-Annual,1694.01,Active,AGT0031,Labuan
POL0002369,PTP001001,Family Takaful - Education,Family,True,2025-01-27,2026-01-27,1,Semi-Annual,1629.77,Active,AGT0057,Perak
POL0002370,PTP000121,Motor Takaful,General,False,2025-06-10,2040-06-06,15,Quarterly,445.88,Active,AGT0001,Labuan
POL0002371,PTP001268,Family Takaful - Education,Family,True,2023-04-06,2033-04-03,10,Annual,1155.77,Active,AGT0062,Kedah
POL0002372,PTP002308,Family Takaful - Education,Family,True,2023-06-30,2038-06-26,15,Semi-Annual,489.31,Active,AGT0052,Kedah
POL0002373,PTP002479,Family Takaful - Education,Family,True,2024-08-04,2044-07-30,20,Monthly,87.89,Active,AGT0142,Negeri Sembilan
POL0002374,PTP000418,Medical & Health Takaful,Family,False,2022-08-04,2037-07-31,15,Monthly,1001.88,Active,AGT0080,Perlis
POL0002375,PTP002128,Family Takaful - Life Protection,Family,True,2022-05-12,2032-05-09,10,Monthly,813.09,Cancelled,AGT0005,Kedah
POL0002376,PTP002366,Family Takaful - Retirement,Family,True,2025-02-25,2035-02-23,10,Semi-Annual,1046.2,Active,AGT0074,Sabah
POL0002377,PTP000241,Family Takaful - Education,Family,True,2022-03-09,2042-03-04,20,Quarterly,91.45,Active,AGT0025,Kelantan
POL0002378,PTP001426,Family Takaful - Education,Family,True,2021-01-29,2036-01-26,15,Monthly,1501.05,Matured,AGT0090,Kuala Lumpur
POL0002379,PTP001870,Family Takaful - Retirement,Family,True,2022-05-07,2042-05-02,20,Annual,1853.73,Lapsed,AGT0119,Labuan
POL0002380,PTP002597,Family Takaful - Retirement,Family,True,2021-03-27,2031-03-25,10,Annual,832.42,Active,AGT0038,Negeri Sembilan
POL0002381,PTP000804,Fire Takaful,General,False,2025-11-02,2035-10-31,10,Annual,878.7,Lapsed,AGT0043,Selangor
POL0002382,PTP000583,Family Takaful - Education,Family,True,2023-11-20,2043-11-15,20,Monthly,1959.21,Matured,AGT0059,Kelantan
POL0002383,PTP002760,Family Takaful - Retirement,Family,True,2023-07-21,2033-07-18,10,Semi-Annual,1001.38,Active,AGT0075,Perak
POL0002384,PTP002960,Fire Takaful,General,False,2026-04-06,2027-04-06,1,Annual,1388.14,Matured,AGT0087,Sarawak
POL0002385,PTP000264,Personal Accident Takaful,General,False,2024-04-29,2034-04-27,10,Semi-Annual,1181.91,Active,AGT0144,Kuala Lumpur
POL0002386,PTP000204,Family Takaful - Life Protection,Family,True,2021-03-17,2036-03-13,15,Semi-Annual,1451.85,Active,AGT0051,Pahang
POL0002387,PTP001740,Family Takaful - Retirement,Family,True,2022-07-08,2037-07-04,15,Semi-Annual,1391.46,Active,AGT0024,Kuala Lumpur
POL0002388,PTP002500,Family Takaful - Education,Family,True,2022-10-16,2032-10-13,10,Monthly,680.63,Active,AGT0111,Negeri Sembilan
POL0002389,PTP001811,Family Takaful - Education,Family,True,2022-09-10,2027-09-09,5,Annual,865.77,Active,AGT0126,Kuala Lumpur
POL0002390,PTP001753,Family Takaful - Education,Family,True,2022-11-17,2027-11-16,5,Semi-Annual,757.86,Active,AGT0052,Penang
POL0002391,PTP000771,Family Takaful - Retirement,Family,True,2022-01-18,2037-01-14,15,Quarterly,871.46,Active,AGT0148,Terengganu
POL0002392,PTP001226,Family Takaful - Education,Family,True,2026-07-08,2036-07-05,10,Monthly,568.51,Active,AGT0064,Putrajaya
POL0002393,PTP002516,Family Takaful - Education,Family,True,2024-12-08,2044-12-03,20,Quarterly,572.92,Active,AGT0115,Sarawak
POL0002394,PTP002514,Family Takaful - Life Protection,Family,True,2023-05-16,2043-05-11,20,Monthly,1498.65,Active,AGT0140,Sabah
POL0002395,PTP002397,Medical & Health Takaful,Family,False,2024-12-20,2039-12-17,15,Quarterly,1906.84,Lapsed,AGT0098,Negeri Sembilan
POL0002396,PTP001583,Family Takaful - Retirement,Family,True,2025-08-02,2040-07-29,15,Annual,783.25,Active,AGT0092,Kelantan
POL0002397,PTP000695,Family Takaful - Retirement,Family,True,2021-07-15,2041-07-10,20,Semi-Annual,559.89,Active,AGT0020,Negeri Sembilan
POL0002398,PTP001016,Personal Accident Takaful,General,False,2022-09-28,2032-09-25,10,Monthly,963.59,Matured,AGT0149,Sabah
POL0002399,PTP002108,Medical & Health Takaful,Family,False,2022-05-06,2023-05-06,1,Semi-Annual,331.3,Active,AGT0028,Melaka
POL0002400,PTP000977,Motor Takaful,General,False,2022-09-20,2032-09-17,10,Quarterly,1382.78,Active,AGT0048,Perlis
POL0002401,PTP001382,Personal Accident Takaful,General,False,2022-04-28,2042-04-23,20,Monthly,1536.98,Matured,AGT0145,Kuala Lumpur
POL0002402,PTP001430,Family Takaful - Life Protection,Family,True,2023-04-21,2043-04-16,20,Monthly,1554.17,Matured,AGT0087,Sarawak
POL0002403,PTP000062,Medical & Health Takaful,Family,False,2026-06-26,2031-06-25,5,Quarterly,1784.64,Lapsed,AGT0059,Negeri Sembilan
POL0002404,PTP000077,Family Takaful - Education,Family,True,2025-10-31,2040-10-27,15,Annual,954.64,Active,AGT0017,Johor
POL0002405,PTP000072,Family Takaful - Retirement,Family,True,2021-02-22,2036-02-19,15,Annual,1768.24,Active,AGT0091,Labuan
POL0002406,PTP001202,Personal Accident Takaful,General,False,2024-06-09,2034-06-07,10,Semi-Annual,1875.6,Active,AGT0112,Johor
POL0002407,PTP001268,Family Takaful - Life Protection,Family,True,2026-02-06,2041-02-02,15,Semi-Annual,968.11,Active,AGT0082,Terengganu
POL0002408,PTP001693,Medical & Health Takaful,Family,False,2025-10-06,2045-10-01,20,Annual,663.2,Active,AGT0145,Kelantan
POL0002409,PTP000738,Fire Takaful,General,False,2025-08-03,2030-08-02,5,Annual,369.93,Active,AGT0068,Kedah
POL0002410,PTP002004,Personal Accident Takaful,General,False,2021-06-25,2026-06-24,5,Monthly,1368.96,Active,AGT0011,Pahang
POL0002411,PTP001676,Medical & Health Takaful,Family,False,2024-08-08,2025-08-08,1,Semi-Annual,1851.64,Active,AGT0060,Negeri Sembilan
POL0002412,PTP000784,Family Takaful - Education,Family,True,2026-01-11,2041-01-07,15,Quarterly,1060.81,Active,AGT0148,Putrajaya
POL0002413,PTP001576,Personal Accident Takaful,General,False,2021-12-18,2036-12-14,15,Semi-Annual,115.12,Lapsed,AGT0023,Johor
POL0002414,PTP001929,Personal Accident Takaful,General,False,2021-01-31,2026-01-30,5,Quarterly,1377.38,Matured,AGT0110,Kedah
POL0002415,PTP001809,Family Takaful - Retirement,Family,True,2023-05-31,2038-05-27,15,Monthly,536.3,Active,AGT0020,Melaka
POL0002416,PTP000790,Family Takaful - Retirement,Family,True,2021-11-04,2026-11-03,5,Annual,721.69,Lapsed,AGT0112,Perak
POL0002417,PTP001696,Family Takaful - Education,Family,True,2021-09-25,2022-09-25,1,Semi-Annual,1493.87,Active,AGT0044,Selangor
POL0002418,PTP001824,Family Takaful - Life Protection,Family,True,2023-11-12,2038-11-08,15,Quarterly,1100.42,Lapsed,AGT0080,Johor
POL0002419,PTP001150,Personal Accident Takaful,General,False,2024-08-18,2034-08-16,10,Annual,1597.33,Matured,AGT0116,Sarawak
POL0002420,PTP000264,Fire Takaful,General,False,2022-02-05,2037-02-01,15,Semi-Annual,1048.12,Active,AGT0104,Kelantan
POL0002421,PTP000948,Medical & Health Takaful,Family,False,2021-03-19,2022-03-19,1,Semi-Annual,1113.6,Active,AGT0050,Kuala Lumpur
POL0002422,PTP000511,Family Takaful - Retirement,Family,True,2025-02-07,2040-02-04,15,Monthly,1038.85,Active,AGT0111,Selangor
POL0002423,PTP002127,Motor Takaful,General,False,2021-07-13,2031-07-11,10,Monthly,1799.28,Lapsed,AGT0034,Negeri Sembilan
POL0002424,PTP001165,Medical & Health Takaful,Family,False,2023-01-27,2043-01-22,20,Quarterly,1077.37,Active,AGT0120,Sarawak
POL0002425,PTP001075,Fire Takaful,General,False,2025-03-27,2026-03-27,1,Annual,1858.64,Active,AGT0112,Sarawak
POL0002426,PTP000321,Family Takaful - Retirement,Family,True,2023-03-11,2024-03-10,1,Quarterly,1056.74,Active,AGT0035,Perak
POL0002427,PTP002415,Fire Takaful,General,False,2023-04-06,2043-04-01,20,Monthly,1501.63,Active,AGT0002,Kedah
POL0002428,PTP000014,Personal Accident Takaful,General,False,2023-07-31,2033-07-28,10,Monthly,1156.99,Active,AGT0126,Perlis
POL0002429,PTP001045,Motor Takaful,General,False,2023-01-28,2038-01-24,15,Annual,435.3,Active,AGT0025,Sarawak
POL0002430,PTP000958,Fire Takaful,General,False,2026-04-30,2031-04-29,5,Quarterly,1781.7,Active,AGT0143,Johor
POL0002431,PTP002287,Family Takaful - Education,Family,True,2025-01-30,2035-01-28,10,Quarterly,1801.24,Active,AGT0129,Kedah
POL0002432,PTP000140,Family Takaful - Life Protection,Family,True,2021-12-28,2026-12-27,5,Monthly,825.17,Active,AGT0062,Kedah
POL0002433,PTP002063,Family Takaful - Retirement,Family,True,2021-10-25,2036-10-21,15,Annual,1530.49,Active,AGT0040,Labuan
POL0002434,PTP001269,Motor Takaful,General,False,2021-02-28,2036-02-25,15,Semi-Annual,361.74,Active,AGT0019,Selangor
POL0002435,PTP001387,Fire Takaful,General,False,2021-05-05,2026-05-04,5,Annual,1195.94,Active,AGT0020,Sabah
POL0002436,PTP002176,Motor Takaful,General,False,2023-09-24,2038-09-20,15,Quarterly,1238.69,Active,AGT0139,Pahang
POL0002437,PTP002598,Motor Takaful,General,False,2023-07-04,2024-07-03,1,Quarterly,1565.33,Cancelled,AGT0048,Putrajaya
POL0002438,PTP002648,Motor Takaful,General,False,2022-01-30,2032-01-28,10,Semi-Annual,880.11,Active,AGT0082,Kedah
POL0002439,PTP001728,Motor Takaful,General,False,2022-09-01,2027-08-31,5,Quarterly,1895.52,Active,AGT0043,Negeri Sembilan
POL0002440,PTP002096,Medical & Health Takaful,Family,False,2022-02-11,2023-02-11,1,Quarterly,714.29,Active,AGT0014,Kelantan
POL0002441,PTP002042,Motor Takaful,General,False,2021-05-01,2022-05-01,1,Semi-Annual,1374.39,Active,AGT0010,Penang
POL0002442,PTP001135,Fire Takaful,General,False,2021-11-14,2026-11-13,5,Monthly,1144.65,Active,AGT0113,Johor
POL0002443,PTP000650,Family Takaful - Education,Family,True,2023-04-06,2038-04-02,15,Annual,299.91,Active,AGT0085,Kelantan
POL0002444,PTP000762,Family Takaful - Life Protection,Family,True,2026-01-12,2046-01-07,20,Annual,1310.75,Lapsed,AGT0123,Kedah
POL0002445,PTP000533,Personal Accident Takaful,General,False,2026-01-26,2041-01-22,15,Monthly,1939.28,Lapsed,AGT0049,Pahang
POL0002446,PTP002624,Family Takaful - Education,Family,True,2023-09-11,2038-09-07,15,Monthly,1136.8,Active,AGT0122,Negeri Sembilan
POL0002447,PTP000305,Fire Takaful,General,False,2025-08-19,2045-08-14,20,Quarterly,1120.12,Cancelled,AGT0107,Kelantan
POL0002448,PTP002902,Family Takaful - Life Protection,Family,True,2023-10-08,2038-10-04,15,Semi-Annual,1495.61,Active,AGT0022,Melaka
POL0002449,PTP001449,Family Takaful - Life Protection,Family,True,2024-11-04,2039-11-01,15,Annual,933.13,Matured,AGT0093,Perak
POL0002450,PTP002819,Motor Takaful,General,False,2024-02-07,2034-02-04,10,Annual,1034.95,Active,AGT0132,Sarawak
POL0002451,PTP001802,Family Takaful - Retirement,Family,True,2024-07-02,2044-06-27,20,Quarterly,1758.54,Active,AGT0097,Kuala Lumpur
POL0002452,PTP001156,Family Takaful - Life Protection,Family,True,2024-01-06,2034-01-03,10,Quarterly,682.57,Active,AGT0100,Labuan
POL0002453,PTP002624,Family Takaful - Education,Family,True,2022-09-29,2023-09-29,1,Quarterly,1972.88,Active,AGT0143,Penang
POL0002454,PTP001631,Personal Accident Takaful,General,False,2022-03-21,2023-03-21,1,Annual,1926.94,Lapsed,AGT0054,Sabah
POL0002455,PTP002413,Family Takaful - Retirement,Family,True,2021-01-11,2026-01-10,5,Monthly,1676.37,Active,AGT0126,Melaka
POL0002456,PTP000369,Fire Takaful,General,False,2022-10-05,2037-10-01,15,Monthly,1241.34,Active,AGT0097,Pahang
POL0002457,PTP001307,Personal Accident Takaful,General,False,2022-05-08,2023-05-08,1,Monthly,1071.82,Active,AGT0119,Selangor
POL0002458,PTP002032,Personal Accident Takaful,General,False,2023-04-28,2043-04-23,20,Monthly,1591.87,Active,AGT0078,Kuala Lumpur
POL0002459,PTP000682,Fire Takaful,General,False,2026-04-14,2036-04-11,10,Quarterly,1196.7,Active,AGT0011,Penang
POL0002460,PTP001653,Family Takaful - Retirement,Family,True,2026-01-11,2036-01-09,10,Annual,761.53,Active,AGT0097,Sarawak
POL0002461,PTP002600,Family Takaful - Life Protection,Family,True,2021-10-19,2022-10-19,1,Annual,1386.7,Active,AGT0001,Pahang
POL0002462,PTP001616,Family Takaful - Education,Family,True,2024-10-13,2034-10-11,10,Semi-Annual,983.75,Active,AGT0147,Kelantan
POL0002463,PTP000028,Personal Accident Takaful,General,False,2021-04-28,2036-04-24,15,Monthly,1859.81,Active,AGT0018,Pahang
POL0002464,PTP000794,Family Takaful - Education,Family,True,2025-12-10,2040-12-06,15,Quarterly,841.46,Active,AGT0096,Kelantan
POL0002465,PTP002461,Medical & Health Takaful,Family,False,2022-01-10,2042-01-05,20,Quarterly,215.01,Active,AGT0100,Putrajaya
POL0002466,PTP001345,Medical & Health Takaful,Family,False,2024-09-23,2034-09-21,10,Monthly,562.57,Active,AGT0049,Melaka
POL0002467,PTP000740,Medical & Health Takaful,Family,False,2021-03-29,2031-03-27,10,Quarterly,428.99,Lapsed,AGT0080,Perlis
POL0002468,PTP002411,Medical & Health Takaful,Family,False,2025-03-25,2026-03-25,1,Monthly,1116.13,Active,AGT0082,Kuala Lumpur
POL0002469,PTP001182,Family Takaful - Education,Family,True,2024-03-30,2025-03-30,1,Quarterly,426.28,Matured,AGT0135,Putrajaya
POL0002470,PTP001066,Family Takaful - Retirement,Family,True,2022-03-08,2027-03-07,5,Annual,1613.89,Active,AGT0145,Kedah
POL0002471,PTP001844,Motor Takaful,General,False,2021-08-20,2026-08-19,5,Quarterly,358.42,Matured,AGT0075,Negeri Sembilan
POL0002472,PTP000883,Family Takaful - Education,Family,True,2022-10-31,2023-10-31,1,Semi-Annual,1592.61,Cancelled,AGT0083,Pahang
POL0002473,PTP001801,Motor Takaful,General,False,2021-05-06,2022-05-06,1,Semi-Annual,977.15,Active,AGT0143,Labuan
POL0002474,PTP000538,Family Takaful - Life Protection,Family,True,2021-08-24,2036-08-20,15,Annual,1299.24,Active,AGT0135,Sarawak
POL0002475,PTP001811,Fire Takaful,General,False,2021-10-29,2031-10-27,10,Monthly,262.86,Active,AGT0061,Kelantan
POL0002476,PTP001990,Medical & Health Takaful,Family,False,2026-06-03,2041-05-30,15,Semi-Annual,1993.7,Lapsed,AGT0052,Perak
POL0002477,PTP002948,Family Takaful - Life Protection,Family,True,2024-01-17,2044-01-12,20,Quarterly,796.91,Active,AGT0108,Labuan
POL0002478,PTP001285,Family Takaful - Retirement,Family,True,2026-01-24,2046-01-19,20,Quarterly,1964.52,Active,AGT0079,Pahang
POL0002479,PTP001082,Fire Takaful,General,False,2021-04-08,2026-04-07,5,Semi-Annual,1099.28,Matured,AGT0053,Perak
POL0002480,PTP001545,Personal Accident Takaful,General,False,2026-01-05,2041-01-01,15,Monthly,1164.28,Active,AGT0100,Kelantan
POL0002481,PTP001995,Family Takaful - Retirement,Family,True,2025-10-13,2045-10-08,20,Annual,1228.45,Active,AGT0003,Labuan
POL0002482,PTP002123,Medical & Health Takaful,Family,False,2023-08-09,2043-08-04,20,Semi-Annual,1830.18,Active,AGT0062,Pahang
POL0002483,PTP002393,Family Takaful - Education,Family,True,2024-03-14,2044-03-09,20,Semi-Annual,153.23,Lapsed,AGT0067,Putrajaya
POL0002484,PTP001143,Family Takaful - Life Protection,Family,True,2026-02-20,2027-02-20,1,Semi-Annual,932.83,Active,AGT0088,Perak
POL0002485,PTP001968,Motor Takaful,General,False,2025-08-15,2026-08-15,1,Semi-Annual,168.78,Active,AGT0042,Labuan
POL0002486,PTP001136,Family Takaful - Education,Family,True,2026-02-13,2036-02-11,10,Quarterly,1961.28,Active,AGT0065,Kelantan
POL0002487,PTP000030,Family Takaful - Life Protection,Family,True,2026-01-13,2046-01-08,20,Monthly,378.26,Active,AGT0106,Johor
POL0002488,PTP002769,Family Takaful - Education,Family,True,2025-03-05,2045-02-28,20,Annual,1014.87,Active,AGT0121,Terengganu
POL0002489,PTP000121,Family Takaful - Education,Family,True,2023-02-23,2043-02-18,20,Quarterly,1325.39,Lapsed,AGT0045,Pahang
POL0002490,PTP001613,Medical & Health Takaful,Family,False,2026-05-13,2036-05-10,10,Annual,1557.74,Lapsed,AGT0024,Labuan
POL0002491,PTP001976,Family Takaful - Education,Family,True,2025-07-10,2030-07-09,5,Annual,842.35,Lapsed,AGT0136,Perlis
POL0002492,PTP000287,Medical & Health Takaful,Family,False,2023-08-11,2028-08-09,5,Annual,1542.93,Active,AGT0137,Johor
POL0002493,PTP000991,Family Takaful - Education,Family,True,2023-03-22,2028-03-20,5,Annual,1501.23,Active,AGT0133,Perlis
POL0002494,PTP001242,Family Takaful - Education,Family,True,2023-11-02,2038-10-29,15,Semi-Annual,823.19,Active,AGT0116,Selangor
POL0002495,PTP001282,Family Takaful - Life Protection,Family,True,2025-06-03,2035-06-01,10,Quarterly,574.6,Lapsed,AGT0145,Pahang
POL0002496,PTP001177,Family Takaful - Education,Family,True,2022-06-25,2023-06-25,1,Annual,1322.87,Active,AGT0139,Kuala Lumpur
POL0002497,PTP000313,Fire Takaful,General,False,2022-12-25,2042-12-20,20,Semi-Annual,1250.7,Matured,AGT0042,Selangor
POL0002498,PTP000097,Personal Accident Takaful,General,False,2022-10-30,2023-10-30,1,Annual,742.93,Active,AGT0074,Terengganu
POL0002499,PTP001636,Motor Takaful,General,False,2025-10-13,2045-10-08,20,Monthly,866.59,Active,AGT0021,Sabah
POL0002500,PTP000895,Family Takaful - Life Protection,Family,True,2022-01-02,2031-12-31,10,Semi-Annual,309.41,Active,AGT0070,Johor
POL0002501,PTP001284,Fire Takaful,General,False,2026-02-12,2036-02-10,10,Semi-Annual,1052.36,Active,AGT0038,Putrajaya
POL0002502,PTP001734,Motor Takaful,General,False,2025-09-06,2026-09-06,1,Quarterly,1320.72,Active,AGT0147,Sarawak
POL0002503,PTP000990,Family Takaful - Life Protection,Family,True,2023-09-07,2033-09-04,10,Semi-Annual,899.98,Matured,AGT0006,Penang
POL0002504,PTP002259,Family Takaful - Retirement,Family,True,2023-11-17,2033-11-14,10,Annual,923.11,Active,AGT0045,Terengganu
POL0002505,PTP000218,Fire Takaful,General,False,2025-08-25,2035-08-23,10,Quarterly,177.39,Active,AGT0079,Penang
POL0002506,PTP002607,Fire Takaful,General,False,2026-06-18,2031-06-17,5,Annual,1353.31,Active,AGT0036,Sarawak
POL0002507,PTP001048,Fire Takaful,General,False,2025-10-20,2035-10-18,10,Semi-Annual,1417.22,Active,AGT0017,Perak
POL0002508,PTP002700,Personal Accident Takaful,General,False,2021-09-10,2026-09-09,5,Semi-Annual,1533.65,Lapsed,AGT0106,Putrajaya
POL0002509,PTP002767,Family Takaful - Life Protection,Family,True,2025-11-20,2035-11-18,10,Monthly,640.29,Active,AGT0132,Sabah
POL0002510,PTP002890,Motor Takaful,General,False,2022-04-15,2032-04-12,10,Semi-Annual,1375.31,Cancelled,AGT0087,Melaka
POL0002511,PTP000738,Family Takaful - Retirement,Family,True,2025-10-27,2030-10-26,5,Annual,1667.33,Lapsed,AGT0001,Labuan
POL0002512,PTP002841,Motor Takaful,General,False,2021-12-13,2026-12-12,5,Semi-Annual,1575.23,Cancelled,AGT0117,Pahang
POL0002513,PTP000299,Family Takaful - Life Protection,Family,True,2023-11-20,2024-11-19,1,Semi-Annual,953.24,Active,AGT0129,Pahang
POL0002514,PTP000076,Family Takaful - Retirement,Family,True,2022-07-22,2032-07-19,10,Semi-Annual,150.99,Active,AGT0081,Melaka
POL0002515,PTP001711,Fire Takaful,General,False,2024-12-10,2025-12-10,1,Annual,305.72,Active,AGT0111,Johor
POL0002516,PTP000393,Motor Takaful,General,False,2024-11-29,2044-11-24,20,Annual,935.95,Active,AGT0062,Selangor
POL0002517,PTP000951,Family Takaful - Education,Family,True,2024-07-16,2044-07-11,20,Semi-Annual,582.1,Active,AGT0065,Melaka
POL0002518,PTP000524,Motor Takaful,General,False,2021-03-09,2031-03-07,10,Monthly,545.64,Active,AGT0043,Sarawak
POL0002519,PTP000441,Motor Takaful,General,False,2024-12-24,2025-12-24,1,Annual,1913.88,Active,AGT0088,Sarawak
POL0002520,PTP002384,Family Takaful - Education,Family,True,2021-06-05,2026-06-04,5,Quarterly,1530.06,Matured,AGT0041,Kelantan
POL0002521,PTP000583,Family Takaful - Education,Family,True,2024-09-17,2034-09-15,10,Semi-Annual,1549.5,Lapsed,AGT0098,Perak
POL0002522,PTP002069,Family Takaful - Retirement,Family,True,2026-08-02,2036-07-30,10,Semi-Annual,799.9,Lapsed,AGT0114,Kedah
POL0002523,PTP000940,Motor Takaful,General,False,2023-09-23,2043-09-18,20,Semi-Annual,1181.88,Active,AGT0008,Terengganu
POL0002524,PTP000326,Motor Takaful,General,False,2024-12-18,2039-12-15,15,Quarterly,1116.54,Lapsed,AGT0136,Selangor
POL0002525,PTP002781,Personal Accident Takaful,General,False,2024-10-25,2039-10-22,15,Quarterly,401.21,Active,AGT0133,Sarawak
POL0002526,PTP000050,Fire Takaful,General,False,2021-10-19,2041-10-14,20,Annual,1224.89,Lapsed,AGT0134,Negeri Sembilan
POL0002527,PTP001656,Personal Accident Takaful,General,False,2021-03-14,2036-03-10,15,Semi-Annual,1519.69,Matured,AGT0041,Pahang
POL0002528,PTP002781,Fire Takaful,General,False,2025-03-25,2040-03-21,15,Quarterly,56.91,Matured,AGT0115,Johor
POL0002529,PTP002189,Personal Accident Takaful,General,False,2026-01-06,2036-01-04,10,Semi-Annual,1064.79,Active,AGT0149,Kuala Lumpur
POL0002530,PTP002722,Family Takaful - Life Protection,Family,True,2021-05-22,2036-05-18,15,Quarterly,715.73,Active,AGT0103,Kuala Lumpur
POL0002531,PTP001896,Family Takaful - Retirement,Family,True,2023-05-03,2043-04-28,20,Annual,90.7,Lapsed,AGT0137,Melaka
POL0002532,PTP001967,Medical & Health Takaful,Family,False,2023-02-18,2043-02-13,20,Quarterly,377.11,Active,AGT0066,Melaka
POL0002533,PTP000054,Fire Takaful,General,False,2026-05-11,2031-05-10,5,Annual,1289.13,Active,AGT0139,Selangor
POL0002534,PTP000495,Family Takaful - Education,Family,True,2023-01-11,2024-01-11,1,Annual,1526.72,Active,AGT0047,Penang
POL0002535,PTP001618,Motor Takaful,General,False,2023-11-01,2028-10-30,5,Monthly,1791.75,Cancelled,AGT0101,Perlis
POL0002536,PTP002713,Medical & Health Takaful,Family,False,2024-01-30,2039-01-26,15,Monthly,179.25,Active,AGT0147,Kedah
POL0002537,PTP001420,Family Takaful - Life Protection,Family,True,2025-12-20,2035-12-18,10,Quarterly,869.59,Cancelled,AGT0007,Kedah
POL0002538,PTP000436,Fire Takaful,General,False,2023-03-01,2024-02-29,1,Monthly,1320.27,Lapsed,AGT0021,Kedah
POL0002539,PTP000732,Family Takaful - Education,Family,True,2024-09-15,2029-09-14,5,Monthly,1978.88,Active,AGT0127,Negeri Sembilan
POL0002540,PTP000285,Personal Accident Takaful,General,False,2025-04-19,2040-04-15,15,Semi-Annual,1437.12,Active,AGT0010,Kelantan
POL0002541,PTP000100,Personal Accident Takaful,General,False,2024-04-30,2029-04-29,5,Quarterly,1134.63,Active,AGT0126,Perak
POL0002542,PTP000870,Family Takaful - Life Protection,Family,True,2024-05-16,2039-05-13,15,Semi-Annual,1681.71,Cancelled,AGT0122,Johor
POL0002543,PTP000157,Medical & Health Takaful,Family,False,2021-07-17,2036-07-13,15,Annual,169.55,Cancelled,AGT0061,Labuan
POL0002544,PTP001857,Motor Takaful,General,False,2022-11-05,2023-11-05,1,Monthly,548.49,Active,AGT0118,Sabah
POL0002545,PTP002491,Family Takaful - Education,Family,True,2023-11-20,2038-11-16,15,Monthly,1260.27,Lapsed,AGT0025,Putrajaya
POL0002546,PTP000250,Fire Takaful,General,False,2024-11-13,2039-11-10,15,Annual,579.28,Lapsed,AGT0139,Terengganu
POL0002547,PTP001862,Personal Accident Takaful,General,False,2025-02-02,2040-01-30,15,Quarterly,1205.5,Lapsed,AGT0058,Kelantan
POL0002548,PTP002575,Medical & Health Takaful,Family,False,2024-08-04,2044-07-30,20,Semi-Annual,1513.2,Lapsed,AGT0022,Selangor
POL0002549,PTP002389,Personal Accident Takaful,General,False,2023-06-10,2038-06-06,15,Annual,1082.04,Active,AGT0056,Kuala Lumpur
POL0002550,PTP002204,Family Takaful - Education,Family,True,2024-03-29,2034-03-27,10,Quarterly,1686.85,Active,AGT0055,Selangor
POL0002551,PTP001081,Motor Takaful,General,False,2022-12-15,2023-12-15,1,Monthly,1585.68,Active,AGT0040,Kelantan
POL0002552,PTP001920,Family Takaful - Retirement,Family,True,2024-10-14,2034-10-12,10,Quarterly,921.01,Lapsed,AGT0112,Negeri Sembilan
POL0002553,PTP002914,Family Takaful - Education,Family,True,2025-10-05,2030-10-04,5,Semi-Annual,1081.56,Active,AGT0121,Perak
POL0002554,PTP002600,Family Takaful - Life Protection,Family,True,2021-08-04,2026-08-03,5,Semi-Annual,1693.24,Active,AGT0023,Labuan
POL0002555,PTP000718,Medical & Health Takaful,Family,False,2023-07-12,2028-07-10,5,Monthly,1737.87,Lapsed,AGT0067,Selangor
POL0002556,PTP002193,Fire Takaful,General,False,2025-10-25,2026-10-25,1,Semi-Annual,259.26,Active,AGT0078,Negeri Sembilan
POL0002557,PTP002876,Family Takaful - Life Protection,Family,True,2021-09-04,2036-08-31,15,Annual,1964.07,Matured,AGT0033,Penang
POL0002558,PTP000410,Family Takaful - Life Protection,Family,True,2025-12-29,2026-12-29,1,Monthly,1419.62,Active,AGT0136,Johor
POL0002559,PTP002702,Personal Accident Takaful,General,False,2026-02-03,2041-01-30,15,Quarterly,1805.59,Matured,AGT0033,Penang
POL0002560,PTP001368,Family Takaful - Life Protection,Family,True,2025-09-10,2040-09-06,15,Annual,443.85,Active,AGT0004,Putrajaya
POL0002561,PTP000027,Medical & Health Takaful,Family,False,2025-08-09,2045-08-04,20,Semi-Annual,1307.32,Active,AGT0079,Johor
POL0002562,PTP001192,Medical & Health Takaful,Family,False,2023-08-22,2033-08-19,10,Semi-Annual,1755.99,Active,AGT0146,Pahang
POL0002563,PTP000785,Fire Takaful,General,False,2026-03-27,2036-03-24,10,Semi-Annual,1955.16,Active,AGT0118,Putrajaya
POL0002564,PTP001556,Motor Takaful,General,False,2026-07-06,2041-07-02,15,Quarterly,1631.92,Active,AGT0147,Terengganu
POL0002565,PTP000363,Medical & Health Takaful,Family,False,2025-04-30,2026-04-30,1,Quarterly,487.88,Cancelled,AGT0064,Labuan
POL0002566,PTP000124,Family Takaful - Education,Family,True,2023-12-22,2024-12-21,1,Semi-Annual,1769.6,Lapsed,AGT0016,Putrajaya
POL0002567,PTP002647,Personal Accident Takaful,General,False,2021-11-11,2031-11-09,10,Monthly,1306.06,Active,AGT0098,Kedah
POL0002568,PTP000577,Family Takaful - Life Protection,Family,True,2021-08-26,2031-08-24,10,Annual,1000.94,Active,AGT0108,Penang
POL0002569,PTP002876,Family Takaful - Education,Family,True,2025-01-20,2045-01-15,20,Semi-Annual,1954.5,Active,AGT0059,Kedah
POL0002570,PTP002069,Personal Accident Takaful,General,False,2024-04-07,2025-04-07,1,Monthly,817.42,Active,AGT0141,Penang
POL0002571,PTP001315,Fire Takaful,General,False,2025-08-01,2040-07-28,15,Quarterly,154.46,Active,AGT0148,Kuala Lumpur
POL0002572,PTP001440,Family Takaful - Education,Family,True,2023-06-02,2033-05-30,10,Semi-Annual,1865.56,Lapsed,AGT0053,Perlis
POL0002573,PTP001023,Family Takaful - Retirement,Family,True,2025-11-18,2045-11-13,20,Annual,169.41,Active,AGT0064,Negeri Sembilan
POL0002574,PTP001996,Family Takaful - Life Protection,Family,True,2024-04-22,2034-04-20,10,Annual,233.49,Active,AGT0037,Johor
POL0002575,PTP002199,Medical & Health Takaful,Family,False,2024-04-03,2029-04-02,5,Annual,90.15,Active,AGT0078,Perak
POL0002576,PTP002469,Fire Takaful,General,False,2023-04-04,2028-04-02,5,Quarterly,812.14,Lapsed,AGT0134,Labuan
POL0002577,PTP000100,Motor Takaful,General,False,2022-12-07,2042-12-02,20,Monthly,1704.64,Active,AGT0044,Kuala Lumpur
POL0002578,PTP002280,Family Takaful - Retirement,Family,True,2024-11-28,2034-11-26,10,Quarterly,1076.12,Active,AGT0113,Labuan
POL0002579,PTP000843,Family Takaful - Life Protection,Family,True,2022-02-23,2027-02-22,5,Monthly,708.36,Active,AGT0144,Putrajaya
POL0002580,PTP001612,Medical & Health Takaful,Family,False,2023-07-03,2033-06-30,10,Monthly,63.69,Active,AGT0065,Melaka
POL0002581,PTP001916,Medical & Health Takaful,Family,False,2024-10-29,2029-10-28,5,Quarterly,1707.07,Active,AGT0103,Pahang
POL0002582,PTP000471,Medical & Health Takaful,Family,False,2022-12-31,2023-12-31,1,Monthly,979.5,Active,AGT0064,Terengganu
POL0002583,PTP002817,Fire Takaful,General,False,2022-08-12,2042-08-07,20,Semi-Annual,629.29,Active,AGT0008,Pahang
POL0002584,PTP000030,Fire Takaful,General,False,2021-04-05,2031-04-03,10,Annual,1620.87,Active,AGT0086,Kuala Lumpur
POL0002585,PTP001986,Medical & Health Takaful,Family,False,2025-09-15,2035-09-13,10,Semi-Annual,1092.63,Active,AGT0140,Kedah
POL0002586,PTP000488,Family Takaful - Life Protection,Family,True,2026-02-12,2041-02-08,15,Quarterly,140.6,Active,AGT0074,Sabah
POL0002587,PTP002610,Personal Accident Takaful,General,False,2022-06-07,2032-06-04,10,Semi-Annual,756.5,Lapsed,AGT0139,Johor
POL0002588,PTP001585,Personal Accident Takaful,General,False,2021-03-05,2026-03-04,5,Quarterly,1765.92,Active,AGT0125,Perlis
POL0002589,PTP002868,Personal Accident Takaful,General,False,2024-12-16,2034-12-14,10,Semi-Annual,844.4,Active,AGT0149,Johor
POL0002590,PTP000134,Fire Takaful,General,False,2022-02-13,2032-02-11,10,Annual,1363.49,Matured,AGT0146,Penang
POL0002591,PTP002578,Family Takaful - Life Protection,Family,True,2023-08-22,2033-08-19,10,Semi-Annual,1063.57,Active,AGT0003,Johor
POL0002592,PTP000552,Medical & Health Takaful,Family,False,2026-04-29,2027-04-29,1,Annual,314.15,Cancelled,AGT0027,Pahang
POL0002593,PTP001578,Fire Takaful,General,False,2024-10-16,2029-10-15,5,Monthly,1663.79,Lapsed,AGT0025,Putrajaya
POL0002594,PTP001155,Family Takaful - Retirement,Family,True,2026-06-20,2046-06-15,20,Semi-Annual,1824.6,Active,AGT0135,Selangor
POL0002595,PTP002692,Family Takaful - Life Protection,Family,True,2021-04-28,2041-04-23,20,Quarterly,1210.45,Active,AGT0012,Kelantan
POL0002596,PTP001071,Personal Accident Takaful,General,False,2022-02-01,2042-01-27,20,Annual,1254.55,Active,AGT0076,Kuala Lumpur
POL0002597,PTP000634,Fire Takaful,General,False,2023-10-01,2038-09-27,15,Semi-Annual,870.52,Active,AGT0107,Pahang
POL0002598,PTP002274,Medical & Health Takaful,Family,False,2022-06-15,2042-06-10,20,Quarterly,77.8,Active,AGT0099,Pahang
POL0002599,PTP001720,Family Takaful - Life Protection,Family,True,2025-08-23,2026-08-23,1,Monthly,1975.72,Active,AGT0140,Selangor
POL0002600,PTP002741,Personal Accident Takaful,General,False,2022-05-08,2042-05-03,20,Monthly,1548.39,Active,AGT0064,Selangor
POL0002601,PTP000002,Family Takaful - Retirement,Family,True,2023-03-11,2038-03-07,15,Annual,1099.25,Matured,AGT0123,Sabah
POL0002602,PTP002968,Fire Takaful,General,False,2022-09-26,2023-09-26,1,Quarterly,1821.28,Active,AGT0019,Kuala Lumpur
POL0002603,PTP002222,Family Takaful - Education,Family,True,2025-10-04,2045-09-29,20,Quarterly,1488.98,Active,AGT0120,Kelantan
POL0002604,PTP002653,Medical & Health Takaful,Family,False,2022-11-17,2023-11-17,1,Monthly,764.24,Active,AGT0018,Kuala Lumpur
POL0002605,PTP001825,Family Takaful - Education,Family,True,2022-06-04,2037-05-31,15,Quarterly,1481.02,Lapsed,AGT0079,Perak
POL0002606,PTP002713,Motor Takaful,General,False,2025-08-02,2030-08-01,5,Quarterly,697.66,Active,AGT0043,Kelantan
POL0002607,PTP000821,Motor Takaful,General,False,2026-06-20,2036-06-17,10,Semi-Annual,1250.74,Active,AGT0014,Perak
POL0002608,PTP000941,Family Takaful - Life Protection,Family,True,2025-01-12,2035-01-10,10,Semi-Annual,1705.9,Active,AGT0039,Kedah
POL0002609,PTP001076,Medical & Health Takaful,Family,False,2023-06-02,2043-05-28,20,Monthly,1641.28,Matured,AGT0021,Selangor
POL0002610,PTP001435,Family Takaful - Retirement,Family,True,2026-06-23,2036-06-20,10,Quarterly,455.51,Active,AGT0023,Melaka
POL0002611,PTP002948,Motor Takaful,General,False,2021-08-22,2041-08-17,20,Annual,630.43,Active,AGT0084,Sabah
POL0002612,PTP002671,Family Takaful - Education,Family,True,2023-02-06,2038-02-02,15,Monthly,1211.81,Active,AGT0068,Penang
POL0002613,PTP000291,Motor Takaful,General,False,2022-05-11,2037-05-07,15,Semi-Annual,1271.35,Active,AGT0133,Negeri Sembilan
POL0002614,PTP002196,Fire Takaful,General,False,2026-06-05,2036-06-02,10,Monthly,1194.46,Lapsed,AGT0148,Sabah
POL0002615,PTP001724,Family Takaful - Life Protection,Family,True,2025-06-18,2035-06-16,10,Monthly,1483.29,Cancelled,AGT0127,Sabah
POL0002616,PTP000088,Personal Accident Takaful,General,False,2021-08-17,2041-08-12,20,Monthly,1293.58,Active,AGT0006,Penang
POL0002617,PTP002335,Medical & Health Takaful,Family,False,2024-03-14,2029-03-13,5,Semi-Annual,1930.62,Active,AGT0038,Perak
POL0002618,PTP001353,Family Takaful - Retirement,Family,True,2025-03-11,2040-03-07,15,Semi-Annual,1025.43,Active,AGT0004,Selangor
POL0002619,PTP000426,Family Takaful - Retirement,Family,True,2022-04-01,2027-03-31,5,Annual,1571.77,Matured,AGT0070,Sabah
POL0002620,PTP001202,Motor Takaful,General,False,2024-03-15,2039-03-12,15,Monthly,1372.85,Active,AGT0089,Johor
POL0002621,PTP002344,Fire Takaful,General,False,2021-06-12,2036-06-08,15,Annual,1797.74,Matured,AGT0079,Melaka
POL0002622,PTP001741,Family Takaful - Education,Family,True,2025-01-12,2040-01-09,15,Quarterly,1393.74,Lapsed,AGT0137,Labuan
POL0002623,PTP001985,Family Takaful - Retirement,Family,True,2026-02-20,2041-02-16,15,Monthly,523.49,Matured,AGT0137,Sarawak
POL0002624,PTP001366,Medical & Health Takaful,Family,False,2022-06-25,2042-06-20,20,Monthly,1226.28,Matured,AGT0015,Kuala Lumpur
POL0002625,PTP002934,Fire Takaful,General,False,2025-09-07,2030-09-06,5,Annual,570.72,Active,AGT0021,Selangor
POL0002626,PTP001082,Personal Accident Takaful,General,False,2022-07-06,2023-07-06,1,Quarterly,1372.02,Active,AGT0081,Labuan
POL0002627,PTP001411,Medical & Health Takaful,Family,False,2023-10-18,2028-10-16,5,Annual,1968.97,Cancelled,AGT0048,Labuan
POL0002628,PTP001549,Family Takaful - Retirement,Family,True,2026-01-15,2036-01-13,10,Semi-Annual,1468.95,Active,AGT0131,Perlis
POL0002629,PTP002284,Family Takaful - Retirement,Family,True,2025-04-23,2045-04-18,20,Annual,752.18,Lapsed,AGT0069,Labuan
POL0002630,PTP002151,Family Takaful - Life Protection,Family,True,2025-06-30,2035-06-28,10,Annual,1755.85,Active,AGT0012,Kuala Lumpur
POL0002631,PTP000221,Family Takaful - Life Protection,Family,True,2024-11-07,2034-11-05,10,Semi-Annual,559.33,Active,AGT0064,Kedah
POL0002632,PTP001171,Medical & Health Takaful,Family,False,2024-12-01,2029-11-30,5,Semi-Annual,1190.68,Active,AGT0002,Negeri Sembilan
POL0002633,PTP000485,Fire Takaful,General,False,2024-06-29,2034-06-27,10,Annual,118.69,Active,AGT0051,Labuan
POL0002634,PTP000166,Medical & Health Takaful,Family,False,2024-10-03,2025-10-03,1,Monthly,1712.86,Active,AGT0031,Sarawak
POL0002635,PTP002191,Fire Takaful,General,False,2025-12-11,2035-12-09,10,Semi-Annual,1327.16,Active,AGT0072,Sabah
POL0002636,PTP000730,Motor Takaful,General,False,2022-02-27,2027-02-26,5,Quarterly,529.99,Active,AGT0118,Putrajaya
POL0002637,PTP002945,Family Takaful - Education,Family,True,2021-11-28,2041-11-23,20,Monthly,61.33,Lapsed,AGT0097,Putrajaya
POL0002638,PTP002856,Personal Accident Takaful,General,False,2026-03-03,2036-02-29,10,Quarterly,1884.63,Active,AGT0068,Selangor
POL0002639,PTP002430,Motor Takaful,General,False,2024-09-21,2044-09-16,20,Monthly,352.74,Cancelled,AGT0058,Perlis
POL0002640,PTP002349,Personal Accident Takaful,General,False,2024-01-17,2039-01-13,15,Quarterly,543.14,Cancelled,AGT0079,Labuan
POL0002641,PTP001600,Fire Takaful,General,False,2023-05-20,2043-05-15,20,Annual,864.93,Active,AGT0024,Labuan
POL0002642,PTP001882,Medical & Health Takaful,Family,False,2024-06-11,2034-06-09,10,Monthly,1070.84,Active,AGT0049,Penang
POL0002643,PTP002533,Medical & Health Takaful,Family,False,2024-07-26,2029-07-25,5,Annual,1464.99,Lapsed,AGT0010,Selangor
POL0002644,PTP001316,Family Takaful - Life Protection,Family,True,2021-09-23,2026-09-22,5,Monthly,1986.02,Active,AGT0126,Negeri Sembilan
POL0002645,PTP000255,Family Takaful - Life Protection,Family,True,2024-05-21,2034-05-19,10,Annual,1261.28,Active,AGT0083,Terengganu
POL0002646,PTP002316,Personal Accident Takaful,General,False,2022-01-21,2027-01-20,5,Monthly,860.73,Active,AGT0127,Kedah
POL0002647,PTP001848,Personal Accident Takaful,General,False,2023-05-09,2024-05-08,1,Quarterly,1573.52,Active,AGT0079,Johor
POL0002648,PTP000701,Fire Takaful,General,False,2023-08-25,2033-08-22,10,Quarterly,689.18,Active,AGT0095,Kuala Lumpur
POL0002649,PTP000742,Family Takaful - Retirement,Family,True,2024-11-24,2034-11-22,10,Monthly,1681.56,Matured,AGT0099,Sabah
POL0002650,PTP002865,Medical & Health Takaful,Family,False,2024-01-11,2029-01-09,5,Semi-Annual,699.24,Active,AGT0132,Perlis
POL0002651,PTP000824,Family Takaful - Life Protection,Family,True,2026-07-24,2027-07-24,1,Monthly,350.02,Active,AGT0009,Perak
POL0002652,PTP002150,Fire Takaful,General,False,2021-11-01,2022-11-01,1,Monthly,1926.47,Lapsed,AGT0125,Kelantan
POL0002653,PTP000952,Personal Accident Takaful,General,False,2024-04-30,2034-04-28,10,Semi-Annual,455.29,Active,AGT0001,Sabah
POL0002654,PTP002661,Fire Takaful,General,False,2025-03-18,2030-03-17,5,Semi-Annual,528.99,Active,AGT0019,Kelantan
POL0002655,PTP002615,Family Takaful - Life Protection,Family,True,2026-07-22,2027-07-22,1,Semi-Annual,1632.48,Active,AGT0093,Penang
POL0002656,PTP001102,Fire Takaful,General,False,2023-07-22,2033-07-19,10,Monthly,1716.2,Active,AGT0051,Kelantan
POL0002657,PTP002079,Family Takaful - Retirement,Family,True,2021-06-28,2031-06-26,10,Semi-Annual,1473.93,Active,AGT0044,Kelantan
POL0002658,PTP000211,Fire Takaful,General,False,2022-08-04,2027-08-03,5,Annual,700.91,Active,AGT0044,Melaka
POL0002659,PTP000146,Family Takaful - Retirement,Family,True,2025-01-15,2030-01-14,5,Annual,138.64,Matured,AGT0030,Kedah
POL0002660,PTP002511,Family Takaful - Education,Family,True,2021-01-18,2031-01-16,10,Quarterly,762.86,Active,AGT0043,Sarawak
POL0002661,PTP001098,Family Takaful - Education,Family,True,2026-07-08,2027-07-08,1,Annual,1516.42,Active,AGT0058,Kedah
POL0002662,PTP001370,Family Takaful - Retirement,Family,True,2025-01-05,2040-01-02,15,Semi-Annual,517.73,Active,AGT0017,Perak
POL0002663,PTP002280,Family Takaful - Retirement,Family,True,2023-05-10,2043-05-05,20,Annual,1149.47,Active,AGT0100,Kuala Lumpur
POL0002664,PTP000180,Personal Accident Takaful,General,False,2024-11-15,2034-11-13,10,Quarterly,1002.25,Lapsed,AGT0052,Selangor
POL0002665,PTP001888,Motor Takaful,General,False,2022-05-31,2037-05-27,15,Monthly,1277.84,Active,AGT0074,Selangor
POL0002666,PTP001246,Family Takaful - Retirement,Family,True,2026-02-11,2036-02-09,10,Annual,101.14,Lapsed,AGT0004,Pahang
POL0002667,PTP001690,Fire Takaful,General,False,2025-05-24,2035-05-22,10,Monthly,1574.45,Active,AGT0083,Kelantan
POL0002668,PTP002420,Medical & Health Takaful,Family,False,2022-06-30,2027-06-29,5,Semi-Annual,443.81,Active,AGT0065,Kedah
POL0002669,PTP000075,Family Takaful - Education,Family,True,2025-06-24,2030-06-23,5,Monthly,1395.89,Matured,AGT0110,Labuan
POL0002670,PTP000413,Fire Takaful,General,False,2023-10-06,2038-10-02,15,Semi-Annual,1529.66,Active,AGT0024,Negeri Sembilan
POL0002671,PTP002944,Family Takaful - Life Protection,Family,True,2021-07-22,2026-07-21,5,Monthly,1117.79,Active,AGT0037,Sarawak
POL0002672,PTP000647,Motor Takaful,General,False,2025-08-12,2026-08-12,1,Quarterly,575.66,Active,AGT0085,Negeri Sembilan
POL0002673,PTP000559,Family Takaful - Life Protection,Family,True,2023-12-07,2043-12-02,20,Semi-Annual,354.59,Active,AGT0039,Kedah
POL0002674,PTP002832,Family Takaful - Life Protection,Family,True,2021-08-17,2022-08-17,1,Quarterly,103.1,Active,AGT0135,Sabah
POL0002675,PTP002231,Fire Takaful,General,False,2022-10-22,2032-10-19,10,Semi-Annual,1341.47,Active,AGT0126,Johor
POL0002676,PTP002926,Family Takaful - Life Protection,Family,True,2024-10-06,2029-10-05,5,Semi-Annual,1529.92,Cancelled,AGT0030,Labuan
POL0002677,PTP001683,Family Takaful - Life Protection,Family,True,2024-02-24,2044-02-19,20,Annual,585.85,Lapsed,AGT0074,Kuala Lumpur
POL0002678,PTP002202,Personal Accident Takaful,General,False,2026-02-04,2041-01-31,15,Semi-Annual,1181.04,Active,AGT0018,Melaka
POL0002679,PTP000015,Motor Takaful,General,False,2023-02-15,2024-02-15,1,Monthly,1301.78,Active,AGT0101,Kedah
POL0002680,PTP000973,Medical & Health Takaful,Family,False,2021-08-13,2026-08-12,5,Quarterly,996.05,Matured,AGT0086,Perlis
POL0002681,PTP001925,Personal Accident Takaful,General,False,2022-11-03,2037-10-30,15,Quarterly,184.28,Active,AGT0038,Negeri Sembilan
POL0002682,PTP001316,Personal Accident Takaful,General,False,2026-04-12,2041-04-08,15,Quarterly,1736.67,Active,AGT0047,Negeri Sembilan
POL0002683,PTP000796,Motor Takaful,General,False,2022-10-02,2023-10-02,1,Quarterly,594.76,Active,AGT0043,Sabah
POL0002684,PTP000658,Motor Takaful,General,False,2023-07-03,2028-07-01,5,Monthly,1067.99,Active,AGT0084,Sabah
POL0002685,PTP002957,Family Takaful - Life Protection,Family,True,2023-06-10,2033-06-07,10,Monthly,1222.71,Active,AGT0125,Selangor
POL0002686,PTP002380,Personal Accident Takaful,General,False,2024-04-08,2025-04-08,1,Monthly,1761.02,Cancelled,AGT0077,Penang
POL0002687,PTP000704,Family Takaful - Retirement,Family,True,2024-10-18,2029-10-17,5,Quarterly,411.77,Active,AGT0095,Kelantan
POL0002688,PTP001814,Fire Takaful,General,False,2021-04-18,2041-04-13,20,Quarterly,1347.42,Active,AGT0059,Terengganu
POL0002689,PTP000142,Family Takaful - Retirement,Family,True,2025-08-27,2030-08-26,5,Quarterly,1403.57,Active,AGT0118,Melaka
POL0002690,PTP000463,Family Takaful - Retirement,Family,True,2023-03-17,2033-03-14,10,Quarterly,1127.99,Active,AGT0134,Putrajaya
POL0002691,PTP002083,Fire Takaful,General,False,2025-02-04,2045-01-30,20,Monthly,205.39,Active,AGT0009,Melaka
POL0002692,PTP001394,Motor Takaful,General,False,2026-05-30,2036-05-27,10,Monthly,1162.25,Active,AGT0048,Terengganu
POL0002693,PTP001954,Family Takaful - Life Protection,Family,True,2023-07-11,2028-07-09,5,Quarterly,1495.06,Active,AGT0124,Selangor
POL0002694,PTP002292,Medical & Health Takaful,Family,False,2021-10-14,2041-10-09,20,Semi-Annual,899.68,Active,AGT0077,Kelantan
POL0002695,PTP002791,Medical & Health Takaful,Family,False,2024-03-13,2039-03-10,15,Semi-Annual,1452.24,Active,AGT0026,Melaka
POL0002696,PTP002244,Family Takaful - Life Protection,Family,True,2025-02-11,2040-02-08,15,Monthly,1745.41,Active,AGT0098,Perak
POL0002697,PTP002723,Personal Accident Takaful,General,False,2022-07-25,2037-07-21,15,Monthly,1696.66,Lapsed,AGT0086,Perak
POL0002698,PTP002775,Fire Takaful,General,False,2025-02-20,2035-02-18,10,Monthly,1790.01,Lapsed,AGT0016,Terengganu
POL0002699,PTP001455,Fire Takaful,General,False,2025-08-09,2030-08-08,5,Monthly,1324.02,Active,AGT0105,Putrajaya
POL0002700,PTP001724,Fire Takaful,General,False,2021-04-18,2041-04-13,20,Monthly,1663.44,Lapsed,AGT0146,Kelantan
POL0002701,PTP001238,Medical & Health Takaful,Family,False,2021-05-26,2026-05-25,5,Semi-Annual,440.74,Active,AGT0074,Pahang
POL0002702,PTP000814,Fire Takaful,General,False,2022-10-01,2023-10-01,1,Semi-Annual,888.84,Matured,AGT0058,Perak
POL0002703,PTP001672,Fire Takaful,General,False,2021-10-03,2031-10-01,10,Semi-Annual,1977.66,Matured,AGT0054,Labuan
POL0002704,PTP000292,Family Takaful - Retirement,Family,True,2022-09-04,2032-09-01,10,Monthly,420.63,Active,AGT0017,Pahang
POL0002705,PTP002769,Personal Accident Takaful,General,False,2025-08-12,2045-08-07,20,Monthly,532.54,Active,AGT0094,Kedah
POL0002706,PTP002977,Family Takaful - Education,Family,True,2023-02-03,2028-02-02,5,Quarterly,1983.22,Lapsed,AGT0103,Melaka
POL0002707,PTP002403,Medical & Health Takaful,Family,False,2024-02-28,2039-02-24,15,Monthly,1120.6,Active,AGT0098,Negeri Sembilan
POL0002708,PTP001155,Family Takaful - Life Protection,Family,True,2025-08-22,2030-08-21,5,Monthly,122.18,Active,AGT0021,Kuala Lumpur
POL0002709,PTP002998,Family Takaful - Education,Family,True,2021-05-31,2022-05-31,1,Semi-Annual,313.65,Active,AGT0003,Terengganu
POL0002710,PTP001605,Motor Takaful,General,False,2024-05-02,2029-05-01,5,Annual,254.33,Active,AGT0006,Selangor
POL0002711,PTP001145,Family Takaful - Retirement,Family,True,2021-10-12,2022-10-12,1,Monthly,1332.89,Active,AGT0050,Penang
POL0002712,PTP002999,Personal Accident Takaful,General,False,2024-04-16,2044-04-11,20,Monthly,387.33,Active,AGT0054,Selangor
POL0002713,PTP002921,Medical & Health Takaful,Family,False,2024-03-30,2025-03-30,1,Monthly,1781.94,Active,AGT0016,Putrajaya
POL0002714,PTP000165,Fire Takaful,General,False,2024-01-30,2029-01-28,5,Semi-Annual,196.33,Active,AGT0003,Sarawak
POL0002715,PTP000362,Family Takaful - Retirement,Family,True,2026-02-10,2046-02-05,20,Annual,667.17,Active,AGT0111,Putrajaya
POL0002716,PTP001466,Fire Takaful,General,False,2022-04-20,2032-04-17,10,Quarterly,276.23,Active,AGT0019,Pahang
POL0002717,PTP001652,Family Takaful - Education,Family,True,2024-12-09,2025-12-09,1,Quarterly,568.38,Matured,AGT0122,Kuala Lumpur
POL0002718,PTP002807,Family Takaful - Life Protection,Family,True,2021-09-24,2031-09-22,10,Annual,1567.95,Active,AGT0086,Johor
POL0002719,PTP000482,Family Takaful - Education,Family,True,2025-11-15,2030-11-14,5,Annual,1736.79,Lapsed,AGT0066,Sarawak
POL0002720,PTP001515,Motor Takaful,General,False,2023-03-01,2033-02-26,10,Annual,268.13,Active,AGT0108,Pahang
POL0002721,PTP000043,Fire Takaful,General,False,2023-11-10,2038-11-06,15,Semi-Annual,414.21,Active,AGT0032,Kuala Lumpur
POL0002722,PTP002035,Family Takaful - Life Protection,Family,True,2026-08-07,2027-08-07,1,Monthly,414.44,Active,AGT0083,Kuala Lumpur
POL0002723,PTP002236,Fire Takaful,General,False,2024-06-08,2034-06-06,10,Quarterly,1636.68,Active,AGT0006,Perlis
POL0002724,PTP002946,Personal Accident Takaful,General,False,2021-05-22,2041-05-17,20,Quarterly,885.6,Active,AGT0059,Kedah
POL0002725,PTP001670,Family Takaful - Education,Family,True,2022-02-11,2023-02-11,1,Quarterly,1849.37,Lapsed,AGT0026,Melaka
POL0002726,PTP000242,Family Takaful - Education,Family,True,2022-04-14,2027-04-13,5,Annual,1677.54,Matured,AGT0029,Perak
POL0002727,PTP002711,Fire Takaful,General,False,2023-01-27,2043-01-22,20,Semi-Annual,1065.54,Lapsed,AGT0086,Melaka
POL0002728,PTP002551,Family Takaful - Life Protection,Family,True,2024-12-28,2034-12-26,10,Semi-Annual,1290.05,Lapsed,AGT0012,Perak
POL0002729,PTP001660,Medical & Health Takaful,Family,False,2023-12-04,2028-12-02,5,Annual,984.45,Active,AGT0101,Perlis
POL0002730,PTP001141,Motor Takaful,General,False,2021-09-14,2022-09-14,1,Monthly,123.17,Cancelled,AGT0044,Perak
POL0002731,PTP002863,Medical & Health Takaful,Family,False,2022-08-31,2032-08-28,10,Annual,418.6,Active,AGT0128,Kedah
POL0002732,PTP002717,Medical & Health Takaful,Family,False,2026-02-09,2041-02-05,15,Monthly,1039.82,Active,AGT0131,Perak
POL0002733,PTP001030,Family Takaful - Education,Family,True,2023-07-03,2033-06-30,10,Quarterly,212.33,Active,AGT0025,Terengganu
POL0002734,PTP001862,Motor Takaful,General,False,2023-01-01,2024-01-01,1,Quarterly,1145.76,Lapsed,AGT0099,Penang
POL0002735,PTP002911,Medical & Health Takaful,Family,False,2022-11-03,2023-11-03,1,Quarterly,210.57,Active,AGT0084,Johor
POL0002736,PTP002783,Family Takaful - Life Protection,Family,True,2025-04-12,2040-04-08,15,Annual,162.99,Cancelled,AGT0109,Johor
POL0002737,PTP000359,Personal Accident Takaful,General,False,2021-03-23,2041-03-18,20,Quarterly,578.19,Active,AGT0146,Sabah
POL0002738,PTP002697,Fire Takaful,General,False,2026-05-10,2041-05-06,15,Quarterly,1801.46,Lapsed,AGT0006,Perlis
POL0002739,PTP000937,Personal Accident Takaful,General,False,2023-04-27,2028-04-25,5,Semi-Annual,1641.64,Active,AGT0101,Kelantan
POL0002740,PTP002633,Medical & Health Takaful,Family,False,2025-10-20,2026-10-20,1,Semi-Annual,1594.49,Active,AGT0135,Selangor
POL0002741,PTP002657,Family Takaful - Education,Family,True,2024-10-23,2025-10-23,1,Monthly,1373.61,Active,AGT0012,Perlis
POL0002742,PTP002564,Motor Takaful,General,False,2023-02-05,2033-02-02,10,Monthly,143.51,Active,AGT0095,Perlis
POL0002743,PTP001209,Family Takaful - Retirement,Family,True,2021-11-15,2041-11-10,20,Semi-Annual,1169.13,Lapsed,AGT0033,Melaka
POL0002744,PTP000866,Medical & Health Takaful,Family,False,2021-09-27,2036-09-23,15,Monthly,143.94,Active,AGT0150,Kuala Lumpur
POL0002745,PTP001804,Medical & Health Takaful,Family,False,2022-01-13,2042-01-08,20,Monthly,279.42,Lapsed,AGT0080,Sarawak
POL0002746,PTP001692,Medical & Health Takaful,Family,False,2023-12-16,2043-12-11,20,Quarterly,77.98,Lapsed,AGT0024,Putrajaya
POL0002747,PTP001813,Family Takaful - Retirement,Family,True,2022-01-19,2023-01-19,1,Annual,1545.31,Active,AGT0096,Selangor
POL0002748,PTP002839,Fire Takaful,General,False,2021-06-16,2031-06-14,10,Annual,417.14,Active,AGT0051,Johor
POL0002749,PTP001362,Personal Accident Takaful,General,False,2025-12-31,2035-12-29,10,Quarterly,1307.02,Matured,AGT0083,Kuala Lumpur
POL0002750,PTP002934,Motor Takaful,General,False,2023-10-12,2043-10-07,20,Quarterly,817.64,Matured,AGT0016,Sarawak
POL0002751,PTP001739,Medical & Health Takaful,Family,False,2024-04-07,2044-04-02,20,Semi-Annual,887.23,Matured,AGT0121,Terengganu
POL0002752,PTP000834,Personal Accident Takaful,General,False,2024-08-24,2025-08-24,1,Quarterly,1782.78,Active,AGT0127,Negeri Sembilan
POL0002753,PTP000828,Motor Takaful,General,False,2022-07-14,2037-07-10,15,Monthly,52.03,Active,AGT0118,Kuala Lumpur
POL0002754,PTP002930,Family Takaful - Education,Family,True,2023-04-30,2038-04-26,15,Monthly,1102.56,Active,AGT0064,Perak
POL0002755,PTP000023,Motor Takaful,General,False,2022-09-16,2027-09-15,5,Monthly,551.31,Lapsed,AGT0104,Selangor
POL0002756,PTP002447,Fire Takaful,General,False,2021-04-11,2041-04-06,20,Annual,954.87,Lapsed,AGT0137,Terengganu
POL0002757,PTP000467,Medical & Health Takaful,Family,False,2025-06-21,2026-06-21,1,Annual,1146.89,Matured,AGT0067,Negeri Sembilan
POL0002758,PTP001089,Motor Takaful,General,False,2021-07-16,2031-07-14,10,Semi-Annual,485.6,Lapsed,AGT0103,Penang
POL0002759,PTP001779,Fire Takaful,General,False,2022-08-02,2027-08-01,5,Annual,1394.45,Active,AGT0114,Perak
POL0002760,PTP001768,Family Takaful - Education,Family,True,2021-03-18,2031-03-16,10,Monthly,573.71,Active,AGT0098,Selangor
POL0002761,PTP000738,Motor Takaful,General,False,2024-05-23,2039-05-20,15,Semi-Annual,743.62,Active,AGT0024,Pahang
POL0002762,PTP001570,Motor Takaful,General,False,2025-06-30,2035-06-28,10,Quarterly,1753.41,Lapsed,AGT0150,Putrajaya
POL0002763,PTP001125,Family Takaful - Retirement,Family,True,2023-02-19,2043-02-14,20,Monthly,1928.61,Active,AGT0139,Negeri Sembilan
POL0002764,PTP002280,Medical & Health Takaful,Family,False,2025-08-09,2026-08-09,1,Semi-Annual,1580.55,Active,AGT0058,Kedah
POL0002765,PTP002743,Fire Takaful,General,False,2025-12-13,2030-12-12,5,Monthly,786.6,Active,AGT0016,Pahang
POL0002766,PTP001796,Family Takaful - Retirement,Family,True,2023-07-02,2038-06-28,15,Annual,1225.56,Active,AGT0056,Johor
POL0002767,PTP002166,Fire Takaful,General,False,2023-06-12,2033-06-09,10,Monthly,400.46,Active,AGT0074,Sabah
POL0002768,PTP002631,Medical & Health Takaful,Family,False,2024-11-01,2029-10-31,5,Semi-Annual,1701.55,Active,AGT0021,Pahang
POL0002769,PTP000285,Personal Accident Takaful,General,False,2022-10-16,2023-10-16,1,Annual,1523.21,Active,AGT0002,Perlis
POL0002770,PTP000182,Family Takaful - Education,Family,True,2021-03-22,2036-03-18,15,Annual,1893.58,Matured,AGT0130,Putrajaya
POL0002771,PTP002057,Fire Takaful,General,False,2022-10-18,2032-10-15,10,Semi-Annual,302.4,Lapsed,AGT0093,Perak
POL0002772,PTP002362,Family Takaful - Life Protection,Family,True,2024-09-12,2034-09-10,10,Monthly,1419.77,Active,AGT0077,Negeri Sembilan
POL0002773,PTP002565,Family Takaful - Retirement,Family,True,2021-03-14,2026-03-13,5,Annual,1768.48,Active,AGT0051,Melaka
POL0002774,PTP001545,Medical & Health Takaful,Family,False,2021-04-03,2041-03-29,20,Semi-Annual,283.62,Active,AGT0136,Kelantan
POL0002775,PTP000179,Family Takaful - Life Protection,Family,True,2025-07-15,2035-07-13,10,Quarterly,1977.02,Active,AGT0058,Penang
POL0002776,PTP001412,Fire Takaful,General,False,2023-04-05,2024-04-04,1,Annual,984.78,Matured,AGT0027,Kuala Lumpur
POL0002777,PTP001194,Fire Takaful,General,False,2026-07-26,2046-07-21,20,Monthly,878.42,Active,AGT0016,Kedah
POL0002778,PTP000978,Family Takaful - Retirement,Family,True,2024-07-29,2025-07-29,1,Quarterly,399.73,Active,AGT0065,Terengganu
POL0002779,PTP001120,Personal Accident Takaful,General,False,2021-12-23,2041-12-18,20,Annual,457.03,Active,AGT0028,Negeri Sembilan
POL0002780,PTP002665,Medical & Health Takaful,Family,False,2024-06-13,2029-06-12,5,Monthly,1772.92,Active,AGT0079,Kedah
POL0002781,PTP002156,Personal Accident Takaful,General,False,2022-06-29,2023-06-29,1,Semi-Annual,1650.52,Lapsed,AGT0016,Kuala Lumpur
POL0002782,PTP001816,Motor Takaful,General,False,2025-10-19,2040-10-15,15,Semi-Annual,920.6,Active,AGT0009,Pahang
POL0002783,PTP000779,Fire Takaful,General,False,2024-07-29,2039-07-26,15,Annual,1601.08,Lapsed,AGT0057,Kelantan
POL0002784,PTP001853,Family Takaful - Life Protection,Family,True,2023-06-09,2038-06-05,15,Quarterly,182.53,Cancelled,AGT0121,Melaka
POL0002785,PTP000347,Family Takaful - Retirement,Family,True,2022-01-17,2037-01-13,15,Quarterly,1482.44,Active,AGT0112,Perlis
POL0002786,PTP002904,Family Takaful - Education,Family,True,2024-02-02,2044-01-28,20,Quarterly,1767.89,Cancelled,AGT0068,Kedah
POL0002787,PTP001707,Family Takaful - Retirement,Family,True,2024-11-01,2025-11-01,1,Quarterly,915.05,Active,AGT0093,Labuan
POL0002788,PTP001942,Family Takaful - Life Protection,Family,True,2021-09-04,2036-08-31,15,Annual,183.21,Active,AGT0127,Melaka
POL0002789,PTP000353,Motor Takaful,General,False,2025-03-28,2035-03-26,10,Monthly,100.02,Active,AGT0040,Pahang
POL0002790,PTP001689,Fire Takaful,General,False,2023-04-09,2033-04-06,10,Annual,1858.07,Lapsed,AGT0115,Kedah
POL0002791,PTP002564,Personal Accident Takaful,General,False,2026-04-25,2041-04-21,15,Semi-Annual,983.15,Active,AGT0035,Kedah
POL0002792,PTP001220,Medical & Health Takaful,Family,False,2022-05-13,2032-05-10,10,Quarterly,721.87,Active,AGT0002,Perak
POL0002793,PTP002178,Fire Takaful,General,False,2022-11-01,2037-10-28,15,Annual,1645.98,Cancelled,AGT0047,Kedah
POL0002794,PTP002735,Medical & Health Takaful,Family,False,2026-05-15,2036-05-12,10,Annual,807.56,Active,AGT0065,Pahang
POL0002795,PTP002762,Personal Accident Takaful,General,False,2023-11-25,2024-11-24,1,Semi-Annual,507.01,Active,AGT0131,Kedah
POL0002796,PTP002479,Medical & Health Takaful,Family,False,2025-01-19,2045-01-14,20,Quarterly,748.16,Active,AGT0077,Sabah
POL0002797,PTP000743,Fire Takaful,General,False,2021-07-21,2041-07-16,20,Monthly,560.91,Active,AGT0067,Labuan
POL0002798,PTP001630,Family Takaful - Retirement,Family,True,2023-04-03,2043-03-29,20,Monthly,1340.06,Active,AGT0144,Putrajaya
POL0002799,PTP001578,Personal Accident Takaful,General,False,2022-11-05,2037-11-01,15,Quarterly,171.75,Active,AGT0085,Perak
POL0002800,PTP002128,Medical & Health Takaful,Family,False,2021-09-15,2031-09-13,10,Quarterly,1550.15,Active,AGT0069,Kedah
POL0002801,PTP000101,Family Takaful - Life Protection,Family,True,2026-03-25,2031-03-24,5,Semi-Annual,1120.77,Active,AGT0046,Melaka
POL0002802,PTP000249,Family Takaful - Life Protection,Family,True,2023-11-30,2043-11-25,20,Semi-Annual,1541.07,Active,AGT0132,Kelantan
POL0002803,PTP002878,Fire Takaful,General,False,2021-07-11,2041-07-06,20,Annual,1438.74,Active,AGT0066,Sabah
POL0002804,PTP001998,Family Takaful - Life Protection,Family,True,2024-06-12,2039-06-09,15,Monthly,1620.17,Active,AGT0115,Putrajaya
POL0002805,PTP000793,Medical & Health Takaful,Family,False,2021-12-15,2031-12-13,10,Monthly,1784.03,Lapsed,AGT0104,Sabah
POL0002806,PTP000267,Fire Takaful,General,False,2026-06-26,2031-06-25,5,Annual,787.27,Lapsed,AGT0061,Labuan
POL0002807,PTP000809,Family Takaful - Education,Family,True,2024-04-10,2025-04-10,1,Quarterly,1412.46,Matured,AGT0146,Johor
POL0002808,PTP001630,Medical & Health Takaful,Family,False,2025-08-29,2026-08-29,1,Semi-Annual,877.19,Lapsed,AGT0102,Perlis
POL0002809,PTP001965,Medical & Health Takaful,Family,False,2022-12-07,2023-12-07,1,Quarterly,1029.31,Active,AGT0146,Sabah
POL0002810,PTP000516,Family Takaful - Retirement,Family,True,2026-07-17,2041-07-13,15,Annual,1321.89,Active,AGT0117,Johor
POL0002811,PTP001608,Personal Accident Takaful,General,False,2025-12-21,2026-12-21,1,Semi-Annual,1293.84,Active,AGT0037,Pahang
POL0002812,PTP001869,Motor Takaful,General,False,2025-02-26,2030-02-25,5,Semi-Annual,424.95,Cancelled,AGT0129,Kuala Lumpur
POL0002813,PTP000107,Personal Accident Takaful,General,False,2023-02-14,2033-02-11,10,Quarterly,1529.01,Lapsed,AGT0062,Melaka
POL0002814,PTP001398,Family Takaful - Retirement,Family,True,2022-06-11,2032-06-08,10,Monthly,982.75,Cancelled,AGT0089,Pahang
POL0002815,PTP002122,Family Takaful - Life Protection,Family,True,2023-01-11,2024-01-11,1,Semi-Annual,1136.87,Active,AGT0024,Selangor
POL0002816,PTP001848,Personal Accident Takaful,General,False,2021-04-17,2036-04-13,15,Annual,939.61,Cancelled,AGT0051,Johor
POL0002817,PTP000859,Family Takaful - Education,Family,True,2025-05-22,2035-05-20,10,Quarterly,659.79,Active,AGT0076,Sabah
POL0002818,PTP001429,Family Takaful - Retirement,Family,True,2021-02-03,2026-02-02,5,Quarterly,1923.94,Active,AGT0045,Penang
POL0002819,PTP000136,Family Takaful - Education,Family,True,2022-10-20,2032-10-17,10,Annual,1898.49,Active,AGT0018,Negeri Sembilan
POL0002820,PTP002373,Motor Takaful,General,False,2025-01-07,2045-01-02,20,Annual,1537.78,Active,AGT0060,Johor
POL0002821,PTP002880,Personal Accident Takaful,General,False,2026-05-21,2027-05-21,1,Quarterly,752.73,Active,AGT0051,Sabah
POL0002822,PTP000169,Family Takaful - Education,Family,True,2023-12-25,2028-12-23,5,Semi-Annual,693.01,Active,AGT0050,Kelantan
POL0002823,PTP001929,Motor Takaful,General,False,2023-08-02,2038-07-29,15,Quarterly,1026.08,Active,AGT0077,Negeri Sembilan
POL0002824,PTP002947,Family Takaful - Retirement,Family,True,2022-04-25,2023-04-25,1,Quarterly,1340.31,Lapsed,AGT0106,Putrajaya
POL0002825,PTP000791,Motor Takaful,General,False,2022-07-26,2023-07-26,1,Monthly,785.16,Active,AGT0149,Negeri Sembilan
POL0002826,PTP000602,Motor Takaful,General,False,2022-07-29,2023-07-29,1,Quarterly,224.68,Active,AGT0068,Sarawak
POL0002827,PTP002631,Personal Accident Takaful,General,False,2024-10-29,2025-10-29,1,Annual,890.19,Active,AGT0044,Kuala Lumpur
POL0002828,PTP002359,Motor Takaful,General,False,2023-04-29,2043-04-24,20,Monthly,986.26,Active,AGT0005,Sarawak
POL0002829,PTP002096,Family Takaful - Life Protection,Family,True,2023-02-26,2043-02-21,20,Monthly,1525.57,Active,AGT0001,Terengganu
POL0002830,PTP002547,Family Takaful - Retirement,Family,True,2024-05-05,2039-05-02,15,Monthly,1969.31,Active,AGT0016,Kelantan
POL0002831,PTP002101,Family Takaful - Education,Family,True,2023-08-31,2024-08-30,1,Monthly,655.2,Active,AGT0084,Melaka
POL0002832,PTP001721,Motor Takaful,General,False,2021-03-11,2022-03-11,1,Quarterly,1617.52,Active,AGT0071,Sarawak
POL0002833,PTP000985,Medical & Health Takaful,Family,False,2021-01-04,2031-01-02,10,Quarterly,1012.52,Active,AGT0028,Johor
POL0002834,PTP001410,Family Takaful - Retirement,Family,True,2024-09-23,2044-09-18,20,Quarterly,1281.15,Active,AGT0122,Johor
POL0002835,PTP002443,Medical & Health Takaful,Family,False,2021-07-13,2041-07-08,20,Quarterly,1735.35,Active,AGT0017,Labuan
POL0002836,PTP002636,Medical & Health Takaful,Family,False,2024-07-22,2044-07-17,20,Semi-Annual,301.22,Cancelled,AGT0078,Sarawak
POL0002837,PTP001630,Family Takaful - Education,Family,True,2021-04-22,2022-04-22,1,Monthly,870.06,Active,AGT0022,Pahang
POL0002838,PTP002711,Family Takaful - Life Protection,Family,True,2025-09-02,2026-09-02,1,Semi-Annual,1266.93,Active,AGT0077,Terengganu
POL0002839,PTP002588,Personal Accident Takaful,General,False,2023-03-13,2033-03-10,10,Annual,1794.98,Active,AGT0016,Selangor
POL0002840,PTP002390,Medical & Health Takaful,Family,False,2021-05-17,2022-05-17,1,Semi-Annual,774.65,Active,AGT0008,Terengganu
POL0002841,PTP000903,Family Takaful - Life Protection,Family,True,2024-11-09,2039-11-06,15,Semi-Annual,1502.79,Active,AGT0144,Selangor
POL0002842,PTP001231,Motor Takaful,General,False,2026-07-23,2027-07-23,1,Semi-Annual,566.22,Active,AGT0085,Pahang
POL0002843,PTP001460,Family Takaful - Education,Family,True,2025-07-15,2045-07-10,20,Quarterly,1477.83,Lapsed,AGT0009,Pahang
POL0002844,PTP002616,Medical & Health Takaful,Family,False,2024-03-30,2025-03-30,1,Quarterly,207.08,Active,AGT0146,Johor
POL0002845,PTP002568,Family Takaful - Education,Family,True,2023-08-19,2043-08-14,20,Monthly,1305.7,Active,AGT0103,Labuan
POL0002846,PTP001805,Fire Takaful,General,False,2021-04-19,2041-04-14,20,Semi-Annual,1741.39,Active,AGT0130,Pahang
POL0002847,PTP002771,Motor Takaful,General,False,2025-04-01,2045-03-27,20,Monthly,1756.88,Active,AGT0049,Melaka
POL0002848,PTP000592,Motor Takaful,General,False,2021-02-27,2022-02-27,1,Quarterly,1993.4,Active,AGT0139,Pahang
POL0002849,PTP001983,Motor Takaful,General,False,2023-03-30,2043-03-25,20,Monthly,1444.36,Active,AGT0007,Sarawak
POL0002850,PTP001853,Medical & Health Takaful,Family,False,2023-04-25,2024-04-24,1,Semi-Annual,349.14,Cancelled,AGT0143,Perlis
POL0002851,PTP002322,Fire Takaful,General,False,2024-06-06,2044-06-01,20,Monthly,741.81,Active,AGT0134,Putrajaya
POL0002852,PTP002258,Family Takaful - Education,Family,True,2023-02-13,2033-02-10,10,Semi-Annual,1951.36,Active,AGT0031,Melaka
POL0002853,PTP000059,Family Takaful - Retirement,Family,True,2021-08-23,2022-08-23,1,Quarterly,1129.43,Lapsed,AGT0099,Penang
POL0002854,PTP002025,Family Takaful - Education,Family,True,2021-01-10,2022-01-10,1,Semi-Annual,1938.27,Active,AGT0028,Perak
POL0002855,PTP002794,Family Takaful - Life Protection,Family,True,2023-10-25,2043-10-20,20,Monthly,1854.22,Matured,AGT0150,Negeri Sembilan
POL0002856,PTP002779,Family Takaful - Retirement,Family,True,2022-11-09,2032-11-06,10,Quarterly,687.32,Active,AGT0099,Perak
POL0002857,PTP001324,Personal Accident Takaful,General,False,2025-01-19,2040-01-16,15,Semi-Annual,202.72,Active,AGT0040,Putrajaya
POL0002858,PTP000251,Family Takaful - Education,Family,True,2021-08-28,2041-08-23,20,Quarterly,421.97,Active,AGT0038,Melaka
POL0002859,PTP000442,Medical & Health Takaful,Family,False,2025-11-02,2026-11-02,1,Semi-Annual,265.83,Active,AGT0060,Sabah
POL0002860,PTP001027,Personal Accident Takaful,General,False,2021-06-04,2041-05-30,20,Semi-Annual,842.13,Matured,AGT0035,Perlis
POL0002861,PTP000313,Family Takaful - Life Protection,Family,True,2022-05-21,2037-05-17,15,Annual,1644.72,Cancelled,AGT0145,Negeri Sembilan
POL0002862,PTP002115,Family Takaful - Education,Family,True,2021-09-05,2022-09-05,1,Quarterly,200.18,Lapsed,AGT0057,Selangor
POL0002863,PTP000503,Medical & Health Takaful,Family,False,2026-02-06,2046-02-01,20,Semi-Annual,1659.9,Cancelled,AGT0100,Putrajaya
POL0002864,PTP001007,Family Takaful - Life Protection,Family,True,2023-06-26,2043-06-21,20,Quarterly,1467.61,Active,AGT0079,Johor
POL0002865,PTP001202,Family Takaful - Life Protection,Family,True,2024-06-12,2034-06-10,10,Quarterly,816.51,Active,AGT0130,Selangor
POL0002866,PTP001994,Family Takaful - Retirement,Family,True,2021-08-17,2031-08-15,10,Monthly,1963.74,Active,AGT0095,Selangor
POL0002867,PTP002519,Personal Accident Takaful,General,False,2024-01-13,2029-01-11,5,Monthly,1073.18,Active,AGT0060,Kelantan
POL0002868,PTP000625,Family Takaful - Retirement,Family,True,2025-12-31,2040-12-27,15,Monthly,399.3,Lapsed,AGT0126,Sabah
POL0002869,PTP001913,Family Takaful - Retirement,Family,True,2022-05-16,2023-05-16,1,Semi-Annual,1673.72,Active,AGT0090,Putrajaya
POL0002870,PTP002346,Motor Takaful,General,False,2021-12-11,2031-12-09,10,Monthly,712.17,Active,AGT0092,Terengganu
POL0002871,PTP000686,Motor Takaful,General,False,2025-10-04,2035-10-02,10,Semi-Annual,531.3,Active,AGT0025,Labuan
POL0002872,PTP000813,Family Takaful - Life Protection,Family,True,2024-06-05,2029-06-04,5,Annual,565.75,Matured,AGT0044,Kuala Lumpur
POL0002873,PTP002717,Family Takaful - Life Protection,Family,True,2021-04-03,2026-04-02,5,Annual,1253.58,Cancelled,AGT0099,Pahang
POL0002874,PTP000436,Fire Takaful,General,False,2023-09-27,2033-09-24,10,Semi-Annual,333.94,Active,AGT0126,Johor
POL0002875,PTP001001,Family Takaful - Education,Family,True,2024-04-06,2034-04-04,10,Annual,1919.67,Active,AGT0096,Kedah
POL0002876,PTP000249,Family Takaful - Life Protection,Family,True,2021-09-05,2026-09-04,5,Monthly,597.22,Active,AGT0004,Johor
POL0002877,PTP000464,Family Takaful - Life Protection,Family,True,2021-09-27,2031-09-25,10,Semi-Annual,877.37,Active,AGT0073,Kedah
POL0002878,PTP001905,Fire Takaful,General,False,2026-05-13,2046-05-08,20,Monthly,1371.88,Cancelled,AGT0096,Pahang
POL0002879,PTP002719,Motor Takaful,General,False,2022-07-20,2027-07-19,5,Annual,1788.55,Active,AGT0033,Perlis
POL0002880,PTP000218,Fire Takaful,General,False,2024-06-06,2044-06-01,20,Annual,959.44,Active,AGT0133,Putrajaya
POL0002881,PTP002851,Family Takaful - Life Protection,Family,True,2024-12-10,2039-12-07,15,Annual,1360.12,Active,AGT0079,Penang
POL0002882,PTP000261,Family Takaful - Life Protection,Family,True,2024-11-25,2025-11-25,1,Annual,1715.39,Lapsed,AGT0098,Putrajaya
POL0002883,PTP000688,Fire Takaful,General,False,2026-01-06,2041-01-02,15,Annual,420.5,Active,AGT0011,Putrajaya
POL0002884,PTP000464,Family Takaful - Education,Family,True,2024-03-03,2039-02-28,15,Semi-Annual,662.65,Active,AGT0033,Kuala Lumpur
POL0002885,PTP000390,Family Takaful - Education,Family,True,2022-08-13,2037-08-09,15,Monthly,1638.39,Lapsed,AGT0037,Perak
POL0002886,PTP002866,Family Takaful - Retirement,Family,True,2023-07-05,2028-07-03,5,Quarterly,1315.45,Active,AGT0142,Penang
POL0002887,PTP001248,Family Takaful - Life Protection,Family,True,2023-05-20,2024-05-19,1,Monthly,842.25,Active,AGT0104,Labuan
POL0002888,PTP001260,Fire Takaful,General,False,2024-06-13,2039-06-10,15,Monthly,1185.32,Active,AGT0029,Pahang
POL0002889,PTP000279,Personal Accident Takaful,General,False,2022-03-27,2023-03-27,1,Annual,771.64,Active,AGT0150,Kuala Lumpur
POL0002890,PTP000808,Medical & Health Takaful,Family,False,2022-04-27,2032-04-24,10,Annual,1312.01,Active,AGT0103,Negeri Sembilan
POL0002891,PTP000534,Family Takaful - Life Protection,Family,True,2025-07-10,2030-07-09,5,Semi-Annual,1461.61,Active,AGT0131,Negeri Sembilan
POL0002892,PTP002914,Medical & Health Takaful,Family,False,2023-04-26,2038-04-22,15,Semi-Annual,184.92,Active,AGT0142,Labuan
POL0002893,PTP001419,Personal Accident Takaful,General,False,2021-04-16,2041-04-11,20,Semi-Annual,1356.61,Active,AGT0118,Penang
POL0002894,PTP000277,Personal Accident Takaful,General,False,2026-08-01,2046-07-27,20,Semi-Annual,553.43,Active,AGT0016,Perak
POL0002895,PTP001997,Personal Accident Takaful,General,False,2023-12-03,2043-11-28,20,Quarterly,1224.64,Active,AGT0060,Putrajaya
POL0002896,PTP002489,Personal Accident Takaful,General,False,2023-04-20,2038-04-16,15,Monthly,809.97,Active,AGT0138,Kelantan
POL0002897,PTP001879,Family Takaful - Education,Family,True,2022-05-05,2042-04-30,20,Annual,1071.85,Active,AGT0044,Labuan
POL0002898,PTP002937,Medical & Health Takaful,Family,False,2023-06-22,2033-06-19,10,Annual,1656.08,Active,AGT0107,Putrajaya
POL0002899,PTP002122,Fire Takaful,General,False,2024-04-09,2034-04-07,10,Annual,1415.51,Matured,AGT0063,Johor
POL0002900,PTP002624,Motor Takaful,General,False,2022-03-05,2032-03-02,10,Semi-Annual,860.02,Matured,AGT0031,Sarawak
POL0002901,PTP001373,Family Takaful - Retirement,Family,True,2024-12-12,2034-12-10,10,Annual,1340.66,Active,AGT0008,Putrajaya
POL0002902,PTP002463,Personal Accident Takaful,General,False,2021-09-07,2036-09-03,15,Monthly,1792.2,Lapsed,AGT0096,Pahang
POL0002903,PTP000863,Family Takaful - Education,Family,True,2021-03-22,2022-03-22,1,Monthly,995.62,Lapsed,AGT0068,Johor
POL0002904,PTP000620,Medical & Health Takaful,Family,False,2022-12-06,2032-12-03,10,Monthly,1196.11,Active,AGT0148,Terengganu
POL0002905,PTP001565,Medical & Health Takaful,Family,False,2022-06-05,2032-06-02,10,Semi-Annual,151.92,Active,AGT0042,Pahang
POL0002906,PTP000429,Medical & Health Takaful,Family,False,2026-04-06,2036-04-03,10,Semi-Annual,1287.58,Active,AGT0040,Kelantan
POL0002907,PTP001262,Family Takaful - Life Protection,Family,True,2024-01-10,2029-01-08,5,Quarterly,903.64,Active,AGT0035,Perak
POL0002908,PTP000097,Family Takaful - Life Protection,Family,True,2022-06-05,2023-06-05,1,Monthly,586.64,Active,AGT0147,Kelantan
POL0002909,PTP000172,Medical & Health Takaful,Family,False,2022-10-26,2037-10-22,15,Monthly,713.89,Cancelled,AGT0028,Melaka
POL0002910,PTP002104,Medical & Health Takaful,Family,False,2025-09-14,2026-09-14,1,Annual,1264.67,Cancelled,AGT0113,Sabah
POL0002911,PTP001532,Family Takaful - Education,Family,True,2021-08-14,2041-08-09,20,Quarterly,515.32,Cancelled,AGT0147,Pahang
POL0002912,PTP001597,Fire Takaful,General,False,2023-03-11,2028-03-09,5,Monthly,165.46,Active,AGT0089,Kuala Lumpur
POL0002913,PTP001626,Motor Takaful,General,False,2025-05-10,2026-05-10,1,Semi-Annual,1362.4,Matured,AGT0134,Melaka
POL0002914,PTP001117,Fire Takaful,General,False,2024-12-09,2029-12-08,5,Semi-Annual,473.97,Active,AGT0068,Penang
POL0002915,PTP000424,Fire Takaful,General,False,2021-04-22,2022-04-22,1,Quarterly,1599.79,Active,AGT0146,Kelantan
POL0002916,PTP002014,Medical & Health Takaful,Family,False,2021-05-20,2031-05-18,10,Annual,164.03,Active,AGT0048,Johor
POL0002917,PTP001486,Family Takaful - Education,Family,True,2026-03-25,2036-03-22,10,Annual,292.99,Active,AGT0046,Perlis
POL0002918,PTP000113,Family Takaful - Retirement,Family,True,2025-10-29,2035-10-27,10,Semi-Annual,506.99,Active,AGT0055,Melaka
POL0002919,PTP000730,Family Takaful - Life Protection,Family,True,2021-05-15,2036-05-11,15,Semi-Annual,1662.28,Active,AGT0012,Putrajaya
POL0002920,PTP001874,Family Takaful - Life Protection,Family,True,2022-11-11,2027-11-10,5,Semi-Annual,1144.65,Active,AGT0086,Sarawak
POL0002921,PTP001640,Medical & Health Takaful,Family,False,2024-04-15,2029-04-14,5,Annual,1104.44,Active,AGT0125,Kelantan
POL0002922,PTP002831,Fire Takaful,General,False,2026-04-14,2046-04-09,20,Quarterly,927.93,Matured,AGT0133,Kuala Lumpur
POL0002923,PTP000484,Family Takaful - Education,Family,True,2021-09-19,2026-09-18,5,Semi-Annual,114.52,Active,AGT0149,Perak
POL0002924,PTP000852,Motor Takaful,General,False,2023-07-01,2033-06-28,10,Quarterly,1851.47,Active,AGT0120,Labuan
POL0002925,PTP001374,Family Takaful - Education,Family,True,2024-01-10,2034-01-07,10,Monthly,1601.53,Active,AGT0062,Sabah
POL0002926,PTP001082,Family Takaful - Retirement,Family,True,2025-06-23,2045-06-18,20,Monthly,538.18,Active,AGT0029,Sabah
POL0002927,PTP001713,Family Takaful - Education,Family,True,2025-06-11,2035-06-09,10,Semi-Annual,683.52,Active,AGT0150,Kedah
POL0002928,PTP000805,Fire Takaful,General,False,2026-04-05,2027-04-05,1,Semi-Annual,307.94,Active,AGT0020,Kelantan
POL0002929,PTP002510,Personal Accident Takaful,General,False,2021-05-23,2031-05-21,10,Annual,973.48,Active,AGT0039,Perlis
POL0002930,PTP002712,Personal Accident Takaful,General,False,2025-02-11,2035-02-09,10,Monthly,622.82,Lapsed,AGT0068,Sarawak
POL0002931,PTP002005,Medical & Health Takaful,Family,False,2021-05-16,2026-05-15,5,Annual,1254.99,Active,AGT0009,Pahang
POL0002932,PTP000044,Family Takaful - Life Protection,Family,True,2024-08-09,2039-08-06,15,Quarterly,1568.11,Active,AGT0116,Sabah
POL0002933,PTP001124,Medical & Health Takaful,Family,False,2024-01-05,2034-01-02,10,Annual,1965.22,Active,AGT0138,Terengganu
POL0002934,PTP000354,Family Takaful - Education,Family,True,2021-05-09,2036-05-05,15,Annual,674.44,Lapsed,AGT0046,Sabah
POL0002935,PTP002758,Medical & Health Takaful,Family,False,2026-06-11,2046-06-06,20,Monthly,189.0,Active,AGT0126,Pahang
POL0002936,PTP000468,Family Takaful - Life Protection,Family,True,2024-11-24,2044-11-19,20,Annual,1437.28,Active,AGT0149,Penang
POL0002937,PTP001661,Motor Takaful,General,False,2024-04-07,2029-04-06,5,Quarterly,1537.38,Matured,AGT0037,Terengganu
POL0002938,PTP001011,Motor Takaful,General,False,2023-11-20,2024-11-19,1,Semi-Annual,1126.32,Lapsed,AGT0123,Kelantan
POL0002939,PTP000355,Medical & Health Takaful,Family,False,2025-07-18,2035-07-16,10,Quarterly,1375.29,Active,AGT0067,Terengganu
POL0002940,PTP002134,Personal Accident Takaful,General,False,2023-08-23,2038-08-19,15,Annual,894.13,Active,AGT0056,Kedah
POL0002941,PTP002716,Family Takaful - Retirement,Family,True,2021-07-15,2041-07-10,20,Quarterly,441.99,Active,AGT0056,Kelantan
POL0002942,PTP002604,Family Takaful - Education,Family,True,2024-12-11,2044-12-06,20,Annual,405.89,Active,AGT0104,Kelantan
POL0002943,PTP002640,Motor Takaful,General,False,2021-04-07,2041-04-02,20,Annual,1891.89,Active,AGT0107,Pahang
POL0002944,PTP000978,Family Takaful - Education,Family,True,2021-04-14,2022-04-14,1,Quarterly,413.51,Active,AGT0094,Selangor
POL0002945,PTP002523,Family Takaful - Life Protection,Family,True,2025-08-03,2026-08-03,1,Monthly,597.78,Active,AGT0144,Kuala Lumpur
POL0002946,PTP000962,Family Takaful - Life Protection,Family,True,2026-01-28,2027-01-28,1,Monthly,566.49,Active,AGT0121,Negeri Sembilan
POL0002947,PTP001842,Personal Accident Takaful,General,False,2022-12-25,2037-12-21,15,Quarterly,1664.27,Active,AGT0037,Perlis
POL0002948,PTP002965,Fire Takaful,General,False,2024-02-15,2044-02-10,20,Quarterly,689.07,Active,AGT0107,Perak
POL0002949,PTP002502,Family Takaful - Life Protection,Family,True,2023-10-07,2038-10-03,15,Quarterly,1475.38,Active,AGT0080,Selangor
POL0002950,PTP002782,Medical & Health Takaful,Family,False,2022-12-14,2042-12-09,20,Semi-Annual,216.67,Active,AGT0027,Perlis
POL0002951,PTP000309,Fire Takaful,General,False,2021-04-15,2041-04-10,20,Monthly,1608.88,Active,AGT0144,Kuala Lumpur
POL0002952,PTP001077,Family Takaful - Education,Family,True,2023-05-02,2028-04-30,5,Quarterly,818.37,Active,AGT0069,Negeri Sembilan
POL0002953,PTP001349,Personal Accident Takaful,General,False,2022-06-05,2027-06-04,5,Semi-Annual,993.61,Active,AGT0126,Kedah
POL0002954,PTP000549,Fire Takaful,General,False,2026-06-07,2031-06-06,5,Quarterly,411.47,Active,AGT0081,Terengganu
POL0002955,PTP000976,Family Takaful - Life Protection,Family,True,2024-08-04,2025-08-04,1,Annual,1565.43,Active,AGT0149,Sarawak
POL0002956,PTP000762,Motor Takaful,General,False,2025-12-18,2035-12-16,10,Monthly,754.91,Lapsed,AGT0102,Pahang
POL0002957,PTP002877,Personal Accident Takaful,General,False,2021-10-08,2036-10-04,15,Annual,58.22,Active,AGT0076,Pahang
POL0002958,PTP000436,Family Takaful - Life Protection,Family,True,2023-03-28,2043-03-23,20,Monthly,879.2,Matured,AGT0088,Putrajaya
POL0002959,PTP001326,Personal Accident Takaful,General,False,2022-09-03,2042-08-29,20,Semi-Annual,841.9,Matured,AGT0123,Penang
POL0002960,PTP002787,Family Takaful - Education,Family,True,2021-12-18,2026-12-17,5,Quarterly,1829.51,Active,AGT0117,Perak
POL0002961,PTP000792,Fire Takaful,General,False,2022-05-02,2042-04-27,20,Semi-Annual,1434.15,Cancelled,AGT0085,Terengganu
POL0002962,PTP000223,Personal Accident Takaful,General,False,2025-08-10,2030-08-09,5,Semi-Annual,893.63,Cancelled,AGT0017,Kelantan
POL0002963,PTP001877,Fire Takaful,General,False,2025-09-19,2035-09-17,10,Monthly,742.63,Matured,AGT0098,Perlis
POL0002964,PTP002398,Medical & Health Takaful,Family,False,2025-07-21,2026-07-21,1,Quarterly,1494.25,Active,AGT0071,Negeri Sembilan
POL0002965,PTP002344,Fire Takaful,General,False,2024-11-24,2025-11-24,1,Quarterly,1702.72,Active,AGT0002,Melaka
POL0002966,PTP000808,Fire Takaful,General,False,2023-10-29,2028-10-27,5,Monthly,628.68,Matured,AGT0040,Perlis
POL0002967,PTP000810,Family Takaful - Education,Family,True,2026-07-31,2041-07-27,15,Semi-Annual,965.28,Lapsed,AGT0070,Perak
POL0002968,PTP000742,Family Takaful - Life Protection,Family,True,2022-02-09,2027-02-08,5,Quarterly,1375.47,Cancelled,AGT0028,Labuan
POL0002969,PTP000786,Motor Takaful,General,False,2022-01-15,2042-01-10,20,Quarterly,105.1,Active,AGT0053,Johor
POL0002970,PTP001859,Family Takaful - Retirement,Family,True,2022-02-18,2023-02-18,1,Semi-Annual,1340.19,Active,AGT0144,Pahang
POL0002971,PTP000061,Motor Takaful,General,False,2023-04-23,2028-04-21,5,Monthly,378.17,Active,AGT0081,Sarawak
POL0002972,PTP001322,Family Takaful - Education,Family,True,2023-06-11,2033-06-08,10,Quarterly,1317.87,Cancelled,AGT0076,Kedah
POL0002973,PTP000269,Fire Takaful,General,False,2025-12-06,2026-12-06,1,Monthly,1230.62,Matured,AGT0098,Kedah
POL0002974,PTP000802,Personal Accident Takaful,General,False,2024-11-27,2034-11-25,10,Monthly,920.17,Lapsed,AGT0067,Sarawak
POL0002975,PTP000996,Fire Takaful,General,False,2022-11-13,2032-11-10,10,Annual,640.25,Lapsed,AGT0140,Perak
POL0002976,PTP002824,Fire Takaful,General,False,2022-08-26,2023-08-26,1,Quarterly,826.22,Active,AGT0066,Pahang
POL0002977,PTP002258,Fire Takaful,General,False,2021-06-20,2026-06-19,5,Semi-Annual,1862.04,Active,AGT0031,Perlis
POL0002978,PTP002347,Fire Takaful,General,False,2022-02-14,2042-02-09,20,Monthly,1344.43,Active,AGT0046,Terengganu
POL0002979,PTP001202,Motor Takaful,General,False,2023-03-12,2024-03-11,1,Semi-Annual,1844.55,Active,AGT0108,Pahang
POL0002980,PTP000409,Family Takaful - Life Protection,Family,True,2023-06-08,2043-06-03,20,Monthly,1934.38,Lapsed,AGT0107,Putrajaya
POL0002981,PTP002836,Family Takaful - Retirement,Family,True,2025-05-01,2026-05-01,1,Annual,890.6,Lapsed,AGT0082,Melaka
POL0002982,PTP000988,Family Takaful - Life Protection,Family,True,2026-01-29,2027-01-29,1,Quarterly,993.99,Active,AGT0021,Perak
POL0002983,PTP002041,Fire Takaful,General,False,2023-11-30,2038-11-26,15,Semi-Annual,57.92,Cancelled,AGT0020,Sabah
POL0002984,PTP000443,Medical & Health Takaful,Family,False,2024-05-24,2025-05-24,1,Annual,1342.94,Active,AGT0116,Perak
POL0002985,PTP002434,Medical & Health Takaful,Family,False,2026-01-03,2031-01-02,5,Semi-Annual,1715.39,Active,AGT0111,Sabah
POL0002986,PTP002511,Family Takaful - Life Protection,Family,True,2021-09-24,2041-09-19,20,Monthly,1524.03,Active,AGT0114,Putrajaya
POL0002987,PTP001285,Fire Takaful,General,False,2025-04-27,2035-04-25,10,Semi-Annual,1008.23,Active,AGT0030,Perak
POL0002988,PTP002615,Family Takaful - Retirement,Family,True,2024-11-12,2029-11-11,5,Annual,1760.19,Cancelled,AGT0084,Selangor
POL0002989,PTP001067,Medical & Health Takaful,Family,False,2022-02-26,2037-02-22,15,Quarterly,268.78,Active,AGT0070,Kuala Lumpur
POL0002990,PTP000929,Motor Takaful,General,False,2026-03-24,2031-03-23,5,Annual,1698.52,Active,AGT0089,Putrajaya
POL0002991,PTP001713,Personal Accident Takaful,General,False,2021-08-24,2041-08-19,20,Semi-Annual,623.83,Active,AGT0016,Terengganu
POL0002992,PTP001607,Family Takaful - Life Protection,Family,True,2025-08-01,2026-08-01,1,Semi-Annual,475.23,Active,AGT0042,Sabah
POL0002993,PTP000778,Family Takaful - Education,Family,True,2023-05-11,2028-05-09,5,Annual,1254.6,Active,AGT0056,Negeri Sembilan
POL0002994,PTP000831,Family Takaful - Retirement,Family,True,2025-02-03,2045-01-29,20,Annual,1178.95,Matured,AGT0120,Perlis
POL0002995,PTP001013,Motor Takaful,General,False,2025-01-22,2045-01-17,20,Quarterly,1865.79,Active,AGT0070,Kedah
POL0002996,PTP001998,Fire Takaful,General,False,2025-07-26,2030-07-25,5,Quarterly,870.82,Active,AGT0025,Penang
POL0002997,PTP001891,Personal Accident Takaful,General,False,2022-04-20,2037-04-16,15,Quarterly,773.28,Cancelled,AGT0088,Pahang
POL0002998,PTP001422,Family Takaful - Life Protection,Family,True,2024-01-09,2034-01-06,10,Annual,1623.24,Active,AGT0134,Pahang
POL0002999,PTP002059,Personal Accident Takaful,General,False,2022-06-11,2042-06-06,20,Annual,564.16,Active,AGT0016,Putrajaya
POL0003000,PTP002884,Family Takaful - Life Protection,Family,True,2024-09-28,2034-09-26,10,Semi-Annual,1404.24,Active,AGT0149,Sarawak
POL0003001,PTP002871,Personal Accident Takaful,General,False,2024-05-10,2029-05-09,5,Monthly,216.04,Active,AGT0019,Terengganu
POL0003002,PTP001034,Family Takaful - Retirement,Family,True,2021-05-16,2041-05-11,20,Annual,832.69,Active,AGT0037,Terengganu
POL0003003,PTP002026,Family Takaful - Retirement,Family,True,2021-05-16,2031-05-14,10,Semi-Annual,94.05,Active,AGT0125,Putrajaya
POL0003004,PTP000081,Family Takaful - Life Protection,Family,True,2025-02-17,2035-02-15,10,Annual,1845.76,Active,AGT0060,Kuala Lumpur
POL0003005,PTP001855,Personal Accident Takaful,General,False,2025-12-14,2045-12-09,20,Annual,1633.26,Active,AGT0001,Selangor
POL0003006,PTP001619,Fire Takaful,General,False,2024-12-19,2025-12-19,1,Semi-Annual,1261.84,Active,AGT0044,Kedah
POL0003007,PTP001149,Personal Accident Takaful,General,False,2025-07-30,2026-07-30,1,Monthly,756.98,Active,AGT0017,Labuan
POL0003008,PTP000205,Motor Takaful,General,False,2022-09-19,2042-09-14,20,Monthly,345.51,Active,AGT0082,Penang
POL0003009,PTP002868,Family Takaful - Life Protection,Family,True,2021-04-27,2022-04-27,1,Semi-Annual,399.71,Active,AGT0024,Negeri Sembilan
POL0003010,PTP001808,Family Takaful - Retirement,Family,True,2025-12-31,2030-12-30,5,Monthly,1252.96,Lapsed,AGT0095,Pahang
POL0003011,PTP000519,Family Takaful - Life Protection,Family,True,2026-05-27,2046-05-22,20,Monthly,416.19,Active,AGT0127,Terengganu
POL0003012,PTP001967,Fire Takaful,General,False,2024-04-14,2034-04-12,10,Semi-Annual,784.65,Active,AGT0098,Kedah
POL0003013,PTP000802,Family Takaful - Life Protection,Family,True,2023-10-04,2043-09-29,20,Semi-Annual,1110.87,Matured,AGT0107,Pahang
POL0003014,PTP000272,Motor Takaful,General,False,2021-06-22,2026-06-21,5,Quarterly,1440.24,Lapsed,AGT0144,Perak
POL0003015,PTP001207,Family Takaful - Education,Family,True,2023-05-04,2024-05-03,1,Monthly,279.14,Active,AGT0066,Melaka
POL0003016,PTP002383,Family Takaful - Education,Family,True,2023-04-05,2033-04-02,10,Quarterly,1295.7,Matured,AGT0075,Johor
POL0003017,PTP001988,Fire Takaful,General,False,2026-06-06,2031-06-05,5,Quarterly,447.59,Matured,AGT0011,Putrajaya
POL0003018,PTP000455,Motor Takaful,General,False,2022-09-15,2023-09-15,1,Quarterly,1269.83,Active,AGT0099,Selangor
POL0003019,PTP001777,Fire Takaful,General,False,2023-02-11,2043-02-06,20,Quarterly,371.68,Active,AGT0097,Putrajaya
POL0003020,PTP002601,Fire Takaful,General,False,2022-04-10,2023-04-10,1,Monthly,1339.76,Active,AGT0016,Perak
POL0003021,PTP000965,Motor Takaful,General,False,2023-09-15,2038-09-11,15,Annual,1994.59,Matured,AGT0036,Terengganu
POL0003022,PTP001843,Motor Takaful,General,False,2024-07-20,2029-07-19,5,Annual,1575.56,Active,AGT0017,Penang
POL0003023,PTP002482,Fire Takaful,General,False,2023-02-15,2033-02-12,10,Annual,619.36,Active,AGT0134,Kelantan
POL0003024,PTP001020,Motor Takaful,General,False,2025-05-26,2030-05-25,5,Monthly,647.02,Active,AGT0060,Melaka
POL0003025,PTP002552,Family Takaful - Life Protection,Family,True,2021-08-24,2026-08-23,5,Semi-Annual,187.12,Active,AGT0067,Pahang
POL0003026,PTP000042,Motor Takaful,General,False,2021-07-01,2041-06-26,20,Quarterly,1303.27,Active,AGT0094,Labuan
POL0003027,PTP000568,Motor Takaful,General,False,2025-03-22,2045-03-17,20,Semi-Annual,520.98,Active,AGT0023,Selangor
POL0003028,PTP001569,Personal Accident Takaful,General,False,2026-05-24,2031-05-23,5,Quarterly,479.35,Active,AGT0082,Sarawak
POL0003029,PTP001211,Motor Takaful,General,False,2021-08-03,2026-08-02,5,Annual,1399.89,Active,AGT0148,Sabah
POL0003030,PTP000965,Motor Takaful,General,False,2025-01-23,2045-01-18,20,Semi-Annual,722.92,Lapsed,AGT0007,Penang
POL0003031,PTP000007,Fire Takaful,General,False,2022-04-04,2032-04-01,10,Semi-Annual,1373.18,Lapsed,AGT0141,Negeri Sembilan
POL0003032,PTP002013,Motor Takaful,General,False,2022-08-02,2023-08-02,1,Monthly,920.84,Active,AGT0141,Putrajaya
POL0003033,PTP000058,Family Takaful - Life Protection,Family,True,2022-07-06,2027-07-05,5,Annual,250.22,Active,AGT0014,Perak
POL0003034,PTP001411,Personal Accident Takaful,General,False,2023-10-26,2043-10-21,20,Quarterly,1879.5,Active,AGT0007,Sarawak
POL0003035,PTP000721,Family Takaful - Education,Family,True,2024-01-29,2025-01-28,1,Quarterly,1460.06,Active,AGT0034,Penang
POL0003036,PTP000225,Family Takaful - Life Protection,Family,True,2026-02-03,2031-02-02,5,Annual,1211.11,Active,AGT0092,Johor
POL0003037,PTP000638,Medical & Health Takaful,Family,False,2023-05-30,2038-05-26,15,Monthly,158.89,Active,AGT0110,Sarawak
POL0003038,PTP000852,Fire Takaful,General,False,2021-04-05,2026-04-04,5,Monthly,358.8,Active,AGT0110,Perlis
POL0003039,PTP002182,Motor Takaful,General,False,2022-12-15,2023-12-15,1,Annual,1816.9,Active,AGT0042,Johor
POL0003040,PTP000852,Family Takaful - Life Protection,Family,True,2024-05-25,2034-05-23,10,Semi-Annual,1175.35,Active,AGT0095,Kelantan
POL0003041,PTP001436,Medical & Health Takaful,Family,False,2022-10-16,2023-10-16,1,Quarterly,1181.1,Active,AGT0084,Kuala Lumpur
POL0003042,PTP002390,Fire Takaful,General,False,2024-05-29,2034-05-27,10,Semi-Annual,196.42,Active,AGT0054,Putrajaya
POL0003043,PTP001752,Personal Accident Takaful,General,False,2023-03-14,2038-03-10,15,Quarterly,1533.65,Active,AGT0107,Negeri Sembilan
POL0003044,PTP002081,Family Takaful - Retirement,Family,True,2025-10-21,2035-10-19,10,Annual,1990.53,Active,AGT0092,Pahang
POL0003045,PTP002773,Medical & Health Takaful,Family,False,2026-06-15,2027-06-15,1,Annual,677.04,Matured,AGT0014,Kelantan
POL0003046,PTP001901,Motor Takaful,General,False,2025-08-21,2035-08-19,10,Monthly,1735.4,Active,AGT0150,Selangor
POL0003047,PTP001283,Motor Takaful,General,False,2022-07-17,2032-07-14,10,Annual,855.02,Active,AGT0043,Perlis
POL0003048,PTP001075,Medical & Health Takaful,Family,False,2026-08-09,2046-08-04,20,Monthly,746.36,Lapsed,AGT0077,Kelantan
POL0003049,PTP001669,Personal Accident Takaful,General,False,2021-01-28,2036-01-25,15,Quarterly,479.73,Active,AGT0009,Negeri Sembilan
POL0003050,PTP000419,Medical & Health Takaful,Family,False,2022-08-06,2037-08-02,15,Quarterly,693.97,Active,AGT0041,Sabah
POL0003051,PTP001371,Family Takaful - Life Protection,Family,True,2022-03-27,2027-03-26,5,Quarterly,1543.61,Active,AGT0045,Negeri Sembilan
POL0003052,PTP001088,Fire Takaful,General,False,2025-04-15,2030-04-14,5,Annual,1801.16,Active,AGT0025,Negeri Sembilan
POL0003053,PTP002096,Medical & Health Takaful,Family,False,2023-12-16,2043-12-11,20,Monthly,1713.35,Active,AGT0025,Perak
POL0003054,PTP002757,Motor Takaful,General,False,2024-09-08,2034-09-06,10,Quarterly,770.92,Lapsed,AGT0140,Pahang
POL0003055,PTP000916,Fire Takaful,General,False,2023-07-19,2033-07-16,10,Semi-Annual,1025.43,Active,AGT0018,Perlis
POL0003056,PTP002419,Family Takaful - Retirement,Family,True,2023-07-02,2033-06-29,10,Semi-Annual,1848.38,Active,AGT0141,Labuan
POL0003057,PTP002672,Fire Takaful,General,False,2024-08-10,2025-08-10,1,Monthly,303.01,Active,AGT0012,Penang
POL0003058,PTP002246,Family Takaful - Education,Family,True,2026-07-27,2036-07-24,10,Annual,1520.43,Active,AGT0017,Johor
POL0003059,PTP000326,Family Takaful - Retirement,Family,True,2025-09-30,2030-09-29,5,Monthly,459.4,Active,AGT0025,Kuala Lumpur
POL0003060,PTP001289,Fire Takaful,General,False,2021-01-12,2031-01-10,10,Semi-Annual,1361.49,Active,AGT0100,Johor
POL0003061,PTP002534,Fire Takaful,General,False,2026-01-27,2036-01-25,10,Semi-Annual,170.11,Active,AGT0094,Sarawak
POL0003062,PTP001073,Fire Takaful,General,False,2024-04-06,2034-04-04,10,Semi-Annual,1220.84,Active,AGT0005,Negeri Sembilan
POL0003063,PTP000668,Family Takaful - Education,Family,True,2024-04-20,2025-04-20,1,Quarterly,1759.01,Active,AGT0105,Pahang
POL0003064,PTP001112,Motor Takaful,General,False,2021-05-28,2036-05-24,15,Quarterly,1117.02,Active,AGT0009,Terengganu
POL0003065,PTP001274,Family Takaful - Education,Family,True,2024-10-02,2025-10-02,1,Quarterly,1232.12,Active,AGT0115,Putrajaya
POL0003066,PTP000010,Personal Accident Takaful,General,False,2025-12-19,2045-12-14,20,Monthly,1990.85,Cancelled,AGT0103,Penang
POL0003067,PTP002747,Medical & Health Takaful,Family,False,2024-02-03,2025-02-02,1,Semi-Annual,461.95,Lapsed,AGT0044,Melaka
POL0003068,PTP002280,Family Takaful - Life Protection,Family,True,2025-04-05,2045-03-31,20,Semi-Annual,660.68,Active,AGT0094,Sabah
POL0003069,PTP001985,Medical & Health Takaful,Family,False,2021-09-10,2036-09-06,15,Quarterly,1186.9,Matured,AGT0107,Johor
POL0003070,PTP001535,Medical & Health Takaful,Family,False,2023-10-29,2043-10-24,20,Monthly,105.82,Matured,AGT0046,Labuan
POL0003071,PTP001740,Family Takaful - Education,Family,True,2021-03-21,2022-03-21,1,Quarterly,380.93,Active,AGT0020,Perak
POL0003072,PTP000112,Motor Takaful,General,False,2023-11-27,2033-11-24,10,Annual,1985.75,Active,AGT0086,Labuan
POL0003073,PTP000842,Fire Takaful,General,False,2023-12-05,2043-11-30,20,Quarterly,559.64,Active,AGT0109,Sarawak
POL0003074,PTP000838,Medical & Health Takaful,Family,False,2025-01-08,2045-01-03,20,Semi-Annual,1739.84,Active,AGT0022,Kedah
POL0003075,PTP003000,Motor Takaful,General,False,2026-04-24,2046-04-19,20,Monthly,1021.12,Active,AGT0133,Penang
POL0003076,PTP002580,Personal Accident Takaful,General,False,2021-12-25,2022-12-25,1,Quarterly,1455.67,Lapsed,AGT0084,Sabah
POL0003077,PTP000854,Family Takaful - Life Protection,Family,True,2022-01-20,2032-01-18,10,Semi-Annual,508.5,Active,AGT0114,Selangor
POL0003078,PTP002741,Medical & Health Takaful,Family,False,2022-02-07,2027-02-06,5,Annual,1004.86,Lapsed,AGT0107,Kedah
POL0003079,PTP001007,Fire Takaful,General,False,2026-06-11,2046-06-06,20,Monthly,1309.47,Active,AGT0045,Sabah
POL0003080,PTP000207,Personal Accident Takaful,General,False,2022-08-04,2027-08-03,5,Semi-Annual,1764.42,Active,AGT0076,Kedah
POL0003081,PTP001303,Family Takaful - Education,Family,True,2026-07-04,2046-06-29,20,Monthly,1563.8,Active,AGT0066,Terengganu
POL0003082,PTP001949,Family Takaful - Education,Family,True,2021-05-21,2031-05-19,10,Semi-Annual,1946.16,Cancelled,AGT0005,Selangor
POL0003083,PTP002881,Personal Accident Takaful,General,False,2023-02-03,2043-01-29,20,Quarterly,624.58,Active,AGT0025,Labuan
POL0003084,PTP000180,Fire Takaful,General,False,2022-05-25,2042-05-20,20,Quarterly,1611.4,Matured,AGT0025,Kedah
POL0003085,PTP002026,Medical & Health Takaful,Family,False,2024-02-04,2029-02-02,5,Quarterly,552.02,Cancelled,AGT0016,Pahang
POL0003086,PTP002735,Medical & Health Takaful,Family,False,2022-11-30,2032-11-27,10,Monthly,1429.06,Active,AGT0058,Kedah
POL0003087,PTP001424,Motor Takaful,General,False,2022-04-17,2027-04-16,5,Quarterly,846.59,Lapsed,AGT0013,Penang
POL0003088,PTP002573,Family Takaful - Retirement,Family,True,2022-10-01,2042-09-26,20,Annual,1914.16,Active,AGT0142,Terengganu
POL0003089,PTP001179,Medical & Health Takaful,Family,False,2022-12-21,2023-12-21,1,Annual,230.21,Active,AGT0014,Perlis
POL0003090,PTP000673,Family Takaful - Education,Family,True,2022-07-15,2023-07-15,1,Semi-Annual,1655.72,Active,AGT0097,Perlis
POL0003091,PTP001166,Fire Takaful,General,False,2024-10-15,2029-10-14,5,Quarterly,808.3,Active,AGT0063,Pahang
POL0003092,PTP000180,Fire Takaful,General,False,2022-02-16,2023-02-16,1,Semi-Annual,517.65,Matured,AGT0097,Pahang
POL0003093,PTP000111,Motor Takaful,General,False,2022-06-28,2042-06-23,20,Semi-Annual,211.11,Active,AGT0150,Melaka
POL0003094,PTP001459,Family Takaful - Retirement,Family,True,2024-02-13,2044-02-08,20,Semi-Annual,906.4,Active,AGT0038,Kuala Lumpur
POL0003095,PTP001184,Medical & Health Takaful,Family,False,2023-10-24,2033-10-21,10,Monthly,1983.68,Active,AGT0093,Perlis
POL0003096,PTP000946,Motor Takaful,General,False,2023-11-20,2043-11-15,20,Semi-Annual,53.7,Lapsed,AGT0084,Johor
POL0003097,PTP001162,Family Takaful - Retirement,Family,True,2023-11-26,2033-11-23,10,Semi-Annual,870.26,Active,AGT0133,Penang
POL0003098,PTP001198,Fire Takaful,General,False,2024-07-27,2029-07-26,5,Annual,668.29,Active,AGT0082,Selangor
POL0003099,PTP002295,Motor Takaful,General,False,2023-07-29,2024-07-28,1,Monthly,537.5,Active,AGT0143,Negeri Sembilan
POL0003100,PTP000636,Family Takaful - Education,Family,True,2023-09-01,2043-08-27,20,Annual,240.94,Lapsed,AGT0128,Pahang
POL0003101,PTP001068,Motor Takaful,General,False,2023-06-16,2043-06-11,20,Annual,468.58,Active,AGT0034,Putrajaya
POL0003102,PTP000500,Family Takaful - Retirement,Family,True,2023-10-27,2028-10-25,5,Monthly,368.3,Active,AGT0082,Selangor
POL0003103,PTP002936,Family Takaful - Life Protection,Family,True,2023-05-13,2033-05-10,10,Quarterly,1526.68,Active,AGT0036,Sabah
POL0003104,PTP000941,Personal Accident Takaful,General,False,2026-02-08,2031-02-07,5,Semi-Annual,134.96,Matured,AGT0124,Terengganu
POL0003105,PTP000887,Personal Accident Takaful,General,False,2026-05-10,2027-05-10,1,Monthly,1888.78,Matured,AGT0061,Sabah
POL0003106,PTP000962,Motor Takaful,General,False,2026-06-29,2041-06-25,15,Semi-Annual,458.99,Active,AGT0001,Pahang
POL0003107,PTP002169,Family Takaful - Life Protection,Family,True,2026-02-28,2036-02-26,10,Quarterly,744.94,Cancelled,AGT0058,Sabah
POL0003108,PTP000359,Motor Takaful,General,False,2024-02-26,2034-02-23,10,Monthly,1764.09,Active,AGT0089,Penang
POL0003109,PTP002162,Family Takaful - Education,Family,True,2022-02-13,2042-02-08,20,Quarterly,1259.69,Active,AGT0128,Kedah
POL0003110,PTP001169,Family Takaful - Life Protection,Family,True,2021-01-09,2036-01-06,15,Quarterly,547.65,Active,AGT0082,Pahang
POL0003111,PTP000771,Personal Accident Takaful,General,False,2024-06-18,2029-06-17,5,Annual,415.79,Lapsed,AGT0114,Perak
POL0003112,PTP002562,Family Takaful - Education,Family,True,2024-01-13,2025-01-12,1,Quarterly,1665.87,Active,AGT0038,Melaka
POL0003113,PTP000803,Personal Accident Takaful,General,False,2021-05-11,2022-05-11,1,Monthly,1245.17,Active,AGT0118,Kedah
POL0003114,PTP000458,Medical & Health Takaful,Family,False,2023-03-01,2028-02-28,5,Quarterly,310.87,Active,AGT0133,Labuan
POL0003115,PTP000700,Family Takaful - Retirement,Family,True,2023-11-09,2038-11-05,15,Monthly,1030.32,Matured,AGT0031,Perak
POL0003116,PTP000343,Family Takaful - Life Protection,Family,True,2025-02-07,2040-02-04,15,Annual,1257.88,Matured,AGT0020,Kuala Lumpur
POL0003117,PTP000601,Family Takaful - Retirement,Family,True,2022-04-02,2042-03-28,20,Quarterly,1979.06,Active,AGT0042,Melaka
POL0003118,PTP001192,Fire Takaful,General,False,2025-01-14,2030-01-13,5,Annual,1999.17,Active,AGT0150,Penang
POL0003119,PTP001457,Family Takaful - Life Protection,Family,True,2023-05-13,2024-05-12,1,Annual,225.55,Active,AGT0148,Terengganu
POL0003120,PTP000438,Medical & Health Takaful,Family,False,2025-07-20,2035-07-18,10,Monthly,1716.22,Matured,AGT0137,Kuala Lumpur
POL0003121,PTP000216,Family Takaful - Retirement,Family,True,2024-02-05,2034-02-02,10,Quarterly,1948.29,Active,AGT0100,Kuala Lumpur
POL0003122,PTP000480,Fire Takaful,General,False,2022-06-02,2027-06-01,5,Quarterly,239.74,Active,AGT0121,Terengganu
POL0003123,PTP000378,Family Takaful - Education,Family,True,2021-05-18,2022-05-18,1,Annual,470.43,Lapsed,AGT0090,Labuan
POL0003124,PTP001279,Family Takaful - Life Protection,Family,True,2026-04-29,2031-04-28,5,Annual,1119.95,Cancelled,AGT0024,Melaka
POL0003125,PTP001500,Motor Takaful,General,False,2021-11-02,2036-10-29,15,Monthly,492.4,Matured,AGT0028,Sabah
POL0003126,PTP002426,Personal Accident Takaful,General,False,2021-11-15,2041-11-10,20,Annual,359.93,Active,AGT0122,Perak
POL0003127,PTP001353,Personal Accident Takaful,General,False,2022-04-09,2023-04-09,1,Monthly,321.73,Lapsed,AGT0053,Penang
POL0003128,PTP000216,Family Takaful - Life Protection,Family,True,2025-04-09,2030-04-08,5,Monthly,503.33,Active,AGT0099,Putrajaya
POL0003129,PTP002759,Family Takaful - Retirement,Family,True,2022-12-16,2032-12-13,10,Quarterly,362.13,Active,AGT0084,Negeri Sembilan
POL0003130,PTP001612,Family Takaful - Retirement,Family,True,2024-02-16,2039-02-12,15,Monthly,783.32,Active,AGT0024,Negeri Sembilan
POL0003131,PTP001518,Family Takaful - Retirement,Family,True,2021-08-08,2026-08-07,5,Quarterly,800.51,Active,AGT0073,Sabah
POL0003132,PTP000836,Medical & Health Takaful,Family,False,2022-10-15,2032-10-12,10,Annual,902.13,Matured,AGT0033,Sabah
POL0003133,PTP001677,Fire Takaful,General,False,2026-05-28,2041-05-24,15,Semi-Annual,194.06,Active,AGT0004,Melaka
POL0003134,PTP001457,Personal Accident Takaful,General,False,2024-10-05,2029-10-04,5,Semi-Annual,1524.45,Lapsed,AGT0044,Kuala Lumpur
POL0003135,PTP001475,Motor Takaful,General,False,2025-10-15,2035-10-13,10,Quarterly,1941.67,Active,AGT0116,Kuala Lumpur
POL0003136,PTP001538,Family Takaful - Retirement,Family,True,2023-07-29,2038-07-25,15,Annual,212.06,Active,AGT0049,Negeri Sembilan
POL0003137,PTP002096,Motor Takaful,General,False,2026-06-13,2031-06-12,5,Annual,184.73,Active,AGT0090,Kelantan
POL0003138,PTP001406,Family Takaful - Life Protection,Family,True,2025-02-26,2030-02-25,5,Monthly,1857.61,Lapsed,AGT0082,Melaka
POL0003139,PTP000752,Family Takaful - Retirement,Family,True,2021-01-20,2022-01-20,1,Semi-Annual,727.22,Active,AGT0120,Kuala Lumpur
POL0003140,PTP002883,Motor Takaful,General,False,2025-08-31,2045-08-26,20,Quarterly,102.16,Active,AGT0095,Terengganu
POL0003141,PTP002059,Fire Takaful,General,False,2023-07-09,2038-07-05,15,Semi-Annual,558.68,Active,AGT0115,Terengganu
POL0003142,PTP002511,Medical & Health Takaful,Family,False,2026-06-02,2036-05-30,10,Semi-Annual,309.32,Matured,AGT0149,Kuala Lumpur
POL0003143,PTP002996,Personal Accident Takaful,General,False,2024-05-27,2029-05-26,5,Quarterly,799.95,Lapsed,AGT0084,Kelantan
POL0003144,PTP002110,Family Takaful - Retirement,Family,True,2026-07-20,2046-07-15,20,Annual,689.22,Active,AGT0111,Labuan
POL0003145,PTP000743,Personal Accident Takaful,General,False,2024-07-24,2029-07-23,5,Monthly,160.62,Active,AGT0002,Kelantan
POL0003146,PTP001799,Motor Takaful,General,False,2023-12-08,2033-12-05,10,Quarterly,261.2,Active,AGT0041,Negeri Sembilan
POL0003147,PTP001691,Medical & Health Takaful,Family,False,2021-10-18,2041-10-13,20,Quarterly,1252.97,Active,AGT0044,Sarawak
POL0003148,PTP001799,Family Takaful - Education,Family,True,2021-03-25,2022-03-25,1,Semi-Annual,1461.52,Matured,AGT0099,Sarawak
POL0003149,PTP001304,Family Takaful - Education,Family,True,2026-06-14,2036-06-11,10,Semi-Annual,932.17,Active,AGT0047,Kuala Lumpur
POL0003150,PTP002305,Fire Takaful,General,False,2023-10-04,2038-09-30,15,Monthly,198.8,Active,AGT0080,Perlis
POL0003151,PTP001121,Personal Accident Takaful,General,False,2022-03-20,2042-03-15,20,Quarterly,1917.7,Lapsed,AGT0074,Penang
POL0003152,PTP002695,Family Takaful - Education,Family,True,2023-05-16,2038-05-12,15,Monthly,1011.48,Active,AGT0057,Perak
POL0003153,PTP002905,Fire Takaful,General,False,2023-12-27,2024-12-26,1,Monthly,188.15,Active,AGT0049,Kuala Lumpur
POL0003154,PTP001018,Fire Takaful,General,False,2026-06-08,2027-06-08,1,Monthly,1257.26,Active,AGT0106,Putrajaya
POL0003155,PTP002421,Family Takaful - Education,Family,True,2026-03-21,2041-03-17,15,Quarterly,1609.39,Active,AGT0028,Perlis
POL0003156,PTP002340,Personal Accident Takaful,General,False,2022-08-10,2037-08-06,15,Quarterly,722.82,Active,AGT0106,Kuala Lumpur
POL0003157,PTP000346,Family Takaful - Education,Family,True,2021-03-08,2036-03-04,15,Annual,1292.67,Active,AGT0014,Selangor
POL0003158,PTP002435,Fire Takaful,General,False,2026-03-08,2027-03-08,1,Quarterly,172.83,Active,AGT0102,Kelantan
POL0003159,PTP000293,Motor Takaful,General,False,2021-02-05,2036-02-02,15,Semi-Annual,232.81,Lapsed,AGT0117,Kuala Lumpur
POL0003160,PTP000027,Medical & Health Takaful,Family,False,2021-09-13,2022-09-13,1,Quarterly,245.46,Lapsed,AGT0034,Johor
POL0003161,PTP000694,Fire Takaful,General,False,2025-06-10,2045-06-05,20,Monthly,1666.09,Active,AGT0010,Johor
POL0003162,PTP000314,Personal Accident Takaful,General,False,2021-10-07,2036-10-03,15,Semi-Annual,1154.27,Lapsed,AGT0029,Selangor
POL0003163,PTP001565,Medical & Health Takaful,Family,False,2025-11-23,2045-11-18,20,Annual,1060.42,Lapsed,AGT0011,Johor
POL0003164,PTP001154,Motor Takaful,General,False,2024-06-02,2025-06-02,1,Annual,209.05,Active,AGT0046,Perak
POL0003165,PTP000622,Family Takaful - Retirement,Family,True,2022-04-05,2042-03-31,20,Quarterly,793.21,Matured,AGT0085,Kelantan
POL0003166,PTP000498,Medical & Health Takaful,Family,False,2026-01-02,2031-01-01,5,Annual,261.67,Active,AGT0040,Pahang
POL0003167,PTP001038,Personal Accident Takaful,General,False,2024-05-19,2044-05-14,20,Semi-Annual,811.43,Active,AGT0041,Melaka
POL0003168,PTP000642,Fire Takaful,General,False,2021-12-09,2041-12-04,20,Quarterly,1343.58,Matured,AGT0068,Kuala Lumpur
POL0003169,PTP001358,Fire Takaful,General,False,2026-03-27,2036-03-24,10,Semi-Annual,1254.49,Active,AGT0044,Negeri Sembilan
POL0003170,PTP000581,Family Takaful - Retirement,Family,True,2022-07-21,2037-07-17,15,Semi-Annual,469.78,Active,AGT0030,Putrajaya
POL0003171,PTP002578,Family Takaful - Retirement,Family,True,2024-03-23,2044-03-18,20,Monthly,913.13,Lapsed,AGT0050,Perak
POL0003172,PTP000010,Family Takaful - Life Protection,Family,True,2021-03-10,2036-03-06,15,Quarterly,225.69,Active,AGT0034,Selangor
POL0003173,PTP000963,Family Takaful - Education,Family,True,2025-08-29,2040-08-25,15,Annual,879.36,Active,AGT0133,Sabah
POL0003174,PTP000729,Motor Takaful,General,False,2026-06-27,2046-06-22,20,Quarterly,71.21,Active,AGT0012,Negeri Sembilan
POL0003175,PTP002508,Medical & Health Takaful,Family,False,2023-08-02,2024-08-01,1,Annual,1411.04,Active,AGT0115,Perlis
POL0003176,PTP000716,Motor Takaful,General,False,2025-03-30,2026-03-30,1,Annual,1283.9,Matured,AGT0080,Penang
POL0003177,PTP002611,Family Takaful - Education,Family,True,2023-11-19,2038-11-15,15,Annual,289.87,Active,AGT0084,Melaka
POL0003178,PTP001314,Fire Takaful,General,False,2023-12-21,2033-12-18,10,Semi-Annual,1823.11,Active,AGT0031,Kedah
POL0003179,PTP002818,Personal Accident Takaful,General,False,2026-01-19,2027-01-19,1,Semi-Annual,721.92,Active,AGT0129,Sarawak
POL0003180,PTP002604,Personal Accident Takaful,General,False,2022-12-16,2042-12-11,20,Annual,1822.4,Lapsed,AGT0038,Sabah
POL0003181,PTP001919,Personal Accident Takaful,General,False,2025-03-27,2040-03-23,15,Semi-Annual,1923.68,Lapsed,AGT0137,Negeri Sembilan
POL0003182,PTP000525,Medical & Health Takaful,Family,False,2024-06-03,2044-05-29,20,Semi-Annual,1552.37,Cancelled,AGT0079,Pahang
POL0003183,PTP002573,Family Takaful - Retirement,Family,True,2021-08-29,2026-08-28,5,Monthly,1789.85,Lapsed,AGT0040,Johor
POL0003184,PTP001230,Family Takaful - Life Protection,Family,True,2025-04-25,2040-04-21,15,Semi-Annual,686.4,Active,AGT0052,Sabah
POL0003185,PTP000881,Family Takaful - Life Protection,Family,True,2023-10-17,2033-10-14,10,Semi-Annual,1589.45,Lapsed,AGT0056,Terengganu
POL0003186,PTP001588,Medical & Health Takaful,Family,False,2022-10-26,2027-10-25,5,Annual,1559.68,Lapsed,AGT0124,Terengganu
POL0003187,PTP001243,Motor Takaful,General,False,2022-09-02,2023-09-02,1,Quarterly,1947.73,Lapsed,AGT0141,Selangor
POL0003188,PTP000464,Family Takaful - Life Protection,Family,True,2023-08-12,2038-08-08,15,Monthly,1295.72,Lapsed,AGT0020,Terengganu
POL0003189,PTP002753,Medical & Health Takaful,Family,False,2026-05-28,2027-05-28,1,Semi-Annual,243.63,Matured,AGT0030,Penang
POL0003190,PTP001459,Fire Takaful,General,False,2022-03-19,2037-03-15,15,Quarterly,1683.57,Active,AGT0063,Melaka
POL0003191,PTP000658,Motor Takaful,General,False,2021-10-28,2022-10-28,1,Annual,748.47,Matured,AGT0104,Pahang
POL0003192,PTP000160,Motor Takaful,General,False,2021-09-20,2036-09-16,15,Annual,443.89,Matured,AGT0094,Selangor
POL0003193,PTP001512,Medical & Health Takaful,Family,False,2022-07-16,2023-07-16,1,Semi-Annual,1749.92,Active,AGT0143,Penang
POL0003194,PTP000255,Family Takaful - Education,Family,True,2023-12-21,2033-12-18,10,Monthly,480.87,Active,AGT0125,Kedah
POL0003195,PTP000567,Personal Accident Takaful,General,False,2021-02-27,2036-02-24,15,Semi-Annual,705.0,Active,AGT0106,Sarawak
POL0003196,PTP002268,Family Takaful - Education,Family,True,2022-12-11,2037-12-07,15,Quarterly,1733.84,Matured,AGT0114,Perlis
POL0003197,PTP000928,Fire Takaful,General,False,2022-02-16,2023-02-16,1,Monthly,653.32,Lapsed,AGT0118,Pahang
POL0003198,PTP000937,Personal Accident Takaful,General,False,2026-05-03,2027-05-03,1,Semi-Annual,588.83,Matured,AGT0048,Perlis
POL0003199,PTP002955,Family Takaful - Retirement,Family,True,2022-07-03,2042-06-28,20,Annual,480.45,Active,AGT0066,Kelantan
POL0003200,PTP000459,Family Takaful - Retirement,Family,True,2023-03-26,2043-03-21,20,Monthly,1480.72,Active,AGT0077,Perak
POL0003201,PTP002829,Motor Takaful,General,False,2024-07-05,2034-07-03,10,Semi-Annual,1750.54,Active,AGT0122,Melaka
POL0003202,PTP001009,Motor Takaful,General,False,2024-04-14,2039-04-11,15,Quarterly,1760.39,Lapsed,AGT0124,Sabah
POL0003203,PTP002670,Family Takaful - Retirement,Family,True,2024-09-28,2044-09-23,20,Quarterly,943.58,Active,AGT0074,Pahang
POL0003204,PTP001413,Fire Takaful,General,False,2024-04-23,2025-04-23,1,Semi-Annual,1469.76,Active,AGT0006,Selangor
POL0003205,PTP000462,Family Takaful - Retirement,Family,True,2025-06-25,2026-06-25,1,Annual,263.56,Active,AGT0083,Melaka
POL0003206,PTP001523,Family Takaful - Life Protection,Family,True,2021-05-09,2031-05-07,10,Annual,908.36,Active,AGT0033,Perlis
POL0003207,PTP002436,Family Takaful - Life Protection,Family,True,2023-05-31,2028-05-29,5,Quarterly,1154.71,Matured,AGT0003,Kuala Lumpur
POL0003208,PTP002752,Fire Takaful,General,False,2022-06-08,2032-06-05,10,Quarterly,1489.55,Active,AGT0047,Terengganu
POL0003209,PTP001640,Fire Takaful,General,False,2023-04-25,2038-04-21,15,Annual,1693.21,Active,AGT0056,Johor
POL0003210,PTP000720,Personal Accident Takaful,General,False,2025-01-09,2030-01-08,5,Annual,657.34,Lapsed,AGT0032,Kedah
POL0003211,PTP000390,Fire Takaful,General,False,2022-04-25,2023-04-25,1,Monthly,917.57,Active,AGT0053,Terengganu
POL0003212,PTP002283,Family Takaful - Life Protection,Family,True,2025-08-12,2030-08-11,5,Quarterly,1788.65,Active,AGT0023,Pahang
POL0003213,PTP001757,Motor Takaful,General,False,2024-06-19,2034-06-17,10,Annual,479.54,Matured,AGT0122,Penang
POL0003214,PTP001875,Family Takaful - Education,Family,True,2023-08-05,2033-08-02,10,Quarterly,1904.3,Active,AGT0132,Penang
POL0003215,PTP000232,Family Takaful - Retirement,Family,True,2024-02-16,2044-02-11,20,Quarterly,1798.38,Active,AGT0041,Labuan
POL0003216,PTP000873,Motor Takaful,General,False,2025-10-05,2035-10-03,10,Quarterly,438.26,Matured,AGT0111,Penang
POL0003217,PTP000632,Family Takaful - Education,Family,True,2022-08-02,2042-07-28,20,Annual,870.36,Active,AGT0040,Labuan
POL0003218,PTP001972,Family Takaful - Retirement,Family,True,2022-02-26,2032-02-24,10,Annual,483.35,Lapsed,AGT0013,Putrajaya
POL0003219,PTP001449,Family Takaful - Education,Family,True,2025-04-22,2040-04-18,15,Monthly,1251.12,Active,AGT0033,Pahang
POL0003220,PTP001622,Motor Takaful,General,False,2024-09-12,2044-09-07,20,Semi-Annual,1729.37,Active,AGT0074,Kedah
POL0003221,PTP000842,Family Takaful - Education,Family,True,2021-12-10,2022-12-10,1,Semi-Annual,673.69,Active,AGT0008,Sabah
POL0003222,PTP001585,Fire Takaful,General,False,2022-05-28,2023-05-28,1,Annual,1059.9,Lapsed,AGT0003,Kedah
POL0003223,PTP001675,Family Takaful - Life Protection,Family,True,2022-11-27,2027-11-26,5,Monthly,1385.25,Active,AGT0044,Perak
POL0003224,PTP002436,Fire Takaful,General,False,2021-12-31,2036-12-27,15,Annual,1647.35,Active,AGT0016,Putrajaya
POL0003225,PTP000985,Personal Accident Takaful,General,False,2025-11-29,2026-11-29,1,Semi-Annual,1313.57,Active,AGT0083,Melaka
POL0003226,PTP001262,Personal Accident Takaful,General,False,2023-03-26,2024-03-25,1,Semi-Annual,57.75,Lapsed,AGT0116,Labuan
POL0003227,PTP001921,Family Takaful - Retirement,Family,True,2022-05-12,2032-05-09,10,Semi-Annual,1802.46,Matured,AGT0129,Sarawak
POL0003228,PTP000398,Medical & Health Takaful,Family,False,2023-09-29,2028-09-27,5,Semi-Annual,1527.65,Active,AGT0063,Perlis
POL0003229,PTP000807,Family Takaful - Education,Family,True,2024-09-23,2039-09-20,15,Annual,1482.46,Active,AGT0098,Kelantan
POL0003230,PTP000229,Medical & Health Takaful,Family,False,2021-08-28,2026-08-27,5,Semi-Annual,1663.22,Active,AGT0098,Perlis
POL0003231,PTP001748,Family Takaful - Education,Family,True,2025-05-03,2045-04-28,20,Semi-Annual,1299.44,Active,AGT0093,Perak
POL0003232,PTP001748,Family Takaful - Education,Family,True,2021-07-13,2036-07-09,15,Annual,1050.15,Active,AGT0054,Perak
POL0003233,PTP001579,Personal Accident Takaful,General,False,2023-11-10,2038-11-06,15,Monthly,578.73,Active,AGT0067,Penang
POL0003234,PTP000740,Fire Takaful,General,False,2024-01-20,2025-01-19,1,Semi-Annual,1365.02,Active,AGT0112,Negeri Sembilan
POL0003235,PTP002109,Personal Accident Takaful,General,False,2023-05-12,2033-05-09,10,Annual,1186.98,Active,AGT0002,Penang
POL0003236,PTP002262,Fire Takaful,General,False,2022-09-29,2023-09-29,1,Annual,1808.27,Active,AGT0056,Johor
POL0003237,PTP002427,Family Takaful - Life Protection,Family,True,2022-08-18,2037-08-14,15,Monthly,208.39,Active,AGT0148,Kedah
POL0003238,PTP002290,Personal Accident Takaful,General,False,2022-03-10,2042-03-05,20,Quarterly,1091.86,Active,AGT0086,Selangor
POL0003239,PTP000399,Personal Accident Takaful,General,False,2021-10-31,2036-10-27,15,Annual,1487.19,Active,AGT0003,Johor
POL0003240,PTP002095,Family Takaful - Education,Family,True,2025-11-01,2040-10-28,15,Semi-Annual,1383.17,Lapsed,AGT0033,Perlis
POL0003241,PTP000538,Family Takaful - Retirement,Family,True,2021-12-21,2031-12-19,10,Quarterly,300.96,Active,AGT0028,Kelantan
POL0003242,PTP001788,Family Takaful - Retirement,Family,True,2021-11-26,2036-11-22,15,Quarterly,1898.84,Active,AGT0022,Putrajaya
POL0003243,PTP001187,Motor Takaful,General,False,2023-10-05,2024-10-04,1,Quarterly,516.61,Lapsed,AGT0126,Perlis
POL0003244,PTP000747,Personal Accident Takaful,General,False,2024-11-12,2034-11-10,10,Annual,1252.86,Active,AGT0095,Penang
POL0003245,PTP000381,Personal Accident Takaful,General,False,2022-06-07,2032-06-04,10,Annual,902.72,Active,AGT0087,Johor
POL0003246,PTP001571,Family Takaful - Life Protection,Family,True,2022-03-26,2037-03-22,15,Monthly,380.54,Lapsed,AGT0065,Sarawak
POL0003247,PTP001694,Family Takaful - Life Protection,Family,True,2022-01-16,2027-01-15,5,Quarterly,610.28,Lapsed,AGT0007,Sarawak
POL0003248,PTP000827,Family Takaful - Retirement,Family,True,2025-07-06,2026-07-06,1,Semi-Annual,1441.53,Cancelled,AGT0107,Putrajaya
POL0003249,PTP001335,Medical & Health Takaful,Family,False,2024-05-20,2034-05-18,10,Semi-Annual,884.39,Active,AGT0065,Perak
POL0003250,PTP000471,Motor Takaful,General,False,2026-06-24,2031-06-23,5,Quarterly,1248.84,Active,AGT0033,Pahang
POL0003251,PTP001336,Motor Takaful,General,False,2026-06-29,2041-06-25,15,Monthly,595.02,Matured,AGT0090,Kuala Lumpur
POL0003252,PTP000893,Personal Accident Takaful,General,False,2021-09-24,2031-09-22,10,Semi-Annual,179.26,Lapsed,AGT0098,Terengganu
POL0003253,PTP000221,Motor Takaful,General,False,2025-08-31,2035-08-29,10,Annual,1401.95,Active,AGT0057,Labuan
POL0003254,PTP001092,Family Takaful - Retirement,Family,True,2026-05-18,2041-05-14,15,Semi-Annual,202.51,Active,AGT0087,Kedah
POL0003255,PTP002627,Personal Accident Takaful,General,False,2023-10-17,2033-10-14,10,Monthly,1734.64,Active,AGT0095,Putrajaya
POL0003256,PTP000555,Motor Takaful,General,False,2025-12-30,2040-12-26,15,Semi-Annual,1685.8,Active,AGT0041,Kuala Lumpur
POL0003257,PTP001725,Personal Accident Takaful,General,False,2026-08-06,2027-08-06,1,Quarterly,1740.67,Active,AGT0097,Putrajaya
POL0003258,PTP002786,Medical & Health Takaful,Family,False,2026-02-04,2036-02-02,10,Monthly,657.22,Active,AGT0144,Melaka
POL0003259,PTP000832,Motor Takaful,General,False,2026-04-06,2027-04-06,1,Monthly,1511.23,Active,AGT0015,Selangor
POL0003260,PTP000893,Fire Takaful,General,False,2024-02-02,2025-02-01,1,Quarterly,1263.43,Active,AGT0131,Sabah
POL0003261,PTP001956,Fire Takaful,General,False,2022-04-10,2037-04-06,15,Quarterly,436.29,Lapsed,AGT0014,Sarawak
POL0003262,PTP000327,Fire Takaful,General,False,2021-02-14,2036-02-11,15,Semi-Annual,824.89,Matured,AGT0093,Johor
POL0003263,PTP002055,Family Takaful - Retirement,Family,True,2026-04-30,2046-04-25,20,Annual,1591.83,Lapsed,AGT0120,Negeri Sembilan
POL0003264,PTP001433,Personal Accident Takaful,General,False,2026-07-07,2046-07-02,20,Semi-Annual,1478.3,Active,AGT0149,Labuan
POL0003265,PTP000350,Family Takaful - Education,Family,True,2024-04-12,2044-04-07,20,Semi-Annual,218.88,Active,AGT0014,Kelantan
POL0003266,PTP002413,Fire Takaful,General,False,2022-12-26,2027-12-25,5,Semi-Annual,1295.3,Active,AGT0138,Sarawak
POL0003267,PTP000545,Personal Accident Takaful,General,False,2026-07-14,2046-07-09,20,Annual,1926.21,Active,AGT0109,Negeri Sembilan
POL0003268,PTP000599,Family Takaful - Education,Family,True,2021-03-27,2026-03-26,5,Annual,415.2,Matured,AGT0085,Kuala Lumpur
POL0003269,PTP002628,Family Takaful - Life Protection,Family,True,2021-07-23,2031-07-21,10,Semi-Annual,1835.93,Active,AGT0070,Sabah
POL0003270,PTP000162,Fire Takaful,General,False,2025-12-20,2040-12-16,15,Monthly,779.14,Cancelled,AGT0058,Sarawak
POL0003271,PTP001382,Family Takaful - Life Protection,Family,True,2024-03-02,2044-02-26,20,Annual,778.45,Active,AGT0146,Perlis
POL0003272,PTP002824,Family Takaful - Education,Family,True,2021-05-05,2041-04-30,20,Quarterly,577.42,Lapsed,AGT0123,Kuala Lumpur
POL0003273,PTP001233,Personal Accident Takaful,General,False,2024-07-23,2029-07-22,5,Annual,1066.94,Active,AGT0102,Penang
POL0003274,PTP000588,Fire Takaful,General,False,2026-01-12,2041-01-08,15,Quarterly,1007.28,Active,AGT0051,Pahang
POL0003275,PTP001229,Fire Takaful,General,False,2024-08-07,2039-08-04,15,Semi-Annual,1513.71,Lapsed,AGT0031,Terengganu
POL0003276,PTP000809,Fire Takaful,General,False,2023-02-23,2033-02-20,10,Semi-Annual,1139.02,Active,AGT0017,Sabah
POL0003277,PTP000207,Family Takaful - Education,Family,True,2024-09-20,2044-09-15,20,Semi-Annual,1849.12,Active,AGT0008,Sabah
POL0003278,PTP001146,Family Takaful - Education,Family,True,2026-01-22,2027-01-22,1,Semi-Annual,469.1,Active,AGT0063,Labuan
POL0003279,PTP002961,Family Takaful - Life Protection,Family,True,2023-06-11,2024-06-10,1,Quarterly,448.89,Active,AGT0075,Putrajaya
POL0003280,PTP000508,Personal Accident Takaful,General,False,2026-05-30,2041-05-26,15,Monthly,366.78,Lapsed,AGT0121,Negeri Sembilan
POL0003281,PTP002981,Family Takaful - Life Protection,Family,True,2022-12-29,2023-12-29,1,Monthly,118.37,Active,AGT0127,Melaka
POL0003282,PTP002220,Personal Accident Takaful,General,False,2022-07-01,2023-07-01,1,Monthly,1431.65,Matured,AGT0087,Selangor
POL0003283,PTP002999,Medical & Health Takaful,Family,False,2025-09-24,2030-09-23,5,Quarterly,206.35,Active,AGT0016,Melaka
POL0003284,PTP002404,Medical & Health Takaful,Family,False,2021-11-25,2041-11-20,20,Semi-Annual,1805.65,Active,AGT0102,Kelantan
POL0003285,PTP000704,Medical & Health Takaful,Family,False,2022-01-12,2032-01-10,10,Monthly,734.26,Cancelled,AGT0082,Perlis
POL0003286,PTP002079,Medical & Health Takaful,Family,False,2022-10-30,2027-10-29,5,Semi-Annual,911.32,Active,AGT0115,Putrajaya
POL0003287,PTP000396,Fire Takaful,General,False,2026-03-12,2027-03-12,1,Quarterly,396.97,Matured,AGT0023,Labuan
POL0003288,PTP001556,Fire Takaful,General,False,2026-05-14,2027-05-14,1,Annual,1348.42,Active,AGT0001,Perak
POL0003289,PTP000702,Fire Takaful,General,False,2025-12-02,2045-11-27,20,Quarterly,1730.53,Lapsed,AGT0079,Pahang
POL0003290,PTP000750,Medical & Health Takaful,Family,False,2024-04-03,2029-04-02,5,Monthly,50.15,Active,AGT0140,Labuan
POL0003291,PTP002051,Fire Takaful,General,False,2021-06-13,2036-06-09,15,Semi-Annual,1975.83,Active,AGT0088,Negeri Sembilan
POL0003292,PTP002445,Family Takaful - Education,Family,True,2025-08-26,2045-08-21,20,Semi-Annual,1308.79,Active,AGT0131,Labuan
POL0003293,PTP002855,Family Takaful - Retirement,Family,True,2023-03-04,2028-03-02,5,Quarterly,65.03,Active,AGT0142,Kelantan
POL0003294,PTP002053,Medical & Health Takaful,Family,False,2021-04-15,2026-04-14,5,Semi-Annual,967.35,Cancelled,AGT0126,Terengganu
POL0003295,PTP001176,Family Takaful - Retirement,Family,True,2026-06-06,2041-06-02,15,Quarterly,1779.31,Active,AGT0037,Melaka
POL0003296,PTP001715,Family Takaful - Retirement,Family,True,2023-04-21,2024-04-20,1,Monthly,1826.48,Active,AGT0039,Sabah
POL0003297,PTP001418,Medical & Health Takaful,Family,False,2025-02-27,2026-02-27,1,Quarterly,554.43,Active,AGT0101,Negeri Sembilan
POL0003298,PTP000978,Fire Takaful,General,False,2025-03-10,2026-03-10,1,Semi-Annual,1165.39,Active,AGT0114,Kedah
POL0003299,PTP000402,Family Takaful - Retirement,Family,True,2022-09-10,2037-09-06,15,Quarterly,872.68,Lapsed,AGT0065,Labuan
POL0003300,PTP001796,Medical & Health Takaful,Family,False,2021-01-10,2026-01-09,5,Quarterly,1961.1,Lapsed,AGT0129,Kuala Lumpur
POL0003301,PTP001972,Family Takaful - Education,Family,True,2021-09-07,2022-09-07,1,Semi-Annual,331.75,Active,AGT0136,Perlis
POL0003302,PTP001118,Family Takaful - Education,Family,True,2026-02-27,2046-02-22,20,Annual,516.61,Active,AGT0063,Kedah
POL0003303,PTP002511,Personal Accident Takaful,General,False,2023-04-12,2028-04-10,5,Quarterly,1035.67,Active,AGT0110,Sarawak
POL0003304,PTP002260,Fire Takaful,General,False,2025-06-21,2045-06-16,20,Quarterly,1182.66,Active,AGT0032,Putrajaya
POL0003305,PTP000862,Motor Takaful,General,False,2025-11-12,2045-11-07,20,Annual,249.87,Active,AGT0037,Kedah
POL0003306,PTP001363,Family Takaful - Education,Family,True,2026-07-05,2046-06-30,20,Quarterly,1675.93,Active,AGT0126,Kedah
POL0003307,PTP002588,Family Takaful - Retirement,Family,True,2022-06-30,2023-06-30,1,Monthly,1180.54,Active,AGT0133,Melaka
POL0003308,PTP002445,Medical & Health Takaful,Family,False,2021-05-05,2026-05-04,5,Semi-Annual,1862.64,Active,AGT0090,Kuala Lumpur
POL0003309,PTP002217,Medical & Health Takaful,Family,False,2026-03-15,2031-03-14,5,Quarterly,1995.31,Active,AGT0112,Sabah
POL0003310,PTP002190,Family Takaful - Education,Family,True,2021-08-20,2036-08-16,15,Annual,838.11,Lapsed,AGT0114,Perlis
POL0003311,PTP001816,Fire Takaful,General,False,2023-07-27,2043-07-22,20,Monthly,990.19,Cancelled,AGT0012,Terengganu
POL0003312,PTP002671,Motor Takaful,General,False,2025-11-29,2035-11-27,10,Quarterly,1819.39,Active,AGT0093,Sarawak
POL0003313,PTP002836,Medical & Health Takaful,Family,False,2024-02-24,2025-02-23,1,Quarterly,1353.83,Cancelled,AGT0036,Kelantan
POL0003314,PTP000481,Family Takaful - Education,Family,True,2023-08-23,2028-08-21,5,Annual,345.28,Active,AGT0100,Terengganu
POL0003315,PTP000446,Motor Takaful,General,False,2024-01-27,2044-01-22,20,Annual,266.51,Lapsed,AGT0021,Sarawak
POL0003316,PTP000579,Motor Takaful,General,False,2024-05-18,2025-05-18,1,Semi-Annual,830.42,Cancelled,AGT0047,Melaka
POL0003317,PTP001914,Medical & Health Takaful,Family,False,2023-04-16,2043-04-11,20,Annual,1123.93,Lapsed,AGT0102,Pahang
POL0003318,PTP000142,Family Takaful - Education,Family,True,2026-03-20,2031-03-19,5,Semi-Annual,1127.87,Lapsed,AGT0131,Terengganu
POL0003319,PTP002150,Personal Accident Takaful,General,False,2021-02-03,2022-02-03,1,Annual,1178.94,Active,AGT0146,Sabah
POL0003320,PTP002857,Family Takaful - Retirement,Family,True,2024-07-06,2025-07-06,1,Monthly,1863.06,Matured,AGT0008,Negeri Sembilan
POL0003321,PTP002062,Personal Accident Takaful,General,False,2026-03-29,2031-03-28,5,Annual,722.24,Active,AGT0058,Negeri Sembilan
POL0003322,PTP001318,Family Takaful - Life Protection,Family,True,2025-04-13,2035-04-11,10,Annual,1256.31,Active,AGT0016,Labuan
POL0003323,PTP002046,Fire Takaful,General,False,2025-12-27,2040-12-23,15,Quarterly,327.72,Active,AGT0110,Negeri Sembilan
POL0003324,PTP001552,Fire Takaful,General,False,2021-12-13,2031-12-11,10,Quarterly,1871.93,Matured,AGT0003,Perak
POL0003325,PTP002035,Family Takaful - Education,Family,True,2022-07-11,2037-07-07,15,Monthly,1561.57,Matured,AGT0122,Perlis
POL0003326,PTP002505,Medical & Health Takaful,Family,False,2025-11-25,2045-11-20,20,Monthly,524.31,Matured,AGT0028,Melaka
POL0003327,PTP001468,Family Takaful - Life Protection,Family,True,2025-03-26,2045-03-21,20,Monthly,1371.11,Matured,AGT0133,Penang
POL0003328,PTP000635,Personal Accident Takaful,General,False,2021-06-03,2036-05-30,15,Monthly,716.98,Active,AGT0104,Penang
POL0003329,PTP001426,Family Takaful - Retirement,Family,True,2024-11-19,2044-11-14,20,Quarterly,477.14,Matured,AGT0067,Melaka
POL0003330,PTP001306,Family Takaful - Retirement,Family,True,2025-11-22,2035-11-20,10,Quarterly,406.34,Active,AGT0078,Negeri Sembilan
POL0003331,PTP001146,Personal Accident Takaful,General,False,2021-12-10,2026-12-09,5,Semi-Annual,1262.71,Active,AGT0115,Kelantan
POL0003332,PTP002311,Motor Takaful,General,False,2023-03-27,2028-03-25,5,Quarterly,1878.64,Active,AGT0082,Perlis
POL0003333,PTP002392,Family Takaful - Retirement,Family,True,2021-06-20,2036-06-16,15,Annual,75.86,Active,AGT0017,Selangor
POL0003334,PTP001767,Personal Accident Takaful,General,False,2023-05-05,2038-05-01,15,Monthly,1811.73,Lapsed,AGT0133,Labuan
POL0003335,PTP001194,Family Takaful - Education,Family,True,2022-04-09,2023-04-09,1,Quarterly,934.09,Cancelled,AGT0097,Kedah
POL0003336,PTP002173,Family Takaful - Life Protection,Family,True,2021-10-11,2031-10-09,10,Annual,662.24,Matured,AGT0133,Kelantan
POL0003337,PTP000553,Motor Takaful,General,False,2023-08-19,2024-08-18,1,Quarterly,1572.59,Active,AGT0015,Terengganu
POL0003338,PTP000592,Family Takaful - Education,Family,True,2025-01-11,2026-01-11,1,Monthly,674.82,Active,AGT0049,Johor
POL0003339,PTP002339,Family Takaful - Education,Family,True,2022-09-06,2037-09-02,15,Semi-Annual,154.08,Lapsed,AGT0136,Perlis
POL0003340,PTP001336,Family Takaful - Retirement,Family,True,2021-10-06,2041-10-01,20,Semi-Annual,1947.89,Cancelled,AGT0062,Perlis
POL0003341,PTP001447,Family Takaful - Retirement,Family,True,2026-02-24,2027-02-24,1,Quarterly,1263.3,Matured,AGT0014,Terengganu
POL0003342,PTP001039,Motor Takaful,General,False,2026-02-17,2036-02-15,10,Monthly,1082.5,Active,AGT0098,Perak
POL0003343,PTP000922,Family Takaful - Education,Family,True,2021-07-13,2031-07-11,10,Monthly,815.37,Active,AGT0080,Melaka
POL0003344,PTP002565,Medical & Health Takaful,Family,False,2022-03-19,2032-03-16,10,Monthly,70.5,Active,AGT0057,Pahang
POL0003345,PTP000216,Medical & Health Takaful,Family,False,2025-06-05,2035-06-03,10,Annual,1726.52,Lapsed,AGT0093,Selangor
POL0003346,PTP001430,Motor Takaful,General,False,2021-03-27,2041-03-22,20,Semi-Annual,1712.51,Active,AGT0110,Pahang
POL0003347,PTP001986,Motor Takaful,General,False,2023-05-22,2038-05-18,15,Quarterly,1167.22,Active,AGT0079,Labuan
POL0003348,PTP001092,Family Takaful - Life Protection,Family,True,2026-03-06,2031-03-05,5,Monthly,1758.87,Lapsed,AGT0084,Perak
POL0003349,PTP000339,Fire Takaful,General,False,2025-05-07,2026-05-07,1,Monthly,1205.36,Active,AGT0109,Melaka
POL0003350,PTP002037,Family Takaful - Education,Family,True,2024-06-17,2029-06-16,5,Quarterly,539.77,Active,AGT0026,Penang
POL0003351,PTP002591,Motor Takaful,General,False,2021-07-21,2026-07-20,5,Annual,901.87,Lapsed,AGT0035,Kedah
POL0003352,PTP001987,Medical & Health Takaful,Family,False,2023-02-27,2043-02-22,20,Quarterly,262.68,Matured,AGT0064,Selangor
POL0003353,PTP002508,Motor Takaful,General,False,2023-09-24,2024-09-23,1,Semi-Annual,1993.57,Cancelled,AGT0064,Labuan
POL0003354,PTP002188,Personal Accident Takaful,General,False,2021-02-23,2026-02-22,5,Quarterly,651.94,Lapsed,AGT0047,Putrajaya
POL0003355,PTP001083,Fire Takaful,General,False,2022-09-21,2032-09-18,10,Annual,862.85,Cancelled,AGT0142,Kelantan
POL0003356,PTP001696,Personal Accident Takaful,General,False,2021-05-20,2031-05-18,10,Monthly,1844.32,Active,AGT0093,Terengganu
POL0003357,PTP002866,Personal Accident Takaful,General,False,2023-06-01,2043-05-27,20,Annual,275.89,Lapsed,AGT0014,Penang
POL0003358,PTP001287,Family Takaful - Retirement,Family,True,2023-06-24,2043-06-19,20,Semi-Annual,1975.58,Active,AGT0028,Kuala Lumpur
POL0003359,PTP001970,Medical & Health Takaful,Family,False,2024-01-27,2044-01-22,20,Monthly,1856.48,Lapsed,AGT0136,Johor
POL0003360,PTP001424,Fire Takaful,General,False,2022-04-13,2032-04-10,10,Annual,578.64,Active,AGT0088,Melaka
POL0003361,PTP000453,Medical & Health Takaful,Family,False,2022-01-17,2023-01-17,1,Annual,57.27,Matured,AGT0107,Perak
POL0003362,PTP001621,Medical & Health Takaful,Family,False,2025-10-20,2045-10-15,20,Semi-Annual,1128.91,Matured,AGT0081,Pahang
POL0003363,PTP000963,Personal Accident Takaful,General,False,2025-06-23,2030-06-22,5,Annual,1020.37,Active,AGT0093,Terengganu
POL0003364,PTP002533,Motor Takaful,General,False,2021-07-06,2026-07-05,5,Semi-Annual,1342.28,Active,AGT0034,Kedah
POL0003365,PTP002299,Family Takaful - Education,Family,True,2025-10-19,2030-10-18,5,Annual,409.87,Cancelled,AGT0131,Negeri Sembilan
POL0003366,PTP002515,Fire Takaful,General,False,2022-03-18,2042-03-13,20,Monthly,1313.85,Active,AGT0042,Kedah
POL0003367,PTP001655,Family Takaful - Life Protection,Family,True,2024-10-04,2044-09-29,20,Semi-Annual,1883.93,Lapsed,AGT0052,Penang
POL0003368,PTP002697,Family Takaful - Retirement,Family,True,2021-12-03,2026-12-02,5,Quarterly,200.6,Active,AGT0030,Johor
POL0003369,PTP001820,Family Takaful - Education,Family,True,2022-11-03,2037-10-30,15,Annual,1038.17,Active,AGT0079,Putrajaya
POL0003370,PTP002367,Personal Accident Takaful,General,False,2023-02-24,2038-02-20,15,Quarterly,383.08,Active,AGT0029,Labuan
POL0003371,PTP001558,Family Takaful - Education,Family,True,2025-07-27,2045-07-22,20,Quarterly,362.93,Active,AGT0140,Pahang
POL0003372,PTP002730,Motor Takaful,General,False,2024-01-25,2029-01-23,5,Semi-Annual,284.23,Active,AGT0127,Negeri Sembilan
POL0003373,PTP000062,Motor Takaful,General,False,2026-01-07,2036-01-05,10,Monthly,921.62,Matured,AGT0050,Labuan
POL0003374,PTP000621,Motor Takaful,General,False,2025-09-16,2026-09-16,1,Semi-Annual,1504.42,Active,AGT0113,Labuan
POL0003375,PTP002416,Motor Takaful,General,False,2021-08-16,2036-08-12,15,Quarterly,293.18,Lapsed,AGT0068,Perak
POL0003376,PTP001347,Family Takaful - Education,Family,True,2021-12-20,2041-12-15,20,Semi-Annual,123.28,Active,AGT0081,Penang
POL0003377,PTP002397,Fire Takaful,General,False,2022-06-01,2032-05-29,10,Quarterly,253.72,Active,AGT0111,Kedah
POL0003378,PTP001275,Motor Takaful,General,False,2023-10-26,2024-10-25,1,Annual,180.01,Lapsed,AGT0023,Putrajaya
POL0003379,PTP000197,Personal Accident Takaful,General,False,2025-04-09,2035-04-07,10,Monthly,1233.34,Active,AGT0084,Sarawak
POL0003380,PTP001006,Medical & Health Takaful,Family,False,2024-12-02,2029-12-01,5,Semi-Annual,89.14,Active,AGT0025,Melaka
POL0003381,PTP001784,Fire Takaful,General,False,2022-03-24,2037-03-20,15,Semi-Annual,1385.52,Cancelled,AGT0090,Labuan
POL0003382,PTP000934,Family Takaful - Life Protection,Family,True,2026-05-01,2041-04-27,15,Semi-Annual,1796.36,Active,AGT0023,Sarawak
POL0003383,PTP001095,Family Takaful - Education,Family,True,2026-07-06,2046-07-01,20,Monthly,184.16,Active,AGT0147,Terengganu
POL0003384,PTP001974,Fire Takaful,General,False,2022-02-23,2032-02-21,10,Monthly,1812.05,Active,AGT0092,Johor
POL0003385,PTP001146,Motor Takaful,General,False,2025-01-11,2035-01-09,10,Quarterly,1087.82,Active,AGT0055,Kelantan
POL0003386,PTP002249,Family Takaful - Education,Family,True,2026-03-28,2031-03-27,5,Annual,1209.8,Lapsed,AGT0133,Kuala Lumpur
POL0003387,PTP002192,Family Takaful - Retirement,Family,True,2023-09-16,2043-09-11,20,Monthly,1061.23,Active,AGT0139,Negeri Sembilan
POL0003388,PTP002169,Family Takaful - Life Protection,Family,True,2026-04-03,2031-04-02,5,Monthly,1959.12,Lapsed,AGT0009,Putrajaya
POL0003389,PTP000072,Personal Accident Takaful,General,False,2024-06-30,2039-06-27,15,Semi-Annual,587.17,Active,AGT0006,Selangor
POL0003390,PTP001547,Fire Takaful,General,False,2021-01-11,2031-01-09,10,Monthly,747.35,Active,AGT0013,Penang
POL0003391,PTP002103,Medical & Health Takaful,Family,False,2023-08-04,2028-08-02,5,Quarterly,152.88,Active,AGT0097,Kedah
POL0003392,PTP002927,Family Takaful - Life Protection,Family,True,2026-02-15,2031-02-14,5,Annual,374.34,Active,AGT0110,Pahang
POL0003393,PTP000243,Family Takaful - Retirement,Family,True,2023-05-01,2028-04-29,5,Annual,1837.76,Matured,AGT0085,Kuala Lumpur
POL0003394,PTP001067,Medical & Health Takaful,Family,False,2023-08-16,2033-08-13,10,Quarterly,461.15,Active,AGT0094,Melaka
POL0003395,PTP002416,Family Takaful - Life Protection,Family,True,2021-08-03,2031-08-01,10,Annual,1729.37,Matured,AGT0079,Terengganu
POL0003396,PTP000396,Family Takaful - Life Protection,Family,True,2024-11-21,2044-11-16,20,Semi-Annual,1195.44,Active,AGT0016,Kelantan
POL0003397,PTP000254,Fire Takaful,General,False,2021-04-15,2041-04-10,20,Annual,1145.25,Active,AGT0066,Selangor
POL0003398,PTP002870,Family Takaful - Retirement,Family,True,2022-01-03,2032-01-01,10,Quarterly,1326.71,Active,AGT0100,Negeri Sembilan
POL0003399,PTP000374,Personal Accident Takaful,General,False,2021-10-10,2041-10-05,20,Monthly,1249.11,Lapsed,AGT0112,Terengganu
POL0003400,PTP001720,Family Takaful - Retirement,Family,True,2021-07-22,2026-07-21,5,Semi-Annual,1411.36,Matured,AGT0045,Perlis
POL0003401,PTP000167,Family Takaful - Education,Family,True,2025-08-18,2030-08-17,5,Quarterly,1103.04,Active,AGT0134,Melaka
POL0003402,PTP000835,Family Takaful - Retirement,Family,True,2026-03-10,2046-03-05,20,Quarterly,1830.76,Active,AGT0082,Negeri Sembilan
POL0003403,PTP001505,Motor Takaful,General,False,2022-11-16,2027-11-15,5,Annual,685.78,Active,AGT0125,Pahang
POL0003404,PTP000721,Motor Takaful,General,False,2024-01-15,2044-01-10,20,Semi-Annual,918.14,Active,AGT0081,Johor
POL0003405,PTP000666,Motor Takaful,General,False,2024-09-26,2039-09-23,15,Quarterly,443.6,Active,AGT0105,Perlis
POL0003406,PTP001422,Personal Accident Takaful,General,False,2026-02-03,2027-02-03,1,Monthly,459.84,Active,AGT0033,Penang
POL0003407,PTP001006,Family Takaful - Life Protection,Family,True,2026-07-13,2036-07-10,10,Semi-Annual,1582.75,Active,AGT0078,Negeri Sembilan
POL0003408,PTP002095,Family Takaful - Life Protection,Family,True,2024-10-07,2034-10-05,10,Semi-Annual,1368.0,Lapsed,AGT0117,Negeri Sembilan
POL0003409,PTP002310,Motor Takaful,General,False,2023-08-05,2043-07-31,20,Quarterly,878.65,Active,AGT0033,Terengganu
POL0003410,PTP000618,Family Takaful - Retirement,Family,True,2024-03-18,2029-03-17,5,Quarterly,120.04,Matured,AGT0064,Pahang
POL0003411,PTP000709,Family Takaful - Education,Family,True,2024-12-12,2025-12-12,1,Semi-Annual,1005.86,Lapsed,AGT0108,Selangor
POL0003412,PTP001772,Motor Takaful,General,False,2022-09-14,2032-09-11,10,Semi-Annual,966.92,Active,AGT0083,Perlis
POL0003413,PTP000432,Family Takaful - Education,Family,True,2021-07-10,2022-07-10,1,Quarterly,125.85,Lapsed,AGT0042,Sabah
POL0003414,PTP000421,Fire Takaful,General,False,2022-07-27,2027-07-26,5,Semi-Annual,1185.15,Active,AGT0025,Perlis
POL0003415,PTP002443,Motor Takaful,General,False,2023-07-09,2028-07-07,5,Semi-Annual,422.51,Matured,AGT0026,Melaka
POL0003416,PTP000519,Family Takaful - Life Protection,Family,True,2025-08-04,2030-08-03,5,Annual,1274.42,Lapsed,AGT0033,Johor
POL0003417,PTP001209,Family Takaful - Retirement,Family,True,2024-08-01,2029-07-31,5,Monthly,1821.57,Active,AGT0010,Melaka
POL0003418,PTP001319,Family Takaful - Education,Family,True,2025-05-28,2040-05-24,15,Annual,1109.94,Active,AGT0129,Kuala Lumpur
POL0003419,PTP000322,Fire Takaful,General,False,2022-05-26,2032-05-23,10,Monthly,1535.03,Active,AGT0109,Negeri Sembilan
POL0003420,PTP000763,Family Takaful - Life Protection,Family,True,2022-12-18,2037-12-14,15,Semi-Annual,420.84,Lapsed,AGT0107,Kuala Lumpur
POL0003421,PTP000851,Family Takaful - Life Protection,Family,True,2025-05-04,2045-04-29,20,Monthly,1426.11,Active,AGT0088,Putrajaya
POL0003422,PTP000340,Motor Takaful,General,False,2026-02-07,2031-02-06,5,Monthly,393.18,Active,AGT0088,Pahang
POL0003423,PTP000564,Medical & Health Takaful,Family,False,2026-04-07,2041-04-03,15,Quarterly,1295.74,Active,AGT0002,Sabah
POL0003424,PTP000882,Family Takaful - Retirement,Family,True,2025-10-26,2035-10-24,10,Quarterly,92.71,Active,AGT0137,Perlis
POL0003425,PTP002085,Motor Takaful,General,False,2021-11-17,2041-11-12,20,Monthly,1462.3,Active,AGT0144,Perlis
POL0003426,PTP002030,Motor Takaful,General,False,2025-05-25,2045-05-20,20,Quarterly,1164.29,Active,AGT0028,Johor
POL0003427,PTP002571,Motor Takaful,General,False,2024-04-04,2044-03-30,20,Annual,1941.56,Active,AGT0031,Sabah
POL0003428,PTP000961,Fire Takaful,General,False,2021-12-08,2041-12-03,20,Monthly,1407.07,Active,AGT0075,Penang
POL0003429,PTP001484,Family Takaful - Retirement,Family,True,2022-04-09,2037-04-05,15,Semi-Annual,1703.77,Active,AGT0102,Sarawak
POL0003430,PTP001856,Family Takaful - Life Protection,Family,True,2024-09-26,2029-09-25,5,Annual,445.27,Active,AGT0130,Kelantan
POL0003431,PTP001673,Medical & Health Takaful,Family,False,2025-11-08,2045-11-03,20,Semi-Annual,769.5,Active,AGT0023,Kelantan
POL0003432,PTP000662,Family Takaful - Education,Family,True,2021-09-01,2036-08-28,15,Monthly,741.34,Active,AGT0065,Putrajaya
POL0003433,PTP000847,Personal Accident Takaful,General,False,2025-07-07,2035-07-05,10,Semi-Annual,1384.6,Lapsed,AGT0021,Selangor
POL0003434,PTP001393,Family Takaful - Retirement,Family,True,2025-12-03,2040-11-29,15,Monthly,179.47,Matured,AGT0015,Perak
POL0003435,PTP001889,Family Takaful - Retirement,Family,True,2025-08-25,2026-08-25,1,Semi-Annual,1136.59,Active,AGT0116,Sarawak
POL0003436,PTP001359,Personal Accident Takaful,General,False,2024-05-11,2029-05-10,5,Quarterly,548.91,Active,AGT0068,Melaka
POL0003437,PTP001366,Family Takaful - Life Protection,Family,True,2022-02-20,2027-02-19,5,Annual,723.95,Active,AGT0036,Selangor
POL0003438,PTP002559,Motor Takaful,General,False,2022-03-17,2042-03-12,20,Semi-Annual,136.79,Active,AGT0148,Johor
POL0003439,PTP001299,Family Takaful - Education,Family,True,2024-05-21,2025-05-21,1,Semi-Annual,619.03,Lapsed,AGT0143,Terengganu
POL0003440,PTP000059,Fire Takaful,General,False,2021-11-21,2026-11-20,5,Annual,1365.28,Active,AGT0042,Kelantan
POL0003441,PTP000898,Personal Accident Takaful,General,False,2025-08-26,2035-08-24,10,Quarterly,190.72,Active,AGT0106,Negeri Sembilan
POL0003442,PTP001853,Family Takaful - Life Protection,Family,True,2024-08-04,2034-08-02,10,Quarterly,1394.17,Active,AGT0055,Kelantan
POL0003443,PTP000054,Personal Accident Takaful,General,False,2024-03-30,2029-03-29,5,Monthly,544.33,Active,AGT0071,Perak
POL0003444,PTP001505,Fire Takaful,General,False,2023-08-30,2043-08-25,20,Annual,1413.62,Active,AGT0087,Sabah
POL0003445,PTP001853,Personal Accident Takaful,General,False,2025-11-07,2045-11-02,20,Monthly,1719.49,Active,AGT0141,Johor
POL0003446,PTP000678,Family Takaful - Life Protection,Family,True,2024-06-10,2039-06-07,15,Semi-Annual,810.12,Matured,AGT0138,Kuala Lumpur
POL0003447,PTP002480,Personal Accident Takaful,General,False,2026-06-23,2027-06-23,1,Annual,364.72,Active,AGT0004,Perlis
POL0003448,PTP002762,Family Takaful - Life Protection,Family,True,2025-01-06,2026-01-06,1,Semi-Annual,1670.49,Active,AGT0020,Labuan
POL0003449,PTP001400,Fire Takaful,General,False,2023-05-24,2028-05-22,5,Monthly,278.73,Active,AGT0090,Sarawak
POL0003450,PTP000980,Medical & Health Takaful,Family,False,2026-04-26,2027-04-26,1,Monthly,1086.2,Active,AGT0061,Putrajaya
POL0003451,PTP001961,Family Takaful - Retirement,Family,True,2026-03-03,2031-03-02,5,Quarterly,1548.86,Active,AGT0127,Perak
POL0003452,PTP000146,Fire Takaful,General,False,2022-04-16,2032-04-13,10,Quarterly,499.31,Active,AGT0052,Sabah
POL0003453,PTP001379,Medical & Health Takaful,Family,False,2025-08-30,2035-08-28,10,Semi-Annual,917.83,Matured,AGT0018,Sarawak
POL0003454,PTP000967,Family Takaful - Education,Family,True,2022-02-16,2032-02-14,10,Annual,228.31,Active,AGT0075,Negeri Sembilan
POL0003455,PTP000647,Family Takaful - Life Protection,Family,True,2025-08-16,2040-08-12,15,Semi-Annual,435.12,Active,AGT0055,Selangor
POL0003456,PTP002429,Personal Accident Takaful,General,False,2021-05-01,2026-04-30,5,Semi-Annual,1301.96,Active,AGT0031,Kedah
POL0003457,PTP000312,Family Takaful - Retirement,Family,True,2025-04-10,2035-04-08,10,Annual,432.17,Active,AGT0023,Sarawak
POL0003458,PTP001643,Family Takaful - Retirement,Family,True,2025-09-12,2030-09-11,5,Semi-Annual,690.97,Active,AGT0048,Perak
POL0003459,PTP000871,Family Takaful - Life Protection,Family,True,2024-08-24,2029-08-23,5,Semi-Annual,1669.91,Lapsed,AGT0115,Sarawak
POL0003460,PTP002917,Family Takaful - Retirement,Family,True,2025-07-23,2035-07-21,10,Annual,1948.37,Active,AGT0062,Kedah
POL0003461,PTP001420,Family Takaful - Life Protection,Family,True,2022-05-04,2042-04-29,20,Annual,1017.59,Active,AGT0111,Negeri Sembilan
POL0003462,PTP000362,Family Takaful - Life Protection,Family,True,2023-03-15,2024-03-14,1,Monthly,680.76,Active,AGT0067,Putrajaya
POL0003463,PTP002061,Family Takaful - Life Protection,Family,True,2021-02-04,2036-02-01,15,Monthly,1785.45,Active,AGT0051,Perak
POL0003464,PTP002038,Fire Takaful,General,False,2021-03-27,2026-03-26,5,Monthly,1318.95,Active,AGT0005,Terengganu
POL0003465,PTP000514,Medical & Health Takaful,Family,False,2025-06-14,2030-06-13,5,Annual,1651.21,Matured,AGT0043,Putrajaya
POL0003466,PTP000626,Fire Takaful,General,False,2021-10-31,2026-10-30,5,Annual,1826.87,Matured,AGT0067,Pahang
POL0003467,PTP001167,Family Takaful - Life Protection,Family,True,2025-05-07,2040-05-03,15,Annual,865.45,Active,AGT0111,Labuan
POL0003468,PTP002700,Family Takaful - Retirement,Family,True,2025-05-16,2040-05-12,15,Quarterly,1277.67,Active,AGT0132,Perlis
POL0003469,PTP002906,Family Takaful - Life Protection,Family,True,2021-01-20,2022-01-20,1,Quarterly,1397.29,Active,AGT0125,Perak
POL0003470,PTP000388,Personal Accident Takaful,General,False,2026-01-27,2027-01-27,1,Annual,383.48,Active,AGT0124,Johor
POL0003471,PTP002470,Motor Takaful,General,False,2025-04-26,2026-04-26,1,Semi-Annual,628.39,Active,AGT0139,Terengganu
POL0003472,PTP000490,Family Takaful - Retirement,Family,True,2026-02-26,2036-02-24,10,Monthly,873.82,Cancelled,AGT0011,Sarawak
POL0003473,PTP002232,Family Takaful - Retirement,Family,True,2024-08-29,2029-08-28,5,Annual,826.74,Active,AGT0048,Sabah
POL0003474,PTP002056,Medical & Health Takaful,Family,False,2024-07-07,2039-07-04,15,Monthly,189.68,Lapsed,AGT0145,Kelantan
POL0003475,PTP001567,Family Takaful - Education,Family,True,2025-02-18,2045-02-13,20,Quarterly,380.96,Active,AGT0087,Putrajaya
POL0003476,PTP002162,Motor Takaful,General,False,2021-07-08,2041-07-03,20,Monthly,1034.13,Active,AGT0004,Sarawak
POL0003477,PTP000225,Personal Accident Takaful,General,False,2023-07-01,2033-06-28,10,Annual,1485.05,Lapsed,AGT0019,Penang
POL0003478,PTP000754,Family Takaful - Education,Family,True,2022-07-17,2037-07-13,15,Quarterly,464.51,Matured,AGT0136,Terengganu
POL0003479,PTP002616,Motor Takaful,General,False,2024-09-15,2025-09-15,1,Quarterly,1403.75,Active,AGT0040,Kuala Lumpur
POL0003480,PTP001904,Family Takaful - Life Protection,Family,True,2022-08-26,2027-08-25,5,Quarterly,139.13,Active,AGT0142,Perak
POL0003481,PTP000912,Family Takaful - Life Protection,Family,True,2025-01-11,2026-01-11,1,Monthly,255.85,Cancelled,AGT0150,Labuan
POL0003482,PTP001924,Personal Accident Takaful,General,False,2023-09-25,2043-09-20,20,Annual,1656.23,Active,AGT0113,Putrajaya
POL0003483,PTP001598,Medical & Health Takaful,Family,False,2022-10-03,2027-10-02,5,Semi-Annual,813.43,Active,AGT0099,Perlis
POL0003484,PTP001348,Family Takaful - Education,Family,True,2024-06-01,2034-05-30,10,Annual,1388.28,Active,AGT0070,Sarawak
POL0003485,PTP000097,Medical & Health Takaful,Family,False,2022-09-28,2023-09-28,1,Monthly,795.14,Active,AGT0143,Negeri Sembilan
POL0003486,PTP002319,Motor Takaful,General,False,2022-05-21,2042-05-16,20,Annual,1036.19,Active,AGT0045,Penang
POL0003487,PTP000258,Family Takaful - Life Protection,Family,True,2021-02-11,2022-02-11,1,Quarterly,1059.55,Matured,AGT0056,Johor
POL0003488,PTP001187,Family Takaful - Education,Family,True,2022-04-21,2023-04-21,1,Annual,1416.46,Active,AGT0064,Sarawak
POL0003489,PTP000087,Fire Takaful,General,False,2024-10-14,2025-10-14,1,Semi-Annual,1997.43,Active,AGT0087,Kuala Lumpur
POL0003490,PTP001157,Family Takaful - Retirement,Family,True,2023-09-07,2028-09-05,5,Quarterly,909.98,Active,AGT0002,Perak
POL0003491,PTP002893,Motor Takaful,General,False,2024-02-25,2034-02-22,10,Monthly,1536.27,Lapsed,AGT0105,Penang
POL0003492,PTP002762,Medical & Health Takaful,Family,False,2023-05-23,2038-05-19,15,Semi-Annual,1627.38,Lapsed,AGT0134,Pahang
POL0003493,PTP000470,Fire Takaful,General,False,2025-10-19,2030-10-18,5,Monthly,308.79,Active,AGT0004,Pahang
POL0003494,PTP001978,Fire Takaful,General,False,2024-04-20,2025-04-20,1,Annual,123.44,Active,AGT0041,Sabah
POL0003495,PTP001698,Personal Accident Takaful,General,False,2024-10-02,2044-09-27,20,Semi-Annual,572.12,Active,AGT0137,Sarawak
POL0003496,PTP002157,Family Takaful - Retirement,Family,True,2021-12-09,2036-12-05,15,Annual,506.82,Active,AGT0031,Perlis
POL0003497,PTP001159,Personal Accident Takaful,General,False,2024-02-13,2039-02-09,15,Semi-Annual,850.56,Lapsed,AGT0028,Sarawak
POL0003498,PTP000699,Fire Takaful,General,False,2021-08-29,2022-08-29,1,Quarterly,1563.3,Lapsed,AGT0026,Pahang
POL0003499,PTP002136,Personal Accident Takaful,General,False,2024-10-28,2025-10-28,1,Semi-Annual,1686.16,Active,AGT0031,Kuala Lumpur
POL0003500,PTP000385,Family Takaful - Retirement,Family,True,2025-04-22,2026-04-22,1,Semi-Annual,306.7,Active,AGT0087,Kelantan
POL0003501,PTP002087,Family Takaful - Life Protection,Family,True,2021-03-02,2022-03-02,1,Monthly,1579.95,Active,AGT0036,Kedah
POL0003502,PTP001379,Medical & Health Takaful,Family,False,2023-07-23,2024-07-22,1,Annual,828.26,Active,AGT0037,Putrajaya
POL0003503,PTP000390,Medical & Health Takaful,Family,False,2023-01-08,2038-01-04,15,Semi-Annual,1080.92,Matured,AGT0132,Putrajaya
POL0003504,PTP000368,Motor Takaful,General,False,2021-11-11,2041-11-06,20,Quarterly,437.58,Active,AGT0114,Kuala Lumpur
POL0003505,PTP001426,Family Takaful - Education,Family,True,2021-02-21,2031-02-19,10,Monthly,974.93,Cancelled,AGT0143,Selangor
POL0003506,PTP000757,Motor Takaful,General,False,2022-11-06,2023-11-06,1,Monthly,470.36,Active,AGT0131,Sabah
POL0003507,PTP001275,Fire Takaful,General,False,2022-01-14,2032-01-12,10,Monthly,1489.03,Active,AGT0076,Negeri Sembilan
POL0003508,PTP001564,Motor Takaful,General,False,2026-03-18,2046-03-13,20,Semi-Annual,1272.23,Active,AGT0084,Perlis
POL0003509,PTP000906,Family Takaful - Retirement,Family,True,2021-03-06,2022-03-06,1,Annual,1863.09,Active,AGT0058,Kedah
POL0003510,PTP001134,Family Takaful - Retirement,Family,True,2021-01-30,2022-01-30,1,Semi-Annual,553.72,Active,AGT0023,Sarawak
POL0003511,PTP002579,Family Takaful - Education,Family,True,2023-05-29,2024-05-28,1,Annual,914.42,Matured,AGT0019,Labuan
POL0003512,PTP000018,Medical & Health Takaful,Family,False,2022-03-12,2037-03-08,15,Annual,1386.29,Active,AGT0069,Perlis
POL0003513,PTP001274,Personal Accident Takaful,General,False,2022-07-09,2023-07-09,1,Annual,1865.7,Active,AGT0080,Penang
POL0003514,PTP002097,Family Takaful - Education,Family,True,2025-05-14,2045-05-09,20,Quarterly,816.73,Active,AGT0072,Melaka
POL0003515,PTP001049,Family Takaful - Education,Family,True,2024-08-30,2034-08-28,10,Semi-Annual,907.87,Active,AGT0119,Sabah
POL0003516,PTP000340,Personal Accident Takaful,General,False,2023-07-01,2043-06-26,20,Quarterly,849.35,Active,AGT0104,Perak
POL0003517,PTP000105,Fire Takaful,General,False,2021-11-01,2036-10-28,15,Semi-Annual,64.84,Active,AGT0076,Johor
POL0003518,PTP001955,Fire Takaful,General,False,2022-10-08,2027-10-07,5,Monthly,183.13,Active,AGT0015,Kelantan
POL0003519,PTP001735,Personal Accident Takaful,General,False,2025-03-20,2030-03-19,5,Quarterly,1644.61,Active,AGT0140,Terengganu
POL0003520,PTP002273,Motor Takaful,General,False,2023-06-02,2033-05-30,10,Semi-Annual,1051.51,Lapsed,AGT0014,Negeri Sembilan
POL0003521,PTP001972,Family Takaful - Education,Family,True,2025-02-08,2040-02-05,15,Quarterly,222.29,Lapsed,AGT0082,Kelantan
POL0003522,PTP001420,Medical & Health Takaful,Family,False,2024-02-14,2025-02-13,1,Semi-Annual,1377.15,Active,AGT0108,Putrajaya
POL0003523,PTP000390,Family Takaful - Retirement,Family,True,2026-02-21,2027-02-21,1,Monthly,1943.72,Active,AGT0127,Selangor
POL0003524,PTP000429,Motor Takaful,General,False,2021-03-14,2031-03-12,10,Quarterly,1270.71,Lapsed,AGT0146,Perlis
POL0003525,PTP002010,Fire Takaful,General,False,2023-01-31,2038-01-27,15,Semi-Annual,405.72,Active,AGT0118,Perlis
POL0003526,PTP000321,Family Takaful - Retirement,Family,True,2021-04-26,2026-04-25,5,Semi-Annual,415.69,Active,AGT0133,Perlis
POL0003527,PTP000269,Motor Takaful,General,False,2025-11-01,2045-10-27,20,Quarterly,1493.84,Lapsed,AGT0065,Sarawak
POL0003528,PTP001148,Family Takaful - Life Protection,Family,True,2022-10-22,2042-10-17,20,Annual,1225.69,Active,AGT0056,Perak
POL0003529,PTP000508,Fire Takaful,General,False,2021-01-14,2022-01-14,1,Quarterly,1438.34,Matured,AGT0140,Sarawak
POL0003530,PTP000040,Motor Takaful,General,False,2021-02-26,2031-02-24,10,Quarterly,64.35,Active,AGT0108,Terengganu
POL0003531,PTP002270,Family Takaful - Retirement,Family,True,2021-03-07,2022-03-07,1,Monthly,1788.83,Matured,AGT0111,Pahang
POL0003532,PTP000002,Family Takaful - Life Protection,Family,True,2024-12-12,2039-12-09,15,Monthly,1119.12,Active,AGT0012,Pahang
POL0003533,PTP002501,Family Takaful - Education,Family,True,2022-08-09,2037-08-05,15,Monthly,1484.13,Active,AGT0050,Kelantan
POL0003534,PTP002477,Personal Accident Takaful,General,False,2021-10-06,2041-10-01,20,Monthly,1537.27,Active,AGT0050,Perlis
POL0003535,PTP001093,Motor Takaful,General,False,2023-02-08,2038-02-04,15,Annual,309.51,Active,AGT0050,Kelantan
POL0003536,PTP001824,Fire Takaful,General,False,2026-04-30,2027-04-30,1,Annual,938.06,Active,AGT0106,Negeri Sembilan
POL0003537,PTP002758,Personal Accident Takaful,General,False,2023-01-07,2038-01-03,15,Semi-Annual,1264.43,Matured,AGT0139,Putrajaya
POL0003538,PTP002212,Motor Takaful,General,False,2021-12-27,2031-12-25,10,Quarterly,237.76,Active,AGT0042,Putrajaya
POL0003539,PTP001935,Family Takaful - Education,Family,True,2025-01-21,2026-01-21,1,Annual,1595.55,Active,AGT0087,Kuala Lumpur
POL0003540,PTP001320,Medical & Health Takaful,Family,False,2022-10-30,2032-10-27,10,Monthly,625.82,Active,AGT0138,Kelantan
POL0003541,PTP001811,Motor Takaful,General,False,2025-02-16,2026-02-16,1,Monthly,247.77,Matured,AGT0052,Putrajaya
POL0003542,PTP000255,Medical & Health Takaful,Family,False,2024-02-15,2025-02-14,1,Quarterly,632.67,Active,AGT0062,Melaka
POL0003543,PTP002554,Personal Accident Takaful,General,False,2024-06-22,2029-06-21,5,Quarterly,1126.61,Active,AGT0020,Negeri Sembilan
POL0003544,PTP000069,Family Takaful - Retirement,Family,True,2025-05-19,2030-05-18,5,Annual,658.32,Active,AGT0051,Terengganu
POL0003545,PTP001803,Personal Accident Takaful,General,False,2023-01-28,2028-01-27,5,Quarterly,850.57,Active,AGT0059,Kedah
POL0003546,PTP000195,Motor Takaful,General,False,2021-02-17,2026-02-16,5,Semi-Annual,646.33,Active,AGT0129,Negeri Sembilan
POL0003547,PTP001020,Personal Accident Takaful,General,False,2023-01-02,2024-01-02,1,Monthly,1954.24,Matured,AGT0083,Negeri Sembilan
POL0003548,PTP002463,Medical & Health Takaful,Family,False,2025-09-11,2026-09-11,1,Quarterly,999.99,Active,AGT0121,Selangor
POL0003549,PTP002347,Motor Takaful,General,False,2021-11-08,2041-11-03,20,Semi-Annual,1241.13,Active,AGT0108,Penang
POL0003550,PTP001907,Family Takaful - Education,Family,True,2025-03-05,2026-03-05,1,Monthly,230.71,Active,AGT0090,Kelantan
POL0003551,PTP002987,Family Takaful - Life Protection,Family,True,2024-07-28,2039-07-25,15,Quarterly,1401.58,Active,AGT0009,Perak
POL0003552,PTP002158,Family Takaful - Education,Family,True,2024-11-20,2039-11-17,15,Semi-Annual,1528.31,Active,AGT0007,Kuala Lumpur
POL0003553,PTP001052,Family Takaful - Retirement,Family,True,2024-01-29,2025-01-28,1,Annual,721.55,Active,AGT0011,Terengganu
POL0003554,PTP002979,Medical & Health Takaful,Family,False,2022-10-03,2037-09-29,15,Quarterly,777.27,Lapsed,AGT0048,Selangor
POL0003555,PTP000671,Family Takaful - Education,Family,True,2026-01-22,2036-01-20,10,Quarterly,1104.32,Lapsed,AGT0144,Sarawak
POL0003556,PTP002312,Fire Takaful,General,False,2021-03-31,2031-03-29,10,Monthly,428.07,Active,AGT0059,Labuan
POL0003557,PTP002904,Medical & Health Takaful,Family,False,2021-04-29,2036-04-25,15,Quarterly,410.24,Active,AGT0072,Sarawak
POL0003558,PTP000577,Family Takaful - Life Protection,Family,True,2026-03-22,2041-03-18,15,Annual,1837.32,Active,AGT0070,Kelantan
POL0003559,PTP001590,Personal Accident Takaful,General,False,2024-08-24,2029-08-23,5,Semi-Annual,1669.98,Active,AGT0076,Negeri Sembilan
POL0003560,PTP000640,Medical & Health Takaful,Family,False,2021-05-25,2036-05-21,15,Annual,910.55,Matured,AGT0074,Perlis
POL0003561,PTP001412,Motor Takaful,General,False,2024-10-19,2039-10-16,15,Annual,1120.83,Lapsed,AGT0094,Penang
POL0003562,PTP002849,Motor Takaful,General,False,2023-01-06,2033-01-03,10,Quarterly,318.21,Active,AGT0138,Perak
POL0003563,PTP002673,Motor Takaful,General,False,2025-01-27,2026-01-27,1,Quarterly,827.1,Active,AGT0134,Labuan
POL0003564,PTP000852,Family Takaful - Retirement,Family,True,2022-03-18,2023-03-18,1,Annual,1124.0,Active,AGT0062,Melaka
POL0003565,PTP002569,Family Takaful - Education,Family,True,2024-01-27,2034-01-24,10,Annual,1141.59,Active,AGT0113,Negeri Sembilan
POL0003566,PTP001823,Medical & Health Takaful,Family,False,2023-03-18,2043-03-13,20,Monthly,919.26,Cancelled,AGT0005,Sarawak
POL0003567,PTP000276,Motor Takaful,General,False,2025-12-03,2030-12-02,5,Annual,1019.75,Cancelled,AGT0105,Kelantan
POL0003568,PTP001795,Fire Takaful,General,False,2024-03-04,2029-03-03,5,Semi-Annual,1905.69,Active,AGT0008,Pahang
POL0003569,PTP001928,Motor Takaful,General,False,2024-04-27,2039-04-24,15,Monthly,392.11,Active,AGT0068,Perlis
POL0003570,PTP001354,Family Takaful - Education,Family,True,2025-07-16,2035-07-14,10,Semi-Annual,1555.2,Active,AGT0034,Penang
POL0003571,PTP001201,Family Takaful - Education,Family,True,2023-08-15,2043-08-10,20,Annual,294.45,Active,AGT0137,Perlis
POL0003572,PTP002708,Motor Takaful,General,False,2025-10-16,2035-10-14,10,Semi-Annual,1586.29,Active,AGT0105,Kuala Lumpur
POL0003573,PTP000420,Medical & Health Takaful,Family,False,2021-02-27,2031-02-25,10,Annual,1155.01,Active,AGT0028,Pahang
POL0003574,PTP001514,Fire Takaful,General,False,2022-11-07,2027-11-06,5,Monthly,805.93,Lapsed,AGT0068,Kelantan
POL0003575,PTP001533,Family Takaful - Retirement,Family,True,2022-09-24,2042-09-19,20,Annual,754.52,Active,AGT0051,Pahang
POL0003576,PTP000470,Medical & Health Takaful,Family,False,2023-09-04,2028-09-02,5,Quarterly,61.09,Active,AGT0119,Johor
POL0003577,PTP000339,Family Takaful - Life Protection,Family,True,2021-11-27,2041-11-22,20,Quarterly,147.87,Active,AGT0072,Kuala Lumpur
POL0003578,PTP000131,Fire Takaful,General,False,2023-11-07,2038-11-03,15,Semi-Annual,1948.83,Lapsed,AGT0086,Terengganu
POL0003579,PTP001830,Fire Takaful,General,False,2026-06-14,2031-06-13,5,Quarterly,615.72,Active,AGT0047,Kedah
POL0003580,PTP002484,Family Takaful - Education,Family,True,2023-02-11,2028-02-10,5,Monthly,1988.79,Active,AGT0062,Perlis
POL0003581,PTP001599,Motor Takaful,General,False,2023-12-12,2043-12-07,20,Semi-Annual,1059.18,Active,AGT0003,Melaka
POL0003582,PTP001598,Motor Takaful,General,False,2026-07-30,2031-07-29,5,Annual,319.51,Matured,AGT0131,Melaka
POL0003583,PTP001372,Medical & Health Takaful,Family,False,2022-08-04,2037-07-31,15,Quarterly,258.71,Active,AGT0037,Melaka
POL0003584,PTP001225,Medical & Health Takaful,Family,False,2024-02-08,2034-02-05,10,Monthly,1149.73,Active,AGT0098,Kelantan
POL0003585,PTP000116,Motor Takaful,General,False,2024-05-01,2039-04-28,15,Monthly,1072.69,Lapsed,AGT0038,Perlis
POL0003586,PTP001192,Medical & Health Takaful,Family,False,2024-09-20,2044-09-15,20,Annual,1796.63,Active,AGT0069,Melaka
POL0003587,PTP001231,Medical & Health Takaful,Family,False,2023-09-21,2024-09-20,1,Semi-Annual,327.5,Lapsed,AGT0011,Sabah
POL0003588,PTP001879,Family Takaful - Retirement,Family,True,2023-10-04,2043-09-29,20,Monthly,1663.06,Active,AGT0037,Perak
POL0003589,PTP000156,Family Takaful - Life Protection,Family,True,2021-10-31,2031-10-29,10,Quarterly,1328.86,Active,AGT0130,Terengganu
POL0003590,PTP000321,Family Takaful - Life Protection,Family,True,2025-04-19,2045-04-14,20,Semi-Annual,593.83,Active,AGT0028,Kelantan
POL0003591,PTP002742,Family Takaful - Retirement,Family,True,2022-11-08,2027-11-07,5,Monthly,1002.68,Lapsed,AGT0116,Labuan
POL0003592,PTP001951,Family Takaful - Retirement,Family,True,2021-11-13,2041-11-08,20,Monthly,155.19,Active,AGT0041,Perlis
POL0003593,PTP000109,Medical & Health Takaful,Family,False,2023-09-18,2033-09-15,10,Annual,1532.26,Active,AGT0074,Kedah
POL0003594,PTP000659,Medical & Health Takaful,Family,False,2026-03-31,2036-03-28,10,Semi-Annual,1767.28,Active,AGT0057,Penang
POL0003595,PTP000254,Personal Accident Takaful,General,False,2023-05-06,2028-05-04,5,Quarterly,475.63,Active,AGT0091,Melaka
POL0003596,PTP000995,Medical & Health Takaful,Family,False,2025-11-16,2040-11-12,15,Semi-Annual,510.43,Active,AGT0138,Sabah
POL0003597,PTP000317,Motor Takaful,General,False,2025-09-28,2035-09-26,10,Annual,1536.0,Active,AGT0036,Melaka
POL0003598,PTP000844,Family Takaful - Education,Family,True,2022-07-12,2023-07-12,1,Semi-Annual,341.05,Matured,AGT0129,Sarawak
POL0003599,PTP002527,Family Takaful - Life Protection,Family,True,2023-04-24,2024-04-23,1,Monthly,980.51,Active,AGT0033,Pahang
POL0003600,PTP001915,Family Takaful - Education,Family,True,2025-08-17,2040-08-13,15,Annual,1810.85,Active,AGT0048,Negeri Sembilan
POL0003601,PTP001039,Fire Takaful,General,False,2024-11-08,2034-11-06,10,Annual,1485.45,Active,AGT0113,Penang
POL0003602,PTP000423,Family Takaful - Life Protection,Family,True,2022-03-28,2032-03-25,10,Annual,1626.13,Lapsed,AGT0125,Sarawak
POL0003603,PTP000480,Fire Takaful,General,False,2021-06-19,2026-06-18,5,Annual,632.04,Lapsed,AGT0082,Perlis
POL0003604,PTP000946,Motor Takaful,General,False,2024-02-20,2039-02-16,15,Semi-Annual,1080.23,Active,AGT0026,Selangor
POL0003605,PTP002346,Family Takaful - Education,Family,True,2023-02-27,2033-02-24,10,Semi-Annual,1131.84,Active,AGT0122,Perak
POL0003606,PTP001549,Family Takaful - Life Protection,Family,True,2023-02-07,2038-02-03,15,Quarterly,732.45,Active,AGT0019,Perak
POL0003607,PTP001593,Family Takaful - Retirement,Family,True,2023-01-25,2024-01-25,1,Quarterly,1504.51,Active,AGT0113,Sabah
POL0003608,PTP002115,Personal Accident Takaful,General,False,2021-05-08,2036-05-04,15,Annual,536.36,Matured,AGT0079,Labuan
POL0003609,PTP000172,Medical & Health Takaful,Family,False,2024-07-05,2044-06-30,20,Monthly,1435.3,Lapsed,AGT0030,Kelantan
POL0003610,PTP002716,Fire Takaful,General,False,2023-12-31,2028-12-29,5,Quarterly,1502.98,Active,AGT0037,Sarawak
POL0003611,PTP002381,Family Takaful - Retirement,Family,True,2021-04-20,2026-04-19,5,Monthly,192.63,Matured,AGT0131,Labuan
POL0003612,PTP000022,Fire Takaful,General,False,2021-06-30,2022-06-30,1,Quarterly,128.17,Active,AGT0015,Terengganu
POL0003613,PTP000966,Family Takaful - Life Protection,Family,True,2022-11-15,2023-11-15,1,Quarterly,1106.49,Active,AGT0092,Kelantan
POL0003614,PTP000202,Motor Takaful,General,False,2021-05-05,2031-05-03,10,Monthly,878.1,Lapsed,AGT0030,Selangor
POL0003615,PTP000378,Family Takaful - Retirement,Family,True,2026-04-10,2046-04-05,20,Annual,403.64,Lapsed,AGT0145,Johor
POL0003616,PTP000499,Medical & Health Takaful,Family,False,2023-02-24,2043-02-19,20,Annual,135.76,Active,AGT0015,Kelantan
POL0003617,PTP002110,Motor Takaful,General,False,2025-02-04,2040-02-01,15,Monthly,1448.09,Active,AGT0051,Johor
POL0003618,PTP001740,Family Takaful - Education,Family,True,2023-09-05,2033-09-02,10,Semi-Annual,153.74,Matured,AGT0088,Selangor
POL0003619,PTP001614,Personal Accident Takaful,General,False,2023-03-28,2028-03-26,5,Monthly,1496.88,Matured,AGT0090,Perak
POL0003620,PTP001128,Family Takaful - Education,Family,True,2025-10-17,2045-10-12,20,Semi-Annual,1636.6,Active,AGT0077,Kelantan
POL0003621,PTP002199,Medical & Health Takaful,Family,False,2025-04-01,2040-03-28,15,Semi-Annual,823.27,Active,AGT0031,Melaka
POL0003622,PTP000680,Fire Takaful,General,False,2024-06-03,2025-06-03,1,Monthly,83.83,Lapsed,AGT0029,Sarawak
POL0003623,PTP001817,Family Takaful - Retirement,Family,True,2023-02-23,2038-02-19,15,Annual,1045.63,Lapsed,AGT0005,Labuan
POL0003624,PTP000985,Motor Takaful,General,False,2023-01-01,2027-12-31,5,Quarterly,1919.72,Active,AGT0139,Kedah
POL0003625,PTP000915,Medical & Health Takaful,Family,False,2025-10-18,2030-10-17,5,Quarterly,1302.29,Matured,AGT0054,Kedah
POL0003626,PTP001101,Family Takaful - Retirement,Family,True,2021-07-01,2022-07-01,1,Monthly,717.51,Active,AGT0104,Terengganu
POL0003627,PTP001892,Motor Takaful,General,False,2025-09-23,2040-09-19,15,Monthly,203.09,Active,AGT0090,Penang
POL0003628,PTP000503,Motor Takaful,General,False,2025-04-11,2030-04-10,5,Semi-Annual,1306.04,Active,AGT0062,Sarawak
POL0003629,PTP002563,Family Takaful - Life Protection,Family,True,2024-05-19,2044-05-14,20,Monthly,1346.19,Active,AGT0033,Kelantan
POL0003630,PTP002412,Fire Takaful,General,False,2025-05-12,2030-05-11,5,Semi-Annual,218.08,Cancelled,AGT0089,Terengganu
POL0003631,PTP002770,Motor Takaful,General,False,2021-07-15,2022-07-15,1,Semi-Annual,1031.58,Active,AGT0087,Putrajaya
POL0003632,PTP001346,Family Takaful - Education,Family,True,2023-05-19,2024-05-18,1,Quarterly,1042.48,Lapsed,AGT0142,Perak
POL0003633,PTP000789,Medical & Health Takaful,Family,False,2021-08-11,2041-08-06,20,Semi-Annual,597.7,Active,AGT0082,Selangor
POL0003634,PTP000432,Fire Takaful,General,False,2023-03-23,2043-03-18,20,Semi-Annual,220.9,Lapsed,AGT0077,Johor
POL0003635,PTP002250,Family Takaful - Retirement,Family,True,2022-12-26,2042-12-21,20,Annual,490.25,Lapsed,AGT0083,Putrajaya
POL0003636,PTP000189,Family Takaful - Education,Family,True,2026-04-09,2041-04-05,15,Annual,536.73,Active,AGT0018,Kuala Lumpur
POL0003637,PTP001730,Family Takaful - Retirement,Family,True,2023-02-28,2038-02-24,15,Semi-Annual,136.23,Lapsed,AGT0145,Labuan
POL0003638,PTP000340,Family Takaful - Life Protection,Family,True,2026-04-22,2046-04-17,20,Monthly,504.26,Active,AGT0100,Sabah
POL0003639,PTP002652,Fire Takaful,General,False,2026-05-23,2041-05-19,15,Monthly,661.42,Active,AGT0006,Negeri Sembilan
POL0003640,PTP000475,Motor Takaful,General,False,2025-11-12,2045-11-07,20,Monthly,1650.47,Active,AGT0093,Kelantan
POL0003641,PTP001651,Personal Accident Takaful,General,False,2022-02-15,2023-02-15,1,Quarterly,1648.73,Active,AGT0034,Penang
POL0003642,PTP002893,Family Takaful - Education,Family,True,2026-05-24,2036-05-21,10,Semi-Annual,1030.19,Active,AGT0144,Kedah
POL0003643,PTP000092,Motor Takaful,General,False,2026-07-13,2036-07-10,10,Quarterly,485.26,Active,AGT0051,Johor
POL0003644,PTP001073,Motor Takaful,General,False,2022-07-06,2042-07-01,20,Annual,1277.47,Cancelled,AGT0025,Kelantan
POL0003645,PTP000492,Fire Takaful,General,False,2026-04-30,2036-04-27,10,Annual,1311.24,Active,AGT0082,Melaka
POL0003646,PTP002423,Medical & Health Takaful,Family,False,2024-02-20,2029-02-18,5,Annual,386.46,Lapsed,AGT0146,Perak
POL0003647,PTP001386,Personal Accident Takaful,General,False,2024-11-06,2044-11-01,20,Monthly,1558.91,Active,AGT0090,Kuala Lumpur
POL0003648,PTP002720,Fire Takaful,General,False,2026-02-28,2036-02-26,10,Quarterly,841.15,Active,AGT0075,Johor
POL0003649,PTP002946,Personal Accident Takaful,General,False,2021-06-10,2041-06-05,20,Quarterly,1059.58,Active,AGT0143,Kedah
POL0003650,PTP000350,Motor Takaful,General,False,2023-02-03,2038-01-30,15,Quarterly,1463.26,Matured,AGT0114,Sarawak
POL0003651,PTP001182,Family Takaful - Education,Family,True,2026-07-28,2046-07-23,20,Quarterly,1678.87,Active,AGT0129,Penang
POL0003652,PTP002282,Family Takaful - Education,Family,True,2025-05-01,2040-04-27,15,Annual,217.75,Active,AGT0025,Johor
POL0003653,PTP000028,Family Takaful - Life Protection,Family,True,2024-03-11,2025-03-11,1,Annual,390.29,Matured,AGT0112,Penang
POL0003654,PTP002041,Family Takaful - Retirement,Family,True,2024-08-01,2039-07-29,15,Semi-Annual,1525.87,Active,AGT0017,Melaka
POL0003655,PTP002617,Motor Takaful,General,False,2021-01-24,2022-01-24,1,Monthly,1595.18,Lapsed,AGT0024,Kedah
POL0003656,PTP000979,Family Takaful - Education,Family,True,2022-11-22,2023-11-22,1,Monthly,588.76,Active,AGT0003,Penang
POL0003657,PTP000384,Fire Takaful,General,False,2023-10-10,2043-10-05,20,Semi-Annual,365.25,Active,AGT0143,Penang
POL0003658,PTP002377,Family Takaful - Life Protection,Family,True,2026-03-25,2041-03-21,15,Semi-Annual,1881.13,Active,AGT0115,Perlis
POL0003659,PTP001184,Family Takaful - Retirement,Family,True,2025-03-26,2026-03-26,1,Semi-Annual,1059.53,Active,AGT0147,Johor
POL0003660,PTP001530,Fire Takaful,General,False,2023-03-15,2028-03-13,5,Semi-Annual,1828.6,Active,AGT0114,Negeri Sembilan
POL0003661,PTP001997,Family Takaful - Education,Family,True,2022-03-04,2032-03-01,10,Monthly,1054.92,Active,AGT0004,Kedah
POL0003662,PTP000913,Motor Takaful,General,False,2022-06-22,2037-06-18,15,Monthly,727.71,Active,AGT0137,Kelantan
POL0003663,PTP002226,Family Takaful - Education,Family,True,2022-07-10,2037-07-06,15,Monthly,836.18,Active,AGT0147,Sabah
POL0003664,PTP002985,Fire Takaful,General,False,2026-02-18,2041-02-14,15,Annual,1364.41,Active,AGT0097,Terengganu
POL0003665,PTP001868,Personal Accident Takaful,General,False,2024-04-29,2044-04-24,20,Semi-Annual,1480.01,Lapsed,AGT0116,Putrajaya
POL0003666,PTP002719,Family Takaful - Retirement,Family,True,2026-03-16,2041-03-12,15,Quarterly,895.69,Active,AGT0130,Selangor
POL0003667,PTP000161,Medical & Health Takaful,Family,False,2024-07-26,2025-07-26,1,Annual,1478.11,Active,AGT0050,Kedah
POL0003668,PTP001946,Family Takaful - Life Protection,Family,True,2023-07-07,2043-07-02,20,Annual,515.67,Lapsed,AGT0024,Sabah
POL0003669,PTP001778,Medical & Health Takaful,Family,False,2026-08-11,2041-08-07,15,Annual,1641.05,Active,AGT0063,Terengganu
POL0003670,PTP001072,Personal Accident Takaful,General,False,2025-07-08,2026-07-08,1,Semi-Annual,1500.57,Active,AGT0118,Sarawak
POL0003671,PTP000555,Family Takaful - Education,Family,True,2023-10-16,2028-10-14,5,Semi-Annual,55.91,Active,AGT0113,Sabah
POL0003672,PTP002575,Motor Takaful,General,False,2021-03-03,2026-03-02,5,Quarterly,1967.21,Active,AGT0089,Pahang
POL0003673,PTP002048,Medical & Health Takaful,Family,False,2023-06-12,2024-06-11,1,Quarterly,1048.53,Active,AGT0009,Putrajaya
POL0003674,PTP002452,Fire Takaful,General,False,2021-10-08,2041-10-03,20,Monthly,1578.22,Active,AGT0049,Penang
POL0003675,PTP001417,Fire Takaful,General,False,2024-03-01,2029-02-28,5,Semi-Annual,1557.21,Active,AGT0145,Labuan
POL0003676,PTP001271,Personal Accident Takaful,General,False,2026-02-04,2027-02-04,1,Semi-Annual,1294.42,Active,AGT0102,Labuan
POL0003677,PTP000509,Family Takaful - Education,Family,True,2025-12-07,2030-12-06,5,Semi-Annual,621.63,Lapsed,AGT0097,Kedah
POL0003678,PTP001049,Family Takaful - Life Protection,Family,True,2025-09-27,2035-09-25,10,Monthly,1669.23,Cancelled,AGT0065,Johor
POL0003679,PTP001711,Family Takaful - Life Protection,Family,True,2025-05-24,2040-05-20,15,Monthly,398.07,Active,AGT0098,Sabah
POL0003680,PTP002293,Fire Takaful,General,False,2026-07-11,2027-07-11,1,Quarterly,212.57,Active,AGT0026,Terengganu
POL0003681,PTP001631,Medical & Health Takaful,Family,False,2026-01-13,2027-01-13,1,Monthly,172.9,Active,AGT0031,Putrajaya
POL0003682,PTP000456,Family Takaful - Education,Family,True,2024-01-02,2033-12-30,10,Quarterly,1445.83,Lapsed,AGT0012,Labuan
POL0003683,PTP000322,Motor Takaful,General,False,2021-04-02,2026-04-01,5,Quarterly,386.32,Active,AGT0143,Kelantan
POL0003684,PTP000133,Family Takaful - Retirement,Family,True,2021-05-24,2026-05-23,5,Annual,1841.74,Active,AGT0024,Labuan
POL0003685,PTP000975,Family Takaful - Retirement,Family,True,2022-01-04,2036-12-31,15,Semi-Annual,1803.3,Matured,AGT0072,Perlis
POL0003686,PTP001415,Family Takaful - Retirement,Family,True,2024-05-13,2034-05-11,10,Quarterly,217.49,Cancelled,AGT0053,Pahang
POL0003687,PTP001492,Motor Takaful,General,False,2021-11-04,2036-10-31,15,Semi-Annual,1597.94,Lapsed,AGT0023,Terengganu
POL0003688,PTP002687,Medical & Health Takaful,Family,False,2025-07-22,2030-07-21,5,Quarterly,95.84,Active,AGT0060,Perlis
POL0003689,PTP002929,Family Takaful - Retirement,Family,True,2025-06-25,2035-06-23,10,Annual,87.2,Matured,AGT0068,Sarawak
POL0003690,PTP001334,Family Takaful - Life Protection,Family,True,2024-07-22,2025-07-22,1,Monthly,175.39,Active,AGT0060,Kelantan
POL0003691,PTP001064,Medical & Health Takaful,Family,False,2021-03-22,2036-03-18,15,Annual,1320.0,Lapsed,AGT0123,Labuan
POL0003692,PTP002078,Fire Takaful,General,False,2022-02-10,2027-02-09,5,Semi-Annual,566.25,Lapsed,AGT0039,Melaka
POL0003693,PTP001129,Motor Takaful,General,False,2025-11-10,2035-11-08,10,Monthly,1553.21,Active,AGT0081,Sarawak
POL0003694,PTP001418,Family Takaful - Education,Family,True,2021-03-12,2031-03-10,10,Semi-Annual,432.85,Lapsed,AGT0020,Melaka
POL0003695,PTP000161,Medical & Health Takaful,Family,False,2023-05-05,2043-04-30,20,Semi-Annual,349.16,Active,AGT0104,Terengganu
POL0003696,PTP000403,Personal Accident Takaful,General,False,2023-04-18,2028-04-16,5,Monthly,1839.25,Active,AGT0077,Johor
POL0003697,PTP000709,Medical & Health Takaful,Family,False,2024-02-22,2029-02-20,5,Semi-Annual,1933.65,Lapsed,AGT0007,Johor
POL0003698,PTP002359,Personal Accident Takaful,General,False,2022-10-11,2023-10-11,1,Monthly,756.63,Cancelled,AGT0055,Kedah
POL0003699,PTP002321,Fire Takaful,General,False,2022-09-13,2027-09-12,5,Annual,1645.56,Active,AGT0150,Kedah
POL0003700,PTP000550,Personal Accident Takaful,General,False,2025-10-22,2035-10-20,10,Monthly,1004.72,Active,AGT0044,Negeri Sembilan
POL0003701,PTP002351,Fire Takaful,General,False,2022-03-19,2027-03-18,5,Quarterly,1046.18,Active,AGT0007,Perlis
POL0003702,PTP000710,Personal Accident Takaful,General,False,2023-09-06,2043-09-01,20,Quarterly,269.72,Matured,AGT0044,Melaka
POL0003703,PTP001492,Family Takaful - Education,Family,True,2025-08-25,2040-08-21,15,Annual,1162.51,Active,AGT0032,Perlis
POL0003704,PTP000033,Medical & Health Takaful,Family,False,2021-12-16,2022-12-16,1,Quarterly,971.08,Active,AGT0084,Johor
POL0003705,PTP001020,Fire Takaful,General,False,2023-05-09,2033-05-06,10,Semi-Annual,452.2,Active,AGT0111,Sabah
POL0003706,PTP002916,Personal Accident Takaful,General,False,2026-03-01,2031-02-28,5,Semi-Annual,1450.8,Active,AGT0006,Melaka
POL0003707,PTP002944,Fire Takaful,General,False,2021-04-25,2041-04-20,20,Semi-Annual,544.69,Lapsed,AGT0128,Penang
POL0003708,PTP001758,Motor Takaful,General,False,2022-11-11,2042-11-06,20,Quarterly,1349.07,Active,AGT0033,Negeri Sembilan
POL0003709,PTP001170,Medical & Health Takaful,Family,False,2022-10-22,2023-10-22,1,Annual,830.35,Active,AGT0125,Selangor
POL0003710,PTP000869,Motor Takaful,General,False,2025-11-02,2035-10-31,10,Annual,1305.52,Matured,AGT0037,Sabah
POL0003711,PTP000892,Family Takaful - Life Protection,Family,True,2022-07-20,2032-07-17,10,Annual,359.5,Active,AGT0143,Sarawak
POL0003712,PTP001609,Motor Takaful,General,False,2021-11-18,2026-11-17,5,Monthly,713.79,Active,AGT0035,Labuan
POL0003713,PTP002218,Family Takaful - Retirement,Family,True,2026-05-08,2036-05-05,10,Semi-Annual,1241.5,Active,AGT0073,Penang
POL0003714,PTP001814,Medical & Health Takaful,Family,False,2024-07-02,2029-07-01,5,Monthly,582.52,Active,AGT0118,Negeri Sembilan
POL0003715,PTP002736,Fire Takaful,General,False,2021-05-18,2036-05-14,15,Quarterly,1398.23,Lapsed,AGT0056,Sabah
POL0003716,PTP002372,Family Takaful - Life Protection,Family,True,2022-06-10,2032-06-07,10,Semi-Annual,632.87,Active,AGT0060,Melaka
POL0003717,PTP002978,Family Takaful - Retirement,Family,True,2022-05-02,2042-04-27,20,Semi-Annual,1903.56,Active,AGT0002,Putrajaya
POL0003718,PTP001978,Family Takaful - Retirement,Family,True,2023-12-17,2038-12-13,15,Monthly,315.77,Lapsed,AGT0116,Selangor
POL0003719,PTP001753,Medical & Health Takaful,Family,False,2022-12-30,2032-12-27,10,Monthly,1593.82,Active,AGT0110,Sabah
POL0003720,PTP000767,Family Takaful - Education,Family,True,2024-05-16,2029-05-15,5,Annual,1335.79,Active,AGT0032,Melaka
POL0003721,PTP002510,Personal Accident Takaful,General,False,2024-03-14,2044-03-09,20,Quarterly,1855.75,Active,AGT0065,Perak
POL0003722,PTP001760,Family Takaful - Education,Family,True,2024-11-28,2029-11-27,5,Quarterly,1855.01,Active,AGT0109,Perak
POL0003723,PTP002983,Family Takaful - Education,Family,True,2021-07-12,2041-07-07,20,Annual,392.41,Active,AGT0002,Sabah
POL0003724,PTP000701,Family Takaful - Education,Family,True,2022-06-14,2032-06-11,10,Monthly,395.03,Active,AGT0071,Perak
POL0003725,PTP000801,Fire Takaful,General,False,2024-11-16,2034-11-14,10,Monthly,1007.67,Active,AGT0041,Labuan
POL0003726,PTP002380,Family Takaful - Life Protection,Family,True,2021-02-16,2026-02-15,5,Monthly,664.54,Active,AGT0043,Sabah
POL0003727,PTP001963,Motor Takaful,General,False,2022-07-12,2032-07-09,10,Quarterly,1683.17,Active,AGT0065,Sarawak
POL0003728,PTP000692,Medical & Health Takaful,Family,False,2021-05-20,2026-05-19,5,Quarterly,397.51,Active,AGT0142,Selangor
POL0003729,PTP002658,Medical & Health Takaful,Family,False,2026-04-24,2027-04-24,1,Annual,74.47,Lapsed,AGT0027,Labuan
POL0003730,PTP000434,Personal Accident Takaful,General,False,2024-11-22,2025-11-22,1,Semi-Annual,1797.65,Active,AGT0098,Selangor
POL0003731,PTP002074,Motor Takaful,General,False,2025-02-21,2045-02-16,20,Monthly,365.22,Active,AGT0030,Terengganu
POL0003732,PTP000346,Personal Accident Takaful,General,False,2023-02-05,2028-02-04,5,Annual,1309.93,Matured,AGT0012,Selangor
POL0003733,PTP002346,Motor Takaful,General,False,2026-02-14,2036-02-12,10,Monthly,1176.8,Active,AGT0114,Johor
POL0003734,PTP001529,Motor Takaful,General,False,2021-09-13,2026-09-12,5,Annual,841.22,Active,AGT0033,Terengganu
POL0003735,PTP002514,Fire Takaful,General,False,2021-03-29,2022-03-29,1,Annual,334.68,Active,AGT0134,Sarawak
POL0003736,PTP001103,Personal Accident Takaful,General,False,2023-07-29,2028-07-27,5,Annual,1972.34,Active,AGT0110,Labuan
POL0003737,PTP000305,Family Takaful - Retirement,Family,True,2024-07-02,2029-07-01,5,Semi-Annual,1628.43,Active,AGT0083,Labuan
POL0003738,PTP000335,Personal Accident Takaful,General,False,2024-05-22,2039-05-19,15,Annual,1359.43,Active,AGT0120,Penang
POL0003739,PTP002459,Personal Accident Takaful,General,False,2021-12-08,2022-12-08,1,Quarterly,502.75,Active,AGT0058,Terengganu
POL0003740,PTP002557,Family Takaful - Life Protection,Family,True,2022-04-14,2037-04-10,15,Semi-Annual,400.1,Active,AGT0087,Penang
POL0003741,PTP001528,Family Takaful - Retirement,Family,True,2025-11-13,2040-11-09,15,Monthly,532.83,Cancelled,AGT0070,Kedah
POL0003742,PTP002220,Medical & Health Takaful,Family,False,2021-08-20,2036-08-16,15,Semi-Annual,264.34,Active,AGT0030,Johor
POL0003743,PTP002855,Motor Takaful,General,False,2026-08-11,2046-08-06,20,Semi-Annual,1621.48,Active,AGT0030,Perak
POL0003744,PTP002971,Fire Takaful,General,False,2025-05-02,2035-04-30,10,Semi-Annual,1359.26,Active,AGT0053,Kedah
POL0003745,PTP001614,Fire Takaful,General,False,2025-05-17,2040-05-13,15,Monthly,645.67,Active,AGT0023,Sarawak
POL0003746,PTP001846,Family Takaful - Retirement,Family,True,2021-04-06,2022-04-06,1,Monthly,1414.89,Matured,AGT0028,Selangor
POL0003747,PTP001679,Family Takaful - Life Protection,Family,True,2022-11-06,2027-11-05,5,Semi-Annual,583.72,Active,AGT0099,Terengganu
POL0003748,PTP001088,Motor Takaful,General,False,2024-07-11,2025-07-11,1,Monthly,1348.75,Active,AGT0125,Pahang
POL0003749,PTP001335,Family Takaful - Education,Family,True,2026-01-18,2046-01-13,20,Semi-Annual,269.94,Matured,AGT0103,Kuala Lumpur
POL0003750,PTP002628,Family Takaful - Life Protection,Family,True,2024-01-10,2034-01-07,10,Semi-Annual,1224.78,Active,AGT0053,Selangor
POL0003751,PTP001162,Motor Takaful,General,False,2024-01-23,2025-01-22,1,Monthly,1072.8,Active,AGT0002,Perlis
POL0003752,PTP002403,Family Takaful - Retirement,Family,True,2025-06-30,2045-06-25,20,Quarterly,1104.82,Active,AGT0049,Penang
POL0003753,PTP001629,Medical & Health Takaful,Family,False,2022-11-21,2037-11-17,15,Semi-Annual,1608.5,Active,AGT0061,Kuala Lumpur
POL0003754,PTP001831,Family Takaful - Retirement,Family,True,2021-01-12,2031-01-10,10,Monthly,1149.66,Active,AGT0111,Melaka
POL0003755,PTP000085,Motor Takaful,General,False,2022-04-18,2023-04-18,1,Monthly,782.24,Active,AGT0027,Putrajaya
POL0003756,PTP002556,Medical & Health Takaful,Family,False,2025-02-22,2026-02-22,1,Semi-Annual,84.43,Active,AGT0007,Kelantan
POL0003757,PTP001345,Family Takaful - Life Protection,Family,True,2026-08-06,2036-08-03,10,Semi-Annual,1179.48,Active,AGT0137,Sarawak
POL0003758,PTP002433,Family Takaful - Life Protection,Family,True,2021-12-15,2041-12-10,20,Annual,760.42,Active,AGT0086,Melaka
POL0003759,PTP002314,Family Takaful - Life Protection,Family,True,2023-11-14,2038-11-10,15,Monthly,1913.14,Lapsed,AGT0106,Johor
POL0003760,PTP000030,Medical & Health Takaful,Family,False,2025-03-20,2030-03-19,5,Monthly,392.88,Active,AGT0011,Sarawak
POL0003761,PTP000094,Medical & Health Takaful,Family,False,2022-05-10,2037-05-06,15,Quarterly,1490.24,Active,AGT0045,Pahang
POL0003762,PTP001374,Motor Takaful,General,False,2022-04-12,2023-04-12,1,Monthly,1311.31,Active,AGT0113,Putrajaya
POL0003763,PTP001715,Family Takaful - Education,Family,True,2025-01-25,2026-01-25,1,Annual,1113.76,Cancelled,AGT0069,Negeri Sembilan
POL0003764,PTP000520,Family Takaful - Retirement,Family,True,2025-05-13,2040-05-09,15,Monthly,897.74,Active,AGT0036,Terengganu
POL0003765,PTP002492,Medical & Health Takaful,Family,False,2025-08-12,2035-08-10,10,Quarterly,1019.06,Active,AGT0077,Terengganu
POL0003766,PTP002233,Family Takaful - Retirement,Family,True,2025-12-10,2045-12-05,20,Semi-Annual,1345.93,Active,AGT0101,Penang
POL0003767,PTP001042,Motor Takaful,General,False,2021-03-15,2022-03-15,1,Semi-Annual,1973.4,Active,AGT0006,Pahang
POL0003768,PTP001244,Fire Takaful,General,False,2024-05-16,2034-05-14,10,Annual,1719.21,Active,AGT0096,Perak
POL0003769,PTP000449,Medical & Health Takaful,Family,False,2024-12-01,2029-11-30,5,Annual,1125.73,Lapsed,AGT0056,Kuala Lumpur
POL0003770,PTP001874,Medical & Health Takaful,Family,False,2025-05-18,2040-05-14,15,Quarterly,997.83,Lapsed,AGT0077,Sabah
POL0003771,PTP000058,Personal Accident Takaful,General,False,2023-09-13,2024-09-12,1,Semi-Annual,1683.64,Active,AGT0127,Selangor
POL0003772,PTP001657,Family Takaful - Retirement,Family,True,2021-09-27,2022-09-27,1,Semi-Annual,1996.04,Active,AGT0015,Labuan
POL0003773,PTP001793,Motor Takaful,General,False,2023-08-16,2038-08-12,15,Monthly,486.29,Active,AGT0108,Kuala Lumpur
POL0003774,PTP000422,Motor Takaful,General,False,2022-07-24,2027-07-23,5,Annual,946.07,Active,AGT0053,Kedah
POL0003775,PTP001467,Family Takaful - Life Protection,Family,True,2025-09-15,2026-09-15,1,Annual,215.49,Active,AGT0107,Pahang
POL0003776,PTP001376,Motor Takaful,General,False,2021-10-03,2026-10-02,5,Annual,297.99,Active,AGT0086,Melaka
POL0003777,PTP000560,Personal Accident Takaful,General,False,2026-01-28,2027-01-28,1,Quarterly,210.35,Active,AGT0034,Kuala Lumpur
POL0003778,PTP000212,Family Takaful - Life Protection,Family,True,2024-08-21,2029-08-20,5,Annual,134.02,Active,AGT0080,Selangor
POL0003779,PTP001857,Family Takaful - Education,Family,True,2025-03-05,2030-03-04,5,Monthly,503.28,Active,AGT0076,Kedah
POL0003780,PTP001327,Personal Accident Takaful,General,False,2025-08-26,2030-08-25,5,Annual,1904.3,Active,AGT0028,Melaka
POL0003781,PTP002224,Personal Accident Takaful,General,False,2023-08-28,2028-08-26,5,Quarterly,788.46,Active,AGT0039,Perlis
POL0003782,PTP001038,Family Takaful - Retirement,Family,True,2026-03-28,2027-03-28,1,Quarterly,787.5,Active,AGT0054,Kuala Lumpur
POL0003783,PTP000850,Family Takaful - Life Protection,Family,True,2022-10-22,2023-10-22,1,Monthly,896.38,Active,AGT0025,Perak
POL0003784,PTP000343,Personal Accident Takaful,General,False,2024-10-01,2034-09-29,10,Monthly,1004.25,Matured,AGT0095,Johor
POL0003785,PTP000731,Family Takaful - Education,Family,True,2023-02-20,2028-02-19,5,Monthly,616.21,Active,AGT0019,Negeri Sembilan
POL0003786,PTP001091,Fire Takaful,General,False,2024-11-01,2034-10-30,10,Annual,1771.42,Lapsed,AGT0149,Kelantan
POL0003787,PTP000617,Family Takaful - Retirement,Family,True,2023-04-06,2038-04-02,15,Monthly,930.06,Active,AGT0032,Perak
POL0003788,PTP000177,Family Takaful - Life Protection,Family,True,2024-06-03,2034-06-01,10,Annual,1395.43,Active,AGT0032,Putrajaya
POL0003789,PTP001396,Medical & Health Takaful,Family,False,2024-11-12,2044-11-07,20,Quarterly,1456.18,Active,AGT0002,Kuala Lumpur
POL0003790,PTP000535,Family Takaful - Life Protection,Family,True,2024-04-13,2029-04-12,5,Annual,301.68,Active,AGT0099,Negeri Sembilan
POL0003791,PTP000934,Family Takaful - Life Protection,Family,True,2023-02-28,2033-02-25,10,Annual,1836.42,Active,AGT0041,Penang
POL0003792,PTP000271,Family Takaful - Education,Family,True,2024-07-21,2029-07-20,5,Quarterly,1919.22,Active,AGT0003,Sarawak
POL0003793,PTP002972,Family Takaful - Education,Family,True,2025-09-24,2040-09-20,15,Semi-Annual,886.48,Active,AGT0030,Penang
POL0003794,PTP002043,Personal Accident Takaful,General,False,2023-10-03,2024-10-02,1,Monthly,128.22,Active,AGT0030,Selangor
POL0003795,PTP002790,Personal Accident Takaful,General,False,2023-12-11,2038-12-07,15,Semi-Annual,119.94,Active,AGT0012,Negeri Sembilan
POL0003796,PTP002398,Family Takaful - Retirement,Family,True,2025-05-05,2040-05-01,15,Annual,1092.94,Lapsed,AGT0023,Selangor
POL0003797,PTP000821,Motor Takaful,General,False,2025-01-07,2030-01-06,5,Quarterly,970.74,Active,AGT0136,Kedah
POL0003798,PTP002350,Family Takaful - Life Protection,Family,True,2021-02-03,2026-02-02,5,Quarterly,714.04,Active,AGT0069,Selangor
POL0003799,PTP002015,Personal Accident Takaful,General,False,2025-08-04,2045-07-30,20,Annual,1643.35,Active,AGT0122,Kelantan
POL0003800,PTP001289,Family Takaful - Retirement,Family,True,2023-05-24,2043-05-19,20,Quarterly,737.39,Active,AGT0026,Melaka
POL0003801,PTP001736,Family Takaful - Life Protection,Family,True,2021-10-26,2026-10-25,5,Semi-Annual,1753.41,Active,AGT0061,Melaka
POL0003802,PTP001858,Family Takaful - Retirement,Family,True,2021-09-27,2022-09-27,1,Semi-Annual,842.11,Active,AGT0120,Johor
POL0003803,PTP002286,Family Takaful - Life Protection,Family,True,2022-08-17,2027-08-16,5,Semi-Annual,466.29,Active,AGT0147,Negeri Sembilan
POL0003804,PTP001141,Medical & Health Takaful,Family,False,2024-05-22,2044-05-17,20,Semi-Annual,642.34,Lapsed,AGT0102,Negeri Sembilan
POL0003805,PTP001234,Family Takaful - Retirement,Family,True,2021-11-26,2031-11-24,10,Semi-Annual,395.39,Active,AGT0024,Melaka
POL0003806,PTP000543,Medical & Health Takaful,Family,False,2021-08-16,2036-08-12,15,Quarterly,175.22,Lapsed,AGT0022,Melaka
POL0003807,PTP000960,Motor Takaful,General,False,2022-06-16,2037-06-12,15,Semi-Annual,836.28,Active,AGT0030,Perak
POL0003808,PTP000867,Fire Takaful,General,False,2024-12-11,2034-12-09,10,Quarterly,564.67,Matured,AGT0147,Johor
POL0003809,PTP000852,Medical & Health Takaful,Family,False,2022-12-09,2023-12-09,1,Annual,1657.0,Active,AGT0056,Kuala Lumpur
POL0003810,PTP002541,Fire Takaful,General,False,2026-03-03,2046-02-26,20,Quarterly,101.46,Active,AGT0144,Kelantan
POL0003811,PTP000660,Family Takaful - Education,Family,True,2026-05-16,2036-05-13,10,Quarterly,1938.68,Active,AGT0023,Sarawak
POL0003812,PTP002249,Family Takaful - Life Protection,Family,True,2021-12-10,2041-12-05,20,Quarterly,1689.09,Matured,AGT0083,Selangor
POL0003813,PTP001813,Family Takaful - Life Protection,Family,True,2026-08-12,2036-08-09,10,Semi-Annual,1087.83,Active,AGT0093,Kuala Lumpur
POL0003814,PTP001603,Motor Takaful,General,False,2022-05-03,2032-04-30,10,Monthly,233.15,Active,AGT0035,Putrajaya
POL0003815,PTP002058,Family Takaful - Retirement,Family,True,2025-06-08,2040-06-04,15,Annual,364.03,Matured,AGT0101,Sabah
POL0003816,PTP002765,Medical & Health Takaful,Family,False,2022-12-27,2032-12-24,10,Monthly,498.58,Cancelled,AGT0079,Melaka
POL0003817,PTP001486,Medical & Health Takaful,Family,False,2024-12-08,2025-12-08,1,Semi-Annual,1433.45,Active,AGT0116,Pahang
POL0003818,PTP000834,Fire Takaful,General,False,2021-05-24,2022-05-24,1,Annual,627.3,Lapsed,AGT0063,Melaka
POL0003819,PTP001317,Family Takaful - Retirement,Family,True,2024-03-08,2034-03-06,10,Monthly,1609.44,Active,AGT0037,Perak
POL0003820,PTP000301,Motor Takaful,General,False,2024-05-01,2044-04-26,20,Monthly,245.26,Active,AGT0014,Terengganu
POL0003821,PTP002485,Family Takaful - Life Protection,Family,True,2021-08-18,2041-08-13,20,Quarterly,1169.16,Active,AGT0145,Perak
POL0003822,PTP002678,Family Takaful - Life Protection,Family,True,2022-09-13,2023-09-13,1,Semi-Annual,371.6,Matured,AGT0128,Perlis
POL0003823,PTP001670,Personal Accident Takaful,General,False,2025-12-02,2026-12-02,1,Annual,1649.21,Matured,AGT0052,Sabah
POL0003824,PTP002264,Family Takaful - Life Protection,Family,True,2025-03-29,2040-03-25,15,Monthly,924.31,Active,AGT0005,Selangor
POL0003825,PTP002451,Fire Takaful,General,False,2026-05-24,2041-05-20,15,Semi-Annual,481.7,Active,AGT0105,Sabah
POL0003826,PTP001497,Fire Takaful,General,False,2024-12-04,2044-11-29,20,Monthly,85.53,Active,AGT0056,Terengganu
POL0003827,PTP001362,Family Takaful - Life Protection,Family,True,2021-08-01,2022-08-01,1,Quarterly,365.5,Active,AGT0051,Perlis
POL0003828,PTP002986,Family Takaful - Retirement,Family,True,2025-05-12,2040-05-08,15,Annual,1183.9,Active,AGT0122,Pahang
POL0003829,PTP001781,Family Takaful - Retirement,Family,True,2024-04-04,2025-04-04,1,Monthly,460.53,Active,AGT0045,Sabah
POL0003830,PTP000490,Family Takaful - Education,Family,True,2023-12-03,2033-11-30,10,Annual,1907.34,Active,AGT0089,Terengganu
POL0003831,PTP001312,Family Takaful - Life Protection,Family,True,2022-10-29,2023-10-29,1,Semi-Annual,823.47,Matured,AGT0091,Pahang
POL0003832,PTP000004,Family Takaful - Life Protection,Family,True,2025-05-07,2045-05-02,20,Semi-Annual,606.03,Active,AGT0134,Sarawak
POL0003833,PTP002979,Medical & Health Takaful,Family,False,2021-08-09,2036-08-05,15,Semi-Annual,360.01,Lapsed,AGT0148,Sarawak
POL0003834,PTP002376,Family Takaful - Life Protection,Family,True,2025-07-23,2040-07-19,15,Monthly,1035.61,Active,AGT0103,Pahang
POL0003835,PTP002965,Family Takaful - Life Protection,Family,True,2024-11-12,2034-11-10,10,Quarterly,1912.35,Active,AGT0045,Sarawak
POL0003836,PTP001742,Family Takaful - Education,Family,True,2023-11-09,2024-11-08,1,Quarterly,892.73,Active,AGT0005,Putrajaya
POL0003837,PTP002614,Family Takaful - Life Protection,Family,True,2026-07-28,2036-07-25,10,Monthly,1425.63,Active,AGT0090,Kuala Lumpur
POL0003838,PTP000751,Fire Takaful,General,False,2024-04-18,2025-04-18,1,Annual,1778.75,Active,AGT0059,Putrajaya
POL0003839,PTP001941,Fire Takaful,General,False,2021-12-08,2022-12-08,1,Semi-Annual,1865.54,Active,AGT0090,Selangor
POL0003840,PTP001470,Personal Accident Takaful,General,False,2023-12-23,2028-12-21,5,Semi-Annual,1769.95,Active,AGT0115,Negeri Sembilan
POL0003841,PTP002593,Family Takaful - Education,Family,True,2024-06-16,2025-06-16,1,Annual,1547.04,Cancelled,AGT0067,Selangor
POL0003842,PTP002785,Motor Takaful,General,False,2026-03-12,2041-03-08,15,Semi-Annual,1638.87,Lapsed,AGT0020,Pahang
POL0003843,PTP002860,Medical & Health Takaful,Family,False,2022-10-20,2027-10-19,5,Quarterly,1203.49,Active,AGT0150,Kuala Lumpur
POL0003844,PTP002575,Family Takaful - Education,Family,True,2025-06-19,2045-06-14,20,Monthly,1070.82,Active,AGT0123,Kelantan
POL0003845,PTP002825,Family Takaful - Life Protection,Family,True,2023-07-31,2024-07-30,1,Semi-Annual,1572.36,Active,AGT0026,Negeri Sembilan
POL0003846,PTP000420,Family Takaful - Retirement,Family,True,2023-02-01,2043-01-27,20,Annual,638.86,Matured,AGT0098,Labuan
POL0003847,PTP001871,Family Takaful - Retirement,Family,True,2022-02-24,2037-02-20,15,Annual,705.45,Active,AGT0105,Kelantan
POL0003848,PTP001806,Motor Takaful,General,False,2024-11-08,2039-11-05,15,Annual,451.65,Active,AGT0076,Kedah
POL0003849,PTP001627,Family Takaful - Education,Family,True,2022-04-11,2023-04-11,1,Semi-Annual,1916.88,Active,AGT0096,Perak
POL0003850,PTP001273,Family Takaful - Education,Family,True,2026-07-18,2027-07-18,1,Annual,889.04,Active,AGT0141,Sabah
POL0003851,PTP001289,Medical & Health Takaful,Family,False,2023-10-13,2033-10-10,10,Quarterly,1477.59,Active,AGT0023,Selangor
POL0003852,PTP000503,Personal Accident Takaful,General,False,2021-12-02,2022-12-02,1,Quarterly,372.79,Active,AGT0069,Penang
POL0003853,PTP001106,Family Takaful - Education,Family,True,2021-08-07,2022-08-07,1,Quarterly,225.0,Active,AGT0021,Putrajaya
POL0003854,PTP001252,Medical & Health Takaful,Family,False,2023-11-24,2043-11-19,20,Semi-Annual,231.83,Active,AGT0146,Perlis
POL0003855,PTP000396,Motor Takaful,General,False,2024-01-28,2029-01-26,5,Monthly,418.2,Active,AGT0018,Sabah
POL0003856,PTP001055,Family Takaful - Retirement,Family,True,2022-09-24,2032-09-21,10,Annual,1718.89,Lapsed,AGT0131,Selangor
POL0003857,PTP002041,Family Takaful - Education,Family,True,2023-01-10,2038-01-06,15,Semi-Annual,1058.93,Active,AGT0050,Perlis
POL0003858,PTP002843,Family Takaful - Retirement,Family,True,2022-11-02,2032-10-30,10,Semi-Annual,585.3,Active,AGT0016,Sabah
POL0003859,PTP001582,Motor Takaful,General,False,2022-03-19,2032-03-16,10,Semi-Annual,1656.59,Active,AGT0112,Perak
POL0003860,PTP000007,Medical & Health Takaful,Family,False,2022-12-15,2042-12-10,20,Quarterly,945.27,Lapsed,AGT0061,Johor
POL0003861,PTP002950,Motor Takaful,General,False,2025-11-28,2026-11-28,1,Annual,1042.11,Matured,AGT0062,Sarawak
POL0003862,PTP001240,Personal Accident Takaful,General,False,2024-02-08,2034-02-05,10,Annual,499.63,Matured,AGT0012,Sabah
POL0003863,PTP002333,Fire Takaful,General,False,2021-03-25,2026-03-24,5,Semi-Annual,1911.1,Active,AGT0129,Kuala Lumpur
POL0003864,PTP000567,Motor Takaful,General,False,2024-05-26,2034-05-24,10,Quarterly,53.76,Active,AGT0052,Perlis
POL0003865,PTP002836,Family Takaful - Life Protection,Family,True,2025-03-31,2045-03-26,20,Semi-Annual,1940.61,Active,AGT0076,Johor
POL0003866,PTP002805,Fire Takaful,General,False,2024-04-16,2039-04-13,15,Semi-Annual,1218.96,Active,AGT0084,Penang
POL0003867,PTP001419,Family Takaful - Life Protection,Family,True,2026-07-03,2046-06-28,20,Monthly,375.14,Lapsed,AGT0111,Selangor
POL0003868,PTP002212,Personal Accident Takaful,General,False,2022-06-14,2027-06-13,5,Quarterly,1382.74,Active,AGT0005,Selangor
POL0003869,PTP002794,Fire Takaful,General,False,2022-12-07,2042-12-02,20,Monthly,971.55,Active,AGT0124,Perak
POL0003870,PTP002564,Family Takaful - Retirement,Family,True,2025-09-25,2035-09-23,10,Quarterly,1281.48,Active,AGT0038,Perak
POL0003871,PTP000742,Family Takaful - Life Protection,Family,True,2022-05-11,2027-05-10,5,Monthly,1052.34,Active,AGT0006,Sarawak
POL0003872,PTP001312,Personal Accident Takaful,General,False,2023-06-09,2028-06-07,5,Quarterly,1447.94,Active,AGT0127,Perak
POL0003873,PTP000924,Family Takaful - Retirement,Family,True,2023-11-28,2028-11-26,5,Annual,572.45,Lapsed,AGT0133,Sarawak
POL0003874,PTP002279,Motor Takaful,General,False,2021-11-30,2031-11-28,10,Semi-Annual,1527.01,Active,AGT0043,Sabah
POL0003875,PTP000880,Fire Takaful,General,False,2023-02-24,2028-02-23,5,Semi-Annual,394.09,Active,AGT0102,Johor
POL0003876,PTP002465,Motor Takaful,General,False,2025-12-27,2026-12-27,1,Monthly,138.52,Lapsed,AGT0103,Sarawak
POL0003877,PTP000601,Family Takaful - Education,Family,True,2023-09-10,2028-09-08,5,Semi-Annual,919.88,Lapsed,AGT0046,Penang
POL0003878,PTP001065,Family Takaful - Retirement,Family,True,2025-01-03,2035-01-01,10,Quarterly,551.84,Active,AGT0008,Kuala Lumpur
POL0003879,PTP001082,Motor Takaful,General,False,2026-07-10,2036-07-07,10,Quarterly,1555.93,Matured,AGT0088,Putrajaya
POL0003880,PTP000822,Family Takaful - Education,Family,True,2023-06-14,2038-06-10,15,Semi-Annual,543.48,Active,AGT0135,Sarawak
POL0003881,PTP001794,Personal Accident Takaful,General,False,2024-01-07,2029-01-05,5,Monthly,332.86,Lapsed,AGT0014,Kelantan
POL0003882,PTP002699,Family Takaful - Education,Family,True,2023-10-07,2024-10-06,1,Annual,1296.17,Active,AGT0112,Kelantan
POL0003883,PTP001979,Personal Accident Takaful,General,False,2025-01-28,2045-01-23,20,Annual,743.67,Matured,AGT0024,Pahang
POL0003884,PTP001917,Personal Accident Takaful,General,False,2023-08-18,2028-08-16,5,Quarterly,503.59,Active,AGT0128,Kuala Lumpur
POL0003885,PTP000756,Family Takaful - Life Protection,Family,True,2024-04-07,2025-04-07,1,Semi-Annual,686.72,Active,AGT0118,Kelantan
POL0003886,PTP000430,Motor Takaful,General,False,2022-11-23,2037-11-19,15,Monthly,1881.27,Active,AGT0012,Putrajaya
POL0003887,PTP002481,Fire Takaful,General,False,2025-06-30,2030-06-29,5,Monthly,595.73,Matured,AGT0091,Sabah
POL0003888,PTP000655,Family Takaful - Retirement,Family,True,2022-06-29,2037-06-25,15,Monthly,689.06,Matured,AGT0063,Putrajaya
POL0003889,PTP000620,Family Takaful - Education,Family,True,2021-11-20,2036-11-16,15,Monthly,1709.62,Active,AGT0115,Pahang
POL0003890,PTP002614,Family Takaful - Retirement,Family,True,2024-09-25,2039-09-22,15,Semi-Annual,936.61,Active,AGT0095,Johor
POL0003891,PTP000177,Medical & Health Takaful,Family,False,2026-01-31,2036-01-29,10,Semi-Annual,1739.67,Active,AGT0131,Kuala Lumpur
POL0003892,PTP002906,Medical & Health Takaful,Family,False,2022-05-25,2037-05-21,15,Annual,1001.99,Active,AGT0132,Kuala Lumpur
POL0003893,PTP000963,Family Takaful - Education,Family,True,2022-11-10,2032-11-07,10,Quarterly,1969.09,Active,AGT0001,Selangor
POL0003894,PTP002295,Family Takaful - Life Protection,Family,True,2023-07-08,2033-07-05,10,Annual,285.28,Lapsed,AGT0031,Pahang
POL0003895,PTP002896,Family Takaful - Retirement,Family,True,2021-03-16,2026-03-15,5,Quarterly,1253.2,Active,AGT0059,Selangor
POL0003896,PTP000780,Personal Accident Takaful,General,False,2025-02-21,2035-02-19,10,Quarterly,451.3,Active,AGT0057,Johor
POL0003897,PTP000619,Fire Takaful,General,False,2025-02-21,2026-02-21,1,Semi-Annual,1599.76,Active,AGT0132,Johor
POL0003898,PTP002525,Motor Takaful,General,False,2026-08-05,2036-08-02,10,Annual,1152.05,Active,AGT0046,Perak
POL0003899,PTP001971,Motor Takaful,General,False,2021-06-09,2041-06-04,20,Quarterly,1201.35,Matured,AGT0148,Kelantan
POL0003900,PTP000863,Personal Accident Takaful,General,False,2022-01-21,2023-01-21,1,Monthly,868.12,Active,AGT0110,Putrajaya
POL0003901,PTP002302,Medical & Health Takaful,Family,False,2023-03-16,2024-03-15,1,Monthly,1548.34,Matured,AGT0149,Penang
POL0003902,PTP002341,Personal Accident Takaful,General,False,2023-11-21,2043-11-16,20,Monthly,816.21,Active,AGT0098,Perlis
POL0003903,PTP001051,Family Takaful - Retirement,Family,True,2024-01-28,2044-01-23,20,Semi-Annual,175.3,Active,AGT0028,Pahang
POL0003904,PTP001077,Fire Takaful,General,False,2022-11-13,2037-11-09,15,Quarterly,1567.49,Active,AGT0118,Kedah
POL0003905,PTP000061,Fire Takaful,General,False,2022-02-24,2042-02-19,20,Annual,1506.44,Active,AGT0129,Negeri Sembilan
POL0003906,PTP000719,Personal Accident Takaful,General,False,2023-07-08,2024-07-07,1,Annual,305.89,Matured,AGT0047,Labuan
POL0003907,PTP002832,Personal Accident Takaful,General,False,2025-03-06,2030-03-05,5,Semi-Annual,273.55,Lapsed,AGT0044,Labuan
POL0003908,PTP002989,Fire Takaful,General,False,2022-08-26,2027-08-25,5,Monthly,184.63,Lapsed,AGT0057,Negeri Sembilan
POL0003909,PTP000278,Fire Takaful,General,False,2025-05-01,2040-04-27,15,Quarterly,1918.4,Active,AGT0107,Putrajaya
POL0003910,PTP001799,Personal Accident Takaful,General,False,2025-02-05,2045-01-31,20,Annual,906.38,Active,AGT0029,Melaka
POL0003911,PTP001669,Family Takaful - Education,Family,True,2024-12-14,2029-12-13,5,Semi-Annual,1419.79,Cancelled,AGT0085,Putrajaya
POL0003912,PTP001174,Personal Accident Takaful,General,False,2021-09-07,2041-09-02,20,Quarterly,792.92,Active,AGT0137,Perlis
POL0003913,PTP002563,Motor Takaful,General,False,2026-06-29,2027-06-29,1,Semi-Annual,882.84,Lapsed,AGT0103,Sabah
POL0003914,PTP002516,Family Takaful - Life Protection,Family,True,2022-01-18,2037-01-14,15,Quarterly,986.56,Active,AGT0005,Pahang
POL0003915,PTP000989,Personal Accident Takaful,General,False,2021-01-09,2041-01-04,20,Monthly,1824.41,Lapsed,AGT0006,Kuala Lumpur
POL0003916,PTP001975,Personal Accident Takaful,General,False,2026-04-13,2046-04-08,20,Monthly,511.09,Cancelled,AGT0133,Sabah
POL0003917,PTP001674,Family Takaful - Life Protection,Family,True,2026-05-07,2036-05-04,10,Annual,187.86,Active,AGT0013,Sarawak
POL0003918,PTP000752,Family Takaful - Life Protection,Family,True,2024-07-25,2025-07-25,1,Monthly,1479.6,Active,AGT0060,Perak
POL0003919,PTP000660,Medical & Health Takaful,Family,False,2023-11-24,2033-11-21,10,Semi-Annual,1753.6,Active,AGT0090,Negeri Sembilan
POL0003920,PTP001160,Medical & Health Takaful,Family,False,2022-10-19,2037-10-15,15,Annual,1061.45,Lapsed,AGT0045,Negeri Sembilan
POL0003921,PTP001158,Personal Accident Takaful,General,False,2025-11-29,2040-11-25,15,Monthly,1848.27,Active,AGT0007,Perlis
POL0003922,PTP001606,Motor Takaful,General,False,2025-05-07,2040-05-03,15,Semi-Annual,1158.48,Active,AGT0002,Kelantan
POL0003923,PTP000495,Family Takaful - Life Protection,Family,True,2026-04-19,2041-04-15,15,Quarterly,1238.09,Active,AGT0097,Penang
POL0003924,PTP002298,Family Takaful - Life Protection,Family,True,2024-07-23,2044-07-18,20,Quarterly,1720.74,Matured,AGT0140,Labuan
POL0003925,PTP002121,Personal Accident Takaful,General,False,2026-07-16,2046-07-11,20,Monthly,106.71,Active,AGT0020,Sabah
POL0003926,PTP000338,Family Takaful - Life Protection,Family,True,2025-07-21,2030-07-20,5,Monthly,666.33,Active,AGT0123,Penang
POL0003927,PTP000138,Family Takaful - Life Protection,Family,True,2025-05-12,2030-05-11,5,Semi-Annual,382.42,Lapsed,AGT0027,Sarawak
POL0003928,PTP000787,Family Takaful - Retirement,Family,True,2025-09-14,2030-09-13,5,Semi-Annual,1604.13,Active,AGT0125,Sabah
POL0003929,PTP002217,Family Takaful - Life Protection,Family,True,2026-08-11,2036-08-08,10,Monthly,104.72,Matured,AGT0091,Perak
POL0003930,PTP000240,Family Takaful - Education,Family,True,2023-12-23,2028-12-21,5,Monthly,413.09,Active,AGT0129,Johor
POL0003931,PTP000629,Family Takaful - Retirement,Family,True,2026-05-27,2046-05-22,20,Annual,824.81,Active,AGT0120,Sarawak
POL0003932,PTP000107,Family Takaful - Life Protection,Family,True,2022-02-04,2037-01-31,15,Semi-Annual,380.51,Active,AGT0056,Labuan
POL0003933,PTP001435,Family Takaful - Education,Family,True,2023-05-23,2038-05-19,15,Semi-Annual,860.95,Active,AGT0078,Johor
POL0003934,PTP002921,Motor Takaful,General,False,2025-04-09,2040-04-05,15,Monthly,1148.55,Active,AGT0084,Penang
POL0003935,PTP002555,Family Takaful - Life Protection,Family,True,2021-01-12,2041-01-07,20,Semi-Annual,1457.38,Cancelled,AGT0110,Terengganu
POL0003936,PTP001023,Personal Accident Takaful,General,False,2024-10-08,2025-10-08,1,Semi-Annual,1817.88,Active,AGT0104,Negeri Sembilan
POL0003937,PTP002800,Family Takaful - Retirement,Family,True,2023-05-27,2033-05-24,10,Monthly,156.29,Active,AGT0119,Terengganu
POL0003938,PTP000716,Motor Takaful,General,False,2026-01-29,2046-01-24,20,Quarterly,1253.53,Active,AGT0087,Labuan
POL0003939,PTP002985,Fire Takaful,General,False,2024-08-07,2025-08-07,1,Quarterly,301.08,Active,AGT0064,Johor
POL0003940,PTP002712,Family Takaful - Life Protection,Family,True,2023-01-27,2038-01-23,15,Semi-Annual,379.05,Matured,AGT0146,Terengganu
POL0003941,PTP001290,Fire Takaful,General,False,2021-02-18,2026-02-17,5,Annual,1377.85,Active,AGT0140,Perak
POL0003942,PTP001353,Family Takaful - Retirement,Family,True,2025-10-19,2040-10-15,15,Quarterly,1935.21,Active,AGT0097,Putrajaya
POL0003943,PTP002732,Medical & Health Takaful,Family,False,2023-02-23,2043-02-18,20,Annual,71.32,Active,AGT0021,Perlis
POL0003944,PTP000826,Motor Takaful,General,False,2021-01-19,2036-01-16,15,Annual,881.11,Lapsed,AGT0077,Selangor
POL0003945,PTP002494,Fire Takaful,General,False,2021-06-07,2036-06-03,15,Quarterly,456.82,Active,AGT0029,Labuan
POL0003946,PTP001599,Family Takaful - Retirement,Family,True,2021-03-03,2026-03-02,5,Semi-Annual,829.93,Active,AGT0092,Negeri Sembilan
POL0003947,PTP001028,Family Takaful - Education,Family,True,2023-01-17,2043-01-12,20,Semi-Annual,205.68,Active,AGT0005,Pahang
POL0003948,PTP002141,Family Takaful - Retirement,Family,True,2024-05-16,2025-05-16,1,Semi-Annual,1962.75,Active,AGT0033,Kedah
POL0003949,PTP001344,Fire Takaful,General,False,2025-07-03,2026-07-03,1,Quarterly,1432.7,Lapsed,AGT0060,Terengganu
POL0003950,PTP000263,Family Takaful - Education,Family,True,2026-06-21,2036-06-18,10,Annual,1762.39,Active,AGT0063,Kuala Lumpur
POL0003951,PTP001435,Motor Takaful,General,False,2023-11-04,2038-10-31,15,Annual,1929.0,Active,AGT0068,Kedah
POL0003952,PTP001382,Fire Takaful,General,False,2022-03-06,2037-03-02,15,Quarterly,780.43,Active,AGT0042,Perlis
POL0003953,PTP000269,Family Takaful - Education,Family,True,2023-12-13,2033-12-10,10,Monthly,824.24,Lapsed,AGT0065,Putrajaya
POL0003954,PTP002795,Motor Takaful,General,False,2025-06-15,2026-06-15,1,Annual,1544.58,Active,AGT0136,Labuan
POL0003955,PTP001476,Family Takaful - Retirement,Family,True,2024-08-03,2029-08-02,5,Annual,1781.04,Cancelled,AGT0131,Penang
POL0003956,PTP001745,Fire Takaful,General,False,2025-09-14,2045-09-09,20,Annual,1288.14,Active,AGT0027,Putrajaya
POL0003957,PTP001171,Fire Takaful,General,False,2024-05-25,2039-05-22,15,Quarterly,428.57,Active,AGT0116,Pahang
POL0003958,PTP001202,Family Takaful - Retirement,Family,True,2026-03-05,2036-03-02,10,Annual,1795.99,Active,AGT0011,Pahang
POL0003959,PTP001390,Motor Takaful,General,False,2023-02-21,2033-02-18,10,Semi-Annual,1103.57,Matured,AGT0073,Kedah
POL0003960,PTP000683,Personal Accident Takaful,General,False,2026-03-26,2036-03-23,10,Monthly,650.95,Lapsed,AGT0083,Perlis
POL0003961,PTP001491,Family Takaful - Life Protection,Family,True,2026-04-21,2041-04-17,15,Monthly,149.97,Matured,AGT0089,Kelantan
POL0003962,PTP000663,Medical & Health Takaful,Family,False,2025-07-01,2045-06-26,20,Monthly,1150.76,Active,AGT0095,Perak
POL0003963,PTP001846,Personal Accident Takaful,General,False,2022-09-05,2023-09-05,1,Semi-Annual,137.92,Active,AGT0061,Johor
POL0003964,PTP001731,Fire Takaful,General,False,2024-02-11,2039-02-07,15,Annual,126.19,Active,AGT0145,Sarawak
POL0003965,PTP000659,Family Takaful - Life Protection,Family,True,2026-06-09,2036-06-06,10,Quarterly,691.44,Active,AGT0052,Kedah
POL0003966,PTP000929,Fire Takaful,General,False,2021-12-31,2031-12-29,10,Quarterly,1183.82,Active,AGT0074,Pahang
POL0003967,PTP002368,Fire Takaful,General,False,2022-11-06,2042-11-01,20,Quarterly,1612.26,Lapsed,AGT0101,Perlis
POL0003968,PTP001781,Family Takaful - Retirement,Family,True,2023-05-01,2033-04-28,10,Annual,1024.99,Matured,AGT0023,Kuala Lumpur
POL0003969,PTP002325,Family Takaful - Education,Family,True,2021-03-29,2026-03-28,5,Monthly,1696.29,Active,AGT0006,Sarawak
POL0003970,PTP000688,Fire Takaful,General,False,2025-09-09,2040-09-05,15,Monthly,848.23,Active,AGT0004,Kelantan
POL0003971,PTP001052,Family Takaful - Retirement,Family,True,2021-10-12,2036-10-08,15,Quarterly,1947.11,Cancelled,AGT0125,Perlis
POL0003972,PTP001416,Family Takaful - Education,Family,True,2022-08-29,2042-08-24,20,Quarterly,1538.16,Active,AGT0022,Perak
POL0003973,PTP000546,Personal Accident Takaful,General,False,2022-04-22,2032-04-19,10,Semi-Annual,1915.44,Active,AGT0084,Sabah
POL0003974,PTP001971,Family Takaful - Education,Family,True,2026-03-16,2041-03-12,15,Monthly,1503.36,Active,AGT0074,Perak
POL0003975,PTP002483,Personal Accident Takaful,General,False,2023-02-17,2028-02-16,5,Monthly,1084.52,Lapsed,AGT0013,Labuan
POL0003976,PTP002795,Family Takaful - Education,Family,True,2022-04-19,2037-04-15,15,Semi-Annual,948.88,Active,AGT0006,Kedah
POL0003977,PTP001213,Motor Takaful,General,False,2025-03-18,2035-03-16,10,Annual,1170.3,Lapsed,AGT0003,Putrajaya
POL0003978,PTP002243,Personal Accident Takaful,General,False,2023-04-09,2024-04-08,1,Quarterly,1860.87,Active,AGT0082,Kedah
POL0003979,PTP001118,Motor Takaful,General,False,2026-08-05,2041-08-01,15,Annual,387.48,Active,AGT0008,Kedah
POL0003980,PTP001854,Family Takaful - Retirement,Family,True,2022-03-05,2032-03-02,10,Semi-Annual,257.57,Active,AGT0105,Kelantan
POL0003981,PTP002164,Fire Takaful,General,False,2023-02-05,2028-02-04,5,Annual,1238.61,Active,AGT0050,Perak
POL0003982,PTP001824,Motor Takaful,General,False,2025-05-30,2026-05-30,1,Semi-Annual,360.76,Active,AGT0106,Sarawak
POL0003983,PTP001474,Family Takaful - Retirement,Family,True,2024-12-28,2025-12-28,1,Monthly,182.65,Active,AGT0146,Penang
POL0003984,PTP001076,Fire Takaful,General,False,2024-11-26,2029-11-25,5,Semi-Annual,677.08,Active,AGT0061,Selangor
POL0003985,PTP000344,Personal Accident Takaful,General,False,2025-05-07,2035-05-05,10,Annual,579.57,Active,AGT0075,Melaka
POL0003986,PTP001478,Fire Takaful,General,False,2022-02-15,2032-02-13,10,Monthly,660.44,Active,AGT0010,Sarawak
POL0003987,PTP002066,Motor Takaful,General,False,2026-05-06,2027-05-06,1,Monthly,1281.58,Active,AGT0110,Selangor
POL0003988,PTP001180,Family Takaful - Life Protection,Family,True,2021-10-01,2026-09-30,5,Monthly,1914.61,Lapsed,AGT0002,Kuala Lumpur
POL0003989,PTP001173,Medical & Health Takaful,Family,False,2026-06-11,2046-06-06,20,Quarterly,969.48,Active,AGT0016,Negeri Sembilan
POL0003990,PTP002258,Medical & Health Takaful,Family,False,2024-07-08,2034-07-06,10,Semi-Annual,391.83,Lapsed,AGT0133,Kelantan
POL0003991,PTP000583,Family Takaful - Life Protection,Family,True,2022-11-09,2042-11-04,20,Semi-Annual,157.56,Lapsed,AGT0073,Johor
POL0003992,PTP001885,Family Takaful - Education,Family,True,2021-03-14,2031-03-12,10,Annual,1928.67,Active,AGT0037,Sarawak
POL0003993,PTP002859,Personal Accident Takaful,General,False,2025-08-13,2045-08-08,20,Annual,1679.11,Cancelled,AGT0098,Melaka
POL0003994,PTP002784,Motor Takaful,General,False,2026-07-11,2031-07-10,5,Semi-Annual,1444.12,Lapsed,AGT0049,Pahang
POL0003995,PTP000339,Medical & Health Takaful,Family,False,2025-02-01,2030-01-31,5,Annual,156.05,Active,AGT0011,Negeri Sembilan
POL0003996,PTP002135,Family Takaful - Life Protection,Family,True,2021-01-30,2036-01-27,15,Annual,811.94,Matured,AGT0044,Terengganu
POL0003997,PTP001405,Family Takaful - Life Protection,Family,True,2022-10-08,2037-10-04,15,Semi-Annual,1693.05,Active,AGT0060,Perak
POL0003998,PTP002854,Personal Accident Takaful,General,False,2025-06-05,2030-06-04,5,Semi-Annual,1738.92,Active,AGT0054,Negeri Sembilan
POL0003999,PTP002169,Family Takaful - Life Protection,Family,True,2026-02-09,2031-02-08,5,Quarterly,1807.76,Matured,AGT0060,Selangor
POL0004000,PTP000293,Family Takaful - Retirement,Family,True,2025-08-10,2035-08-08,10,Semi-Annual,876.88,Matured,AGT0008,Kedah
POL0004001,PTP002172,Family Takaful - Education,Family,True,2024-08-31,2034-08-29,10,Monthly,1803.4,Active,AGT0043,Kuala Lumpur
POL0004002,PTP000869,Motor Takaful,General,False,2026-07-21,2027-07-21,1,Monthly,1697.32,Active,AGT0006,Melaka
POL0004003,PTP001108,Family Takaful - Life Protection,Family,True,2023-06-12,2024-06-11,1,Monthly,758.96,Active,AGT0014,Kedah
POL0004004,PTP001042,Family Takaful - Education,Family,True,2025-08-02,2026-08-02,1,Annual,156.94,Matured,AGT0104,Negeri Sembilan
POL0004005,PTP002732,Motor Takaful,General,False,2025-05-26,2035-05-24,10,Semi-Annual,688.34,Active,AGT0090,Sabah
POL0004006,PTP001903,Medical & Health Takaful,Family,False,2025-05-18,2045-05-13,20,Semi-Annual,735.75,Active,AGT0112,Negeri Sembilan
POL0004007,PTP001277,Family Takaful - Life Protection,Family,True,2022-12-20,2037-12-16,15,Monthly,1012.71,Active,AGT0054,Perak
POL0004008,PTP001473,Family Takaful - Life Protection,Family,True,2025-07-29,2040-07-25,15,Semi-Annual,658.66,Active,AGT0048,Sabah
POL0004009,PTP000370,Medical & Health Takaful,Family,False,2025-04-28,2026-04-28,1,Semi-Annual,1245.57,Active,AGT0131,Johor
POL0004010,PTP001125,Motor Takaful,General,False,2026-01-18,2027-01-18,1,Quarterly,1393.65,Lapsed,AGT0057,Pahang
POL0004011,PTP001870,Medical & Health Takaful,Family,False,2026-01-15,2046-01-10,20,Quarterly,479.8,Active,AGT0075,Kedah
POL0004012,PTP002120,Medical & Health Takaful,Family,False,2023-05-24,2038-05-20,15,Quarterly,335.77,Cancelled,AGT0126,Pahang
POL0004013,PTP002619,Family Takaful - Retirement,Family,True,2023-04-16,2028-04-14,5,Quarterly,1476.08,Active,AGT0124,Putrajaya
POL0004014,PTP002664,Medical & Health Takaful,Family,False,2023-06-11,2024-06-10,1,Annual,1752.89,Active,AGT0138,Terengganu
POL0004015,PTP002087,Family Takaful - Life Protection,Family,True,2026-02-03,2041-01-30,15,Semi-Annual,1982.98,Matured,AGT0100,Penang
POL0004016,PTP001415,Fire Takaful,General,False,2026-06-28,2031-06-27,5,Quarterly,1288.96,Lapsed,AGT0131,Pahang
POL0004017,PTP002161,Family Takaful - Education,Family,True,2024-01-05,2034-01-02,10,Quarterly,1293.22,Matured,AGT0135,Sarawak
POL0004018,PTP001673,Motor Takaful,General,False,2026-03-30,2041-03-26,15,Monthly,273.2,Active,AGT0007,Pahang
POL0004019,PTP001622,Family Takaful - Education,Family,True,2022-02-11,2032-02-09,10,Semi-Annual,1897.96,Active,AGT0025,Kuala Lumpur
POL0004020,PTP002023,Family Takaful - Retirement,Family,True,2022-05-18,2042-05-13,20,Annual,1066.32,Matured,AGT0023,Terengganu
POL0004021,PTP002273,Motor Takaful,General,False,2021-04-23,2022-04-23,1,Annual,1001.6,Lapsed,AGT0117,Selangor
POL0004022,PTP000325,Fire Takaful,General,False,2023-02-02,2038-01-29,15,Monthly,1038.67,Active,AGT0104,Sabah
POL0004023,PTP002655,Personal Accident Takaful,General,False,2023-12-05,2028-12-03,5,Monthly,167.51,Active,AGT0018,Johor
POL0004024,PTP001654,Motor Takaful,General,False,2026-05-27,2041-05-23,15,Semi-Annual,1239.7,Active,AGT0086,Perak
POL0004025,PTP001661,Motor Takaful,General,False,2022-05-29,2023-05-29,1,Semi-Annual,1229.04,Lapsed,AGT0022,Selangor
POL0004026,PTP002837,Family Takaful - Life Protection,Family,True,2023-10-10,2028-10-08,5,Monthly,1018.35,Active,AGT0122,Kedah
POL0004027,PTP000517,Family Takaful - Retirement,Family,True,2026-01-25,2036-01-23,10,Quarterly,1265.73,Active,AGT0047,Kedah
POL0004028,PTP000147,Personal Accident Takaful,General,False,2023-04-11,2033-04-08,10,Monthly,1041.99,Active,AGT0065,Sarawak
POL0004029,PTP000335,Medical & Health Takaful,Family,False,2022-07-18,2023-07-18,1,Semi-Annual,1487.41,Lapsed,AGT0102,Sarawak
POL0004030,PTP000274,Personal Accident Takaful,General,False,2021-10-19,2041-10-14,20,Annual,1399.2,Matured,AGT0018,Labuan
POL0004031,PTP002190,Personal Accident Takaful,General,False,2023-05-08,2033-05-05,10,Semi-Annual,88.99,Active,AGT0076,Terengganu
POL0004032,PTP002538,Family Takaful - Life Protection,Family,True,2022-03-24,2042-03-19,20,Monthly,257.88,Active,AGT0075,Putrajaya
POL0004033,PTP000015,Motor Takaful,General,False,2026-08-09,2031-08-08,5,Monthly,549.02,Active,AGT0006,Pahang
POL0004034,PTP001140,Fire Takaful,General,False,2021-01-26,2036-01-23,15,Annual,1801.91,Active,AGT0124,Johor
POL0004035,PTP002662,Motor Takaful,General,False,2025-04-25,2030-04-24,5,Semi-Annual,1278.38,Active,AGT0141,Johor
POL0004036,PTP000777,Family Takaful - Education,Family,True,2024-04-25,2034-04-23,10,Quarterly,1814.05,Lapsed,AGT0073,Selangor
POL0004037,PTP001920,Personal Accident Takaful,General,False,2022-07-02,2023-07-02,1,Annual,1645.98,Lapsed,AGT0065,Terengganu
POL0004038,PTP002730,Motor Takaful,General,False,2024-02-09,2034-02-06,10,Monthly,1094.6,Active,AGT0042,Putrajaya
POL0004039,PTP002949,Medical & Health Takaful,Family,False,2025-04-01,2026-04-01,1,Monthly,302.77,Active,AGT0112,Labuan
POL0004040,PTP000519,Family Takaful - Retirement,Family,True,2022-12-26,2037-12-22,15,Semi-Annual,1201.72,Active,AGT0070,Terengganu
POL0004041,PTP000504,Fire Takaful,General,False,2021-06-06,2036-06-02,15,Semi-Annual,908.1,Active,AGT0017,Selangor
POL0004042,PTP002281,Family Takaful - Life Protection,Family,True,2021-03-02,2036-02-27,15,Semi-Annual,456.76,Active,AGT0126,Johor
POL0004043,PTP000080,Fire Takaful,General,False,2023-11-16,2028-11-14,5,Semi-Annual,696.78,Cancelled,AGT0048,Kedah
POL0004044,PTP001885,Family Takaful - Life Protection,Family,True,2024-10-14,2029-10-13,5,Annual,1392.27,Active,AGT0080,Perlis
POL0004045,PTP002131,Motor Takaful,General,False,2023-03-05,2028-03-03,5,Semi-Annual,364.56,Lapsed,AGT0057,Pahang
POL0004046,PTP000108,Family Takaful - Life Protection,Family,True,2023-01-16,2038-01-12,15,Semi-Annual,1871.51,Active,AGT0149,Selangor
POL0004047,PTP000789,Family Takaful - Life Protection,Family,True,2023-11-10,2038-11-06,15,Quarterly,1754.96,Matured,AGT0003,Pahang
POL0004048,PTP002163,Medical & Health Takaful,Family,False,2026-07-05,2036-07-02,10,Quarterly,323.75,Lapsed,AGT0042,Kuala Lumpur
POL0004049,PTP000138,Fire Takaful,General,False,2024-06-04,2025-06-04,1,Quarterly,1286.1,Active,AGT0072,Perak
POL0004050,PTP000194,Family Takaful - Life Protection,Family,True,2023-07-16,2043-07-11,20,Quarterly,983.22,Active,AGT0096,Sarawak
POL0004051,PTP001471,Personal Accident Takaful,General,False,2021-05-15,2022-05-15,1,Semi-Annual,294.28,Active,AGT0106,Kedah
POL0004052,PTP002225,Family Takaful - Life Protection,Family,True,2025-07-09,2040-07-05,15,Semi-Annual,860.23,Active,AGT0049,Perlis
POL0004053,PTP001388,Motor Takaful,General,False,2025-03-18,2045-03-13,20,Monthly,1844.53,Active,AGT0123,Pahang
POL0004054,PTP002842,Family Takaful - Education,Family,True,2023-06-20,2033-06-17,10,Semi-Annual,622.83,Lapsed,AGT0064,Sabah
POL0004055,PTP002444,Medical & Health Takaful,Family,False,2026-08-02,2041-07-29,15,Semi-Annual,420.28,Active,AGT0040,Sarawak
POL0004056,PTP000364,Motor Takaful,General,False,2025-06-02,2026-06-02,1,Annual,825.24,Active,AGT0063,Negeri Sembilan
POL0004057,PTP000757,Personal Accident Takaful,General,False,2021-05-23,2041-05-18,20,Semi-Annual,209.34,Active,AGT0029,Kelantan
POL0004058,PTP002092,Family Takaful - Life Protection,Family,True,2024-04-24,2044-04-19,20,Annual,1597.61,Active,AGT0092,Melaka
POL0004059,PTP002732,Motor Takaful,General,False,2022-04-12,2023-04-12,1,Semi-Annual,1852.44,Matured,AGT0110,Terengganu
POL0004060,PTP002634,Family Takaful - Retirement,Family,True,2026-07-17,2041-07-13,15,Quarterly,739.06,Matured,AGT0109,Labuan
POL0004061,PTP002803,Fire Takaful,General,False,2024-01-26,2044-01-21,20,Annual,1787.94,Active,AGT0058,Terengganu
POL0004062,PTP000416,Family Takaful - Life Protection,Family,True,2023-10-14,2033-10-11,10,Annual,1875.25,Active,AGT0145,Sarawak
POL0004063,PTP000906,Family Takaful - Retirement,Family,True,2024-08-25,2039-08-22,15,Monthly,1699.32,Active,AGT0137,Perak
POL0004064,PTP000635,Fire Takaful,General,False,2023-05-26,2024-05-25,1,Semi-Annual,1208.15,Active,AGT0010,Pahang
POL0004065,PTP002325,Medical & Health Takaful,Family,False,2026-01-07,2041-01-03,15,Semi-Annual,1961.91,Active,AGT0111,Penang
POL0004066,PTP000688,Family Takaful - Retirement,Family,True,2023-06-14,2028-06-12,5,Semi-Annual,1558.72,Active,AGT0080,Kelantan
POL0004067,PTP001990,Personal Accident Takaful,General,False,2025-04-24,2045-04-19,20,Quarterly,1477.36,Active,AGT0039,Terengganu
POL0004068,PTP002754,Family Takaful - Life Protection,Family,True,2022-02-18,2032-02-16,10,Quarterly,1303.1,Matured,AGT0055,Pahang
POL0004069,PTP002619,Fire Takaful,General,False,2022-10-16,2042-10-11,20,Quarterly,143.0,Active,AGT0021,Kelantan
POL0004070,PTP002820,Fire Takaful,General,False,2025-09-24,2040-09-20,15,Semi-Annual,1395.16,Lapsed,AGT0115,Perlis
POL0004071,PTP002154,Medical & Health Takaful,Family,False,2023-03-28,2028-03-26,5,Monthly,56.33,Active,AGT0025,Kelantan
POL0004072,PTP002528,Family Takaful - Retirement,Family,True,2023-10-26,2024-10-25,1,Quarterly,1343.17,Active,AGT0128,Penang
POL0004073,PTP002066,Fire Takaful,General,False,2026-03-28,2027-03-28,1,Semi-Annual,1441.34,Active,AGT0147,Putrajaya
POL0004074,PTP001099,Personal Accident Takaful,General,False,2021-03-27,2031-03-25,10,Monthly,1515.49,Active,AGT0150,Negeri Sembilan
POL0004075,PTP002941,Fire Takaful,General,False,2024-07-28,2025-07-28,1,Annual,1700.71,Active,AGT0100,Penang
POL0004076,PTP001276,Family Takaful - Life Protection,Family,True,2022-08-05,2037-08-01,15,Semi-Annual,655.08,Active,AGT0043,Sabah
POL0004077,PTP002146,Fire Takaful,General,False,2024-09-09,2044-09-04,20,Quarterly,1153.14,Active,AGT0008,Johor
POL0004078,PTP000203,Fire Takaful,General,False,2023-08-25,2033-08-22,10,Semi-Annual,933.13,Active,AGT0023,Johor
POL0004079,PTP000152,Family Takaful - Education,Family,True,2024-06-29,2044-06-24,20,Semi-Annual,1861.28,Active,AGT0031,Perak
POL0004080,PTP002221,Fire Takaful,General,False,2025-01-09,2035-01-07,10,Annual,1351.66,Matured,AGT0103,Kedah
POL0004081,PTP000411,Fire Takaful,General,False,2024-10-03,2025-10-03,1,Monthly,1048.38,Active,AGT0112,Putrajaya
POL0004082,PTP000217,Family Takaful - Retirement,Family,True,2022-06-14,2042-06-09,20,Annual,750.12,Active,AGT0055,Pahang
POL0004083,PTP001142,Fire Takaful,General,False,2021-07-08,2036-07-04,15,Quarterly,578.18,Active,AGT0093,Melaka
POL0004084,PTP002183,Motor Takaful,General,False,2026-06-11,2041-06-07,15,Monthly,1898.59,Active,AGT0108,Negeri Sembilan
POL0004085,PTP002124,Fire Takaful,General,False,2024-03-02,2025-03-02,1,Monthly,1981.86,Active,AGT0073,Kelantan
POL0004086,PTP000144,Family Takaful - Retirement,Family,True,2023-04-17,2038-04-13,15,Annual,132.58,Active,AGT0037,Kedah
POL0004087,PTP001369,Family Takaful - Life Protection,Family,True,2025-05-22,2035-05-20,10,Quarterly,1438.46,Active,AGT0029,Kedah
POL0004088,PTP002123,Personal Accident Takaful,General,False,2026-04-27,2027-04-27,1,Annual,1429.47,Active,AGT0111,Sabah
POL0004089,PTP002542,Motor Takaful,General,False,2024-02-22,2039-02-18,15,Semi-Annual,1478.98,Active,AGT0012,Kuala Lumpur
POL0004090,PTP002330,Medical & Health Takaful,Family,False,2023-11-11,2038-11-07,15,Annual,279.83,Active,AGT0072,Kedah
POL0004091,PTP002100,Personal Accident Takaful,General,False,2024-12-14,2039-12-11,15,Monthly,1458.79,Active,AGT0109,Pahang
POL0004092,PTP002269,Personal Accident Takaful,General,False,2025-08-22,2040-08-18,15,Annual,1960.19,Active,AGT0086,Kedah
POL0004093,PTP000562,Family Takaful - Retirement,Family,True,2026-01-20,2036-01-18,10,Quarterly,1607.81,Active,AGT0101,Penang
POL0004094,PTP002507,Motor Takaful,General,False,2023-05-05,2028-05-03,5,Monthly,787.24,Active,AGT0139,Kelantan
POL0004095,PTP000458,Fire Takaful,General,False,2025-03-01,2040-02-26,15,Semi-Annual,1763.98,Cancelled,AGT0049,Kelantan
POL0004096,PTP002192,Family Takaful - Life Protection,Family,True,2026-01-15,2046-01-10,20,Quarterly,66.67,Active,AGT0120,Penang
POL0004097,PTP002253,Medical & Health Takaful,Family,False,2024-08-11,2044-08-06,20,Monthly,1766.61,Active,AGT0104,Johor
POL0004098,PTP002828,Family Takaful - Life Protection,Family,True,2021-06-11,2031-06-09,10,Semi-Annual,1681.64,Active,AGT0097,Pahang
POL0004099,PTP001779,Medical & Health Takaful,Family,False,2023-06-25,2038-06-21,15,Quarterly,1510.95,Active,AGT0142,Johor
POL0004100,PTP000856,Motor Takaful,General,False,2022-08-09,2027-08-08,5,Quarterly,1774.86,Matured,AGT0073,Sabah
POL0004101,PTP000397,Family Takaful - Education,Family,True,2023-08-04,2038-07-31,15,Quarterly,1209.21,Matured,AGT0078,Putrajaya
POL0004102,PTP002306,Fire Takaful,General,False,2023-05-31,2038-05-27,15,Monthly,1459.92,Active,AGT0052,Pahang
POL0004103,PTP001833,Personal Accident Takaful,General,False,2023-06-11,2038-06-07,15,Semi-Annual,1278.11,Active,AGT0021,Sabah
POL0004104,PTP002460,Family Takaful - Life Protection,Family,True,2022-06-16,2042-06-11,20,Monthly,351.8,Active,AGT0054,Putrajaya
POL0004105,PTP000060,Fire Takaful,General,False,2024-03-16,2034-03-14,10,Semi-Annual,1772.62,Lapsed,AGT0142,Pahang
POL0004106,PTP000203,Fire Takaful,General,False,2026-04-20,2036-04-17,10,Monthly,1223.76,Matured,AGT0021,Kedah
POL0004107,PTP002474,Family Takaful - Life Protection,Family,True,2022-07-05,2027-07-04,5,Annual,1752.48,Active,AGT0080,Kedah
POL0004108,PTP002237,Personal Accident Takaful,General,False,2022-08-29,2037-08-25,15,Monthly,1143.88,Active,AGT0004,Selangor
POL0004109,PTP002926,Fire Takaful,General,False,2023-06-13,2028-06-11,5,Quarterly,1146.06,Matured,AGT0117,Sarawak
POL0004110,PTP002880,Medical & Health Takaful,Family,False,2021-10-15,2031-10-13,10,Monthly,1452.86,Active,AGT0106,Penang
POL0004111,PTP002482,Family Takaful - Retirement,Family,True,2025-02-03,2040-01-31,15,Semi-Annual,220.1,Active,AGT0130,Johor
POL0004112,PTP002643,Family Takaful - Education,Family,True,2021-02-17,2036-02-14,15,Semi-Annual,1413.94,Active,AGT0039,Sabah
POL0004113,PTP000673,Family Takaful - Life Protection,Family,True,2021-09-18,2041-09-13,20,Semi-Annual,1006.34,Lapsed,AGT0134,Sarawak
POL0004114,PTP002639,Fire Takaful,General,False,2022-08-26,2023-08-26,1,Monthly,175.29,Cancelled,AGT0144,Penang
POL0004115,PTP000030,Medical & Health Takaful,Family,False,2022-10-11,2027-10-10,5,Quarterly,338.44,Active,AGT0128,Negeri Sembilan
POL0004116,PTP001802,Motor Takaful,General,False,2023-08-29,2024-08-28,1,Semi-Annual,226.77,Active,AGT0002,Sarawak
POL0004117,PTP001258,Personal Accident Takaful,General,False,2024-01-09,2034-01-06,10,Quarterly,345.37,Active,AGT0036,Melaka
POL0004118,PTP002450,Personal Accident Takaful,General,False,2024-05-14,2025-05-14,1,Semi-Annual,1624.39,Active,AGT0122,Labuan
POL0004119,PTP000178,Family Takaful - Life Protection,Family,True,2023-06-01,2043-05-27,20,Quarterly,304.65,Active,AGT0017,Terengganu
POL0004120,PTP001799,Family Takaful - Education,Family,True,2022-01-19,2023-01-19,1,Quarterly,619.71,Lapsed,AGT0114,Sabah
POL0004121,PTP000983,Family Takaful - Retirement,Family,True,2022-01-07,2023-01-07,1,Quarterly,1355.54,Cancelled,AGT0078,Perak
POL0004122,PTP001427,Family Takaful - Education,Family,True,2024-08-12,2044-08-07,20,Quarterly,1389.39,Active,AGT0097,Sabah
POL0004123,PTP001736,Personal Accident Takaful,General,False,2024-04-16,2034-04-14,10,Annual,1796.53,Lapsed,AGT0120,Perlis
POL0004124,PTP002757,Motor Takaful,General,False,2025-08-27,2026-08-27,1,Annual,1395.08,Active,AGT0113,Sabah
POL0004125,PTP002307,Medical & Health Takaful,Family,False,2022-05-29,2023-05-29,1,Annual,637.7,Active,AGT0140,Penang
POL0004126,PTP000238,Family Takaful - Education,Family,True,2024-06-18,2025-06-18,1,Monthly,141.59,Active,AGT0039,Terengganu
POL0004127,PTP002427,Fire Takaful,General,False,2023-01-04,2028-01-03,5,Semi-Annual,142.3,Active,AGT0123,Perlis
POL0004128,PTP002284,Family Takaful - Life Protection,Family,True,2024-08-24,2025-08-24,1,Quarterly,673.97,Matured,AGT0130,Selangor
POL0004129,PTP000173,Family Takaful - Retirement,Family,True,2025-09-03,2026-09-03,1,Semi-Annual,1657.2,Active,AGT0007,Terengganu
POL0004130,PTP000177,Motor Takaful,General,False,2024-05-16,2044-05-11,20,Monthly,1494.07,Active,AGT0004,Melaka
POL0004131,PTP000516,Personal Accident Takaful,General,False,2021-07-23,2031-07-21,10,Monthly,984.77,Matured,AGT0113,Putrajaya
POL0004132,PTP001358,Family Takaful - Life Protection,Family,True,2025-05-03,2030-05-02,5,Semi-Annual,364.07,Active,AGT0060,Kedah
POL0004133,PTP002781,Family Takaful - Life Protection,Family,True,2024-08-10,2044-08-05,20,Quarterly,1321.62,Active,AGT0019,Kuala Lumpur
POL0004134,PTP000884,Medical & Health Takaful,Family,False,2026-05-07,2027-05-07,1,Quarterly,104.79,Lapsed,AGT0082,Perak
POL0004135,PTP000813,Family Takaful - Retirement,Family,True,2021-04-07,2036-04-03,15,Semi-Annual,389.15,Active,AGT0095,Labuan
POL0004136,PTP000219,Motor Takaful,General,False,2023-04-07,2028-04-05,5,Annual,1039.65,Matured,AGT0068,Johor
POL0004137,PTP001559,Family Takaful - Education,Family,True,2024-06-30,2029-06-29,5,Semi-Annual,716.3,Active,AGT0078,Johor
POL0004138,PTP002930,Personal Accident Takaful,General,False,2022-09-12,2032-09-09,10,Semi-Annual,1658.12,Active,AGT0074,Perlis
POL0004139,PTP002565,Family Takaful - Retirement,Family,True,2023-08-11,2028-08-09,5,Monthly,1979.6,Active,AGT0005,Sarawak
POL0004140,PTP000181,Fire Takaful,General,False,2024-10-20,2044-10-15,20,Monthly,1566.0,Active,AGT0132,Terengganu
POL0004141,PTP000968,Family Takaful - Retirement,Family,True,2021-01-14,2036-01-11,15,Quarterly,294.59,Active,AGT0138,Kuala Lumpur
POL0004142,PTP002444,Personal Accident Takaful,General,False,2024-02-05,2044-01-31,20,Semi-Annual,172.87,Lapsed,AGT0114,Sarawak
POL0004143,PTP000976,Family Takaful - Life Protection,Family,True,2021-10-03,2026-10-02,5,Quarterly,1637.95,Active,AGT0098,Terengganu
POL0004144,PTP001378,Medical & Health Takaful,Family,False,2024-10-28,2025-10-28,1,Quarterly,1718.31,Active,AGT0137,Selangor
POL0004145,PTP001533,Family Takaful - Life Protection,Family,True,2024-05-01,2039-04-28,15,Quarterly,1909.58,Active,AGT0095,Penang
POL0004146,PTP000870,Personal Accident Takaful,General,False,2023-01-25,2033-01-22,10,Monthly,822.6,Active,AGT0095,Johor
POL0004147,PTP001045,Medical & Health Takaful,Family,False,2022-04-10,2027-04-09,5,Semi-Annual,136.94,Active,AGT0117,Kedah
POL0004148,PTP001125,Family Takaful - Education,Family,True,2021-01-23,2036-01-20,15,Monthly,1652.25,Lapsed,AGT0108,Kuala Lumpur
POL0004149,PTP000410,Fire Takaful,General,False,2021-05-08,2041-05-03,20,Quarterly,1464.09,Lapsed,AGT0113,Kedah
POL0004150,PTP001266,Personal Accident Takaful,General,False,2025-10-29,2030-10-28,5,Semi-Annual,391.45,Active,AGT0062,Putrajaya
POL0004151,PTP001313,Family Takaful - Life Protection,Family,True,2022-02-21,2037-02-17,15,Quarterly,1965.02,Lapsed,AGT0140,Kelantan
POL0004152,PTP000410,Personal Accident Takaful,General,False,2023-01-28,2028-01-27,5,Monthly,547.98,Matured,AGT0013,Kuala Lumpur
POL0004153,PTP000552,Family Takaful - Retirement,Family,True,2023-03-20,2038-03-16,15,Semi-Annual,1686.36,Matured,AGT0022,Kedah
POL0004154,PTP001408,Family Takaful - Education,Family,True,2021-07-04,2026-07-03,5,Annual,333.49,Cancelled,AGT0069,Selangor
POL0004155,PTP002749,Motor Takaful,General,False,2026-07-05,2036-07-02,10,Annual,1962.72,Cancelled,AGT0133,Melaka
POL0004156,PTP000559,Family Takaful - Life Protection,Family,True,2024-11-19,2025-11-19,1,Monthly,1275.13,Lapsed,AGT0041,Perlis
POL0004157,PTP001274,Family Takaful - Life Protection,Family,True,2022-03-29,2032-03-26,10,Semi-Annual,1191.55,Active,AGT0060,Melaka
POL0004158,PTP001170,Medical & Health Takaful,Family,False,2026-04-03,2046-03-29,20,Annual,1863.44,Active,AGT0107,Sarawak
POL0004159,PTP002530,Fire Takaful,General,False,2022-09-10,2023-09-10,1,Monthly,724.58,Lapsed,AGT0094,Putrajaya
POL0004160,PTP000023,Personal Accident Takaful,General,False,2023-10-26,2033-10-23,10,Quarterly,1741.56,Lapsed,AGT0060,Selangor
POL0004161,PTP001186,Family Takaful - Life Protection,Family,True,2023-10-22,2043-10-17,20,Monthly,581.28,Active,AGT0146,Perak
POL0004162,PTP002829,Medical & Health Takaful,Family,False,2026-04-11,2036-04-08,10,Quarterly,617.68,Active,AGT0053,Johor
POL0004163,PTP001078,Fire Takaful,General,False,2021-02-16,2026-02-15,5,Quarterly,1238.2,Cancelled,AGT0013,Johor
POL0004164,PTP002815,Personal Accident Takaful,General,False,2021-01-31,2026-01-30,5,Monthly,1234.09,Active,AGT0077,Selangor
POL0004165,PTP002014,Family Takaful - Retirement,Family,True,2025-03-11,2045-03-06,20,Annual,962.98,Active,AGT0107,Sarawak
POL0004166,PTP001034,Motor Takaful,General,False,2024-06-05,2034-06-03,10,Monthly,506.84,Active,AGT0078,Melaka
POL0004167,PTP002598,Medical & Health Takaful,Family,False,2024-10-10,2034-10-08,10,Quarterly,91.05,Matured,AGT0142,Perak
POL0004168,PTP002164,Fire Takaful,General,False,2022-02-04,2037-01-31,15,Annual,206.36,Active,AGT0149,Pahang
POL0004169,PTP002803,Motor Takaful,General,False,2021-04-29,2036-04-25,15,Quarterly,490.18,Matured,AGT0032,Negeri Sembilan
POL0004170,PTP001560,Family Takaful - Life Protection,Family,True,2024-11-29,2034-11-27,10,Semi-Annual,623.73,Active,AGT0134,Perlis
POL0004171,PTP000880,Personal Accident Takaful,General,False,2025-12-24,2030-12-23,5,Quarterly,152.52,Active,AGT0058,Perak
POL0004172,PTP000520,Medical & Health Takaful,Family,False,2021-09-06,2031-09-04,10,Quarterly,1238.71,Matured,AGT0036,Labuan
POL0004173,PTP002845,Family Takaful - Retirement,Family,True,2021-04-27,2026-04-26,5,Semi-Annual,790.52,Active,AGT0047,Melaka
POL0004174,PTP001503,Motor Takaful,General,False,2021-07-26,2026-07-25,5,Quarterly,509.48,Active,AGT0130,Johor
POL0004175,PTP002066,Family Takaful - Retirement,Family,True,2024-02-19,2044-02-14,20,Semi-Annual,1473.05,Lapsed,AGT0024,Melaka
POL0004176,PTP000966,Fire Takaful,General,False,2022-12-22,2037-12-18,15,Semi-Annual,489.59,Matured,AGT0012,Melaka
POL0004177,PTP002690,Family Takaful - Retirement,Family,True,2026-07-31,2027-07-31,1,Monthly,1091.59,Lapsed,AGT0037,Negeri Sembilan
POL0004178,PTP000157,Medical & Health Takaful,Family,False,2022-09-06,2023-09-06,1,Annual,1458.42,Active,AGT0056,Terengganu
POL0004179,PTP001068,Medical & Health Takaful,Family,False,2023-02-14,2028-02-13,5,Quarterly,970.57,Matured,AGT0083,Pahang
POL0004180,PTP001422,Personal Accident Takaful,General,False,2025-05-20,2030-05-19,5,Monthly,617.04,Matured,AGT0030,Terengganu
POL0004181,PTP001898,Medical & Health Takaful,Family,False,2022-03-30,2042-03-25,20,Annual,160.21,Matured,AGT0145,Perak
POL0004182,PTP000590,Personal Accident Takaful,General,False,2023-02-12,2043-02-07,20,Annual,1690.78,Active,AGT0137,Terengganu
POL0004183,PTP002879,Family Takaful - Education,Family,True,2023-11-27,2024-11-26,1,Quarterly,1207.18,Lapsed,AGT0115,Melaka
POL0004184,PTP001299,Fire Takaful,General,False,2026-01-28,2036-01-26,10,Semi-Annual,777.62,Matured,AGT0149,Perak
POL0004185,PTP001522,Family Takaful - Education,Family,True,2026-06-22,2041-06-18,15,Quarterly,1747.82,Active,AGT0060,Perlis
POL0004186,PTP001182,Personal Accident Takaful,General,False,2023-04-05,2033-04-02,10,Quarterly,1523.66,Active,AGT0047,Johor
POL0004187,PTP001197,Medical & Health Takaful,Family,False,2023-09-27,2024-09-26,1,Monthly,1023.14,Active,AGT0085,Sarawak
POL0004188,PTP000085,Family Takaful - Retirement,Family,True,2022-12-05,2042-11-30,20,Annual,1850.44,Active,AGT0062,Penang
POL0004189,PTP000204,Family Takaful - Life Protection,Family,True,2025-07-12,2035-07-10,10,Annual,1391.59,Active,AGT0068,Negeri Sembilan
POL0004190,PTP002471,Family Takaful - Life Protection,Family,True,2025-06-10,2040-06-06,15,Semi-Annual,1006.48,Matured,AGT0026,Kelantan
POL0004191,PTP000066,Motor Takaful,General,False,2023-10-10,2033-10-07,10,Annual,140.05,Lapsed,AGT0001,Sarawak
POL0004192,PTP002811,Motor Takaful,General,False,2023-04-14,2033-04-11,10,Annual,1824.08,Active,AGT0051,Terengganu
POL0004193,PTP000897,Motor Takaful,General,False,2024-10-08,2039-10-05,15,Monthly,369.46,Lapsed,AGT0075,Perak
POL0004194,PTP002888,Personal Accident Takaful,General,False,2025-09-04,2030-09-03,5,Annual,1670.65,Lapsed,AGT0135,Sabah
POL0004195,PTP001678,Fire Takaful,General,False,2026-05-11,2027-05-11,1,Annual,225.14,Active,AGT0024,Perlis
POL0004196,PTP001587,Medical & Health Takaful,Family,False,2023-06-16,2028-06-14,5,Monthly,1594.4,Lapsed,AGT0118,Putrajaya
POL0004197,PTP001429,Motor Takaful,General,False,2024-02-09,2025-02-08,1,Annual,632.03,Active,AGT0046,Selangor
POL0004198,PTP001148,Family Takaful - Retirement,Family,True,2023-07-13,2028-07-11,5,Annual,1949.83,Lapsed,AGT0100,Putrajaya
POL0004199,PTP002451,Family Takaful - Education,Family,True,2025-11-18,2030-11-17,5,Quarterly,947.38,Lapsed,AGT0070,Kedah
POL0004200,PTP002358,Medical & Health Takaful,Family,False,2021-07-24,2036-07-20,15,Monthly,480.53,Cancelled,AGT0136,Sabah
POL0004201,PTP000852,Fire Takaful,General,False,2023-06-05,2043-05-31,20,Monthly,1184.5,Active,AGT0126,Sarawak
POL0004202,PTP002722,Fire Takaful,General,False,2025-02-03,2040-01-31,15,Quarterly,480.95,Active,AGT0129,Putrajaya
POL0004203,PTP002270,Personal Accident Takaful,General,False,2022-02-28,2037-02-24,15,Annual,326.85,Active,AGT0085,Johor
POL0004204,PTP000197,Family Takaful - Retirement,Family,True,2026-03-09,2031-03-08,5,Annual,632.82,Active,AGT0001,Kuala Lumpur
POL0004205,PTP002541,Family Takaful - Retirement,Family,True,2026-01-11,2046-01-06,20,Annual,1368.99,Lapsed,AGT0042,Kedah
POL0004206,PTP002652,Medical & Health Takaful,Family,False,2022-02-11,2037-02-07,15,Quarterly,1717.4,Matured,AGT0011,Putrajaya
POL0004207,PTP002349,Family Takaful - Life Protection,Family,True,2025-06-01,2045-05-27,20,Annual,1981.74,Active,AGT0110,Labuan
POL0004208,PTP001856,Personal Accident Takaful,General,False,2025-10-18,2030-10-17,5,Annual,1265.84,Active,AGT0096,Perak
POL0004209,PTP001947,Family Takaful - Life Protection,Family,True,2025-07-09,2026-07-09,1,Annual,86.01,Active,AGT0003,Melaka
POL0004210,PTP000038,Fire Takaful,General,False,2024-02-04,2025-02-03,1,Quarterly,1433.21,Lapsed,AGT0147,Kuala Lumpur
POL0004211,PTP000401,Family Takaful - Education,Family,True,2026-02-25,2036-02-23,10,Quarterly,1836.34,Active,AGT0121,Selangor
POL0004212,PTP002037,Medical & Health Takaful,Family,False,2025-07-05,2026-07-05,1,Quarterly,1837.68,Active,AGT0018,Perlis
POL0004213,PTP001747,Family Takaful - Retirement,Family,True,2021-06-14,2026-06-13,5,Monthly,1126.92,Active,AGT0144,Selangor
POL0004214,PTP000593,Family Takaful - Life Protection,Family,True,2023-01-06,2033-01-03,10,Annual,623.66,Active,AGT0106,Pahang
POL0004215,PTP000379,Medical & Health Takaful,Family,False,2025-01-12,2045-01-07,20,Annual,894.15,Cancelled,AGT0104,Terengganu
POL0004216,PTP002040,Personal Accident Takaful,General,False,2021-08-03,2031-08-01,10,Quarterly,1818.51,Active,AGT0147,Sabah
POL0004217,PTP000810,Fire Takaful,General,False,2023-12-22,2024-12-21,1,Monthly,1264.13,Active,AGT0102,Penang
POL0004218,PTP001865,Medical & Health Takaful,Family,False,2023-11-10,2043-11-05,20,Annual,1137.74,Active,AGT0076,Sabah
POL0004219,PTP001820,Family Takaful - Life Protection,Family,True,2024-07-14,2044-07-09,20,Semi-Annual,1128.07,Cancelled,AGT0117,Selangor
POL0004220,PTP002960,Personal Accident Takaful,General,False,2024-08-11,2034-08-09,10,Monthly,963.52,Lapsed,AGT0035,Perlis
POL0004221,PTP001098,Personal Accident Takaful,General,False,2025-05-10,2035-05-08,10,Annual,1622.63,Active,AGT0065,Labuan
POL0004222,PTP000454,Motor Takaful,General,False,2021-11-15,2036-11-11,15,Monthly,849.09,Active,AGT0030,Kuala Lumpur
POL0004223,PTP000118,Family Takaful - Education,Family,True,2026-01-09,2046-01-04,20,Annual,968.47,Active,AGT0012,Kuala Lumpur
POL0004224,PTP000733,Family Takaful - Life Protection,Family,True,2021-02-26,2022-02-26,1,Quarterly,1314.29,Active,AGT0111,Negeri Sembilan
POL0004225,PTP000536,Family Takaful - Life Protection,Family,True,2022-11-15,2027-11-14,5,Semi-Annual,534.06,Active,AGT0008,Negeri Sembilan
POL0004226,PTP000416,Family Takaful - Life Protection,Family,True,2023-12-01,2033-11-28,10,Annual,1326.51,Active,AGT0028,Perak
POL0004227,PTP000095,Family Takaful - Life Protection,Family,True,2025-01-18,2035-01-16,10,Monthly,1999.78,Active,AGT0028,Penang
POL0004228,PTP000775,Motor Takaful,General,False,2025-07-08,2035-07-06,10,Quarterly,558.92,Active,AGT0081,Johor
POL0004229,PTP001822,Personal Accident Takaful,General,False,2025-05-15,2035-05-13,10,Quarterly,860.65,Active,AGT0083,Selangor
POL0004230,PTP002456,Fire Takaful,General,False,2022-12-25,2037-12-21,15,Annual,337.65,Active,AGT0126,Perak
POL0004231,PTP000244,Fire Takaful,General,False,2023-02-24,2024-02-24,1,Quarterly,609.17,Matured,AGT0104,Johor
POL0004232,PTP001227,Family Takaful - Life Protection,Family,True,2022-12-28,2042-12-23,20,Semi-Annual,1025.79,Matured,AGT0148,Negeri Sembilan
POL0004233,PTP001855,Family Takaful - Education,Family,True,2021-03-29,2036-03-25,15,Monthly,1215.5,Active,AGT0033,Kedah
POL0004234,PTP001935,Family Takaful - Education,Family,True,2021-09-03,2031-09-01,10,Monthly,641.44,Active,AGT0027,Kedah
POL0004235,PTP002702,Medical & Health Takaful,Family,False,2023-11-06,2038-11-02,15,Monthly,1103.82,Matured,AGT0099,Putrajaya
POL0004236,PTP002109,Family Takaful - Retirement,Family,True,2021-04-16,2026-04-15,5,Quarterly,1217.65,Active,AGT0118,Labuan
POL0004237,PTP002531,Personal Accident Takaful,General,False,2021-06-02,2031-05-31,10,Annual,422.64,Active,AGT0130,Pahang
POL0004238,PTP000870,Fire Takaful,General,False,2023-10-28,2028-10-26,5,Annual,1980.26,Active,AGT0014,Kedah
POL0004239,PTP002329,Fire Takaful,General,False,2026-03-10,2041-03-06,15,Monthly,445.98,Matured,AGT0065,Penang
POL0004240,PTP001050,Fire Takaful,General,False,2023-03-05,2028-03-03,5,Annual,1323.25,Lapsed,AGT0080,Negeri Sembilan
POL0004241,PTP000505,Personal Accident Takaful,General,False,2021-02-02,2031-01-31,10,Quarterly,1543.0,Lapsed,AGT0004,Kuala Lumpur
POL0004242,PTP002853,Personal Accident Takaful,General,False,2025-05-04,2035-05-02,10,Quarterly,1115.47,Active,AGT0049,Kedah
POL0004243,PTP001064,Motor Takaful,General,False,2026-06-14,2046-06-09,20,Quarterly,180.59,Active,AGT0043,Penang
POL0004244,PTP000261,Family Takaful - Retirement,Family,True,2025-11-29,2035-11-27,10,Semi-Annual,823.72,Matured,AGT0125,Kedah
POL0004245,PTP000693,Fire Takaful,General,False,2024-07-21,2025-07-21,1,Semi-Annual,1431.15,Active,AGT0108,Penang
POL0004246,PTP001870,Family Takaful - Life Protection,Family,True,2021-12-20,2026-12-19,5,Quarterly,595.66,Active,AGT0149,Putrajaya
POL0004247,PTP002345,Family Takaful - Life Protection,Family,True,2023-11-02,2038-10-29,15,Annual,1630.1,Cancelled,AGT0119,Melaka
POL0004248,PTP000199,Family Takaful - Life Protection,Family,True,2024-09-03,2029-09-02,5,Monthly,1430.17,Lapsed,AGT0099,Melaka
POL0004249,PTP000508,Personal Accident Takaful,General,False,2026-01-13,2031-01-12,5,Semi-Annual,1004.28,Active,AGT0145,Labuan
POL0004250,PTP001351,Family Takaful - Retirement,Family,True,2022-04-24,2027-04-23,5,Quarterly,1978.84,Active,AGT0002,Johor
POL0004251,PTP001311,Family Takaful - Education,Family,True,2022-06-24,2027-06-23,5,Quarterly,1246.0,Active,AGT0039,Perak
POL0004252,PTP000310,Personal Accident Takaful,General,False,2023-07-09,2028-07-07,5,Monthly,1762.98,Active,AGT0083,Kuala Lumpur
POL0004253,PTP000888,Fire Takaful,General,False,2025-08-05,2026-08-05,1,Semi-Annual,1017.66,Active,AGT0106,Perak
POL0004254,PTP002064,Medical & Health Takaful,Family,False,2023-02-08,2033-02-05,10,Quarterly,703.21,Active,AGT0030,Putrajaya
POL0004255,PTP002761,Fire Takaful,General,False,2022-08-21,2042-08-16,20,Semi-Annual,1476.45,Active,AGT0128,Kedah
POL0004256,PTP000490,Medical & Health Takaful,Family,False,2021-06-12,2026-06-11,5,Annual,972.05,Active,AGT0076,Putrajaya
POL0004257,PTP001718,Personal Accident Takaful,General,False,2025-01-21,2040-01-18,15,Monthly,1954.72,Active,AGT0015,Perlis
POL0004258,PTP002483,Personal Accident Takaful,General,False,2024-11-28,2034-11-26,10,Quarterly,1579.44,Matured,AGT0027,Kuala Lumpur
POL0004259,PTP002854,Personal Accident Takaful,General,False,2024-09-18,2029-09-17,5,Monthly,204.21,Active,AGT0101,Labuan
POL0004260,PTP002938,Motor Takaful,General,False,2024-10-14,2044-10-09,20,Monthly,915.09,Active,AGT0019,Johor
POL0004261,PTP000535,Motor Takaful,General,False,2022-08-27,2042-08-22,20,Monthly,1385.11,Active,AGT0044,Sarawak
POL0004262,PTP002257,Fire Takaful,General,False,2024-08-22,2029-08-21,5,Annual,544.34,Active,AGT0092,Negeri Sembilan
POL0004263,PTP001456,Family Takaful - Education,Family,True,2024-08-18,2034-08-16,10,Semi-Annual,559.38,Active,AGT0012,Kelantan
POL0004264,PTP002351,Family Takaful - Education,Family,True,2024-06-07,2029-06-06,5,Annual,1180.07,Active,AGT0139,Negeri Sembilan
POL0004265,PTP002546,Fire Takaful,General,False,2024-06-01,2034-05-30,10,Annual,1697.48,Active,AGT0100,Kuala Lumpur
POL0004266,PTP002340,Fire Takaful,General,False,2025-02-07,2045-02-02,20,Semi-Annual,649.57,Active,AGT0034,Johor
POL0004267,PTP002318,Motor Takaful,General,False,2021-03-17,2026-03-16,5,Annual,1833.79,Active,AGT0050,Kuala Lumpur
POL0004268,PTP002184,Motor Takaful,General,False,2022-01-06,2032-01-04,10,Quarterly,498.17,Cancelled,AGT0057,Sarawak
POL0004269,PTP000831,Medical & Health Takaful,Family,False,2026-03-20,2041-03-16,15,Quarterly,168.19,Active,AGT0149,Perak
POL0004270,PTP001448,Family Takaful - Life Protection,Family,True,2024-06-13,2025-06-13,1,Quarterly,1425.3,Matured,AGT0115,Johor
POL0004271,PTP000919,Family Takaful - Life Protection,Family,True,2025-03-11,2030-03-10,5,Quarterly,1846.42,Lapsed,AGT0134,Melaka
POL0004272,PTP002642,Personal Accident Takaful,General,False,2021-03-13,2031-03-11,10,Annual,1527.92,Active,AGT0071,Sabah
POL0004273,PTP000562,Family Takaful - Education,Family,True,2022-06-12,2023-06-12,1,Semi-Annual,222.21,Active,AGT0070,Negeri Sembilan
POL0004274,PTP002651,Motor Takaful,General,False,2024-12-06,2025-12-06,1,Semi-Annual,334.15,Lapsed,AGT0019,Selangor
POL0004275,PTP002780,Fire Takaful,General,False,2021-10-16,2036-10-12,15,Monthly,1672.34,Matured,AGT0127,Johor
POL0004276,PTP001011,Medical & Health Takaful,Family,False,2026-06-08,2046-06-03,20,Annual,1699.71,Active,AGT0086,Johor
POL0004277,PTP002890,Family Takaful - Retirement,Family,True,2025-06-01,2026-06-01,1,Annual,921.37,Active,AGT0079,Kuala Lumpur
POL0004278,PTP000997,Fire Takaful,General,False,2022-12-31,2032-12-28,10,Semi-Annual,67.63,Matured,AGT0027,Sabah
POL0004279,PTP000309,Medical & Health Takaful,Family,False,2024-11-03,2039-10-31,15,Quarterly,1927.54,Matured,AGT0080,Sarawak
POL0004280,PTP001639,Family Takaful - Education,Family,True,2024-01-27,2034-01-24,10,Monthly,761.07,Active,AGT0005,Melaka
POL0004281,PTP000979,Family Takaful - Education,Family,True,2022-10-16,2042-10-11,20,Annual,1954.63,Active,AGT0113,Terengganu
POL0004282,PTP001571,Family Takaful - Retirement,Family,True,2025-06-24,2045-06-19,20,Quarterly,1935.73,Active,AGT0053,Perak
POL0004283,PTP000143,Motor Takaful,General,False,2024-03-02,2044-02-26,20,Annual,1500.92,Active,AGT0091,Sarawak
POL0004284,PTP000350,Motor Takaful,General,False,2021-01-07,2041-01-02,20,Monthly,970.66,Active,AGT0078,Kelantan
POL0004285,PTP000463,Motor Takaful,General,False,2026-04-08,2027-04-08,1,Quarterly,1578.84,Active,AGT0059,Perak
POL0004286,PTP001092,Personal Accident Takaful,General,False,2025-05-17,2040-05-13,15,Quarterly,1099.42,Active,AGT0100,Melaka
POL0004287,PTP000646,Family Takaful - Retirement,Family,True,2021-04-29,2041-04-24,20,Quarterly,1628.76,Active,AGT0068,Sarawak
POL0004288,PTP002557,Medical & Health Takaful,Family,False,2025-11-04,2035-11-02,10,Annual,1950.25,Active,AGT0126,Sarawak
POL0004289,PTP000609,Family Takaful - Life Protection,Family,True,2026-07-09,2031-07-08,5,Quarterly,548.64,Active,AGT0023,Kedah
POL0004290,PTP000945,Family Takaful - Life Protection,Family,True,2024-06-06,2025-06-06,1,Monthly,1856.79,Active,AGT0074,Kelantan
POL0004291,PTP000083,Family Takaful - Retirement,Family,True,2025-06-11,2045-06-06,20,Quarterly,1635.47,Matured,AGT0065,Terengganu
POL0004292,PTP000111,Family Takaful - Retirement,Family,True,2025-07-24,2045-07-19,20,Quarterly,749.12,Active,AGT0110,Johor
POL0004293,PTP000818,Family Takaful - Retirement,Family,True,2023-07-01,2043-06-26,20,Monthly,1366.66,Active,AGT0087,Kuala Lumpur
POL0004294,PTP000760,Family Takaful - Retirement,Family,True,2025-05-25,2030-05-24,5,Annual,212.57,Active,AGT0112,Kuala Lumpur
POL0004295,PTP001228,Fire Takaful,General,False,2024-05-01,2025-05-01,1,Semi-Annual,629.77,Active,AGT0038,Perlis
POL0004296,PTP001291,Medical & Health Takaful,Family,False,2022-09-27,2037-09-23,15,Annual,187.15,Active,AGT0104,Negeri Sembilan
POL0004297,PTP001009,Family Takaful - Education,Family,True,2021-04-21,2036-04-17,15,Annual,362.4,Matured,AGT0100,Selangor
POL0004298,PTP001463,Personal Accident Takaful,General,False,2023-06-12,2024-06-11,1,Annual,1688.75,Lapsed,AGT0054,Putrajaya
POL0004299,PTP001163,Medical & Health Takaful,Family,False,2025-03-22,2040-03-18,15,Quarterly,1596.8,Active,AGT0124,Sabah
POL0004300,PTP001250,Personal Accident Takaful,General,False,2022-12-23,2032-12-20,10,Semi-Annual,379.3,Lapsed,AGT0019,Sabah
POL0004301,PTP002207,Fire Takaful,General,False,2026-07-07,2041-07-03,15,Monthly,1552.25,Active,AGT0130,Perak
POL0004302,PTP001748,Family Takaful - Education,Family,True,2022-10-16,2032-10-13,10,Annual,1677.34,Active,AGT0146,Negeri Sembilan
POL0004303,PTP002699,Personal Accident Takaful,General,False,2021-10-28,2041-10-23,20,Monthly,657.68,Active,AGT0142,Johor
POL0004304,PTP000728,Personal Accident Takaful,General,False,2026-02-20,2036-02-18,10,Monthly,833.3,Lapsed,AGT0076,Kuala Lumpur
POL0004305,PTP002290,Medical & Health Takaful,Family,False,2026-04-19,2031-04-18,5,Annual,329.24,Active,AGT0069,Penang
POL0004306,PTP000124,Medical & Health Takaful,Family,False,2022-10-17,2032-10-14,10,Annual,947.28,Active,AGT0101,Sarawak
POL0004307,PTP002577,Personal Accident Takaful,General,False,2025-09-14,2035-09-12,10,Quarterly,185.65,Active,AGT0068,Johor
POL0004308,PTP001454,Personal Accident Takaful,General,False,2022-06-12,2042-06-07,20,Annual,101.35,Active,AGT0077,Putrajaya
POL0004309,PTP001981,Family Takaful - Education,Family,True,2022-04-11,2037-04-07,15,Annual,1894.31,Cancelled,AGT0005,Perak
POL0004310,PTP002718,Family Takaful - Life Protection,Family,True,2023-03-02,2038-02-26,15,Monthly,294.73,Active,AGT0063,Penang
POL0004311,PTP000854,Personal Accident Takaful,General,False,2026-04-19,2046-04-14,20,Annual,1206.15,Active,AGT0052,Pahang
POL0004312,PTP001207,Personal Accident Takaful,General,False,2023-07-15,2033-07-12,10,Monthly,1317.05,Active,AGT0005,Negeri Sembilan
POL0004313,PTP001473,Motor Takaful,General,False,2025-08-30,2030-08-29,5,Semi-Annual,1430.4,Lapsed,AGT0094,Perak
POL0004314,PTP001189,Personal Accident Takaful,General,False,2021-07-16,2031-07-14,10,Monthly,1706.99,Active,AGT0081,Penang
POL0004315,PTP000090,Fire Takaful,General,False,2025-06-23,2040-06-19,15,Monthly,1540.02,Active,AGT0132,Kuala Lumpur
POL0004316,PTP002371,Family Takaful - Retirement,Family,True,2022-10-03,2032-09-30,10,Monthly,461.73,Active,AGT0135,Kedah
POL0004317,PTP000668,Family Takaful - Life Protection,Family,True,2025-03-15,2040-03-11,15,Monthly,159.36,Active,AGT0139,Kelantan
POL0004318,PTP001649,Fire Takaful,General,False,2021-06-27,2026-06-26,5,Quarterly,1645.16,Active,AGT0024,Melaka
POL0004319,PTP002518,Motor Takaful,General,False,2025-06-02,2035-05-31,10,Monthly,1782.75,Lapsed,AGT0124,Johor
POL0004320,PTP001499,Family Takaful - Retirement,Family,True,2023-02-10,2038-02-06,15,Monthly,1616.17,Active,AGT0143,Kedah
POL0004321,PTP000912,Medical & Health Takaful,Family,False,2025-05-11,2035-05-09,10,Quarterly,605.57,Active,AGT0073,Kedah
POL0004322,PTP000215,Family Takaful - Life Protection,Family,True,2024-04-21,2029-04-20,5,Annual,888.92,Active,AGT0069,Pahang
POL0004323,PTP001621,Medical & Health Takaful,Family,False,2021-09-22,2022-09-22,1,Semi-Annual,1546.52,Active,AGT0020,Perlis
POL0004324,PTP000014,Motor Takaful,General,False,2025-04-18,2035-04-16,10,Semi-Annual,1359.93,Active,AGT0127,Perlis
POL0004325,PTP001711,Family Takaful - Education,Family,True,2021-11-08,2036-11-04,15,Quarterly,1868.57,Active,AGT0098,Johor
POL0004326,PTP001165,Fire Takaful,General,False,2026-04-14,2031-04-13,5,Semi-Annual,83.24,Matured,AGT0008,Perak
POL0004327,PTP001870,Motor Takaful,General,False,2026-08-02,2031-08-01,5,Annual,1892.43,Active,AGT0029,Perlis
POL0004328,PTP002560,Personal Accident Takaful,General,False,2024-06-02,2039-05-30,15,Quarterly,1687.8,Active,AGT0075,Terengganu
POL0004329,PTP002673,Medical & Health Takaful,Family,False,2024-07-11,2044-07-06,20,Semi-Annual,1184.95,Active,AGT0142,Perlis
POL0004330,PTP002303,Family Takaful - Retirement,Family,True,2024-05-27,2029-05-26,5,Monthly,1392.78,Active,AGT0134,Melaka
POL0004331,PTP000436,Personal Accident Takaful,General,False,2024-05-28,2034-05-26,10,Semi-Annual,959.2,Cancelled,AGT0117,Sarawak
POL0004332,PTP002265,Personal Accident Takaful,General,False,2021-09-26,2031-09-24,10,Annual,1284.85,Active,AGT0121,Perak
POL0004333,PTP002169,Family Takaful - Education,Family,True,2024-11-09,2039-11-06,15,Monthly,213.53,Active,AGT0059,Sabah
POL0004334,PTP001971,Personal Accident Takaful,General,False,2025-07-08,2030-07-07,5,Monthly,1209.92,Active,AGT0073,Labuan
POL0004335,PTP000845,Personal Accident Takaful,General,False,2026-01-21,2041-01-17,15,Annual,1070.68,Active,AGT0105,Negeri Sembilan
POL0004336,PTP002047,Family Takaful - Education,Family,True,2021-11-25,2036-11-21,15,Quarterly,744.98,Active,AGT0149,Perlis
POL0004337,PTP000442,Fire Takaful,General,False,2025-12-13,2035-12-11,10,Annual,271.26,Active,AGT0056,Negeri Sembilan
POL0004338,PTP001145,Family Takaful - Education,Family,True,2025-08-17,2026-08-17,1,Monthly,347.11,Active,AGT0099,Sabah
POL0004339,PTP001775,Motor Takaful,General,False,2025-08-29,2045-08-24,20,Annual,1924.73,Active,AGT0117,Kedah
POL0004340,PTP000880,Family Takaful - Life Protection,Family,True,2022-12-30,2037-12-26,15,Annual,1848.76,Active,AGT0145,Perlis
POL0004341,PTP002117,Family Takaful - Life Protection,Family,True,2024-06-01,2029-05-31,5,Monthly,869.81,Lapsed,AGT0012,Kuala Lumpur
POL0004342,PTP001764,Medical & Health Takaful,Family,False,2026-01-13,2031-01-12,5,Monthly,873.1,Cancelled,AGT0109,Penang
POL0004343,PTP002615,Family Takaful - Retirement,Family,True,2026-04-04,2027-04-04,1,Quarterly,192.16,Cancelled,AGT0066,Terengganu
POL0004344,PTP001199,Family Takaful - Education,Family,True,2025-04-14,2035-04-12,10,Annual,803.91,Active,AGT0090,Kuala Lumpur
POL0004345,PTP000005,Medical & Health Takaful,Family,False,2025-05-31,2035-05-29,10,Semi-Annual,1831.33,Matured,AGT0013,Kuala Lumpur
POL0004346,PTP001067,Family Takaful - Retirement,Family,True,2025-03-14,2040-03-10,15,Annual,1405.11,Active,AGT0086,Sabah
POL0004347,PTP000615,Family Takaful - Life Protection,Family,True,2022-06-01,2023-06-01,1,Annual,85.95,Matured,AGT0089,Labuan
POL0004348,PTP002649,Medical & Health Takaful,Family,False,2024-06-06,2025-06-06,1,Quarterly,628.96,Active,AGT0022,Selangor
POL0004349,PTP000864,Family Takaful - Retirement,Family,True,2022-08-13,2023-08-13,1,Annual,1448.93,Lapsed,AGT0045,Penang
POL0004350,PTP002047,Family Takaful - Education,Family,True,2024-02-24,2039-02-20,15,Annual,864.64,Active,AGT0008,Johor
POL0004351,PTP002003,Motor Takaful,General,False,2025-05-08,2030-05-07,5,Annual,292.54,Active,AGT0038,Kedah
POL0004352,PTP000167,Family Takaful - Retirement,Family,True,2025-05-15,2035-05-13,10,Annual,1039.51,Lapsed,AGT0139,Selangor
POL0004353,PTP002763,Fire Takaful,General,False,2022-01-29,2037-01-25,15,Semi-Annual,1356.76,Active,AGT0027,Kedah
POL0004354,PTP001729,Personal Accident Takaful,General,False,2025-07-28,2030-07-27,5,Quarterly,375.83,Cancelled,AGT0010,Kelantan
POL0004355,PTP000258,Fire Takaful,General,False,2021-04-23,2026-04-22,5,Monthly,245.93,Lapsed,AGT0094,Selangor
POL0004356,PTP002339,Medical & Health Takaful,Family,False,2023-08-26,2043-08-21,20,Annual,1168.57,Active,AGT0076,Penang
POL0004357,PTP002847,Family Takaful - Retirement,Family,True,2025-06-13,2026-06-13,1,Quarterly,1526.55,Active,AGT0114,Negeri Sembilan
POL0004358,PTP000064,Fire Takaful,General,False,2026-04-03,2046-03-29,20,Semi-Annual,1396.45,Matured,AGT0080,Negeri Sembilan
POL0004359,PTP001168,Personal Accident Takaful,General,False,2022-04-08,2037-04-04,15,Annual,1654.26,Active,AGT0099,Penang
POL0004360,PTP002460,Medical & Health Takaful,Family,False,2023-02-01,2024-02-01,1,Quarterly,483.91,Active,AGT0047,Terengganu
POL0004361,PTP000041,Family Takaful - Education,Family,True,2026-06-03,2041-05-30,15,Quarterly,210.11,Active,AGT0027,Kelantan
POL0004362,PTP001392,Personal Accident Takaful,General,False,2021-01-19,2041-01-14,20,Annual,946.1,Active,AGT0009,Pahang
POL0004363,PTP002699,Family Takaful - Education,Family,True,2022-04-14,2042-04-09,20,Quarterly,487.53,Matured,AGT0016,Selangor
POL0004364,PTP001109,Family Takaful - Retirement,Family,True,2021-12-25,2036-12-21,15,Annual,1347.54,Lapsed,AGT0022,Kedah
POL0004365,PTP000041,Family Takaful - Retirement,Family,True,2022-06-13,2023-06-13,1,Semi-Annual,220.69,Active,AGT0090,Sabah
POL0004366,PTP001959,Family Takaful - Life Protection,Family,True,2022-03-31,2023-03-31,1,Annual,1541.71,Matured,AGT0090,Perlis
POL0004367,PTP002013,Family Takaful - Life Protection,Family,True,2023-01-31,2033-01-28,10,Annual,259.57,Matured,AGT0007,Kedah
POL0004368,PTP002115,Family Takaful - Retirement,Family,True,2022-05-27,2023-05-27,1,Semi-Annual,237.07,Lapsed,AGT0149,Sabah
POL0004369,PTP000654,Family Takaful - Life Protection,Family,True,2023-12-20,2043-12-15,20,Semi-Annual,397.41,Active,AGT0068,Selangor
POL0004370,PTP002938,Fire Takaful,General,False,2025-06-27,2040-06-23,15,Monthly,1856.35,Matured,AGT0147,Sabah
POL0004371,PTP002841,Family Takaful - Life Protection,Family,True,2022-07-04,2023-07-04,1,Annual,1757.61,Lapsed,AGT0072,Kelantan
POL0004372,PTP000270,Motor Takaful,General,False,2023-02-10,2043-02-05,20,Semi-Annual,377.63,Active,AGT0031,Negeri Sembilan
POL0004373,PTP000899,Family Takaful - Life Protection,Family,True,2021-11-01,2022-11-01,1,Quarterly,1431.29,Active,AGT0097,Kuala Lumpur
POL0004374,PTP001410,Family Takaful - Education,Family,True,2022-12-18,2023-12-18,1,Monthly,1077.98,Active,AGT0030,Putrajaya
POL0004375,PTP002103,Family Takaful - Education,Family,True,2026-07-19,2027-07-19,1,Quarterly,439.46,Cancelled,AGT0079,Putrajaya
POL0004376,PTP000804,Family Takaful - Life Protection,Family,True,2023-12-23,2028-12-21,5,Semi-Annual,1817.11,Active,AGT0058,Perlis
POL0004377,PTP001491,Motor Takaful,General,False,2025-03-13,2045-03-08,20,Annual,414.26,Active,AGT0048,Labuan
POL0004378,PTP002680,Fire Takaful,General,False,2022-10-06,2042-10-01,20,Semi-Annual,53.58,Lapsed,AGT0148,Penang
POL0004379,PTP000285,Fire Takaful,General,False,2025-11-28,2030-11-27,5,Quarterly,1832.64,Active,AGT0047,Perlis
POL0004380,PTP002966,Family Takaful - Education,Family,True,2025-04-18,2040-04-14,15,Annual,230.09,Active,AGT0128,Kuala Lumpur
POL0004381,PTP000619,Family Takaful - Life Protection,Family,True,2024-04-12,2025-04-12,1,Quarterly,123.82,Active,AGT0025,Selangor
POL0004382,PTP002190,Family Takaful - Life Protection,Family,True,2021-02-24,2041-02-19,20,Quarterly,452.68,Active,AGT0149,Penang
POL0004383,PTP001245,Fire Takaful,General,False,2023-07-17,2024-07-16,1,Quarterly,1682.6,Active,AGT0066,Penang
POL0004384,PTP001350,Personal Accident Takaful,General,False,2023-10-13,2024-10-12,1,Quarterly,1370.77,Active,AGT0124,Kedah
POL0004385,PTP000327,Family Takaful - Life Protection,Family,True,2026-03-11,2031-03-10,5,Annual,1157.29,Lapsed,AGT0136,Putrajaya
POL0004386,PTP001890,Family Takaful - Education,Family,True,2023-05-12,2024-05-11,1,Quarterly,640.17,Active,AGT0103,Selangor
POL0004387,PTP002407,Family Takaful - Education,Family,True,2021-02-27,2036-02-24,15,Annual,1636.12,Active,AGT0073,Sabah
POL0004388,PTP002942,Medical & Health Takaful,Family,False,2026-02-14,2027-02-14,1,Annual,1232.33,Active,AGT0095,Perak
POL0004389,PTP001529,Family Takaful - Life Protection,Family,True,2021-09-26,2026-09-25,5,Semi-Annual,1834.96,Matured,AGT0018,Kedah
POL0004390,PTP000502,Personal Accident Takaful,General,False,2026-03-02,2036-02-28,10,Semi-Annual,538.02,Lapsed,AGT0032,Terengganu
POL0004391,PTP001036,Family Takaful - Retirement,Family,True,2022-11-30,2027-11-29,5,Semi-Annual,450.1,Active,AGT0096,Terengganu
POL0004392,PTP001358,Family Takaful - Education,Family,True,2021-02-08,2041-02-03,20,Quarterly,1073.72,Active,AGT0027,Putrajaya
POL0004393,PTP000394,Family Takaful - Education,Family,True,2026-01-30,2036-01-28,10,Quarterly,1094.09,Active,AGT0111,Negeri Sembilan
POL0004394,PTP002762,Personal Accident Takaful,General,False,2025-06-14,2026-06-14,1,Annual,1140.27,Active,AGT0087,Melaka
POL0004395,PTP002046,Personal Accident Takaful,General,False,2026-07-25,2041-07-21,15,Monthly,694.66,Lapsed,AGT0112,Kedah
POL0004396,PTP001510,Family Takaful - Life Protection,Family,True,2022-06-14,2032-06-11,10,Monthly,969.57,Lapsed,AGT0029,Selangor
POL0004397,PTP002719,Family Takaful - Education,Family,True,2025-10-16,2030-10-15,5,Annual,272.66,Active,AGT0073,Perlis
POL0004398,PTP002379,Personal Accident Takaful,General,False,2023-04-06,2024-04-05,1,Monthly,867.1,Lapsed,AGT0089,Penang
POL0004399,PTP001591,Family Takaful - Retirement,Family,True,2022-04-16,2042-04-11,20,Monthly,86.84,Active,AGT0072,Pahang
POL0004400,PTP000476,Motor Takaful,General,False,2025-03-24,2035-03-22,10,Quarterly,1672.06,Active,AGT0007,Kelantan
POL0004401,PTP002846,Medical & Health Takaful,Family,False,2021-09-25,2041-09-20,20,Annual,76.67,Active,AGT0133,Negeri Sembilan
POL0004402,PTP000672,Family Takaful - Retirement,Family,True,2022-10-24,2032-10-21,10,Annual,1723.76,Active,AGT0056,Kuala Lumpur
POL0004403,PTP001568,Fire Takaful,General,False,2024-04-29,2039-04-26,15,Monthly,1829.12,Lapsed,AGT0123,Terengganu
POL0004404,PTP000789,Family Takaful - Retirement,Family,True,2023-04-15,2028-04-13,5,Quarterly,1465.46,Active,AGT0093,Johor
POL0004405,PTP000966,Family Takaful - Life Protection,Family,True,2023-07-17,2024-07-16,1,Annual,1811.44,Lapsed,AGT0096,Melaka
POL0004406,PTP000805,Family Takaful - Life Protection,Family,True,2023-09-30,2028-09-28,5,Quarterly,587.93,Active,AGT0032,Perlis
POL0004407,PTP002528,Medical & Health Takaful,Family,False,2023-03-11,2038-03-07,15,Annual,1634.02,Active,AGT0041,Kuala Lumpur
POL0004408,PTP001262,Family Takaful - Life Protection,Family,True,2026-08-01,2027-08-01,1,Semi-Annual,1028.98,Active,AGT0029,Kelantan
POL0004409,PTP002967,Motor Takaful,General,False,2025-10-09,2035-10-07,10,Semi-Annual,861.7,Active,AGT0056,Sabah
POL0004410,PTP002134,Family Takaful - Retirement,Family,True,2021-03-17,2026-03-16,5,Annual,1891.51,Active,AGT0103,Negeri Sembilan
POL0004411,PTP001520,Fire Takaful,General,False,2023-12-28,2033-12-25,10,Annual,50.86,Active,AGT0077,Perak
POL0004412,PTP001393,Family Takaful - Life Protection,Family,True,2022-10-24,2042-10-19,20,Quarterly,418.2,Active,AGT0142,Selangor
POL0004413,PTP000301,Family Takaful - Education,Family,True,2026-06-28,2031-06-27,5,Quarterly,271.11,Active,AGT0049,Selangor
POL0004414,PTP000674,Family Takaful - Education,Family,True,2021-04-30,2031-04-28,10,Semi-Annual,1934.27,Active,AGT0043,Sarawak
POL0004415,PTP002200,Medical & Health Takaful,Family,False,2022-05-20,2037-05-16,15,Monthly,1480.63,Active,AGT0110,Penang
POL0004416,PTP002383,Family Takaful - Education,Family,True,2023-09-27,2038-09-23,15,Monthly,1370.57,Active,AGT0086,Kuala Lumpur
POL0004417,PTP001480,Fire Takaful,General,False,2021-11-05,2041-10-31,20,Monthly,1647.12,Active,AGT0127,Labuan
POL0004418,PTP000989,Family Takaful - Retirement,Family,True,2021-05-27,2026-05-26,5,Semi-Annual,1624.58,Active,AGT0076,Penang
POL0004419,PTP001589,Family Takaful - Life Protection,Family,True,2023-01-18,2028-01-17,5,Semi-Annual,1967.09,Active,AGT0058,Kedah
POL0004420,PTP001731,Medical & Health Takaful,Family,False,2021-01-21,2026-01-20,5,Quarterly,484.98,Matured,AGT0024,Labuan
POL0004421,PTP002584,Motor Takaful,General,False,2022-07-03,2023-07-03,1,Quarterly,279.71,Cancelled,AGT0147,Penang
POL0004422,PTP001016,Family Takaful - Education,Family,True,2024-08-14,2025-08-14,1,Annual,89.54,Active,AGT0005,Terengganu
POL0004423,PTP002626,Motor Takaful,General,False,2021-12-25,2031-12-23,10,Annual,946.52,Active,AGT0086,Kelantan
POL0004424,PTP000576,Family Takaful - Life Protection,Family,True,2023-06-08,2024-06-07,1,Annual,1201.96,Active,AGT0116,Kelantan
POL0004425,PTP002111,Motor Takaful,General,False,2024-10-11,2034-10-09,10,Annual,435.08,Lapsed,AGT0071,Pahang
POL0004426,PTP002073,Family Takaful - Life Protection,Family,True,2024-08-20,2034-08-18,10,Quarterly,835.67,Cancelled,AGT0123,Sarawak
POL0004427,PTP001018,Family Takaful - Life Protection,Family,True,2021-02-10,2022-02-10,1,Monthly,484.32,Active,AGT0026,Kelantan
POL0004428,PTP002735,Medical & Health Takaful,Family,False,2022-09-13,2027-09-12,5,Quarterly,604.63,Active,AGT0012,Johor
POL0004429,PTP000516,Fire Takaful,General,False,2022-01-01,2041-12-27,20,Monthly,611.84,Active,AGT0035,Terengganu
POL0004430,PTP000550,Family Takaful - Education,Family,True,2026-06-23,2046-06-18,20,Annual,249.11,Lapsed,AGT0075,Johor
POL0004431,PTP001243,Medical & Health Takaful,Family,False,2024-11-26,2039-11-23,15,Quarterly,1661.07,Active,AGT0127,Kuala Lumpur
POL0004432,PTP002588,Family Takaful - Retirement,Family,True,2023-08-24,2038-08-20,15,Annual,430.51,Lapsed,AGT0021,Melaka
POL0004433,PTP000967,Family Takaful - Retirement,Family,True,2023-09-08,2033-09-05,10,Semi-Annual,735.47,Active,AGT0043,Perak
POL0004434,PTP000625,Fire Takaful,General,False,2024-05-15,2039-05-12,15,Annual,1537.76,Active,AGT0015,Labuan
POL0004435,PTP001257,Personal Accident Takaful,General,False,2021-01-06,2041-01-01,20,Monthly,1902.06,Active,AGT0098,Johor
POL0004436,PTP002485,Family Takaful - Life Protection,Family,True,2025-03-10,2045-03-05,20,Monthly,241.4,Active,AGT0140,Terengganu
POL0004437,PTP002549,Personal Accident Takaful,General,False,2024-05-02,2025-05-02,1,Annual,162.51,Active,AGT0002,Melaka
POL0004438,PTP001584,Motor Takaful,General,False,2025-02-20,2035-02-18,10,Semi-Annual,1357.14,Matured,AGT0145,Putrajaya
POL0004439,PTP001894,Family Takaful - Retirement,Family,True,2025-02-18,2040-02-15,15,Monthly,1832.37,Active,AGT0075,Selangor
POL0004440,PTP000186,Family Takaful - Education,Family,True,2024-09-04,2029-09-03,5,Monthly,398.55,Matured,AGT0007,Penang
POL0004441,PTP001464,Family Takaful - Education,Family,True,2026-06-01,2041-05-28,15,Semi-Annual,371.74,Active,AGT0026,Perak
POL0004442,PTP000448,Medical & Health Takaful,Family,False,2022-07-14,2027-07-13,5,Semi-Annual,132.15,Active,AGT0045,Sabah
POL0004443,PTP000101,Motor Takaful,General,False,2022-07-17,2032-07-14,10,Monthly,1931.65,Active,AGT0141,Terengganu
POL0004444,PTP001898,Medical & Health Takaful,Family,False,2026-04-29,2031-04-28,5,Quarterly,613.18,Cancelled,AGT0039,Sarawak
POL0004445,PTP000162,Fire Takaful,General,False,2026-02-15,2031-02-14,5,Monthly,665.0,Active,AGT0100,Penang
POL0004446,PTP002053,Medical & Health Takaful,Family,False,2026-03-26,2036-03-23,10,Semi-Annual,1176.86,Active,AGT0094,Sabah
POL0004447,PTP001315,Motor Takaful,General,False,2024-07-29,2029-07-28,5,Semi-Annual,1626.92,Active,AGT0147,Pahang
POL0004448,PTP000492,Family Takaful - Retirement,Family,True,2024-01-12,2025-01-11,1,Quarterly,1940.38,Active,AGT0014,Negeri Sembilan
POL0004449,PTP000983,Motor Takaful,General,False,2026-07-13,2031-07-12,5,Quarterly,1785.3,Active,AGT0139,Negeri Sembilan
POL0004450,PTP002288,Personal Accident Takaful,General,False,2025-07-15,2026-07-15,1,Semi-Annual,881.06,Active,AGT0077,Negeri Sembilan
POL0004451,PTP000632,Family Takaful - Retirement,Family,True,2021-07-24,2041-07-19,20,Annual,1740.03,Active,AGT0064,Labuan
POL0004452,PTP001360,Fire Takaful,General,False,2026-06-13,2046-06-08,20,Monthly,1381.66,Active,AGT0092,Selangor
POL0004453,PTP002168,Motor Takaful,General,False,2021-01-05,2036-01-02,15,Semi-Annual,444.05,Active,AGT0086,Melaka
POL0004454,PTP001423,Family Takaful - Education,Family,True,2024-08-06,2029-08-05,5,Annual,1939.52,Active,AGT0124,Kuala Lumpur
POL0004455,PTP001042,Medical & Health Takaful,Family,False,2025-08-11,2045-08-06,20,Semi-Annual,1778.84,Matured,AGT0102,Kedah
POL0004456,PTP001282,Family Takaful - Education,Family,True,2024-12-26,2025-12-26,1,Quarterly,1657.02,Active,AGT0008,Sabah
POL0004457,PTP001876,Family Takaful - Retirement,Family,True,2025-01-25,2035-01-23,10,Monthly,1287.21,Active,AGT0071,Sabah
POL0004458,PTP002415,Family Takaful - Retirement,Family,True,2021-03-26,2026-03-25,5,Annual,1277.9,Active,AGT0098,Kedah
POL0004459,PTP001226,Family Takaful - Education,Family,True,2022-09-26,2023-09-26,1,Semi-Annual,290.28,Active,AGT0147,Kuala Lumpur
POL0004460,PTP002573,Fire Takaful,General,False,2024-03-24,2039-03-21,15,Semi-Annual,101.3,Active,AGT0079,Sarawak
POL0004461,PTP000085,Motor Takaful,General,False,2025-09-29,2040-09-25,15,Quarterly,1740.45,Active,AGT0032,Perlis
POL0004462,PTP001540,Personal Accident Takaful,General,False,2021-08-09,2031-08-07,10,Annual,1497.75,Active,AGT0049,Kuala Lumpur
POL0004463,PTP001069,Family Takaful - Retirement,Family,True,2024-10-10,2034-10-08,10,Quarterly,424.52,Lapsed,AGT0050,Penang
POL0004464,PTP002460,Fire Takaful,General,False,2023-05-17,2024-05-16,1,Monthly,1411.21,Lapsed,AGT0143,Johor
POL0004465,PTP000482,Fire Takaful,General,False,2021-06-16,2026-06-15,5,Annual,1108.27,Active,AGT0141,Selangor
POL0004466,PTP000138,Medical & Health Takaful,Family,False,2026-08-08,2046-08-03,20,Monthly,1222.72,Matured,AGT0104,Putrajaya
POL0004467,PTP000045,Fire Takaful,General,False,2025-09-02,2040-08-29,15,Semi-Annual,1885.82,Matured,AGT0051,Penang
POL0004468,PTP001776,Family Takaful - Retirement,Family,True,2021-05-14,2041-05-09,20,Quarterly,1108.71,Matured,AGT0017,Sabah
POL0004469,PTP002009,Family Takaful - Life Protection,Family,True,2024-04-16,2044-04-11,20,Monthly,1504.96,Lapsed,AGT0069,Kuala Lumpur
POL0004470,PTP001475,Family Takaful - Retirement,Family,True,2023-03-28,2043-03-23,20,Annual,498.91,Cancelled,AGT0133,Melaka
POL0004471,PTP001960,Fire Takaful,General,False,2023-10-02,2043-09-27,20,Quarterly,1757.62,Active,AGT0055,Labuan
POL0004472,PTP000729,Family Takaful - Retirement,Family,True,2021-02-21,2022-02-21,1,Semi-Annual,1647.36,Lapsed,AGT0095,Negeri Sembilan
POL0004473,PTP002340,Medical & Health Takaful,Family,False,2022-09-18,2023-09-18,1,Quarterly,118.78,Lapsed,AGT0010,Sabah
POL0004474,PTP000045,Family Takaful - Education,Family,True,2022-07-10,2037-07-06,15,Annual,1329.97,Active,AGT0029,Labuan
POL0004475,PTP000939,Motor Takaful,General,False,2024-12-24,2034-12-22,10,Semi-Annual,1394.8,Active,AGT0089,Johor
POL0004476,PTP002564,Motor Takaful,General,False,2022-01-12,2037-01-08,15,Annual,1704.21,Matured,AGT0024,Negeri Sembilan
POL0004477,PTP000653,Medical & Health Takaful,Family,False,2025-09-14,2030-09-13,5,Quarterly,626.91,Active,AGT0123,Selangor
POL0004478,PTP001054,Fire Takaful,General,False,2022-01-03,2023-01-03,1,Monthly,80.95,Active,AGT0046,Kelantan
POL0004479,PTP001129,Motor Takaful,General,False,2022-02-27,2027-02-26,5,Annual,1857.75,Active,AGT0135,Terengganu
POL0004480,PTP001658,Family Takaful - Retirement,Family,True,2022-07-27,2032-07-24,10,Semi-Annual,342.66,Lapsed,AGT0024,Putrajaya
POL0004481,PTP002001,Personal Accident Takaful,General,False,2021-10-15,2022-10-15,1,Quarterly,757.35,Active,AGT0092,Perlis
POL0004482,PTP001410,Medical & Health Takaful,Family,False,2023-07-07,2028-07-05,5,Semi-Annual,1018.48,Active,AGT0079,Penang
POL0004483,PTP002530,Family Takaful - Education,Family,True,2021-04-14,2022-04-14,1,Quarterly,1852.21,Active,AGT0006,Penang
POL0004484,PTP000543,Medical & Health Takaful,Family,False,2026-03-09,2041-03-05,15,Annual,1594.25,Cancelled,AGT0035,Terengganu
POL0004485,PTP002744,Motor Takaful,General,False,2025-02-26,2040-02-23,15,Semi-Annual,1110.88,Active,AGT0025,Perak
POL0004486,PTP002998,Motor Takaful,General,False,2024-06-26,2044-06-21,20,Monthly,609.72,Active,AGT0045,Labuan
POL0004487,PTP001039,Personal Accident Takaful,General,False,2022-09-01,2023-09-01,1,Semi-Annual,1964.01,Active,AGT0074,Labuan
POL0004488,PTP002282,Fire Takaful,General,False,2021-12-20,2026-12-19,5,Monthly,893.46,Active,AGT0107,Negeri Sembilan
POL0004489,PTP002410,Fire Takaful,General,False,2021-11-05,2026-11-04,5,Quarterly,798.48,Active,AGT0033,Putrajaya
POL0004490,PTP002435,Family Takaful - Retirement,Family,True,2021-12-21,2031-12-19,10,Semi-Annual,733.29,Active,AGT0120,Kedah
POL0004491,PTP000865,Family Takaful - Life Protection,Family,True,2021-07-08,2041-07-03,20,Annual,1848.54,Active,AGT0132,Sabah
POL0004492,PTP002886,Family Takaful - Retirement,Family,True,2022-11-28,2042-11-23,20,Quarterly,1115.94,Active,AGT0075,Putrajaya
POL0004493,PTP002569,Fire Takaful,General,False,2023-08-06,2033-08-03,10,Semi-Annual,646.88,Matured,AGT0100,Sarawak
POL0004494,PTP002699,Family Takaful - Retirement,Family,True,2025-04-18,2035-04-16,10,Annual,987.86,Matured,AGT0146,Johor
POL0004495,PTP001022,Family Takaful - Education,Family,True,2021-12-07,2022-12-07,1,Semi-Annual,187.16,Active,AGT0043,Penang
POL0004496,PTP002561,Motor Takaful,General,False,2022-01-18,2032-01-16,10,Semi-Annual,1772.27,Matured,AGT0137,Penang
POL0004497,PTP000672,Family Takaful - Life Protection,Family,True,2025-10-10,2045-10-05,20,Annual,1077.22,Active,AGT0142,Sabah
POL0004498,PTP000952,Family Takaful - Life Protection,Family,True,2023-08-30,2033-08-27,10,Quarterly,247.18,Active,AGT0085,Sabah
POL0004499,PTP000708,Family Takaful - Retirement,Family,True,2023-12-20,2043-12-15,20,Semi-Annual,1380.59,Active,AGT0005,Sarawak
POL0004500,PTP000328,Medical & Health Takaful,Family,False,2025-07-06,2045-07-01,20,Monthly,1335.2,Lapsed,AGT0023,Sarawak
POL0004501,PTP000649,Family Takaful - Retirement,Family,True,2026-04-09,2027-04-09,1,Quarterly,1706.55,Active,AGT0026,Negeri Sembilan
POL0004502,PTP000323,Family Takaful - Retirement,Family,True,2023-01-10,2028-01-09,5,Annual,905.93,Matured,AGT0088,Melaka
POL0004503,PTP001533,Personal Accident Takaful,General,False,2022-05-17,2037-05-13,15,Quarterly,1531.38,Lapsed,AGT0050,Selangor
POL0004504,PTP000276,Medical & Health Takaful,Family,False,2024-10-19,2034-10-17,10,Annual,1689.99,Active,AGT0115,Penang
POL0004505,PTP001522,Fire Takaful,General,False,2021-10-29,2036-10-25,15,Semi-Annual,812.43,Active,AGT0024,Putrajaya
POL0004506,PTP000595,Personal Accident Takaful,General,False,2025-05-04,2035-05-02,10,Quarterly,350.63,Active,AGT0030,Labuan
POL0004507,PTP000382,Family Takaful - Retirement,Family,True,2026-06-05,2031-06-04,5,Quarterly,1765.89,Lapsed,AGT0033,Negeri Sembilan
POL0004508,PTP001355,Family Takaful - Life Protection,Family,True,2022-02-09,2042-02-04,20,Semi-Annual,840.62,Active,AGT0073,Negeri Sembilan
POL0004509,PTP000404,Motor Takaful,General,False,2021-03-05,2031-03-03,10,Monthly,572.76,Active,AGT0084,Kedah
POL0004510,PTP002121,Fire Takaful,General,False,2021-02-25,2041-02-20,20,Quarterly,582.76,Active,AGT0120,Kelantan
POL0004511,PTP002840,Family Takaful - Education,Family,True,2021-06-02,2041-05-28,20,Annual,952.93,Active,AGT0148,Penang
POL0004512,PTP000927,Family Takaful - Education,Family,True,2022-03-08,2042-03-03,20,Monthly,1774.82,Cancelled,AGT0134,Putrajaya
POL0004513,PTP002128,Fire Takaful,General,False,2021-11-10,2031-11-08,10,Semi-Annual,922.94,Active,AGT0031,Perlis
POL0004514,PTP001991,Family Takaful - Education,Family,True,2025-10-02,2035-09-30,10,Monthly,895.47,Active,AGT0135,Perlis
POL0004515,PTP001763,Medical & Health Takaful,Family,False,2024-09-13,2025-09-13,1,Quarterly,1476.37,Active,AGT0143,Terengganu
POL0004516,PTP000598,Fire Takaful,General,False,2025-02-07,2040-02-04,15,Monthly,1243.33,Active,AGT0087,Negeri Sembilan
POL0004517,PTP002866,Family Takaful - Education,Family,True,2025-02-15,2026-02-15,1,Semi-Annual,827.98,Active,AGT0140,Penang
POL0004518,PTP000330,Medical & Health Takaful,Family,False,2026-07-01,2046-06-26,20,Semi-Annual,1005.36,Active,AGT0015,Pahang
POL0004519,PTP000479,Fire Takaful,General,False,2023-10-31,2043-10-26,20,Annual,1796.01,Active,AGT0118,Johor
POL0004520,PTP002851,Medical & Health Takaful,Family,False,2024-07-20,2034-07-18,10,Quarterly,97.36,Active,AGT0052,Negeri Sembilan
POL0004521,PTP000756,Fire Takaful,General,False,2025-04-26,2045-04-21,20,Annual,432.93,Active,AGT0089,Putrajaya
POL0004522,PTP000390,Family Takaful - Life Protection,Family,True,2024-12-17,2039-12-14,15,Monthly,92.72,Active,AGT0075,Terengganu
POL0004523,PTP000270,Fire Takaful,General,False,2022-08-21,2027-08-20,5,Monthly,1478.06,Active,AGT0133,Putrajaya
POL0004524,PTP002196,Motor Takaful,General,False,2023-02-14,2024-02-14,1,Monthly,445.86,Matured,AGT0120,Kelantan
POL0004525,PTP000211,Family Takaful - Retirement,Family,True,2021-01-11,2041-01-06,20,Quarterly,822.45,Lapsed,AGT0109,Perak
POL0004526,PTP002308,Family Takaful - Life Protection,Family,True,2022-09-09,2032-09-06,10,Semi-Annual,1572.3,Active,AGT0110,Sabah
POL0004527,PTP000487,Personal Accident Takaful,General,False,2021-01-23,2041-01-18,20,Semi-Annual,1122.04,Active,AGT0114,Perak
POL0004528,PTP001800,Personal Accident Takaful,General,False,2022-07-11,2023-07-11,1,Annual,893.36,Active,AGT0071,Selangor
POL0004529,PTP001491,Motor Takaful,General,False,2026-08-01,2031-07-31,5,Quarterly,1928.33,Active,AGT0062,Labuan
POL0004530,PTP001047,Family Takaful - Retirement,Family,True,2021-09-06,2041-09-01,20,Quarterly,1547.56,Active,AGT0103,Perak
POL0004531,PTP002309,Family Takaful - Retirement,Family,True,2022-05-19,2037-05-15,15,Monthly,1850.14,Active,AGT0149,Perlis
POL0004532,PTP002000,Family Takaful - Life Protection,Family,True,2024-05-07,2029-05-06,5,Monthly,919.59,Matured,AGT0018,Perlis
POL0004533,PTP000870,Medical & Health Takaful,Family,False,2021-04-30,2022-04-30,1,Annual,575.33,Active,AGT0043,Sabah
POL0004534,PTP000875,Motor Takaful,General,False,2025-12-19,2045-12-14,20,Annual,1841.99,Active,AGT0144,Putrajaya
POL0004535,PTP001951,Family Takaful - Education,Family,True,2021-10-11,2031-10-09,10,Semi-Annual,1351.75,Active,AGT0069,Negeri Sembilan
POL0004536,PTP001019,Family Takaful - Education,Family,True,2021-07-01,2026-06-30,5,Quarterly,1260.24,Lapsed,AGT0025,Selangor
POL0004537,PTP000880,Medical & Health Takaful,Family,False,2026-04-17,2036-04-14,10,Monthly,1642.86,Active,AGT0088,Melaka
POL0004538,PTP000603,Medical & Health Takaful,Family,False,2021-04-09,2041-04-04,20,Monthly,1054.1,Active,AGT0132,Johor
POL0004539,PTP002233,Family Takaful - Education,Family,True,2023-08-30,2033-08-27,10,Annual,416.74,Active,AGT0139,Sarawak
POL0004540,PTP000172,Family Takaful - Retirement,Family,True,2024-06-12,2034-06-10,10,Quarterly,98.58,Matured,AGT0092,Kelantan
POL0004541,PTP002124,Family Takaful - Retirement,Family,True,2022-02-01,2042-01-27,20,Semi-Annual,1921.89,Active,AGT0077,Perlis
POL0004542,PTP002685,Medical & Health Takaful,Family,False,2023-11-24,2043-11-19,20,Quarterly,1766.12,Active,AGT0138,Kelantan
POL0004543,PTP001041,Family Takaful - Life Protection,Family,True,2024-10-02,2025-10-02,1,Semi-Annual,640.4,Cancelled,AGT0024,Labuan
POL0004544,PTP001199,Family Takaful - Life Protection,Family,True,2025-05-04,2035-05-02,10,Semi-Annual,1639.16,Matured,AGT0105,Perlis
POL0004545,PTP000348,Family Takaful - Life Protection,Family,True,2024-01-11,2034-01-08,10,Monthly,99.72,Active,AGT0010,Johor
POL0004546,PTP000643,Personal Accident Takaful,General,False,2024-01-13,2025-01-12,1,Monthly,1676.09,Active,AGT0105,Kuala Lumpur
POL0004547,PTP001870,Medical & Health Takaful,Family,False,2023-01-02,2024-01-02,1,Annual,94.8,Active,AGT0042,Perlis
POL0004548,PTP000742,Family Takaful - Education,Family,True,2025-03-23,2045-03-18,20,Quarterly,578.93,Lapsed,AGT0041,Kuala Lumpur
POL0004549,PTP001556,Family Takaful - Life Protection,Family,True,2021-10-12,2031-10-10,10,Monthly,182.14,Matured,AGT0034,Melaka
POL0004550,PTP001053,Family Takaful - Life Protection,Family,True,2023-01-16,2043-01-11,20,Semi-Annual,746.73,Active,AGT0089,Perlis
POL0004551,PTP002176,Fire Takaful,General,False,2025-05-19,2035-05-17,10,Annual,338.74,Lapsed,AGT0126,Sabah
POL0004552,PTP001135,Personal Accident Takaful,General,False,2026-02-19,2031-02-18,5,Quarterly,1617.37,Active,AGT0143,Labuan
POL0004553,PTP000152,Medical & Health Takaful,Family,False,2021-07-14,2031-07-12,10,Quarterly,571.07,Active,AGT0114,Negeri Sembilan
POL0004554,PTP001180,Fire Takaful,General,False,2024-12-20,2039-12-17,15,Monthly,192.94,Active,AGT0123,Sarawak
POL0004555,PTP001154,Fire Takaful,General,False,2022-08-30,2023-08-30,1,Monthly,545.78,Active,AGT0007,Putrajaya
POL0004556,PTP002688,Motor Takaful,General,False,2021-11-14,2026-11-13,5,Annual,1932.98,Lapsed,AGT0034,Selangor
POL0004557,PTP002026,Family Takaful - Education,Family,True,2023-02-25,2043-02-20,20,Semi-Annual,1634.19,Active,AGT0030,Kedah
POL0004558,PTP002979,Family Takaful - Retirement,Family,True,2022-08-09,2032-08-06,10,Annual,1004.46,Active,AGT0077,Perak
POL0004559,PTP000526,Personal Accident Takaful,General,False,2022-06-08,2032-06-05,10,Monthly,1405.69,Active,AGT0075,Kuala Lumpur
POL0004560,PTP000116,Family Takaful - Retirement,Family,True,2025-01-14,2030-01-13,5,Semi-Annual,564.03,Active,AGT0072,Terengganu
POL0004561,PTP001757,Family Takaful - Retirement,Family,True,2025-07-31,2040-07-27,15,Annual,475.5,Active,AGT0129,Kuala Lumpur
POL0004562,PTP000369,Family Takaful - Life Protection,Family,True,2021-07-02,2036-06-28,15,Semi-Annual,454.33,Matured,AGT0127,Terengganu
POL0004563,PTP002608,Motor Takaful,General,False,2026-05-09,2046-05-04,20,Annual,582.71,Active,AGT0104,Putrajaya
POL0004564,PTP001459,Medical & Health Takaful,Family,False,2024-02-23,2039-02-19,15,Annual,1336.84,Active,AGT0113,Melaka
POL0004565,PTP002356,Fire Takaful,General,False,2022-01-16,2027-01-15,5,Monthly,640.3,Active,AGT0150,Melaka
POL0004566,PTP000050,Family Takaful - Life Protection,Family,True,2022-11-12,2032-11-09,10,Quarterly,1568.57,Active,AGT0066,Terengganu
POL0004567,PTP000818,Fire Takaful,General,False,2022-07-11,2032-07-08,10,Semi-Annual,1456.85,Active,AGT0035,Johor
POL0004568,PTP001255,Medical & Health Takaful,Family,False,2022-01-25,2023-01-25,1,Quarterly,81.83,Active,AGT0011,Kuala Lumpur
POL0004569,PTP001370,Personal Accident Takaful,General,False,2022-02-15,2042-02-10,20,Quarterly,1915.42,Active,AGT0020,Negeri Sembilan
POL0004570,PTP001640,Motor Takaful,General,False,2021-08-23,2031-08-21,10,Monthly,1210.97,Active,AGT0059,Labuan
POL0004571,PTP001691,Family Takaful - Retirement,Family,True,2023-04-18,2043-04-13,20,Monthly,941.7,Active,AGT0118,Sarawak
POL0004572,PTP001047,Family Takaful - Education,Family,True,2021-03-11,2041-03-06,20,Semi-Annual,146.41,Active,AGT0085,Kuala Lumpur
POL0004573,PTP002695,Family Takaful - Life Protection,Family,True,2024-08-17,2034-08-15,10,Semi-Annual,1810.63,Active,AGT0111,Melaka
POL0004574,PTP000154,Family Takaful - Life Protection,Family,True,2024-05-06,2029-05-05,5,Quarterly,1938.88,Active,AGT0012,Pahang
POL0004575,PTP002400,Family Takaful - Retirement,Family,True,2021-01-11,2026-01-10,5,Monthly,1981.58,Active,AGT0025,Terengganu
POL0004576,PTP001380,Motor Takaful,General,False,2025-01-01,2044-12-27,20,Semi-Annual,1247.72,Active,AGT0045,Melaka
POL0004577,PTP000288,Motor Takaful,General,False,2025-12-05,2026-12-05,1,Semi-Annual,895.08,Active,AGT0056,Kelantan
POL0004578,PTP000189,Family Takaful - Education,Family,True,2021-12-20,2022-12-20,1,Monthly,1309.49,Active,AGT0141,Kuala Lumpur
POL0004579,PTP002747,Family Takaful - Life Protection,Family,True,2022-09-12,2032-09-09,10,Quarterly,442.13,Active,AGT0074,Melaka
POL0004580,PTP002849,Fire Takaful,General,False,2022-05-12,2037-05-08,15,Monthly,1180.11,Active,AGT0087,Penang
POL0004581,PTP001277,Personal Accident Takaful,General,False,2022-05-10,2023-05-10,1,Semi-Annual,244.03,Matured,AGT0105,Labuan
POL0004582,PTP000729,Medical & Health Takaful,Family,False,2022-04-19,2023-04-19,1,Annual,1012.57,Active,AGT0032,Terengganu
POL0004583,PTP000856,Motor Takaful,General,False,2023-11-21,2033-11-18,10,Quarterly,131.08,Active,AGT0150,Kelantan
POL0004584,PTP001890,Family Takaful - Life Protection,Family,True,2021-12-27,2026-12-26,5,Quarterly,1345.17,Active,AGT0020,Sabah
POL0004585,PTP001272,Family Takaful - Life Protection,Family,True,2023-11-12,2038-11-08,15,Annual,790.17,Active,AGT0029,Sarawak
POL0004586,PTP002845,Personal Accident Takaful,General,False,2025-03-25,2030-03-24,5,Quarterly,202.63,Active,AGT0067,Selangor
POL0004587,PTP001573,Family Takaful - Education,Family,True,2021-11-11,2031-11-09,10,Monthly,867.23,Active,AGT0003,Pahang
POL0004588,PTP002944,Motor Takaful,General,False,2024-02-02,2044-01-28,20,Semi-Annual,1137.88,Matured,AGT0096,Kedah
POL0004589,PTP002536,Family Takaful - Life Protection,Family,True,2025-10-10,2026-10-10,1,Semi-Annual,104.3,Active,AGT0052,Sarawak
POL0004590,PTP001514,Family Takaful - Life Protection,Family,True,2023-05-15,2028-05-13,5,Semi-Annual,1906.73,Active,AGT0114,Terengganu
POL0004591,PTP000455,Motor Takaful,General,False,2021-05-01,2022-05-01,1,Semi-Annual,924.3,Active,AGT0138,Perak
POL0004592,PTP001377,Family Takaful - Retirement,Family,True,2023-12-05,2043-11-30,20,Annual,1489.0,Active,AGT0097,Penang
POL0004593,PTP000578,Family Takaful - Life Protection,Family,True,2024-10-26,2044-10-21,20,Monthly,998.64,Matured,AGT0002,Labuan
POL0004594,PTP000843,Family Takaful - Education,Family,True,2021-09-11,2036-09-07,15,Semi-Annual,1738.17,Cancelled,AGT0136,Pahang
POL0004595,PTP001583,Personal Accident Takaful,General,False,2023-10-15,2038-10-11,15,Annual,880.85,Active,AGT0055,Kelantan
POL0004596,PTP000732,Fire Takaful,General,False,2025-06-13,2030-06-12,5,Annual,448.3,Active,AGT0126,Selangor
POL0004597,PTP000484,Fire Takaful,General,False,2021-11-22,2026-11-21,5,Quarterly,212.84,Lapsed,AGT0092,Sarawak
POL0004598,PTP002532,Family Takaful - Life Protection,Family,True,2023-11-30,2028-11-28,5,Quarterly,1802.89,Active,AGT0039,Johor
POL0004599,PTP001439,Medical & Health Takaful,Family,False,2025-02-16,2045-02-11,20,Annual,1531.17,Active,AGT0014,Sabah
POL0004600,PTP002275,Fire Takaful,General,False,2026-03-19,2036-03-16,10,Annual,644.81,Matured,AGT0099,Melaka
POL0004601,PTP002224,Family Takaful - Education,Family,True,2023-04-23,2028-04-21,5,Quarterly,707.57,Active,AGT0040,Melaka
POL0004602,PTP001164,Family Takaful - Life Protection,Family,True,2023-08-08,2033-08-05,10,Annual,1560.46,Active,AGT0080,Sarawak
POL0004603,PTP002425,Family Takaful - Life Protection,Family,True,2023-07-03,2043-06-28,20,Annual,809.29,Active,AGT0109,Sarawak
POL0004604,PTP002224,Fire Takaful,General,False,2022-08-28,2027-08-27,5,Quarterly,1259.36,Active,AGT0121,Labuan
POL0004605,PTP001142,Family Takaful - Retirement,Family,True,2023-11-17,2033-11-14,10,Monthly,868.28,Matured,AGT0032,Perlis
POL0004606,PTP002066,Personal Accident Takaful,General,False,2025-04-29,2035-04-27,10,Annual,1185.87,Active,AGT0080,Johor
POL0004607,PTP002586,Family Takaful - Life Protection,Family,True,2025-08-16,2035-08-14,10,Semi-Annual,678.19,Active,AGT0034,Putrajaya
POL0004608,PTP002030,Family Takaful - Education,Family,True,2024-11-24,2044-11-19,20,Monthly,207.28,Active,AGT0068,Johor
POL0004609,PTP002964,Family Takaful - Life Protection,Family,True,2025-06-24,2035-06-22,10,Annual,654.92,Active,AGT0149,Johor
POL0004610,PTP000489,Motor Takaful,General,False,2024-03-06,2034-03-04,10,Monthly,134.57,Lapsed,AGT0115,Selangor
POL0004611,PTP002280,Family Takaful - Life Protection,Family,True,2023-03-27,2024-03-26,1,Annual,1383.5,Active,AGT0037,Terengganu
POL0004612,PTP002098,Personal Accident Takaful,General,False,2022-07-01,2042-06-26,20,Semi-Annual,553.93,Matured,AGT0044,Putrajaya
POL0004613,PTP000481,Fire Takaful,General,False,2021-04-30,2031-04-28,10,Monthly,754.12,Cancelled,AGT0139,Terengganu
POL0004614,PTP000475,Family Takaful - Life Protection,Family,True,2022-03-24,2037-03-20,15,Semi-Annual,1810.14,Lapsed,AGT0096,Perlis
POL0004615,PTP002974,Fire Takaful,General,False,2023-07-28,2038-07-24,15,Quarterly,716.69,Lapsed,AGT0121,Selangor
POL0004616,PTP001242,Medical & Health Takaful,Family,False,2021-06-22,2026-06-21,5,Annual,426.05,Lapsed,AGT0042,Terengganu
POL0004617,PTP000093,Medical & Health Takaful,Family,False,2023-01-29,2024-01-29,1,Quarterly,1478.81,Active,AGT0057,Terengganu
POL0004618,PTP002107,Family Takaful - Education,Family,True,2023-09-12,2043-09-07,20,Annual,1277.78,Cancelled,AGT0085,Penang
POL0004619,PTP002550,Personal Accident Takaful,General,False,2025-11-07,2030-11-06,5,Semi-Annual,1419.19,Active,AGT0009,Terengganu
POL0004620,PTP001484,Motor Takaful,General,False,2026-03-24,2031-03-23,5,Semi-Annual,504.28,Active,AGT0146,Pahang
POL0004621,PTP001467,Family Takaful - Life Protection,Family,True,2022-11-26,2042-11-21,20,Annual,353.93,Active,AGT0009,Sabah
POL0004622,PTP001495,Fire Takaful,General,False,2024-03-07,2034-03-05,10,Semi-Annual,1142.59,Matured,AGT0073,Perak
POL0004623,PTP000647,Personal Accident Takaful,General,False,2021-06-05,2031-06-03,10,Annual,624.14,Matured,AGT0148,Johor
POL0004624,PTP000762,Motor Takaful,General,False,2025-07-06,2040-07-02,15,Semi-Annual,514.72,Active,AGT0061,Putrajaya
POL0004625,PTP000118,Personal Accident Takaful,General,False,2025-10-21,2030-10-20,5,Monthly,334.93,Active,AGT0020,Putrajaya
POL0004626,PTP000351,Motor Takaful,General,False,2024-12-20,2034-12-18,10,Annual,1756.83,Lapsed,AGT0049,Perak
POL0004627,PTP002439,Family Takaful - Retirement,Family,True,2022-05-05,2037-05-01,15,Quarterly,1714.64,Active,AGT0090,Perlis
POL0004628,PTP002603,Personal Accident Takaful,General,False,2026-04-21,2036-04-18,10,Annual,1602.01,Active,AGT0073,Labuan
POL0004629,PTP000209,Family Takaful - Life Protection,Family,True,2021-03-08,2026-03-07,5,Quarterly,856.95,Cancelled,AGT0133,Perlis
POL0004630,PTP002736,Fire Takaful,General,False,2021-08-09,2026-08-08,5,Annual,802.66,Lapsed,AGT0117,Pahang
POL0004631,PTP002059,Family Takaful - Retirement,Family,True,2021-03-23,2031-03-21,10,Monthly,491.44,Active,AGT0142,Perlis
POL0004632,PTP001360,Motor Takaful,General,False,2024-08-27,2029-08-26,5,Annual,413.46,Active,AGT0032,Putrajaya
POL0004633,PTP000643,Medical & Health Takaful,Family,False,2024-01-22,2039-01-18,15,Quarterly,163.0,Matured,AGT0024,Selangor
POL0004634,PTP001531,Personal Accident Takaful,General,False,2022-12-08,2042-12-03,20,Quarterly,929.39,Active,AGT0123,Penang
POL0004635,PTP002413,Motor Takaful,General,False,2024-01-08,2044-01-03,20,Semi-Annual,917.56,Active,AGT0006,Labuan
POL0004636,PTP000204,Medical & Health Takaful,Family,False,2024-01-01,2033-12-29,10,Annual,148.2,Active,AGT0019,Sabah
POL0004637,PTP002788,Family Takaful - Retirement,Family,True,2023-07-26,2033-07-23,10,Monthly,1937.88,Active,AGT0085,Pahang
POL0004638,PTP000748,Personal Accident Takaful,General,False,2023-12-02,2024-12-01,1,Annual,1592.61,Active,AGT0048,Kuala Lumpur
POL0004639,PTP000466,Family Takaful - Retirement,Family,True,2021-09-19,2022-09-19,1,Monthly,496.75,Matured,AGT0059,Terengganu
POL0004640,PTP000781,Family Takaful - Education,Family,True,2021-11-02,2036-10-29,15,Semi-Annual,1293.38,Active,AGT0032,Terengganu
POL0004641,PTP000522,Family Takaful - Life Protection,Family,True,2023-04-21,2033-04-18,10,Monthly,688.46,Lapsed,AGT0141,Perlis
POL0004642,PTP000120,Fire Takaful,General,False,2026-05-22,2027-05-22,1,Quarterly,1813.12,Active,AGT0099,Kelantan
POL0004643,PTP001916,Family Takaful - Education,Family,True,2021-09-10,2036-09-06,15,Annual,1537.12,Active,AGT0088,Kuala Lumpur
POL0004644,PTP002915,Medical & Health Takaful,Family,False,2024-04-01,2025-04-01,1,Monthly,741.86,Active,AGT0046,Melaka
POL0004645,PTP000091,Personal Accident Takaful,General,False,2022-02-03,2032-02-01,10,Monthly,1464.03,Active,AGT0006,Melaka
POL0004646,PTP000828,Motor Takaful,General,False,2023-02-25,2033-02-22,10,Annual,488.99,Active,AGT0038,Negeri Sembilan
POL0004647,PTP001775,Family Takaful - Education,Family,True,2024-12-08,2034-12-06,10,Semi-Annual,354.79,Active,AGT0021,Penang
POL0004648,PTP001017,Family Takaful - Retirement,Family,True,2021-11-20,2031-11-18,10,Monthly,1763.04,Active,AGT0141,Perak
POL0004649,PTP001576,Family Takaful - Retirement,Family,True,2023-06-17,2033-06-14,10,Quarterly,1895.06,Active,AGT0138,Sarawak
POL0004650,PTP002975,Fire Takaful,General,False,2025-08-07,2045-08-02,20,Annual,1115.04,Active,AGT0105,Melaka
POL0004651,PTP001332,Personal Accident Takaful,General,False,2025-07-20,2045-07-15,20,Semi-Annual,1277.21,Active,AGT0056,Penang
POL0004652,PTP002538,Family Takaful - Retirement,Family,True,2026-07-07,2046-07-02,20,Annual,1348.48,Active,AGT0027,Sabah
POL0004653,PTP002590,Family Takaful - Life Protection,Family,True,2023-11-02,2033-10-30,10,Semi-Annual,1646.5,Active,AGT0002,Putrajaya
POL0004654,PTP002672,Fire Takaful,General,False,2024-06-19,2034-06-17,10,Semi-Annual,936.41,Active,AGT0016,Sabah
POL0004655,PTP000958,Family Takaful - Education,Family,True,2026-05-22,2041-05-18,15,Semi-Annual,273.31,Active,AGT0085,Kuala Lumpur
POL0004656,PTP002678,Fire Takaful,General,False,2022-09-05,2042-08-31,20,Monthly,872.74,Cancelled,AGT0130,Kedah
POL0004657,PTP001821,Medical & Health Takaful,Family,False,2021-10-03,2022-10-03,1,Monthly,1045.83,Active,AGT0057,Labuan
POL0004658,PTP002163,Family Takaful - Education,Family,True,2022-04-06,2023-04-06,1,Annual,135.7,Active,AGT0069,Melaka
POL0004659,PTP002859,Personal Accident Takaful,General,False,2023-11-03,2033-10-31,10,Quarterly,666.05,Lapsed,AGT0035,Terengganu
POL0004660,PTP001663,Medical & Health Takaful,Family,False,2022-07-03,2023-07-03,1,Monthly,1947.81,Active,AGT0085,Penang
POL0004661,PTP000355,Family Takaful - Education,Family,True,2024-01-22,2034-01-19,10,Quarterly,1466.56,Active,AGT0135,Perak
POL0004662,PTP000291,Medical & Health Takaful,Family,False,2024-10-30,2034-10-28,10,Annual,222.59,Active,AGT0003,Selangor
POL0004663,PTP000029,Motor Takaful,General,False,2026-04-16,2041-04-12,15,Monthly,631.83,Active,AGT0118,Putrajaya
POL0004664,PTP000679,Family Takaful - Life Protection,Family,True,2023-01-03,2042-12-29,20,Annual,768.98,Lapsed,AGT0049,Penang
POL0004665,PTP001143,Motor Takaful,General,False,2023-08-07,2033-08-04,10,Monthly,610.31,Lapsed,AGT0127,Sarawak
POL0004666,PTP000587,Medical & Health Takaful,Family,False,2025-09-01,2026-09-01,1,Monthly,1202.19,Active,AGT0121,Putrajaya
POL0004667,PTP001012,Family Takaful - Education,Family,True,2022-02-03,2023-02-03,1,Semi-Annual,1596.42,Active,AGT0050,Putrajaya
POL0004668,PTP002701,Family Takaful - Retirement,Family,True,2023-06-18,2028-06-16,5,Semi-Annual,693.89,Active,AGT0089,Penang
POL0004669,PTP002564,Family Takaful - Retirement,Family,True,2024-01-28,2025-01-27,1,Annual,1345.41,Active,AGT0111,Labuan
POL0004670,PTP000551,Family Takaful - Life Protection,Family,True,2026-02-20,2046-02-15,20,Monthly,1634.43,Active,AGT0130,Perak
POL0004671,PTP000395,Personal Accident Takaful,General,False,2021-07-12,2036-07-08,15,Monthly,786.67,Active,AGT0148,Terengganu
POL0004672,PTP001304,Motor Takaful,General,False,2026-03-13,2027-03-13,1,Semi-Annual,540.92,Active,AGT0113,Putrajaya
POL0004673,PTP001665,Motor Takaful,General,False,2025-07-23,2040-07-19,15,Quarterly,1444.77,Lapsed,AGT0070,Kelantan
POL0004674,PTP001566,Family Takaful - Education,Family,True,2026-06-14,2027-06-14,1,Annual,393.23,Active,AGT0127,Perak
POL0004675,PTP000858,Motor Takaful,General,False,2021-04-27,2031-04-25,10,Quarterly,938.67,Active,AGT0112,Sabah
POL0004676,PTP002470,Medical & Health Takaful,Family,False,2025-05-01,2045-04-26,20,Quarterly,1279.74,Active,AGT0068,Sabah
POL0004677,PTP002145,Motor Takaful,General,False,2021-08-29,2031-08-27,10,Semi-Annual,381.76,Lapsed,AGT0075,Negeri Sembilan
POL0004678,PTP001615,Personal Accident Takaful,General,False,2021-01-13,2036-01-10,15,Semi-Annual,1994.86,Matured,AGT0062,Perak
POL0004679,PTP000289,Motor Takaful,General,False,2021-11-12,2026-11-11,5,Monthly,417.8,Matured,AGT0077,Perak
POL0004680,PTP000389,Medical & Health Takaful,Family,False,2024-08-25,2029-08-24,5,Semi-Annual,634.32,Active,AGT0090,Selangor
POL0004681,PTP001161,Family Takaful - Retirement,Family,True,2025-08-26,2030-08-25,5,Semi-Annual,553.5,Active,AGT0075,Johor
POL0004682,PTP001658,Family Takaful - Life Protection,Family,True,2022-01-11,2037-01-07,15,Annual,1463.31,Lapsed,AGT0074,Johor
POL0004683,PTP001995,Family Takaful - Education,Family,True,2021-08-06,2022-08-06,1,Annual,480.47,Active,AGT0066,Putrajaya
POL0004684,PTP001089,Personal Accident Takaful,General,False,2022-05-28,2023-05-28,1,Monthly,308.73,Active,AGT0102,Selangor
POL0004685,PTP001536,Personal Accident Takaful,General,False,2021-04-18,2041-04-13,20,Annual,1546.03,Active,AGT0002,Perak
POL0004686,PTP002968,Motor Takaful,General,False,2022-02-01,2037-01-28,15,Monthly,151.65,Active,AGT0037,Melaka
POL0004687,PTP000616,Family Takaful - Education,Family,True,2026-05-10,2036-05-07,10,Annual,508.21,Matured,AGT0038,Perak
POL0004688,PTP001554,Personal Accident Takaful,General,False,2025-10-02,2040-09-28,15,Quarterly,1864.88,Active,AGT0081,Perlis
POL0004689,PTP000255,Family Takaful - Education,Family,True,2024-08-23,2025-08-23,1,Semi-Annual,137.37,Lapsed,AGT0083,Melaka
POL0004690,PTP002357,Family Takaful - Education,Family,True,2024-04-07,2039-04-04,15,Annual,732.79,Matured,AGT0150,Sabah
POL0004691,PTP000453,Family Takaful - Life Protection,Family,True,2025-12-12,2026-12-12,1,Semi-Annual,1453.02,Active,AGT0024,Labuan
POL0004692,PTP000503,Motor Takaful,General,False,2025-09-13,2040-09-09,15,Annual,167.25,Active,AGT0122,Perak
POL0004693,PTP000111,Family Takaful - Education,Family,True,2025-11-26,2035-11-24,10,Semi-Annual,1105.49,Matured,AGT0119,Penang
POL0004694,PTP001010,Family Takaful - Life Protection,Family,True,2022-07-04,2032-07-01,10,Annual,1130.18,Active,AGT0142,Penang
POL0004695,PTP000935,Family Takaful - Education,Family,True,2021-05-26,2031-05-24,10,Quarterly,1376.49,Matured,AGT0037,Terengganu
POL0004696,PTP002630,Medical & Health Takaful,Family,False,2022-04-17,2032-04-14,10,Quarterly,529.21,Active,AGT0143,Penang
POL0004697,PTP002208,Medical & Health Takaful,Family,False,2025-04-06,2030-04-05,5,Monthly,1840.46,Active,AGT0110,Kelantan
POL0004698,PTP000379,Family Takaful - Education,Family,True,2021-09-18,2022-09-18,1,Monthly,897.78,Active,AGT0130,Penang
POL0004699,PTP001540,Family Takaful - Education,Family,True,2023-04-11,2028-04-09,5,Annual,1169.16,Active,AGT0110,Kelantan
POL0004700,PTP000463,Family Takaful - Retirement,Family,True,2024-12-31,2025-12-31,1,Monthly,1356.68,Active,AGT0144,Terengganu
POL0004701,PTP000234,Family Takaful - Life Protection,Family,True,2026-03-16,2036-03-13,10,Quarterly,1516.95,Active,AGT0020,Sabah
POL0004702,PTP001391,Family Takaful - Education,Family,True,2024-03-12,2029-03-11,5,Annual,1527.88,Matured,AGT0135,Penang
POL0004703,PTP000535,Family Takaful - Retirement,Family,True,2021-09-17,2031-09-15,10,Quarterly,1638.29,Active,AGT0021,Kedah
POL0004704,PTP000870,Motor Takaful,General,False,2026-02-06,2031-02-05,5,Annual,83.51,Active,AGT0061,Sabah
POL0004705,PTP002072,Motor Takaful,General,False,2025-12-24,2045-12-19,20,Semi-Annual,1575.68,Matured,AGT0059,Putrajaya
POL0004706,PTP001891,Family Takaful - Retirement,Family,True,2025-11-20,2035-11-18,10,Monthly,1304.71,Active,AGT0079,Terengganu
POL0004707,PTP000565,Family Takaful - Education,Family,True,2026-05-16,2031-05-15,5,Semi-Annual,1938.45,Active,AGT0070,Selangor
POL0004708,PTP000791,Medical & Health Takaful,Family,False,2025-04-28,2035-04-26,10,Monthly,1189.58,Active,AGT0061,Selangor
POL0004709,PTP002430,Motor Takaful,General,False,2023-11-09,2033-11-06,10,Quarterly,753.99,Lapsed,AGT0083,Negeri Sembilan
POL0004710,PTP002547,Fire Takaful,General,False,2023-11-14,2028-11-12,5,Semi-Annual,379.69,Cancelled,AGT0019,Melaka
POL0004711,PTP000374,Family Takaful - Life Protection,Family,True,2025-05-25,2030-05-24,5,Semi-Annual,338.41,Active,AGT0111,Johor
POL0004712,PTP000964,Family Takaful - Life Protection,Family,True,2023-02-17,2028-02-16,5,Annual,71.04,Active,AGT0059,Johor
POL0004713,PTP000320,Family Takaful - Education,Family,True,2023-09-27,2038-09-23,15,Quarterly,322.37,Active,AGT0108,Labuan
POL0004714,PTP002937,Fire Takaful,General,False,2021-08-10,2041-08-05,20,Monthly,401.8,Matured,AGT0095,Sabah
POL0004715,PTP000622,Family Takaful - Education,Family,True,2022-04-26,2023-04-26,1,Monthly,252.49,Matured,AGT0141,Sarawak
POL0004716,PTP002715,Fire Takaful,General,False,2021-07-20,2041-07-15,20,Quarterly,990.03,Matured,AGT0053,Kuala Lumpur
POL0004717,PTP002463,Fire Takaful,General,False,2021-09-16,2026-09-15,5,Monthly,1056.73,Active,AGT0144,Perlis
POL0004718,PTP000087,Family Takaful - Life Protection,Family,True,2021-03-15,2041-03-10,20,Annual,348.84,Active,AGT0130,Johor
POL0004719,PTP002235,Family Takaful - Education,Family,True,2023-12-26,2028-12-24,5,Semi-Annual,447.66,Matured,AGT0133,Perlis
POL0004720,PTP000735,Motor Takaful,General,False,2023-10-14,2033-10-11,10,Monthly,1035.7,Active,AGT0139,Putrajaya
POL0004721,PTP001991,Fire Takaful,General,False,2025-11-20,2045-11-15,20,Annual,120.59,Active,AGT0146,Kuala Lumpur
POL0004722,PTP000731,Family Takaful - Retirement,Family,True,2024-03-08,2039-03-05,15,Quarterly,559.47,Matured,AGT0089,Kelantan
POL0004723,PTP001114,Motor Takaful,General,False,2024-01-25,2025-01-24,1,Quarterly,1396.6,Active,AGT0121,Selangor
POL0004724,PTP000595,Motor Takaful,General,False,2021-06-15,2036-06-11,15,Semi-Annual,1819.1,Cancelled,AGT0040,Melaka
POL0004725,PTP002271,Motor Takaful,General,False,2021-06-01,2022-06-01,1,Annual,637.29,Active,AGT0141,Sarawak
POL0004726,PTP001646,Family Takaful - Life Protection,Family,True,2022-03-18,2032-03-15,10,Annual,1796.34,Active,AGT0131,Kelantan
POL0004727,PTP001707,Fire Takaful,General,False,2022-03-13,2032-03-10,10,Quarterly,155.42,Lapsed,AGT0138,Melaka
POL0004728,PTP001395,Family Takaful - Retirement,Family,True,2024-08-21,2029-08-20,5,Quarterly,871.69,Active,AGT0045,Perlis
POL0004729,PTP000779,Family Takaful - Life Protection,Family,True,2023-12-04,2033-12-01,10,Monthly,1380.63,Active,AGT0019,Penang
POL0004730,PTP001942,Family Takaful - Retirement,Family,True,2025-03-28,2040-03-24,15,Semi-Annual,1620.14,Active,AGT0109,Kelantan
POL0004731,PTP001529,Motor Takaful,General,False,2024-01-04,2043-12-30,20,Semi-Annual,164.37,Active,AGT0013,Labuan
POL0004732,PTP000178,Medical & Health Takaful,Family,False,2022-04-22,2023-04-22,1,Monthly,550.83,Matured,AGT0043,Sarawak
POL0004733,PTP002624,Family Takaful - Retirement,Family,True,2025-09-08,2026-09-08,1,Semi-Annual,785.18,Active,AGT0091,Sabah
POL0004734,PTP000729,Personal Accident Takaful,General,False,2025-01-23,2026-01-23,1,Semi-Annual,1211.33,Active,AGT0112,Selangor
POL0004735,PTP001112,Motor Takaful,General,False,2024-03-24,2044-03-19,20,Annual,1332.63,Lapsed,AGT0017,Johor
POL0004736,PTP002031,Family Takaful - Retirement,Family,True,2024-08-16,2039-08-13,15,Annual,1508.54,Active,AGT0034,Perlis
POL0004737,PTP002669,Family Takaful - Life Protection,Family,True,2025-11-12,2045-11-07,20,Monthly,1411.27,Active,AGT0130,Labuan
POL0004738,PTP000959,Fire Takaful,General,False,2021-07-13,2026-07-12,5,Monthly,876.76,Active,AGT0071,Perlis
POL0004739,PTP001793,Personal Accident Takaful,General,False,2023-10-25,2028-10-23,5,Monthly,430.59,Active,AGT0117,Kuala Lumpur
POL0004740,PTP001313,Family Takaful - Retirement,Family,True,2024-10-13,2025-10-13,1,Quarterly,264.89,Active,AGT0075,Kedah
POL0004741,PTP000366,Personal Accident Takaful,General,False,2026-04-09,2031-04-08,5,Annual,1951.48,Active,AGT0109,Kedah
POL0004742,PTP000396,Motor Takaful,General,False,2024-12-29,2029-12-28,5,Monthly,1502.73,Lapsed,AGT0101,Johor
POL0004743,PTP002780,Family Takaful - Education,Family,True,2022-05-17,2032-05-14,10,Semi-Annual,1503.37,Cancelled,AGT0039,Kelantan
POL0004744,PTP000851,Family Takaful - Life Protection,Family,True,2023-05-03,2024-05-02,1,Semi-Annual,139.67,Active,AGT0132,Negeri Sembilan
POL0004745,PTP001716,Family Takaful - Life Protection,Family,True,2021-05-12,2031-05-10,10,Quarterly,1686.14,Active,AGT0023,Penang
POL0004746,PTP002124,Medical & Health Takaful,Family,False,2025-05-27,2045-05-22,20,Quarterly,387.31,Active,AGT0078,Kuala Lumpur
POL0004747,PTP000326,Personal Accident Takaful,General,False,2022-01-12,2032-01-10,10,Annual,1152.19,Lapsed,AGT0028,Penang
POL0004748,PTP002061,Fire Takaful,General,False,2022-06-02,2037-05-29,15,Semi-Annual,205.17,Cancelled,AGT0027,Sarawak
POL0004749,PTP000451,Motor Takaful,General,False,2024-01-14,2044-01-09,20,Quarterly,380.59,Active,AGT0057,Melaka
POL0004750,PTP000860,Personal Accident Takaful,General,False,2023-12-14,2038-12-10,15,Annual,504.38,Lapsed,AGT0137,Kelantan
POL0004751,PTP002609,Motor Takaful,General,False,2023-03-18,2033-03-15,10,Annual,1982.05,Cancelled,AGT0120,Negeri Sembilan
POL0004752,PTP001364,Medical & Health Takaful,Family,False,2022-03-31,2032-03-28,10,Annual,1676.31,Active,AGT0068,Putrajaya
POL0004753,PTP002440,Family Takaful - Life Protection,Family,True,2022-05-23,2042-05-18,20,Annual,1102.86,Active,AGT0064,Sarawak
POL0004754,PTP001737,Medical & Health Takaful,Family,False,2022-02-27,2027-02-26,5,Semi-Annual,1461.85,Active,AGT0041,Kedah
POL0004755,PTP001798,Family Takaful - Life Protection,Family,True,2026-01-25,2041-01-21,15,Monthly,1344.58,Active,AGT0027,Melaka
POL0004756,PTP002871,Family Takaful - Retirement,Family,True,2025-08-22,2026-08-22,1,Semi-Annual,472.32,Active,AGT0063,Terengganu
POL0004757,PTP002309,Personal Accident Takaful,General,False,2021-05-14,2036-05-10,15,Annual,522.51,Active,AGT0087,Melaka
POL0004758,PTP002948,Motor Takaful,General,False,2024-03-17,2025-03-17,1,Semi-Annual,1693.63,Active,AGT0001,Labuan
POL0004759,PTP002420,Fire Takaful,General,False,2024-09-29,2039-09-26,15,Monthly,844.44,Active,AGT0147,Kelantan
POL0004760,PTP002935,Medical & Health Takaful,Family,False,2025-05-19,2040-05-15,15,Quarterly,1165.99,Active,AGT0138,Sarawak
POL0004761,PTP001592,Fire Takaful,General,False,2021-05-12,2036-05-08,15,Monthly,1184.07,Lapsed,AGT0146,Labuan
POL0004762,PTP002786,Motor Takaful,General,False,2023-01-20,2024-01-20,1,Quarterly,1024.75,Matured,AGT0063,Penang
POL0004763,PTP000054,Family Takaful - Education,Family,True,2023-02-15,2038-02-11,15,Semi-Annual,1764.67,Active,AGT0049,Penang
POL0004764,PTP002497,Family Takaful - Retirement,Family,True,2022-09-06,2037-09-02,15,Annual,558.46,Active,AGT0065,Pahang
POL0004765,PTP001685,Fire Takaful,General,False,2023-03-03,2028-03-01,5,Semi-Annual,331.87,Active,AGT0079,Kelantan
POL0004766,PTP001909,Fire Takaful,General,False,2024-03-25,2044-03-20,20,Monthly,1751.74,Lapsed,AGT0096,Pahang
POL0004767,PTP001074,Medical & Health Takaful,Family,False,2024-03-20,2029-03-19,5,Quarterly,64.39,Active,AGT0146,Perak
POL0004768,PTP000920,Family Takaful - Retirement,Family,True,2023-06-24,2038-06-20,15,Monthly,1737.9,Cancelled,AGT0045,Negeri Sembilan
POL0004769,PTP000789,Fire Takaful,General,False,2021-09-04,2022-09-04,1,Annual,529.54,Matured,AGT0046,Melaka
POL0004770,PTP002489,Family Takaful - Life Protection,Family,True,2024-04-28,2025-04-28,1,Annual,1575.78,Active,AGT0108,Pahang
POL0004771,PTP002014,Family Takaful - Life Protection,Family,True,2024-10-10,2029-10-09,5,Semi-Annual,1273.33,Lapsed,AGT0028,Sabah
POL0004772,PTP000619,Family Takaful - Education,Family,True,2026-06-09,2031-06-08,5,Semi-Annual,217.45,Lapsed,AGT0140,Kuala Lumpur
POL0004773,PTP001352,Medical & Health Takaful,Family,False,2021-01-23,2026-01-22,5,Quarterly,1833.31,Active,AGT0010,Kedah
POL0004774,PTP000692,Fire Takaful,General,False,2021-12-11,2026-12-10,5,Quarterly,1574.35,Active,AGT0005,Kuala Lumpur
POL0004775,PTP001591,Motor Takaful,General,False,2024-06-18,2025-06-18,1,Annual,1251.36,Active,AGT0038,Kedah
POL0004776,PTP002296,Personal Accident Takaful,General,False,2025-01-23,2035-01-21,10,Annual,764.13,Active,AGT0049,Sabah
POL0004777,PTP000031,Family Takaful - Education,Family,True,2022-07-01,2027-06-30,5,Semi-Annual,1612.45,Active,AGT0032,Kedah
POL0004778,PTP000162,Fire Takaful,General,False,2025-04-20,2026-04-20,1,Semi-Annual,50.28,Active,AGT0125,Kuala Lumpur
POL0004779,PTP001145,Family Takaful - Education,Family,True,2023-02-11,2038-02-07,15,Annual,546.55,Active,AGT0026,Terengganu
POL0004780,PTP000447,Family Takaful - Education,Family,True,2022-07-14,2027-07-13,5,Monthly,381.79,Active,AGT0043,Terengganu
POL0004781,PTP000253,Family Takaful - Education,Family,True,2021-04-15,2026-04-14,5,Quarterly,527.19,Matured,AGT0041,Johor
POL0004782,PTP000891,Motor Takaful,General,False,2022-07-11,2042-07-06,20,Monthly,663.65,Active,AGT0048,Labuan
POL0004783,PTP000957,Family Takaful - Retirement,Family,True,2021-05-29,2026-05-28,5,Semi-Annual,318.13,Lapsed,AGT0022,Kelantan
POL0004784,PTP000382,Family Takaful - Education,Family,True,2021-12-12,2041-12-07,20,Semi-Annual,1654.63,Active,AGT0037,Penang
POL0004785,PTP000001,Family Takaful - Retirement,Family,True,2026-05-18,2046-05-13,20,Quarterly,1300.98,Lapsed,AGT0139,Penang
POL0004786,PTP001202,Fire Takaful,General,False,2023-10-08,2033-10-05,10,Semi-Annual,1689.3,Active,AGT0032,Putrajaya
POL0004787,PTP002484,Personal Accident Takaful,General,False,2021-12-22,2036-12-18,15,Monthly,842.81,Active,AGT0027,Johor
POL0004788,PTP001425,Family Takaful - Retirement,Family,True,2023-05-07,2024-05-06,1,Annual,1637.03,Cancelled,AGT0021,Negeri Sembilan
POL0004789,PTP000450,Family Takaful - Education,Family,True,2024-05-20,2044-05-15,20,Monthly,1067.55,Active,AGT0090,Kelantan
POL0004790,PTP000597,Fire Takaful,General,False,2021-05-02,2022-05-02,1,Quarterly,1251.5,Active,AGT0127,Sarawak
POL0004791,PTP001776,Personal Accident Takaful,General,False,2025-02-16,2030-02-15,5,Quarterly,1313.83,Active,AGT0034,Terengganu
POL0004792,PTP002614,Fire Takaful,General,False,2022-06-02,2023-06-02,1,Semi-Annual,1499.39,Active,AGT0106,Putrajaya
POL0004793,PTP002535,Fire Takaful,General,False,2022-01-23,2037-01-19,15,Monthly,917.12,Matured,AGT0037,Putrajaya
POL0004794,PTP002525,Family Takaful - Retirement,Family,True,2024-01-16,2025-01-15,1,Monthly,239.0,Active,AGT0148,Putrajaya
POL0004795,PTP000535,Family Takaful - Retirement,Family,True,2023-04-08,2028-04-06,5,Quarterly,1314.81,Active,AGT0150,Putrajaya
POL0004796,PTP000179,Medical & Health Takaful,Family,False,2023-03-21,2024-03-20,1,Annual,822.28,Matured,AGT0131,Labuan
POL0004797,PTP002258,Personal Accident Takaful,General,False,2025-11-25,2026-11-25,1,Monthly,1170.01,Lapsed,AGT0035,Perak
POL0004798,PTP002225,Fire Takaful,General,False,2024-11-12,2034-11-10,10,Monthly,137.95,Active,AGT0024,Perlis
POL0004799,PTP001599,Personal Accident Takaful,General,False,2023-11-14,2033-11-11,10,Monthly,1387.71,Active,AGT0111,Perak
POL0004800,PTP000680,Family Takaful - Retirement,Family,True,2023-12-09,2043-12-04,20,Monthly,274.3,Active,AGT0075,Pahang
POL0004801,PTP002642,Fire Takaful,General,False,2023-02-01,2038-01-28,15,Semi-Annual,1121.11,Matured,AGT0010,Pahang
POL0004802,PTP002719,Fire Takaful,General,False,2025-11-15,2035-11-13,10,Annual,1244.52,Active,AGT0124,Perak
POL0004803,PTP002383,Family Takaful - Education,Family,True,2022-11-29,2037-11-25,15,Monthly,1148.62,Active,AGT0063,Kedah
POL0004804,PTP001109,Family Takaful - Retirement,Family,True,2023-07-12,2028-07-10,5,Quarterly,1111.64,Active,AGT0036,Perlis
POL0004805,PTP002464,Medical & Health Takaful,Family,False,2023-03-19,2028-03-17,5,Quarterly,279.87,Matured,AGT0013,Pahang
POL0004806,PTP002817,Family Takaful - Life Protection,Family,True,2021-06-27,2031-06-25,10,Semi-Annual,830.19,Active,AGT0003,Sarawak
POL0004807,PTP001058,Family Takaful - Retirement,Family,True,2021-08-01,2031-07-30,10,Semi-Annual,1097.37,Active,AGT0094,Penang
POL0004808,PTP002392,Personal Accident Takaful,General,False,2026-04-13,2036-04-10,10,Semi-Annual,1412.84,Matured,AGT0065,Negeri Sembilan
POL0004809,PTP002899,Fire Takaful,General,False,2024-05-17,2044-05-12,20,Quarterly,1477.39,Lapsed,AGT0005,Terengganu
POL0004810,PTP001147,Family Takaful - Retirement,Family,True,2025-02-05,2035-02-03,10,Monthly,1884.2,Active,AGT0135,Sarawak
POL0004811,PTP000297,Personal Accident Takaful,General,False,2022-02-05,2037-02-01,15,Semi-Annual,1783.12,Matured,AGT0150,Negeri Sembilan
POL0004812,PTP001106,Family Takaful - Life Protection,Family,True,2023-01-23,2043-01-18,20,Semi-Annual,511.35,Active,AGT0118,Negeri Sembilan
POL0004813,PTP000637,Medical & Health Takaful,Family,False,2025-08-08,2030-08-07,5,Semi-Annual,56.85,Active,AGT0083,Pahang
POL0004814,PTP000096,Motor Takaful,General,False,2024-05-30,2039-05-27,15,Annual,1086.35,Lapsed,AGT0018,Perlis
POL0004815,PTP000808,Motor Takaful,General,False,2022-11-22,2042-11-17,20,Monthly,1357.14,Active,AGT0087,Sabah
POL0004816,PTP001425,Family Takaful - Education,Family,True,2022-11-04,2023-11-04,1,Semi-Annual,284.44,Active,AGT0063,Johor
POL0004817,PTP000343,Medical & Health Takaful,Family,False,2025-03-21,2035-03-19,10,Semi-Annual,1666.15,Active,AGT0110,Kedah
POL0004818,PTP000002,Family Takaful - Education,Family,True,2024-04-24,2029-04-23,5,Monthly,444.89,Active,AGT0102,Negeri Sembilan
POL0004819,PTP000053,Medical & Health Takaful,Family,False,2025-02-04,2035-02-02,10,Semi-Annual,1450.55,Lapsed,AGT0068,Kelantan
POL0004820,PTP002982,Medical & Health Takaful,Family,False,2023-05-13,2033-05-10,10,Quarterly,1257.1,Active,AGT0050,Kelantan
POL0004821,PTP000609,Family Takaful - Retirement,Family,True,2026-04-28,2041-04-24,15,Monthly,561.0,Active,AGT0032,Perlis
POL0004822,PTP001491,Medical & Health Takaful,Family,False,2025-05-30,2035-05-28,10,Annual,1808.87,Active,AGT0102,Sarawak
POL0004823,PTP000998,Medical & Health Takaful,Family,False,2025-01-04,2035-01-02,10,Monthly,1042.07,Active,AGT0022,Kuala Lumpur
POL0004824,PTP001731,Motor Takaful,General,False,2025-08-02,2040-07-29,15,Quarterly,1163.05,Active,AGT0048,Melaka
POL0004825,PTP002395,Fire Takaful,General,False,2025-07-24,2030-07-23,5,Semi-Annual,491.87,Active,AGT0045,Pahang
POL0004826,PTP000343,Family Takaful - Retirement,Family,True,2025-08-30,2030-08-29,5,Quarterly,1440.77,Cancelled,AGT0073,Putrajaya
POL0004827,PTP001833,Fire Takaful,General,False,2024-04-01,2025-04-01,1,Quarterly,1024.5,Active,AGT0064,Perlis
POL0004828,PTP000229,Family Takaful - Education,Family,True,2021-08-06,2036-08-02,15,Annual,1900.01,Active,AGT0012,Terengganu
POL0004829,PTP000880,Family Takaful - Retirement,Family,True,2024-10-03,2025-10-03,1,Monthly,449.57,Active,AGT0093,Negeri Sembilan
POL0004830,PTP002503,Fire Takaful,General,False,2021-08-15,2036-08-11,15,Semi-Annual,262.74,Active,AGT0142,Labuan
POL0004831,PTP001542,Family Takaful - Education,Family,True,2025-02-28,2040-02-25,15,Semi-Annual,1808.27,Active,AGT0007,Sarawak
POL0004832,PTP001540,Family Takaful - Life Protection,Family,True,2022-11-24,2032-11-21,10,Annual,304.04,Active,AGT0037,Labuan
POL0004833,PTP000404,Motor Takaful,General,False,2022-08-04,2023-08-04,1,Annual,940.72,Active,AGT0087,Perlis
POL0004834,PTP001716,Medical & Health Takaful,Family,False,2023-08-07,2043-08-02,20,Monthly,158.95,Matured,AGT0041,Labuan
POL0004835,PTP002788,Medical & Health Takaful,Family,False,2022-10-31,2027-10-30,5,Annual,856.35,Active,AGT0067,Putrajaya
POL0004836,PTP002861,Medical & Health Takaful,Family,False,2025-08-12,2035-08-10,10,Annual,1401.12,Active,AGT0107,Melaka
POL0004837,PTP000115,Family Takaful - Life Protection,Family,True,2022-10-09,2037-10-05,15,Quarterly,264.55,Lapsed,AGT0066,Melaka
POL0004838,PTP001390,Fire Takaful,General,False,2026-01-12,2031-01-11,5,Semi-Annual,570.0,Active,AGT0023,Putrajaya
POL0004839,PTP001764,Family Takaful - Retirement,Family,True,2023-01-24,2038-01-20,15,Monthly,237.91,Active,AGT0088,Labuan
POL0004840,PTP002101,Personal Accident Takaful,General,False,2021-10-18,2041-10-13,20,Monthly,526.3,Active,AGT0004,Kedah
POL0004841,PTP002589,Family Takaful - Life Protection,Family,True,2022-04-20,2032-04-17,10,Annual,817.81,Cancelled,AGT0003,Pahang
POL0004842,PTP000792,Personal Accident Takaful,General,False,2023-10-15,2024-10-14,1,Semi-Annual,1088.95,Active,AGT0138,Sarawak
POL0004843,PTP002225,Fire Takaful,General,False,2025-04-28,2026-04-28,1,Annual,824.77,Active,AGT0079,Terengganu
POL0004844,PTP001707,Fire Takaful,General,False,2021-12-21,2022-12-21,1,Quarterly,133.68,Active,AGT0139,Putrajaya
POL0004845,PTP001469,Motor Takaful,General,False,2025-04-26,2030-04-25,5,Monthly,1132.84,Matured,AGT0015,Negeri Sembilan
POL0004846,PTP001098,Family Takaful - Education,Family,True,2025-05-12,2026-05-12,1,Monthly,822.23,Active,AGT0001,Kelantan
POL0004847,PTP000824,Family Takaful - Retirement,Family,True,2024-03-09,2044-03-04,20,Annual,731.42,Active,AGT0004,Negeri Sembilan
POL0004848,PTP002110,Personal Accident Takaful,General,False,2021-03-23,2041-03-18,20,Monthly,1145.72,Active,AGT0123,Melaka
POL0004849,PTP002786,Motor Takaful,General,False,2026-06-09,2036-06-06,10,Semi-Annual,1083.4,Lapsed,AGT0014,Sabah
POL0004850,PTP001230,Personal Accident Takaful,General,False,2023-09-26,2043-09-21,20,Quarterly,946.61,Active,AGT0037,Putrajaya
POL0004851,PTP002327,Fire Takaful,General,False,2023-07-31,2033-07-28,10,Semi-Annual,1355.36,Active,AGT0087,Selangor
POL0004852,PTP001401,Personal Accident Takaful,General,False,2025-11-28,2030-11-27,5,Monthly,1321.41,Active,AGT0083,Perak
POL0004853,PTP001622,Family Takaful - Education,Family,True,2024-02-10,2034-02-07,10,Annual,1596.83,Active,AGT0044,Negeri Sembilan
POL0004854,PTP001507,Fire Takaful,General,False,2025-07-04,2040-06-30,15,Quarterly,495.21,Active,AGT0029,Perak
POL0004855,PTP002118,Family Takaful - Education,Family,True,2025-08-12,2030-08-11,5,Annual,1669.98,Active,AGT0023,Putrajaya
POL0004856,PTP000993,Family Takaful - Life Protection,Family,True,2023-03-25,2043-03-20,20,Annual,1677.36,Active,AGT0064,Kelantan
POL0004857,PTP002340,Personal Accident Takaful,General,False,2024-09-27,2039-09-24,15,Monthly,127.32,Lapsed,AGT0085,Kuala Lumpur
POL0004858,PTP002890,Family Takaful - Life Protection,Family,True,2024-01-13,2029-01-11,5,Annual,282.97,Active,AGT0046,Sarawak
POL0004859,PTP002978,Family Takaful - Retirement,Family,True,2025-07-18,2030-07-17,5,Quarterly,291.35,Active,AGT0050,Kedah
POL0004860,PTP001515,Medical & Health Takaful,Family,False,2021-12-29,2026-12-28,5,Semi-Annual,82.34,Active,AGT0033,Penang
POL0004861,PTP000898,Fire Takaful,General,False,2025-10-07,2026-10-07,1,Quarterly,790.79,Active,AGT0116,Perak
POL0004862,PTP002732,Fire Takaful,General,False,2026-01-14,2027-01-14,1,Semi-Annual,326.94,Active,AGT0080,Pahang
POL0004863,PTP000956,Family Takaful - Education,Family,True,2021-07-25,2036-07-21,15,Monthly,826.68,Active,AGT0004,Kelantan
POL0004864,PTP000167,Motor Takaful,General,False,2025-11-22,2040-11-18,15,Quarterly,646.74,Active,AGT0083,Kedah
POL0004865,PTP001138,Family Takaful - Retirement,Family,True,2026-07-12,2027-07-12,1,Monthly,842.66,Matured,AGT0093,Perlis
POL0004866,PTP000847,Family Takaful - Life Protection,Family,True,2025-05-14,2026-05-14,1,Monthly,845.21,Active,AGT0021,Kedah
POL0004867,PTP002807,Family Takaful - Life Protection,Family,True,2023-05-23,2024-05-22,1,Monthly,400.65,Active,AGT0103,Labuan
POL0004868,PTP000654,Medical & Health Takaful,Family,False,2024-03-05,2039-03-02,15,Monthly,496.11,Active,AGT0106,Kuala Lumpur
POL0004869,PTP000810,Family Takaful - Retirement,Family,True,2021-04-28,2026-04-27,5,Semi-Annual,1462.89,Cancelled,AGT0012,Kelantan
POL0004870,PTP000598,Motor Takaful,General,False,2024-11-07,2044-11-02,20,Semi-Annual,1504.36,Active,AGT0142,Pahang
POL0004871,PTP000409,Fire Takaful,General,False,2021-11-11,2036-11-07,15,Quarterly,1074.53,Active,AGT0019,Penang
POL0004872,PTP001280,Personal Accident Takaful,General,False,2023-10-07,2038-10-03,15,Semi-Annual,1016.35,Active,AGT0060,Sarawak
POL0004873,PTP002791,Family Takaful - Retirement,Family,True,2025-05-03,2040-04-29,15,Annual,1876.45,Active,AGT0103,Perak
POL0004874,PTP002523,Family Takaful - Life Protection,Family,True,2021-08-12,2022-08-12,1,Quarterly,1492.68,Active,AGT0062,Putrajaya
POL0004875,PTP002024,Family Takaful - Retirement,Family,True,2025-11-07,2035-11-05,10,Semi-Annual,502.81,Active,AGT0133,Sabah
POL0004876,PTP001524,Fire Takaful,General,False,2026-01-22,2027-01-22,1,Semi-Annual,600.83,Lapsed,AGT0065,Sabah
POL0004877,PTP002286,Family Takaful - Life Protection,Family,True,2025-02-13,2045-02-08,20,Annual,1101.72,Active,AGT0045,Johor
POL0004878,PTP000193,Motor Takaful,General,False,2023-12-28,2028-12-26,5,Monthly,1721.92,Active,AGT0073,Putrajaya
POL0004879,PTP002419,Fire Takaful,General,False,2023-12-18,2043-12-13,20,Quarterly,1200.63,Active,AGT0031,Perlis
POL0004880,PTP000203,Motor Takaful,General,False,2021-04-28,2036-04-24,15,Quarterly,766.85,Cancelled,AGT0059,Terengganu
POL0004881,PTP001540,Medical & Health Takaful,Family,False,2025-10-02,2026-10-02,1,Semi-Annual,1915.89,Active,AGT0011,Kedah
POL0004882,PTP002467,Medical & Health Takaful,Family,False,2024-10-06,2034-10-04,10,Semi-Annual,1486.37,Active,AGT0056,Selangor
POL0004883,PTP002995,Family Takaful - Retirement,Family,True,2023-06-09,2038-06-05,15,Annual,501.05,Lapsed,AGT0021,Kelantan
POL0004884,PTP002030,Motor Takaful,General,False,2021-06-16,2031-06-14,10,Annual,1572.35,Active,AGT0142,Kuala Lumpur
POL0004885,PTP001412,Fire Takaful,General,False,2024-06-23,2034-06-21,10,Quarterly,728.65,Active,AGT0095,Sabah
POL0004886,PTP001074,Motor Takaful,General,False,2022-03-17,2032-03-14,10,Annual,1115.43,Active,AGT0147,Sabah
POL0004887,PTP000397,Fire Takaful,General,False,2023-04-10,2024-04-09,1,Monthly,1560.76,Active,AGT0124,Kelantan
POL0004888,PTP002133,Medical & Health Takaful,Family,False,2023-11-19,2038-11-15,15,Semi-Annual,177.76,Lapsed,AGT0099,Pahang
POL0004889,PTP002041,Family Takaful - Education,Family,True,2023-12-02,2024-12-01,1,Annual,1340.72,Lapsed,AGT0031,Selangor
POL0004890,PTP001339,Medical & Health Takaful,Family,False,2025-08-12,2030-08-11,5,Annual,1765.43,Matured,AGT0071,Perlis
POL0004891,PTP000894,Family Takaful - Education,Family,True,2023-01-09,2033-01-06,10,Annual,1819.49,Active,AGT0107,Pahang
POL0004892,PTP000954,Family Takaful - Retirement,Family,True,2026-05-23,2046-05-18,20,Annual,797.92,Active,AGT0055,Perlis
POL0004893,PTP000116,Family Takaful - Life Protection,Family,True,2022-08-18,2023-08-18,1,Quarterly,266.86,Active,AGT0144,Perlis
POL0004894,PTP000337,Family Takaful - Retirement,Family,True,2024-01-31,2039-01-27,15,Semi-Annual,1241.97,Matured,AGT0026,Terengganu
POL0004895,PTP000272,Motor Takaful,General,False,2025-08-11,2045-08-06,20,Quarterly,446.72,Active,AGT0108,Perak
POL0004896,PTP002184,Motor Takaful,General,False,2021-08-27,2041-08-22,20,Quarterly,330.41,Active,AGT0008,Terengganu
POL0004897,PTP002426,Medical & Health Takaful,Family,False,2021-02-16,2026-02-15,5,Monthly,434.8,Active,AGT0063,Perak
POL0004898,PTP002011,Personal Accident Takaful,General,False,2023-01-22,2028-01-21,5,Annual,581.69,Matured,AGT0139,Johor
POL0004899,PTP000421,Medical & Health Takaful,Family,False,2022-07-03,2032-06-30,10,Annual,1168.02,Matured,AGT0129,Terengganu
POL0004900,PTP000289,Family Takaful - Education,Family,True,2024-01-05,2039-01-01,15,Monthly,911.04,Active,AGT0030,Pahang
POL0004901,PTP002521,Family Takaful - Life Protection,Family,True,2021-07-26,2041-07-21,20,Quarterly,1598.48,Active,AGT0119,Kelantan
POL0004902,PTP000456,Family Takaful - Education,Family,True,2021-09-26,2041-09-21,20,Quarterly,371.24,Active,AGT0072,Melaka
POL0004903,PTP000151,Personal Accident Takaful,General,False,2022-06-19,2037-06-15,15,Monthly,1300.19,Active,AGT0058,Pahang
POL0004904,PTP002711,Motor Takaful,General,False,2026-03-18,2036-03-15,10,Quarterly,1286.63,Active,AGT0079,Kuala Lumpur
POL0004905,PTP002086,Personal Accident Takaful,General,False,2024-07-14,2044-07-09,20,Monthly,615.85,Active,AGT0093,Melaka
POL0004906,PTP002527,Family Takaful - Life Protection,Family,True,2026-07-23,2041-07-19,15,Semi-Annual,1855.81,Active,AGT0081,Kedah
POL0004907,PTP002133,Medical & Health Takaful,Family,False,2025-08-03,2045-07-29,20,Semi-Annual,1058.11,Cancelled,AGT0055,Perak
POL0004908,PTP002755,Family Takaful - Retirement,Family,True,2021-12-23,2026-12-22,5,Quarterly,1498.56,Active,AGT0049,Sabah
POL0004909,PTP001619,Fire Takaful,General,False,2024-05-26,2025-05-26,1,Semi-Annual,1064.88,Active,AGT0144,Kuala Lumpur
POL0004910,PTP000598,Family Takaful - Education,Family,True,2024-04-30,2029-04-29,5,Quarterly,1602.67,Active,AGT0149,Johor
POL0004911,PTP002342,Family Takaful - Life Protection,Family,True,2022-01-17,2032-01-15,10,Annual,979.19,Lapsed,AGT0066,Melaka
POL0004912,PTP002915,Motor Takaful,General,False,2022-10-31,2042-10-26,20,Monthly,1893.0,Lapsed,AGT0004,Pahang
POL0004913,PTP000608,Fire Takaful,General,False,2026-01-07,2027-01-07,1,Monthly,119.4,Active,AGT0074,Perlis
POL0004914,PTP001527,Family Takaful - Life Protection,Family,True,2021-09-27,2026-09-26,5,Semi-Annual,1749.49,Active,AGT0065,Negeri Sembilan
POL0004915,PTP000897,Medical & Health Takaful,Family,False,2025-08-27,2030-08-26,5,Quarterly,1684.81,Lapsed,AGT0010,Perlis
POL0004916,PTP001715,Family Takaful - Retirement,Family,True,2023-12-03,2033-11-30,10,Annual,1838.75,Lapsed,AGT0014,Sarawak
POL0004917,PTP001804,Family Takaful - Education,Family,True,2025-12-07,2026-12-07,1,Monthly,180.87,Active,AGT0096,Terengganu
POL0004918,PTP001981,Personal Accident Takaful,General,False,2024-12-18,2029-12-17,5,Quarterly,1821.57,Cancelled,AGT0116,Melaka
POL0004919,PTP002818,Family Takaful - Life Protection,Family,True,2026-02-23,2027-02-23,1,Annual,1951.98,Active,AGT0019,Terengganu
POL0004920,PTP002854,Fire Takaful,General,False,2025-07-11,2045-07-06,20,Monthly,258.45,Lapsed,AGT0121,Penang
POL0004921,PTP002054,Motor Takaful,General,False,2026-06-21,2036-06-18,10,Monthly,1836.27,Active,AGT0031,Perlis
POL0004922,PTP000570,Family Takaful - Life Protection,Family,True,2023-04-22,2038-04-18,15,Monthly,1060.78,Active,AGT0119,Penang
POL0004923,PTP002356,Family Takaful - Retirement,Family,True,2026-05-08,2027-05-08,1,Annual,722.14,Cancelled,AGT0046,Johor
POL0004924,PTP000040,Family Takaful - Education,Family,True,2021-03-18,2031-03-16,10,Monthly,1812.34,Lapsed,AGT0075,Kuala Lumpur
POL0004925,PTP001779,Fire Takaful,General,False,2024-09-07,2039-09-04,15,Monthly,1056.02,Lapsed,AGT0050,Putrajaya
POL0004926,PTP000017,Motor Takaful,General,False,2025-09-04,2026-09-04,1,Semi-Annual,1856.18,Active,AGT0053,Penang
POL0004927,PTP000222,Family Takaful - Life Protection,Family,True,2026-02-27,2036-02-25,10,Annual,388.01,Lapsed,AGT0130,Sarawak
POL0004928,PTP001828,Fire Takaful,General,False,2025-10-01,2030-09-30,5,Monthly,1807.61,Lapsed,AGT0071,Labuan
POL0004929,PTP000017,Family Takaful - Education,Family,True,2022-08-20,2037-08-16,15,Semi-Annual,1386.55,Matured,AGT0041,Perak
POL0004930,PTP001651,Medical & Health Takaful,Family,False,2022-10-28,2027-10-27,5,Monthly,806.06,Cancelled,AGT0060,Negeri Sembilan
POL0004931,PTP000580,Personal Accident Takaful,General,False,2022-02-21,2032-02-19,10,Annual,1444.94,Active,AGT0008,Perak
POL0004932,PTP002888,Motor Takaful,General,False,2025-06-02,2030-06-01,5,Monthly,1989.52,Active,AGT0005,Sarawak
POL0004933,PTP000491,Motor Takaful,General,False,2025-05-20,2045-05-15,20,Quarterly,1109.33,Active,AGT0018,Sarawak
POL0004934,PTP001431,Motor Takaful,General,False,2023-02-04,2038-01-31,15,Semi-Annual,536.77,Active,AGT0134,Perak
POL0004935,PTP001217,Family Takaful - Retirement,Family,True,2022-05-26,2042-05-21,20,Monthly,1065.4,Lapsed,AGT0055,Johor
POL0004936,PTP002014,Family Takaful - Life Protection,Family,True,2023-03-21,2028-03-19,5,Quarterly,1129.58,Active,AGT0058,Sabah
POL0004937,PTP002882,Fire Takaful,General,False,2026-02-17,2036-02-15,10,Quarterly,647.07,Matured,AGT0121,Kuala Lumpur
POL0004938,PTP001526,Family Takaful - Retirement,Family,True,2024-03-15,2034-03-13,10,Semi-Annual,102.42,Active,AGT0125,Pahang
POL0004939,PTP001442,Family Takaful - Life Protection,Family,True,2023-01-20,2033-01-17,10,Quarterly,1961.33,Active,AGT0011,Labuan
POL0004940,PTP000141,Personal Accident Takaful,General,False,2022-10-10,2032-10-07,10,Monthly,1188.55,Active,AGT0027,Selangor
POL0004941,PTP002827,Medical & Health Takaful,Family,False,2022-02-06,2037-02-02,15,Annual,1645.74,Active,AGT0108,Labuan
POL0004942,PTP001460,Fire Takaful,General,False,2023-04-15,2038-04-11,15,Monthly,1834.68,Active,AGT0081,Negeri Sembilan
POL0004943,PTP001401,Medical & Health Takaful,Family,False,2024-02-29,2029-02-27,5,Semi-Annual,1017.66,Active,AGT0055,Putrajaya
POL0004944,PTP000851,Family Takaful - Life Protection,Family,True,2025-06-13,2045-06-08,20,Quarterly,1754.12,Active,AGT0066,Negeri Sembilan
POL0004945,PTP001123,Motor Takaful,General,False,2026-05-05,2027-05-05,1,Quarterly,368.68,Active,AGT0081,Penang
POL0004946,PTP001189,Fire Takaful,General,False,2023-09-19,2038-09-15,15,Monthly,1215.05,Active,AGT0025,Perak
POL0004947,PTP001417,Fire Takaful,General,False,2025-03-11,2030-03-10,5,Monthly,1734.08,Active,AGT0125,Selangor
POL0004948,PTP002081,Motor Takaful,General,False,2024-12-23,2029-12-22,5,Annual,1039.8,Active,AGT0112,Melaka
POL0004949,PTP000144,Family Takaful - Education,Family,True,2023-04-21,2038-04-17,15,Annual,575.56,Lapsed,AGT0143,Perak
POL0004950,PTP001755,Personal Accident Takaful,General,False,2023-07-01,2038-06-27,15,Quarterly,791.48,Active,AGT0018,Selangor
POL0004951,PTP001356,Fire Takaful,General,False,2023-09-26,2024-09-25,1,Monthly,1114.25,Active,AGT0077,Labuan
POL0004952,PTP002495,Family Takaful - Retirement,Family,True,2021-04-16,2031-04-14,10,Semi-Annual,124.25,Lapsed,AGT0086,Melaka
POL0004953,PTP002479,Family Takaful - Education,Family,True,2025-08-03,2026-08-03,1,Semi-Annual,522.93,Active,AGT0042,Putrajaya
POL0004954,PTP000044,Medical & Health Takaful,Family,False,2021-11-05,2022-11-05,1,Monthly,1330.75,Active,AGT0026,Labuan
POL0004955,PTP000430,Motor Takaful,General,False,2025-01-28,2030-01-27,5,Monthly,909.63,Active,AGT0068,Selangor
POL0004956,PTP002286,Motor Takaful,General,False,2024-06-29,2039-06-26,15,Semi-Annual,1176.01,Active,AGT0020,Johor
POL0004957,PTP001485,Fire Takaful,General,False,2024-04-04,2034-04-02,10,Monthly,1891.72,Active,AGT0055,Kedah
POL0004958,PTP002825,Fire Takaful,General,False,2022-06-19,2042-06-14,20,Annual,1092.38,Lapsed,AGT0119,Selangor
POL0004959,PTP000167,Motor Takaful,General,False,2026-02-08,2036-02-06,10,Annual,1704.48,Active,AGT0036,Labuan
POL0004960,PTP002992,Family Takaful - Retirement,Family,True,2026-06-29,2027-06-29,1,Annual,1195.81,Lapsed,AGT0050,Kuala Lumpur
POL0004961,PTP002814,Medical & Health Takaful,Family,False,2024-10-28,2034-10-26,10,Annual,1668.61,Lapsed,AGT0025,Kelantan
POL0004962,PTP001297,Personal Accident Takaful,General,False,2023-10-30,2024-10-29,1,Quarterly,1499.4,Lapsed,AGT0010,Sarawak
POL0004963,PTP000660,Family Takaful - Life Protection,Family,True,2021-03-31,2036-03-27,15,Quarterly,619.99,Active,AGT0110,Labuan
POL0004964,PTP000705,Motor Takaful,General,False,2023-09-12,2038-09-08,15,Semi-Annual,1571.48,Lapsed,AGT0008,Sabah
POL0004965,PTP002061,Fire Takaful,General,False,2022-12-29,2042-12-24,20,Monthly,836.46,Active,AGT0080,Perak
POL0004966,PTP002291,Family Takaful - Education,Family,True,2023-08-04,2024-08-03,1,Quarterly,725.65,Active,AGT0111,Pahang
POL0004967,PTP002632,Personal Accident Takaful,General,False,2021-12-15,2036-12-11,15,Quarterly,952.34,Active,AGT0136,Sarawak
POL0004968,PTP001738,Family Takaful - Life Protection,Family,True,2025-08-29,2045-08-24,20,Quarterly,258.8,Active,AGT0057,Perak
POL0004969,PTP001341,Family Takaful - Life Protection,Family,True,2025-10-10,2026-10-10,1,Monthly,129.5,Active,AGT0028,Sabah
POL0004970,PTP001002,Family Takaful - Education,Family,True,2026-05-21,2031-05-20,5,Monthly,1073.6,Matured,AGT0020,Perak
POL0004971,PTP000682,Family Takaful - Education,Family,True,2022-07-12,2032-07-09,10,Annual,1269.81,Active,AGT0033,Johor
POL0004972,PTP000247,Family Takaful - Education,Family,True,2021-05-10,2036-05-06,15,Semi-Annual,1615.12,Active,AGT0013,Terengganu
POL0004973,PTP002884,Family Takaful - Education,Family,True,2021-05-22,2041-05-17,20,Monthly,1841.01,Active,AGT0119,Johor
POL0004974,PTP001318,Motor Takaful,General,False,2021-04-26,2041-04-21,20,Monthly,1616.82,Active,AGT0017,Pahang
POL0004975,PTP000096,Fire Takaful,General,False,2024-05-25,2025-05-25,1,Quarterly,372.81,Lapsed,AGT0088,Kuala Lumpur
POL0004976,PTP000311,Family Takaful - Education,Family,True,2022-11-14,2042-11-09,20,Semi-Annual,938.46,Active,AGT0134,Sabah
POL0004977,PTP001620,Medical & Health Takaful,Family,False,2021-06-20,2026-06-19,5,Annual,1153.92,Active,AGT0003,Putrajaya
POL0004978,PTP002526,Motor Takaful,General,False,2022-01-23,2032-01-21,10,Quarterly,1230.04,Active,AGT0028,Penang
POL0004979,PTP000130,Family Takaful - Retirement,Family,True,2025-02-24,2026-02-24,1,Semi-Annual,640.83,Active,AGT0138,Johor
POL0004980,PTP002027,Family Takaful - Retirement,Family,True,2025-08-05,2026-08-05,1,Semi-Annual,132.16,Active,AGT0076,Kedah
POL0004981,PTP001390,Motor Takaful,General,False,2021-09-25,2026-09-24,5,Quarterly,961.76,Cancelled,AGT0048,Negeri Sembilan
POL0004982,PTP001938,Motor Takaful,General,False,2021-08-18,2031-08-16,10,Quarterly,407.24,Active,AGT0079,Labuan
POL0004983,PTP001383,Family Takaful - Education,Family,True,2021-10-14,2036-10-10,15,Semi-Annual,1123.78,Lapsed,AGT0050,Kelantan
POL0004984,PTP001107,Personal Accident Takaful,General,False,2021-05-24,2031-05-22,10,Semi-Annual,1078.53,Active,AGT0019,Johor
POL0004985,PTP002234,Family Takaful - Retirement,Family,True,2024-12-05,2039-12-02,15,Annual,976.56,Cancelled,AGT0114,Putrajaya
POL0004986,PTP001479,Medical & Health Takaful,Family,False,2025-10-12,2040-10-08,15,Annual,1823.32,Active,AGT0100,Johor
POL0004987,PTP000139,Family Takaful - Retirement,Family,True,2022-12-08,2023-12-08,1,Annual,537.28,Active,AGT0090,Kedah
POL0004988,PTP002302,Medical & Health Takaful,Family,False,2022-08-13,2042-08-08,20,Annual,177.72,Active,AGT0003,Putrajaya
POL0004989,PTP002670,Personal Accident Takaful,General,False,2025-04-23,2026-04-23,1,Annual,1842.32,Active,AGT0016,Pahang
POL0004990,PTP001006,Family Takaful - Retirement,Family,True,2026-03-26,2036-03-23,10,Annual,663.62,Active,AGT0135,Johor
POL0004991,PTP001059,Family Takaful - Retirement,Family,True,2024-06-06,2029-06-05,5,Semi-Annual,1537.29,Active,AGT0044,Kelantan
POL0004992,PTP001634,Family Takaful - Life Protection,Family,True,2025-08-24,2030-08-23,5,Semi-Annual,1213.89,Active,AGT0134,Johor
POL0004993,PTP002927,Personal Accident Takaful,General,False,2023-07-24,2043-07-19,20,Quarterly,1766.35,Active,AGT0078,Penang
POL0004994,PTP001307,Family Takaful - Retirement,Family,True,2023-01-09,2043-01-04,20,Quarterly,1494.74,Active,AGT0121,Putrajaya
POL0004995,PTP000365,Family Takaful - Life Protection,Family,True,2025-02-22,2045-02-17,20,Annual,1254.03,Active,AGT0101,Selangor
POL0004996,PTP000240,Family Takaful - Education,Family,True,2023-04-20,2024-04-19,1,Annual,277.28,Active,AGT0018,Labuan
POL0004997,PTP002697,Motor Takaful,General,False,2026-03-05,2046-02-28,20,Quarterly,1300.06,Active,AGT0062,Kuala Lumpur
POL0004998,PTP002353,Family Takaful - Education,Family,True,2026-01-21,2041-01-17,15,Semi-Annual,324.51,Active,AGT0013,Kuala Lumpur
POL0004999,PTP002483,Fire Takaful,General,False,2021-01-22,2036-01-19,15,Semi-Annual,1891.21,Active,AGT0070,Perlis
POL0005000,PTP002887,Medical & Health Takaful,Family,False,2025-06-06,2026-06-06,1,Monthly,701.84,Active,AGT0146,Selangor
